Rk,Player,Nation,Pos,Squad,Comp,Age,Born,MP,Starts,Min,90s,Gls,Ast,G+A,G-PK,PK,PKatt,CrdY,CrdR,Gls,Ast,G+A,G-PK,G+A-PK,Matches
1,Ismael Aaneba,fr FRA,DF,Strasbourg,fr Ligue 1,21,1999,2,0,11,0.1,0,0,0,0,0,0,0,0,0,0,0,0,0,Matches
2,Patrick van Aanholt,nl NED,DF,Crystal Palace,eng Premier League,29,1990,22,20,"1,777",19.7,0,1,1,0,0,0,2,0,0,0.05,0.05,0,0.05,Matches
3,Yunis Abdelhamid,ma MAR,DF,Reims,fr Ligue 1,32,1987,33,33,"2,889",32.1,3,0,3,3,0,0,4,1,0.09,0,0.09,0.09,0.09,Matches
4,Sabit Abdulai,gh GHA,MF,Getafe,es La Liga,21,1999,3,0,60,0.7,0,0,0,0,0,0,1,0,0,0,0,0,0,Matches
5,Mehdi Abeid,dz ALG,MF,Nantes,fr Ligue 1,27,1992,18,15,"1,320",14.7,0,0,0,0,0,0,5,0,0,0,0,0,0,Matches
6,Laurent Abergel,fr FRA,MF,Lorient,fr Ligue 1,27,1993,38,32,"2,963",32.9,3,1,4,3,0,0,5,0,0.09,0.03,0.12,0.09,0.12,Matches
7,Charles Abi,fr FRA,"FW,MF",Saint-Étienne,fr Ligue 1,20,2000,24,9,912,10.1,3,2,5,3,0,0,1,0,0.3,0.2,0.49,0.3,0.49,Matches
8,Matthis Abline,fr FRA,"FW,MF",Rennes,fr Ligue 1,17,2003,1,0,2,0,0,0,0,0,0,0,0,0,0,0,0,0,0,Matches
9,Pape Abou Cissé,sn SEN,DF,Saint-Étienne,fr Ligue 1,24,1995,14,14,"1,260",14,0,0,0,0,0,0,1,0,0,0,0,0,0,Matches
10,David Abraham,ar ARG,DF,Frankfurt,de Bundesliga,34,1986,14,14,"1,222",13.6,1,0,1,1,0,0,5,1,0.07,0,0.07,0.07,0.07,Matches
11,Tammy Abraham,eng ENG,FW,Chelsea,eng Premier League,22,1997,22,12,"1,040",11.6,6,1,7,6,0,0,0,0,0.52,0.09,0.61,0.52,0.61,Matches
12,Amir Abrashi,al ALB,MF,Freiburg,de Bundesliga,30,1990,5,0,60,0.7,0,0,0,0,0,0,0,0,0,0,0,0,0,Matches
13,Gennaro Acampora,it ITA,"MF,FW",Spezia,it Serie A,26,1994,14,2,441,4.9,0,0,0,0,0,0,2,0,0,0,0,0,0,Matches
14,Francesco Acerbi,it ITA,DF,Lazio,it Serie A,32,1988,32,32,"2,813",31.3,0,1,1,0,0,0,9,1,0,0.03,0.03,0,0.03,Matches
15,Ragnar Ache,de GER,FW,Frankfurt,de Bundesliga,22,1998,7,0,100,1.1,1,0,1,1,0,0,1,0,0.9,0,0.9,0.9,0.9,Matches
16,Marcos Acuña,ar ARG,DF,Sevilla,es La Liga,28,1991,30,26,"2,330",25.9,1,2,3,1,0,0,5,0,0.04,0.08,0.12,0.04,0.12,Matches
17,Ché Adams,sct SCO,FW,Southampton,eng Premier League,24,1996,36,30,"2,667",29.6,9,5,14,9,0,0,1,0,0.3,0.17,0.47,0.3,0.47,Matches
18,Tyler Adams,us USA,MF,RB Leipzig,de Bundesliga,21,1999,27,21,"1,850",20.6,1,1,2,1,0,0,3,0,0.05,0.05,0.1,0.05,0.1,Matches
19,Sargis Adamyan,am ARM,MF,Hoffenheim,de Bundesliga,27,1993,18,3,479,5.3,2,3,5,2,0,0,2,0,0.38,0.56,0.94,0.38,0.94,Matches
20,Tosin Adarabioyo,eng ENG,DF,Fulham,eng Premier League,22,1997,33,33,"2,953",32.8,0,0,0,0,0,0,1,0,0,0,0,0,0,Matches
21,Bobby Adekanye,nl NED,"FW,MF",Cádiz,es La Liga,21,1999,3,0,36,0.4,0,0,0,0,0,0,0,0,0,0,0,0,0,Matches
22,Yacine Adli,fr FRA,MF,Bordeaux,fr Ligue 1,20,2000,35,25,"2,418",26.9,2,5,7,2,0,0,6,0,0.07,0.19,0.26,0.07,0.26,Matches
23,Andrea Adorante,it ITA,FW,Parma,it Serie A,20,2000,1,0,10,0.1,0,0,0,0,0,0,0,0,0,0,0,0,0,Matches
24,Adrián,es ESP,GK,Liverpool,eng Premier League,33,1987,3,3,270,3,0,0,0,0,0,0,0,0,0,0,0,0,0,Matches
25,Martin Agirregabiria,es ESP,"DF,MF",Alavés,es La Liga,24,1996,26,16,"1,558",17.3,0,1,1,0,0,0,1,0,0,0.06,0.06,0,0.06,Matches
Rk,Player,Nation,Pos,Squad,Comp,Age,Born,MP,Starts,Min,90s,Gls,Ast,G+A,G-PK,PK,PKatt,CrdY,CrdR,Gls,Ast,G+A,G-PK,G+A-PK,Matches
26,Lucien Agoume,fr FRA,MF,Spezia,it Serie A,18,2002,12,9,800,8.9,0,0,0,0,0,0,2,0,0,0,0,0,0,Matches
27,Felix Agu,ng NGA,MF,Werder Bremen,de Bundesliga,20,1999,15,8,701,7.8,1,0,1,1,0,0,0,0,0.13,0,0.13,0.13,0.13,Matches
28,Kevin Agudelo,co COL,FW,Spezia,it Serie A,21,1998,29,14,"1,356",15.1,1,2,3,1,0,0,4,0,0.07,0.13,0.2,0.07,0.2,Matches
29,Nayef Aguerd,ma MAR,DF,Rennes,fr Ligue 1,24,1996,35,35,"3,147",35,3,1,4,3,0,0,6,0,0.09,0.03,0.11,0.09,0.11,Matches
30,Sergio Agüero,ar ARG,"FW,MF",Manchester City,eng Premier League,32,1988,12,7,559,6.2,4,1,5,3,1,2,0,0,0.64,0.16,0.81,0.48,0.64,Matches
31,Ruben Aguilar,fr FRA,"DF,MF",Monaco,fr Ligue 1,27,1993,33,27,"2,225",24.7,1,3,4,1,0,0,6,0,0.04,0.12,0.16,0.04,0.16,Matches
32,Naouirou Ahamada,fr FRA,MF,Stuttgart,de Bundesliga,18,2002,6,3,252,2.8,0,0,0,0,0,0,2,1,0,0,0,0,0,Matches
33,Matteo Ahlinvi,bj BEN,MF,Nîmes,fr Ligue 1,21,1999,20,10,899,10,2,0,2,2,0,0,0,0,0.2,0,0.2,0.2,0.2,Matches
34,Jean-Eudes Aholou,ci CIV,"MF,DF",Strasbourg,fr Ligue 1,26,1994,27,26,"2,146",23.8,2,2,4,2,0,0,9,0,0.08,0.08,0.17,0.08,0.17,Matches
35,Jean-Eudes Aholou,ci CIV,MF,Monaco,fr Ligue 1,26,1994,2,0,36,0.4,0,0,0,0,0,0,0,0,0,0,0,0,0,Matches
36,Joseph Aidoo,gh GHA,DF,Celta Vigo,es La Liga,24,1995,25,14,"1,289",14.3,0,0,0,0,0,0,3,0,0,0,0,0,0,Matches
37,Ola Aina,ng NGA,DF,Fulham,eng Premier League,23,1996,31,31,"2,664",29.6,2,1,3,2,0,0,3,0,0.07,0.03,0.1,0.07,0.1,Matches
38,Rayan Aït-Nouri,dz ALG,DF,Angers,fr Ligue 1,19,2001,3,2,187,2.1,0,1,1,0,0,0,0,0,0,0.48,0.48,0,0.48,Matches
39,Rayan Aït-Nouri,dz ALG,"MF,DF",Wolves,eng Premier League,19,2001,21,16,"1,404",15.6,1,1,2,1,0,0,1,0,0.06,0.06,0.13,0.06,0.13,Matches
40,Semi Ajayi,ng NGA,DF,West Brom,eng Premier League,26,1993,33,31,"2,780",30.9,2,0,2,2,0,0,3,1,0.06,0,0.06,0.06,0.06,Matches
41,Ludovic Ajorque,fr FRA,FW,Strasbourg,fr Ligue 1,26,1994,35,34,"2,967",33,16,4,20,12,4,5,5,0,0.49,0.12,0.61,0.36,0.49,Matches
42,Manuel Akanji,ch SUI,DF,Dortmund,de Bundesliga,25,1995,28,26,"2,350",26.1,2,0,2,2,0,0,4,0,0.08,0,0.08,0.08,0.08,Matches
43,Carlos Akapo,gq EQG,DF,Cádiz,es La Liga,27,1993,13,10,865,9.6,1,0,1,1,0,0,3,1,0.1,0,0.1,0.1,0.1,Matches
44,Marley Aké,fr FRA,"FW,MF",Marseille,fr Ligue 1,19,2001,9,0,146,1.6,0,0,0,0,0,0,0,0,0,0,0,0,0,Matches
45,Nathan Aké,nl NED,DF,Manchester City,eng Premier League,25,1995,10,9,797,8.9,1,0,1,1,0,0,4,0,0.11,0,0.11,0.11,0.11,Matches
46,Paul Akouokou,ci CIV,MF,Real Betis,es La Liga,22,1997,10,4,378,4.2,0,0,0,0,0,0,5,1,0,0,0,0,0,Matches
47,Jean-Daniel Akpa-Akpro,ci CIV,MF,Lazio,it Serie A,27,1992,32,6,"1,056",11.7,0,1,1,0,0,0,9,0,0,0.09,0.09,0,0.09,Matches
48,Kevin Akpoguma,ng NGA,"DF,MF",Hoffenheim,de Bundesliga,25,1995,16,14,"1,184",13.2,1,0,1,1,0,0,1,0,0.08,0,0.08,0.08,0.08,Matches
49,Amankwaa Akurugu,gh GHA,DF,Getafe,es La Liga,18,2001,1,0,45,0.5,0,0,0,0,0,0,0,0,0,0,0,0,0,Matches
50,David Alaba,at AUT,"DF,MF",Bayern Munich,de Bundesliga,28,1992,32,30,"2,675",29.7,2,4,6,2,0,0,4,0,0.07,0.13,0.2,0.07,0.2,Matches
Rk,Player,Nation,Pos,Squad,Comp,Age,Born,MP,Starts,Min,90s,Gls,Ast,G+A,G-PK,PK,PKatt,CrdY,CrdR,Gls,Ast,G+A,G-PK,G+A-PK,Matches
51,Sofiane Alakouch,ma MAR,DF,Nîmes,fr Ligue 1,22,1998,22,17,"1,505",16.7,0,2,2,0,0,0,4,0,0,0.12,0.12,0,0.12,Matches
52,Jony Álamo,es ESP,MF,Elche,es La Liga,18,2001,1,1,73,0.8,0,0,0,0,0,0,0,0,0,0,0,0,0,Matches
53,Lucas Alario,ar ARG,FW,Leverkusen,de Bundesliga,27,1992,25,12,"1,245",13.8,11,2,13,9,2,2,2,0,0.8,0.14,0.94,0.65,0.8,Matches
54,Jordi Alba,es ESP,"DF,MF",Barcelona,es La Liga,31,1989,35,34,"3,025",33.6,3,5,8,3,0,0,9,0,0.09,0.15,0.24,0.09,0.24,Matches
55,Luis Alberto,es ESP,MF,Lazio,it Serie A,27,1992,34,33,"2,618",29.1,9,2,11,9,0,0,5,0,0.31,0.07,0.38,0.31,0.38,Matches
56,Raúl Albiol,es ESP,DF,Villarreal,es La Liga,34,1985,35,35,"3,115",34.6,0,0,0,0,0,0,7,0,0,0,0,0,0,Matches
57,Marc Albrighton,eng ENG,MF,Leicester City,eng Premier League,30,1989,31,17,"1,746",19.4,1,5,6,1,0,0,2,0,0.05,0.26,0.31,0.05,0.31,Matches
58,Paco Alcácer,es ESP,FW,Villarreal,es La Liga,26,1993,27,19,"1,544",17.2,6,4,10,5,1,2,0,0,0.35,0.23,0.58,0.29,0.52,Matches
59,Pedro Alcalá,es ESP,DF,Cádiz,es La Liga,31,1989,13,8,909,10.1,0,0,0,0,0,0,2,0,0,0,0,0,0,Matches
60,Thiago Alcántara,es ESP,MF,Liverpool,eng Premier League,29,1991,24,20,"1,854",20.6,1,0,1,1,0,0,4,0,0.05,0,0.05,0.05,0.05,Matches
61,Rubén Alcaraz,es ESP,MF,Valladolid,es La Liga,29,1991,30,25,"2,165",24.1,1,0,1,1,0,0,10,0,0.04,0,0.04,0.04,0.04,Matches
62,Omar Alderete,py PAR,DF,Hertha BSC,de Bundesliga,23,1996,17,14,"1,299",14.4,0,0,0,0,0,0,2,0,0,0,0,0,0,Matches
63,Toby Alderweireld,be BEL,DF,Tottenham,eng Premier League,31,1989,25,25,"2,240",24.9,1,0,1,1,0,0,2,0,0.04,0,0.04,0.04,0.04,Matches
64,Iván Alejo,es ESP,MF,Cádiz,es La Liga,25,1995,22,6,827,9.2,1,1,2,1,0,0,5,0,0.11,0.11,0.22,0.11,0.22,Matches
65,Carles Aleñá,es ESP,MF,Barcelona,es La Liga,22,1998,2,0,48,0.5,0,0,0,0,0,0,1,0,0,0,0,0,0,Matches
66,Carles Aleñá,es ESP,MF,Getafe,es La Liga,22,1998,22,15,"1,366",15.2,2,2,4,2,0,0,1,0,0.13,0.13,0.26,0.13,0.26,Matches
67,Rúnar Alex Rúnarsson,is ISL,GK,Arsenal,eng Premier League,25,1995,1,0,16,0.2,0,0,0,0,0,0,0,0,0,0,0,0,0,Matches
68,Trent Alexander-Arnold,eng ENG,DF,Liverpool,eng Premier League,21,1998,36,34,"3,031",33.7,2,7,9,2,0,0,2,0,0.06,0.21,0.27,0.06,0.27,Matches
69,Alfon,es ESP,FW,Celta Vigo,es La Liga,21,1999,2,0,34,0.4,0,0,0,0,0,0,0,0,0,0,0,0,0,Matches
70,Mohamed Ali Cho,fr FRA,FW,Angers,fr Ligue 1,16,2004,21,1,348,3.9,0,0,0,0,0,0,1,0,0,0,0,0,0,Matches
71,Ezgjan Alioski,mk MKD,"DF,MF",Leeds United,eng Premier League,28,1992,36,29,"2,461",27.3,2,3,5,2,0,0,7,0,0.07,0.11,0.18,0.07,0.18,Matches
72,Rachid Alioui,ma MAR,FW,Angers,fr Ligue 1,28,1992,1,0,15,0.2,0,0,0,0,0,0,0,0,0,0,0,0,0,Matches
73,Alisson,br BRA,GK,Liverpool,eng Premier League,27,1992,33,33,"2,970",33,1,0,1,1,0,0,1,0,0.03,0,0.03,0.03,0.03,Matches
74,Saturnin Allagbé,bj BEN,GK,Dijon,fr Ligue 1,26,1993,12,12,"1,080",12,0,0,0,0,0,0,2,0,0,0,0,0,0,Matches
75,Allan,br BRA,MF,Everton,eng Premier League,29,1991,24,23,"2,051",22.8,0,0,0,0,0,0,6,0,0,0,0,0,0,Matches
Rk,Player,Nation,Pos,Squad,Comp,Age,Born,MP,Starts,Min,90s,Gls,Ast,G+A,G-PK,PK,PKatt,CrdY,CrdR,Gls,Ast,G+A,G-PK,G+A-PK,Matches
76,Dele Alli,eng ENG,MF,Tottenham,eng Premier League,24,1996,15,7,620,6.9,0,1,1,0,0,0,0,0,0,0.15,0.15,0,0.15,Matches
77,Miguel Almirón,py PAR,"MF,FW",Newcastle,eng Premier League,26,1994,34,28,"2,429",27,4,1,5,4,0,0,3,0,0.15,0.04,0.19,0.15,0.19,Matches
78,Marcos Alonso,es ESP,"MF,DF",Chelsea,eng Premier League,29,1990,13,11,960,10.7,2,0,2,2,0,0,2,0,0.19,0,0.19,0.19,0.19,Matches
79,Sergio Álvarez,es ESP,"MF,DF",Eibar,es La Liga,28,1992,27,17,"1,568",17.4,0,0,0,0,0,0,3,0,0,0,0,0,0,Matches
80,Yeray Álvarez,es ESP,DF,Athletic Club,es La Liga,25,1995,23,22,"1,948",21.6,1,0,1,1,0,0,6,0,0.05,0,0.05,0.05,0.05,Matches
81,Bruno Alves,pt POR,DF,Parma,it Serie A,38,1981,19,18,"1,632",18.1,1,0,1,1,0,0,3,0,0.06,0,0.06,0.06,0.06,Matches
82,Steven Alzate,co COL,MF,Brighton,eng Premier League,21,1998,15,10,896,10,1,0,1,1,0,0,2,0,0.1,0,0.1,0.1,0.1,Matches
83,Ibrahim Amadou,fr FRA,MF,Angers,fr Ligue 1,27,1993,24,20,"1,504",16.7,0,0,0,0,0,0,6,0,0,0,0,0,0,Matches
84,Romain Amalfitano,fr FRA,MF,Dijon,fr Ligue 1,30,1989,2,1,116,1.3,0,0,0,0,0,0,0,0,0,0,0,0,0,Matches
85,Daniel Amartey,gh GHA,DF,Leicester City,eng Premier League,25,1994,12,8,722,8,1,0,1,1,0,0,3,0,0.12,0,0.12,0.12,0.12,Matches
86,Jordan Amavi,fr FRA,"DF,MF",Marseille,fr Ligue 1,26,1994,13,10,813,9,1,0,1,1,0,0,3,1,0.11,0,0.11,0.11,0.11,Matches
87,Thierry Ambrose,gp GLP,"FW,MF",Metz,fr Ligue 1,23,1997,23,5,753,8.4,0,1,1,0,0,0,4,0,0,0.12,0.12,0,0.12,Matches
88,Wisdom Amey,it ITA,DF,Bologna,it Serie A,14,2005,1,0,2,0,0,0,0,0,0,0,0,0,0,0,0,0,0,Matches
89,Nadiem Amiri,de GER,MF,Leverkusen,de Bundesliga,23,1996,29,20,"1,890",21,2,6,8,2,0,0,5,0,0.1,0.29,0.38,0.1,0.38,Matches
90,Ethan Ampadu,wls WAL,"DF,MF",Sheffield United,eng Premier League,19,2000,25,23,"2,089",23.2,0,0,0,0,0,0,3,0,0,0,0,0,0,Matches
91,Sofyan Amrabat,ma MAR,MF,Fiorentina,it Serie A,23,1996,31,28,"2,441",27.1,0,0,0,0,0,0,7,0,0,0,0,0,0,Matches
92,Jon Ander Garrido,es ESP,MF,Cádiz,es La Liga,30,1989,23,7,800,8.9,0,0,0,0,0,0,1,0,0,0,0,0,0,Matches
93,Joachim Andersen,dk DEN,DF,Lyon,fr Ligue 1,24,1996,3,2,192,2.1,0,0,0,0,0,0,1,0,0,0,0,0,0,Matches
94,Joachim Andersen,dk DEN,DF,Fulham,eng Premier League,24,1996,31,30,"2,730",30.3,1,1,2,1,0,0,7,1,0.03,0.03,0.07,0.03,0.07,Matches
95,Djavan Anderson,sr SUR,MF,Lazio,it Serie A,25,1995,3,1,72,0.8,0,0,0,0,0,0,0,0,0,0,0,0,0,Matches
96,Elliot Anderson,eng ENG,MF,Newcastle,eng Premier League,17,2002,1,0,4,0,0,0,0,0,0,0,0,0,0,0,0,0,0,Matches
97,Felipe Anderson,br BRA,"FW,MF",West Ham,eng Premier League,27,1993,2,0,3,0,0,0,0,0,0,0,0,0,0,0,0,0,0,Matches
98,Sebastian Andersson,se SWE,FW,Köln,de Bundesliga,29,1991,16,14,"1,126",12.5,3,0,3,2,1,1,1,0,0.24,0,0.24,0.16,0.16,Matches
99,Nícolas Andrade,br BRA,GK,Udinese,it Serie A,32,1988,2,2,180,2,0,0,0,0,0,0,0,0,0,0,0,0,0,Matches
100,Benjamin André,fr FRA,MF,Lille,fr Ligue 1,29,1990,35,35,"2,885",32.1,0,1,1,0,0,0,10,0,0,0.03,0.03,0,0.03,Matches
Rk,Player,Nation,Pos,Squad,Comp,Age,Born,MP,Starts,Min,90s,Gls,Ast,G+A,G-PK,PK,PKatt,CrdY,CrdR,Gls,Ast,G+A,G-PK,G+A-PK,Matches
101,Marcos André,br BRA,FW,Valladolid,es La Liga,23,1996,23,11,"1,177",13.1,4,1,5,4,0,0,3,0,0.31,0.08,0.38,0.31,0.38,Matches
102,Robert Andrich,de GER,MF,Union Berlin,de Bundesliga,25,1994,29,29,"2,526",28.1,5,2,7,5,0,0,5,1,0.18,0.07,0.25,0.18,0.25,Matches
103,Victorien Angban,ci CIV,MF,Metz,fr Ligue 1,23,1996,26,21,"1,672",18.6,0,1,1,0,0,0,5,0,0,0.05,0.05,0,0.05,Matches
104,Ángel,es ESP,GK,Granada,es La Liga,18,2002,1,1,90,1,0,0,0,0,0,0,0,0,0,0,0,0,0,Matches
105,José Ángel,es ESP,DF,Eibar,es La Liga,30,1989,14,11,901,10,0,0,0,0,0,0,3,0,0,0,0,0,0,Matches
106,Miguel Ángel Rubio,es ESP,DF,Valladolid,es La Liga,22,1998,2,1,135,1.5,0,0,0,0,0,0,0,0,0,0,0,0,0,Matches
107,Angeliño,es ESP,"MF,DF",RB Leipzig,de Bundesliga,23,1997,26,24,"2,161",24,4,4,8,4,0,0,2,0,0.17,0.17,0.33,0.17,0.33,Matches
108,Davide Angelo Ghislandi,it ITA,MF,Atalanta,it Serie A,19,2001,1,0,5,0.1,0,0,0,0,0,0,0,0,0,0,0,0,0,Matches
109,Frank Anguissa,cm CMR,MF,Fulham,eng Premier League,24,1995,36,29,"2,587",28.7,0,3,3,0,0,0,6,0,0,0.1,0.1,0,0.1,Matches
110,Philip Ankhrah,gh GHA,FW,Hellas Verona,it Serie A,17,2002,1,0,13,0.1,0,0,0,0,0,0,0,0,0,0,0,0,0,Matches
111,Cristian Ansaldi,ar ARG,MF,Torino,it Serie A,33,1986,31,20,"1,947",21.6,1,6,7,0,1,1,1,0,0.05,0.28,0.32,0,0.28,Matches
112,Waldemar Anton,de GER,DF,Stuttgart,de Bundesliga,24,1996,31,30,"2,711",30.1,0,1,1,0,0,0,3,0,0,0.03,0.03,0,0.03,Matches
113,Michail Antonio,jm JAM,FW,West Ham,eng Premier League,30,1990,26,24,"1,974",21.9,10,5,15,10,0,0,3,0,0.46,0.23,0.68,0.46,0.68,Matches
114,José Antonio Miranda,gq EQG,MF,Getafe,es La Liga,22,1998,4,0,26,0.3,0,0,0,0,0,0,1,0,0,0,0,0,0,Matches
115,Valentin Antov,bg BUL,DF,Bologna,it Serie A,19,2000,5,2,232,2.6,0,0,0,0,0,0,1,0,0,0,0,0,0,Matches
116,Houssem Aouar,dz ALG,MF,Lyon,fr Ligue 1,22,1998,30,23,"1,781",19.8,7,3,10,5,2,2,3,1,0.35,0.15,0.51,0.25,0.4,Matches
117,Adil Aouchiche,dz ALG,"MF,FW",Saint-Étienne,fr Ligue 1,18,2002,34,21,"1,731",19.2,2,5,7,2,0,0,2,0,0.1,0.26,0.36,0.1,0.36,Matches
118,Dennis Appiah,fr FRA,DF,Nantes,fr Ligue 1,28,1992,22,16,"1,556",17.3,0,2,2,0,0,0,3,0,0,0.12,0.12,0,0.12,Matches
119,Aritz Arambarri,es ESP,DF,Real Sociedad,es La Liga,22,1998,1,0,26,0.3,0,0,0,0,0,0,0,0,0,0,0,0,0,Matches
120,Mauro Arambarri,uy URU,MF,Getafe,es La Liga,24,1995,34,33,"2,983",33.1,3,0,3,3,0,0,11,0,0.09,0,0.09,0.09,0.09,Matches
121,Charles Aránguiz,cl CHI,MF,Leverkusen,de Bundesliga,31,1989,21,20,"1,669",18.5,0,0,0,0,0,0,4,0,0,0,0,0,0,Matches
122,Luiz Araújo,br BRA,MF,Lille,fr Ligue 1,24,1996,28,17,"1,496",16.6,4,2,6,4,0,0,5,0,0.24,0.12,0.36,0.24,0.36,Matches
123,Néstor Araujo,mx MEX,DF,Celta Vigo,es La Liga,28,1991,33,26,"2,426",27,0,0,0,0,0,0,5,0,0,0,0,0,0,Matches
124,Ronald Araújo,uy URU,DF,Barcelona,es La Liga,21,1999,24,16,"1,510",16.8,2,1,3,2,0,0,3,0,0.12,0.06,0.18,0.12,0.18,Matches
125,Anaitz Arbilla,es ESP,DF,Eibar,es La Liga,33,1987,34,30,"2,807",31.2,0,1,1,0,0,0,8,0,0,0.03,0.03,0,0.03,Matches
Rk,Player,Nation,Pos,Squad,Comp,Age,Born,MP,Starts,Min,90s,Gls,Ast,G+A,G-PK,PK,PKatt,CrdY,CrdR,Gls,Ast,G+A,G-PK,G+A-PK,Matches
126,Alphonse Areola,fr FRA,GK,Fulham,eng Premier League,27,1993,36,36,"3,240",36,0,0,0,0,0,0,2,0,0,0,0,0,0,Matches
127,Santiago Arias,co COL,DF,Leverkusen,de Bundesliga,28,1992,1,1,90,1,0,0,0,0,0,0,0,0,0,0,0,0,0,Matches
128,Karim Aribi,dz ALG,FW,Nîmes,fr Ligue 1,26,1994,13,2,294,3.3,0,0,0,0,0,0,0,0,0,0,0,0,0,Matches
129,Unai Arietaleanizbeaskoa,es ESP,FW,Eibar,es La Liga,21,1999,4,0,47,0.5,0,0,0,0,0,0,1,0,0,0,0,0,0,Matches
130,Nicolò Armini,it ITA,DF,Lazio,it Serie A,19,2001,1,0,5,0.1,0,0,0,0,0,0,0,0,0,0,0,0,0,Matches
131,Stuart Armstrong,sct SCO,MF,Southampton,eng Premier League,28,1992,33,32,"2,764",30.7,4,5,9,4,0,0,3,0,0.13,0.16,0.29,0.13,0.29,Matches
132,Maximilian Arnold,de GER,MF,Wolfsburg,de Bundesliga,26,1994,30,30,"2,585",28.7,3,6,9,3,0,0,7,1,0.1,0.21,0.31,0.1,0.31,Matches
133,Tolu Arokodare,ng NGA,FW,Köln,de Bundesliga,19,2000,10,0,112,1.2,0,0,0,0,0,0,0,0,0,0,0,0,0,Matches
134,Sergio Arribas,es ESP,MF,Real Madrid,es La Liga,18,2001,8,0,135,1.5,0,0,0,0,0,0,1,0,0,0,0,0,0,Matches
135,Kepa Arrizabalaga,es ESP,GK,Chelsea,eng Premier League,25,1994,7,6,585,6.5,0,0,0,0,0,0,1,0,0,0,0,0,0,Matches
136,Tolgay Arslan,de GER,MF,Udinese,it Serie A,29,1990,30,25,"1,818",20.2,3,0,3,3,0,0,9,0,0.15,0,0.15,0.15,0.15,Matches
137,Kwadwo Asamoah,gh GHA,MF,Cagliari,it Serie A,31,1988,9,1,224,2.5,0,0,0,0,0,0,0,0,0,0,0,0,0,Matches
138,Santiago Ascacíbar,ar ARG,MF,Hertha BSC,de Bundesliga,23,1997,13,8,762,8.5,1,0,1,1,0,0,2,0,0.12,0,0.12,0.12,0.12,Matches
139,Sergio Asenjo,es ESP,GK,Villarreal,es La Liga,31,1989,36,36,"3,240",36,0,0,0,0,0,0,2,0,0,0,0,0,0,Matches
140,Marco Asensio,es ESP,"FW,MF",Real Madrid,es La Liga,24,1996,35,21,"1,869",20.8,5,2,7,5,0,0,1,0,0.24,0.1,0.34,0.24,0.34,Matches
141,Kristoffer Askildsen,no NOR,MF,Sampdoria,it Serie A,19,2001,6,0,95,1.1,0,0,0,0,0,0,2,0,0,0,0,0,0,Matches
142,Iago Aspas,es ESP,FW,Celta Vigo,es La Liga,32,1987,33,33,"2,864",31.8,14,13,27,9,5,5,9,0,0.44,0.41,0.85,0.28,0.69,Matches
143,Roger Assalé,ci CIV,"MF,FW",Dijon,fr Ligue 1,26,1993,17,11,828,9.2,1,1,2,1,0,0,0,1,0.11,0.11,0.22,0.11,0.22,Matches
144,Youcef Atal,dz ALG,"MF,DF",Nice,fr Ligue 1,24,1996,18,13,956,10.6,1,0,1,1,0,0,1,0,0.09,0,0.09,0.09,0.09,Matches
145,Miguel Atienza,es ESP,MF,Eibar,es La Liga,21,1999,12,9,838,9.3,0,0,0,0,0,0,1,0,0,0,0,0,0,Matches
146,Pierre-Emerick Aubameyang,ga GAB,"FW,MF",Arsenal,eng Premier League,31,1989,29,26,"2,332",25.9,10,3,13,8,2,2,2,0,0.39,0.12,0.5,0.31,0.42,Matches
147,Emil Audero,id IDN,GK,Sampdoria,it Serie A,23,1997,37,37,"3,330",37,0,1,1,0,0,0,0,0,0,0.03,0.03,0,0.03,Matches
148,Tommaso Augello,it ITA,DF,Sampdoria,it Serie A,25,1994,37,37,"3,216",35.7,1,3,4,1,0,0,2,1,0.03,0.08,0.11,0.03,0.11,Matches
149,Jean-Kévin Augustin,fr FRA,FW,Nantes,fr Ligue 1,23,1997,3,0,36,0.4,0,0,0,0,0,0,0,0,0,0,0,0,0,Matches
150,Ludwig Augustinsson,se SWE,"MF,DF",Werder Bremen,de Bundesliga,26,1994,23,21,"1,957",21.7,0,4,4,0,0,0,4,0,0,0.18,0.18,0,0.18,Matches
Rk,Player,Nation,Pos,Squad,Comp,Age,Born,MP,Starts,Min,90s,Gls,Ast,G+A,G-PK,PK,PKatt,CrdY,CrdR,Gls,Ast,G+A,G-PK,G+A-PK,Matches
151,Serge Aurier,ci CIV,"DF,MF",Tottenham,eng Premier League,27,1992,19,19,"1,605",17.8,2,3,5,2,0,0,0,0,0.11,0.17,0.28,0.11,0.28,Matches
152,Charlie Austin,eng ENG,FW,West Brom,eng Premier League,31,1989,5,0,138,1.5,0,0,0,0,0,0,0,0,0,0,0,0,0,Matches
153,Ezequiel Ávila,ar ARG,"MF,FW",Osasuna,es La Liga,26,1994,8,2,202,2.2,0,0,0,0,0,0,0,0,0,0,0,0,0,Matches
154,Taiwo Awoniyi,ng NGA,FW,Union Berlin,de Bundesliga,22,1997,21,16,"1,359",15.1,5,2,7,5,0,0,0,0,0.33,0.13,0.46,0.33,0.46,Matches
155,Mehmet Aydin,de GER,MF,Schalke 04,de Bundesliga,18,2002,6,6,500,5.6,0,0,0,0,0,0,0,0,0,0,0,0,0,Matches
156,Jordan Ayew,gh GHA,"FW,MF",Crystal Palace,eng Premier League,28,1991,33,23,"2,096",23.3,1,3,4,1,0,0,4,0,0.04,0.13,0.17,0.04,0.17,Matches
157,Kaan Ayhan,tr TUR,DF,Sassuolo,it Serie A,25,1994,19,7,796,8.8,0,0,0,0,0,0,3,0,0,0,0,0,0,Matches
158,Luke Ayling,eng ENG,DF,Leeds United,eng Premier League,28,1991,38,38,"3,399",37.8,0,0,0,0,0,0,7,0,0,0,0,0,0,Matches
159,Ramon Azeez,ng NGA,MF,Granada,es La Liga,27,1992,2,1,101,1.1,0,0,0,0,0,0,0,0,0,0,0,0,0,Matches
160,César Azpilicueta,es ESP,"DF,MF",Chelsea,eng Premier League,30,1989,26,24,"2,188",24.3,1,2,3,1,0,0,5,1,0.04,0.08,0.12,0.04,0.12,Matches
161,Ludovic Baal,gf GUF,DF,Brest,fr Ligue 1,34,1986,7,3,296,3.3,0,0,0,0,0,0,0,0,0,0,0,0,0,Matches
162,Carlos Bacca,co COL,FW,Villarreal,es La Liga,33,1986,23,9,786,8.7,5,0,5,5,0,0,1,0,0.57,0,0.57,0.57,0.57,Matches
163,Loïc Bade,fr FRA,DF,Lens,fr Ligue 1,20,2000,31,29,"2,610",29,0,0,0,0,0,0,11,1,0,0,0,0,0,Matches
164,Milan Badelj,hr CRO,MF,Genoa,it Serie A,31,1989,30,29,"2,408",26.8,1,4,5,1,0,0,7,0,0.04,0.15,0.19,0.04,0.19,Matches
165,Édgar Badía,es ESP,GK,Elche,es La Liga,28,1992,30,30,"2,700",30,0,0,0,0,0,0,0,0,0,0,0,0,0,Matches
166,Benoît Badiashile,fr FRA,DF,Monaco,fr Ligue 1,19,2001,35,32,"2,870",31.9,2,1,3,2,0,0,5,0,0.06,0.03,0.09,0.06,0.09,Matches
167,Álex Baena,es ESP,MF,Villarreal,es La Liga,19,2001,6,2,137,1.5,0,0,0,0,0,0,0,0,0,0,0,0,0,Matches
168,Miguel Baeza,es ESP,MF,Celta Vigo,es La Liga,20,2000,22,4,543,6,1,0,1,1,0,0,0,0,0.17,0,0.17,0.17,0.17,Matches
169,Stéphane Bahoken,cm CMR,FW,Angers,fr Ligue 1,28,1992,30,18,"1,616",18,6,2,8,6,0,1,4,0,0.33,0.11,0.45,0.33,0.45,Matches
170,Leon Bailey,jm JAM,"FW,MF",Leverkusen,de Bundesliga,22,1997,30,25,"2,141",23.8,9,8,17,9,0,0,6,0,0.38,0.34,0.71,0.38,0.71,Matches
171,Eric Bailly,ci CIV,DF,Manchester Utd,eng Premier League,26,1994,12,10,916,10.2,0,0,0,0,0,0,3,0,0,0,0,0,0,Matches
172,Stefan Bajic,fr FRA,GK,Saint-Étienne,fr Ligue 1,18,2001,1,1,90,1,0,0,0,0,0,0,0,0,0,0,0,0,0,Matches
173,Tiemoué Bakayoko,fr FRA,MF,Napoli,it Serie A,25,1994,32,23,"1,964",21.8,2,1,3,2,0,0,6,1,0.09,0.05,0.14,0.09,0.14,Matches
174,Mitchel Bakker,nl NED,"DF,MF",PSG,fr Ligue 1,20,2000,26,18,"1,694",18.8,0,2,2,0,0,0,1,0,0,0.11,0.11,0,0.11,Matches
175,Ridle Baku,de GER,"MF,DF",Wolfsburg,de Bundesliga,22,1998,32,31,"2,678",29.8,6,7,13,6,0,0,1,0,0.2,0.24,0.44,0.2,0.44,Matches
Rk,Player,Nation,Pos,Squad,Comp,Age,Born,MP,Starts,Min,90s,Gls,Ast,G+A,G-PK,PK,PKatt,CrdY,CrdR,Gls,Ast,G+A,G-PK,G+A-PK,Matches
176,Ridle Baku,de GER,DF,Mainz 05,de Bundesliga,22,1998,2,2,180,2,0,0,0,0,0,0,0,0,0,0,0,0,0,Matches
177,Dilane Bakwa,fr FRA,"FW,MF",Bordeaux,fr Ligue 1,17,2002,7,0,56,0.6,0,0,0,0,0,0,0,0,0,0,0,0,0,Matches
178,Fabián Balbuena,py PAR,DF,West Ham,eng Premier League,28,1991,14,13,"1,198",13.3,1,0,1,1,0,0,1,1,0.08,0,0.08,0.08,0.08,Matches
179,Keita Baldé,sn SEN,FW,Sampdoria,it Serie A,25,1995,25,12,"1,197",13.3,7,1,8,7,0,0,4,1,0.53,0.08,0.6,0.53,0.6,Matches
180,George Baldock,gr GRE,"MF,DF",Sheffield United,eng Premier League,27,1993,32,32,"2,787",31,0,2,2,0,0,0,7,0,0,0.06,0.06,0,0.06,Matches
181,Gareth Bale,wls WAL,MF,Tottenham,eng Premier League,31,1989,20,10,920,10.2,11,2,13,11,0,0,1,0,1.08,0.2,1.27,1.08,1.27,Matches
182,Mikel Balenziaga,es ESP,DF,Athletic Club,es La Liga,32,1988,23,17,"1,689",18.8,0,1,1,0,0,0,0,0,0,0.05,0.05,0,0.05,Matches
183,Leonardo Balerdi,ar ARG,DF,Marseille,fr Ligue 1,21,1999,21,19,"1,634",18.2,2,0,2,2,0,0,6,1,0.11,0,0.11,0.11,0.11,Matches
184,Fodé Ballo-Touré,sn SEN,DF,Monaco,fr Ligue 1,23,1997,24,6,662,7.4,0,3,3,0,0,0,2,0,0,0.41,0.41,0,0.41,Matches
185,Botond Balogh,hu HUN,DF,Parma,it Serie A,18,2002,3,1,165,1.8,0,0,0,0,0,0,1,0,0,0,0,0,0,Matches
186,Abdoulaye Bamba,ci CIV,DF,Angers,fr Ligue 1,30,1990,16,16,"1,347",15,0,0,0,0,0,0,2,0,0,0,0,0,0,Matches
187,Jonathan Bamba,ci CIV,MF,Lille,fr Ligue 1,24,1996,38,34,"2,985",33.2,6,9,15,6,0,0,2,0,0.18,0.27,0.45,0.18,0.45,Matches
188,Robson Bambu,br BRA,DF,Nice,fr Ligue 1,22,1997,15,12,"1,046",11.6,0,0,0,0,0,0,3,1,0,0,0,0,0,Matches
189,Patrick Bamford,eng ENG,FW,Leeds United,eng Premier League,26,1993,38,37,"3,050",33.9,17,7,24,15,2,2,3,0,0.5,0.21,0.71,0.44,0.65,Matches
190,Mattia Bani,it ITA,DF,Genoa,it Serie A,26,1993,11,10,921,10.2,0,0,0,0,0,0,4,0,0,0,0,0,0,Matches
191,Mattia Bani,it ITA,DF,Parma,it Serie A,26,1993,15,14,"1,145",12.7,0,0,0,0,0,0,6,0,0,0,0,0,0,Matches
192,Simon Banza,cd COD,FW,Lens,fr Ligue 1,23,1996,34,12,"1,372",15.2,5,2,7,4,1,1,6,1,0.33,0.13,0.46,0.26,0.39,Matches
193,Antonín Barák,cz CZE,MF,Hellas Verona,it Serie A,25,1994,34,32,"2,765",30.7,7,3,10,7,0,0,5,1,0.23,0.1,0.33,0.23,0.33,Matches
194,Federico Barba,it ITA,DF,Benevento,it Serie A,26,1993,32,31,"2,659",29.5,0,2,2,0,0,0,8,0,0,0.07,0.07,0,0.07,Matches
195,Danilo Barbosa,br BRA,DF,Nice,fr Ligue 1,24,1996,4,3,250,2.8,0,0,0,0,0,0,2,0,0,0,0,0,0,Matches
196,Barcia,es ESP,DF,Granada,es La Liga,19,2000,1,1,90,1,0,0,0,0,0,0,1,0,0,0,0,0,0,Matches
197,Melvin Bard,fr FRA,DF,Lyon,fr Ligue 1,19,2000,14,4,432,4.8,0,0,0,0,0,0,0,1,0,0,0,0,0,Matches
198,Enis Bardhi,mk MKD,MF,Levante,es La Liga,25,1995,26,19,"1,682",18.7,1,2,3,1,0,0,4,0,0.05,0.11,0.16,0.05,0.16,Matches
199,Phil Bardsley,sct SCO,DF,Burnley,eng Premier League,35,1985,4,3,274,3,0,0,0,0,0,0,2,0,0,0,0,0,0,Matches
200,Nicolò Barella,it ITA,MF,Inter,it Serie A,23,1997,36,32,"2,896",32.2,3,7,10,3,0,0,5,0,0.09,0.22,0.31,0.09,0.31,Matches
Rk,Player,Nation,Pos,Squad,Comp,Age,Born,MP,Starts,Min,90s,Gls,Ast,G+A,G-PK,PK,PKatt,CrdY,CrdR,Gls,Ast,G+A,G-PK,G+A-PK,Matches
201,Philipp Bargfrede,de GER,MF,Werder Bremen,de Bundesliga,31,1989,1,0,27,0.3,0,0,0,0,0,0,0,0,0,0,0,0,0,Matches
202,Kike Barja,es ESP,"MF,FW",Osasuna,es La Liga,23,1997,33,17,"1,433",15.9,2,3,5,2,0,0,2,0,0.13,0.19,0.31,0.13,0.31,Matches
203,Ross Barkley,eng ENG,MF,Aston Villa,eng Premier League,26,1993,24,18,"1,531",17,3,1,4,3,0,0,0,0,0.18,0.06,0.24,0.18,0.24,Matches
204,Ross Barkley,eng ENG,MF,Chelsea,eng Premier League,26,1993,2,0,42,0.5,0,0,0,0,0,0,0,0,0,0,0,0,0,Matches
205,Aymen Barkok,ma MAR,"MF,FW",Frankfurt,de Bundesliga,22,1998,26,9,977,10.9,2,3,5,2,0,0,5,0,0.18,0.28,0.46,0.18,0.46,Matches
206,Ashley Barnes,eng ENG,FW,Burnley,eng Premier League,30,1989,22,15,"1,331",14.8,3,0,3,2,1,1,4,0,0.2,0,0.2,0.14,0.14,Matches
207,Harvey Barnes,eng ENG,MF,Leicester City,eng Premier League,22,1997,25,22,"1,945",21.6,9,4,13,9,0,0,0,0,0.42,0.19,0.6,0.42,0.6,Matches
208,Marc Baró,es ESP,DF,Cádiz,es La Liga,20,1999,1,1,90,1,0,0,0,0,0,0,0,0,0,0,0,0,0,Matches
209,Antonio Barragán,es ESP,DF,Elche,es La Liga,33,1987,27,26,"2,235",24.8,0,3,3,0,0,0,8,0,0,0.12,0.12,0,0.12,Matches
210,Antonio Barreca,it ITA,MF,Fiorentina,it Serie A,25,1995,3,1,85,0.9,0,0,0,0,0,0,0,0,0,0,0,0,0,Matches
211,Leandro Barreiro Martins,lu LUX,MF,Mainz 05,de Bundesliga,20,2000,29,27,"2,303",25.6,2,2,4,2,0,0,5,0,0.08,0.08,0.16,0.08,0.16,Matches
212,Ander Barrenetxea,es ESP,MF,Real Sociedad,es La Liga,18,2001,31,13,"1,307",14.5,3,0,3,3,0,0,7,0,0.21,0,0.21,0.21,0.21,Matches
213,Jacob Barrett Laursen,dk DEN,DF,Arminia,de Bundesliga,25,1994,16,13,"1,108",12.3,0,1,1,0,0,0,1,0,0,0.08,0.08,0,0.08,Matches
214,Musa Barrow,gm GAM,"MF,FW",Bologna,it Serie A,21,1998,38,34,"2,921",32.5,8,8,16,8,0,1,0,0,0.25,0.25,0.49,0.25,0.49,Matches
215,Kyle Bartley,eng ENG,DF,West Brom,eng Premier League,29,1991,30,28,"2,584",28.7,3,1,4,3,0,0,4,0,0.1,0.03,0.14,0.1,0.14,Matches
216,Paolo Bartolomei,it ITA,MF,Spezia,it Serie A,30,1989,6,3,320,3.6,0,1,1,0,0,0,1,0,0,0.28,0.28,0,0.28,Matches
217,Marc Bartra,es ESP,DF,Real Betis,es La Liga,29,1991,19,19,"1,694",18.8,0,1,1,0,0,0,3,0,0,0.05,0.05,0,0.05,Matches
218,Daniele Baselli,it ITA,MF,Torino,it Serie A,28,1992,15,3,396,4.4,0,0,0,0,0,0,2,0,0,0,0,0,0,Matches
219,Chris Basham,eng ENG,DF,Sheffield United,eng Premier League,32,1988,31,31,"2,576",28.6,0,1,1,0,0,0,5,0,0,0.03,0.03,0,0.03,Matches
220,Toma Bašić,hr CRO,MF,Bordeaux,fr Ligue 1,23,1996,34,32,"2,601",28.9,4,1,5,4,0,0,7,0,0.14,0.03,0.17,0.14,0.17,Matches
221,Álvaro Bastida,es ESP,MF,Cádiz,es La Liga,16,2004,1,0,35,0.4,0,0,0,0,0,0,0,0,0,0,0,0,0,Matches
222,Alessandro Bastoni,it ITA,DF,Inter,it Serie A,21,1999,33,33,"2,922",32.5,0,3,3,0,0,0,6,0,0,0.09,0.09,0,0.09,Matches
223,Simone Bastoni,it ITA,DF,Spezia,it Serie A,23,1996,22,19,"1,522",16.9,1,7,8,1,0,0,7,0,0.06,0.41,0.47,0.06,0.47,Matches
224,Bastos,ao ANG,DF,Lazio,it Serie A,29,1991,2,0,63,0.7,0,0,0,0,0,0,0,0,0,0,0,0,0,Matches
225,Michy Batshuayi,be BEL,FW,Crystal Palace,eng Premier League,26,1993,18,7,728,8.1,2,1,3,2,0,0,0,0,0.25,0.12,0.37,0.25,0.37,Matches
Rk,Player,Nation,Pos,Squad,Comp,Age,Born,MP,Starts,Min,90s,Gls,Ast,G+A,G-PK,PK,PKatt,CrdY,CrdR,Gls,Ast,G+A,G-PK,G+A-PK,Matches
226,Rodrigo Battaglia,ar ARG,MF,Alavés,es La Liga,29,1991,32,29,"2,492",27.7,1,0,1,1,0,0,10,1,0.04,0,0.04,0.04,0.04,Matches
227,Cristian Battocchio,it ITA,MF,Brest,fr Ligue 1,28,1992,15,2,355,3.9,0,0,0,0,0,0,0,0,0,0,0,0,0,Matches
228,Oliver Baumann,de GER,GK,Hoffenheim,de Bundesliga,30,1990,31,31,"2,790",31,0,0,0,0,0,0,1,0,0,0,0,0,0,Matches
229,Julian Baumgartlinger,at AUT,MF,Leverkusen,de Bundesliga,32,1988,17,12,"1,072",11.9,2,0,2,2,0,0,1,0,0.17,0,0.17,0.17,0.17,Matches
230,Christoph Baumgartner,at AUT,"MF,FW",Hoffenheim,de Bundesliga,20,1999,31,28,"2,369",26.3,6,3,9,6,0,0,6,0,0.23,0.11,0.34,0.23,0.34,Matches
231,Jon Bautista,es ESP,FW,Real Sociedad,es La Liga,25,1995,21,0,370,4.1,0,1,1,0,0,0,3,0,0,0.24,0.24,0,0.24,Matches
232,Paul Baysse,fr FRA,DF,Bordeaux,fr Ligue 1,32,1988,31,29,"2,614",29,2,2,4,2,0,0,5,1,0.07,0.07,0.14,0.07,0.14,Matches
233,Ihlas Bebou,tg TOG,"FW,MF",Hoffenheim,de Bundesliga,26,1994,32,23,"2,200",24.4,9,7,16,9,0,0,3,0,0.37,0.29,0.65,0.37,0.65,Matches
234,Rodrigo Becão,br BRA,DF,Udinese,it Serie A,24,1996,35,32,"2,780",30.9,1,0,1,1,0,0,5,0,0.03,0,0.03,0.03,0.03,Matches
235,Sheraldo Becker,sr SUR,"MF,FW",Union Berlin,de Bundesliga,25,1995,18,15,"1,106",12.3,3,3,6,3,0,0,2,0,0.24,0.24,0.49,0.24,0.49,Matches
236,Timo Becker,de GER,DF,Schalke 04,de Bundesliga,23,1997,20,18,"1,640",18.2,0,0,0,0,0,0,1,0,0,0,0,0,0,Matches
237,Jan Bednarek,pl POL,DF,Southampton,eng Premier League,24,1996,36,36,"3,100",34.4,1,1,2,1,0,0,5,1,0.03,0.03,0.06,0.03,0.06,Matches
238,Donny van de Beek,nl NED,MF,Manchester Utd,eng Premier League,23,1997,19,4,524,5.8,1,1,2,1,0,0,1,0,0.17,0.17,0.34,0.17,0.34,Matches
239,Valon Behrami,ch SUI,MF,Genoa,it Serie A,35,1985,26,8,892,9.9,0,0,0,0,0,0,3,1,0,0,0,0,0,Matches
240,Brian Behrendt,de GER,"DF,MF",Arminia,de Bundesliga,28,1991,3,0,79,0.9,0,0,0,0,0,0,0,0,0,0,0,0,0,Matches
241,Maximilian Beier,de GER,"FW,MF",Hoffenheim,de Bundesliga,17,2002,3,0,10,0.1,0,0,0,0,0,0,0,0,0,0,0,0,0,Matches
242,Ishak Belfodil,dz ALG,FW,Hoffenheim,de Bundesliga,28,1992,14,7,596,6.6,0,1,1,0,0,0,0,0,0,0.15,0.15,0,0.15,Matches
243,Erwan Belhadji,fr FRA,FW,Dijon,fr Ligue 1,19,2001,1,0,30,0.3,0,0,0,0,0,0,0,0,0,0,0,0,0,Matches
244,Haris Belkebla,dz ALG,MF,Brest,fr Ligue 1,26,1994,35,33,"2,727",30.3,0,0,0,0,0,0,7,1,0,0,0,0,0,Matches
245,Stefan Bell,de GER,DF,Mainz 05,de Bundesliga,28,1991,16,16,"1,266",14.1,1,1,2,1,0,0,6,0,0.07,0.07,0.14,0.07,0.14,Matches
246,Karim Bellarabi,de GER,MF,Leverkusen,de Bundesliga,30,1990,22,7,798,8.9,0,0,0,0,0,0,2,0,0,0,0,0,0,Matches
247,Jean-Ricner Bellegarde,ht HAI,MF,Strasbourg,fr Ligue 1,22,1998,36,25,"2,086",23.2,1,1,2,1,0,0,3,0,0.04,0.04,0.09,0.04,0.09,Matches
248,Héctor Bellerín,es ESP,"DF,MF",Arsenal,eng Premier League,25,1995,25,24,"2,089",23.2,1,2,3,1,0,0,8,0,0.04,0.09,0.13,0.04,0.13,Matches
249,Jude Bellingham,eng ENG,MF,Dortmund,de Bundesliga,17,2003,29,19,"1,697",18.9,1,3,4,1,0,0,6,1,0.05,0.16,0.21,0.05,0.21,Matches
250,Andrea Belotti,it ITA,FW,Torino,it Serie A,26,1993,35,33,"2,888",32.1,13,6,19,9,4,5,4,0,0.41,0.19,0.59,0.28,0.47,Matches
Rk,Player,Nation,Pos,Squad,Comp,Age,Born,MP,Starts,Min,90s,Gls,Ast,G+A,G-PK,PK,PKatt,CrdY,CrdR,Gls,Ast,G+A,G-PK,G+A-PK,Matches
251,Fran Beltrán,es ESP,MF,Celta Vigo,es La Liga,21,1999,32,13,"1,399",15.5,3,0,3,3,0,0,3,0,0.19,0,0.19,0.19,0.19,Matches
252,Sami Ben Amar,ma MAR,FW,Nîmes,fr Ligue 1,22,1998,1,0,7,0.1,0,0,0,0,0,0,0,0,0,0,0,0,0,Matches
253,Hatem Ben Arfa,fr FRA,"MF,FW",Bordeaux,fr Ligue 1,33,1987,24,19,"1,703",18.9,2,4,6,2,0,0,2,0,0.11,0.21,0.32,0.11,0.32,Matches
254,Salim Ben Seghir,fr FRA,FW,Nice,fr Ligue 1,17,2003,1,0,7,0.1,0,0,0,0,0,0,0,0,0,0,0,0,0,Matches
255,Wissam Ben Yedder,fr FRA,FW,Monaco,fr Ligue 1,29,1990,37,32,"2,607",29,20,7,27,10,10,12,3,0,0.69,0.24,0.93,0.35,0.59,Matches
256,Ahmad Benali,ly LBY,MF,Crotone,it Serie A,28,1992,18,15,"1,214",13.5,0,1,1,0,0,0,2,0,0,0.07,0.07,0,0.07,Matches
257,Samy Benchamma,fr FRA,MF,Montpellier,fr Ligue 1,20,2000,5,0,42,0.5,0,0,0,0,0,0,1,0,0,0,0,0,0,Matches
258,Lars Bender,de GER,DF,Leverkusen,de Bundesliga,31,1989,14,12,936,10.4,1,2,3,0,1,1,2,0,0.1,0.19,0.29,0,0.19,Matches
259,Sven Bender,de GER,DF,Leverkusen,de Bundesliga,31,1989,18,14,"1,170",13,0,0,0,0,0,0,1,0,0,0,0,0,0,Matches
260,Darío Benedetto,ar ARG,FW,Marseille,fr Ligue 1,30,1990,32,19,"1,579",17.5,5,3,8,4,1,1,3,2,0.28,0.17,0.46,0.23,0.4,Matches
261,László Bénes,sk SVK,"MF,FW",Augsburg,de Bundesliga,22,1997,12,9,660,7.3,1,1,2,1,0,0,3,0,0.14,0.14,0.27,0.14,0.27,Matches
262,László Bénes,sk SVK,MF,Gladbach,de Bundesliga,22,1997,7,1,150,1.7,0,1,1,0,0,0,0,0,0,0.6,0.6,0,0.6,Matches
263,Walter Benítez,ar ARG,GK,Nice,fr Ligue 1,27,1993,38,38,"3,420",38,0,0,0,0,0,0,3,0,0,0,0,0,0,Matches
264,Loris Benito,ch SUI,DF,Bordeaux,fr Ligue 1,28,1992,31,30,"2,651",29.5,0,0,0,0,0,0,7,1,0,0,0,0,0,Matches
265,Sergio Benito,es ESP,FW,Valladolid,es La Liga,21,1999,1,0,2,0,0,0,0,0,0,0,0,0,0,0,0,0,0,Matches
266,Bilal Benkhedim,dz ALG,FW,Saint-Étienne,fr Ligue 1,19,2001,3,1,73,0.8,0,0,0,0,0,0,0,0,0,0,0,0,0,Matches
267,Djamel Benlamri,dz ALG,DF,Lyon,fr Ligue 1,30,1989,6,0,149,1.7,0,0,0,0,0,0,0,0,0,0,0,0,0,Matches
268,Ismaël Bennacer,dz ALG,MF,Milan,it Serie A,22,1997,21,17,"1,326",14.7,0,2,2,0,0,0,4,0,0,0.14,0.14,0,0.14,Matches
269,Saïd Benrahma,dz ALG,MF,West Ham,eng Premier League,24,1995,30,14,"1,391",15.5,1,6,7,1,0,0,0,0,0.06,0.39,0.45,0.06,0.45,Matches
270,Yassine Benrahou,fr FRA,MF,Nîmes,fr Ligue 1,21,1999,23,15,"1,239",13.8,0,0,0,0,0,0,2,0,0,0,0,0,0,Matches
271,Ramy Bensebaini,dz ALG,DF,Gladbach,de Bundesliga,25,1995,25,20,"1,811",20.1,4,0,4,3,1,1,7,0,0.2,0,0.2,0.15,0.15,Matches
272,Josh Benson,eng ENG,MF,Burnley,eng Premier League,20,1999,6,2,264,2.9,0,0,0,0,0,0,0,0,0,0,0,0,0,Matches
273,Nabil Bentaleb,dz ALG,MF,Schalke 04,de Bundesliga,25,1994,9,6,548,6.1,0,0,0,0,0,1,2,0,0,0,0,0,0,Matches
274,Rodrigo Bentancur,uy URU,MF,Juventus,it Serie A,23,1997,33,27,"2,324",25.8,0,4,4,0,0,0,8,1,0,0.15,0.15,0,0.15,Matches
275,Christian Benteke,be BEL,FW,Crystal Palace,eng Premier League,29,1990,30,21,"1,816",20.2,10,1,11,10,0,0,3,1,0.5,0.05,0.55,0.5,0.55,Matches
Rk,Player,Nation,Pos,Squad,Comp,Age,Born,MP,Starts,Min,90s,Gls,Ast,G+A,G-PK,PK,PKatt,CrdY,CrdR,Gls,Ast,G+A,G-PK,G+A-PK,Matches
276,Karim Benzema,fr FRA,FW,Real Madrid,es La Liga,32,1987,34,33,"2,894",32.2,23,9,32,22,1,1,2,0,0.72,0.28,1,0.68,0.96,Matches
277,Yassine Benzia,dz ALG,"MF,FW",Dijon,fr Ligue 1,25,1994,7,5,407,4.5,2,1,3,0,2,2,1,0,0.44,0.22,0.66,0,0.22,Matches
278,Alessandro Berardi,it ITA,GK,Hellas Verona,it Serie A,29,1991,1,0,28,0.3,0,0,0,0,0,0,0,0,0,0,0,0,0,Matches
279,Domenico Berardi,it ITA,MF,Sassuolo,it Serie A,25,1994,30,28,"2,475",27.5,17,7,24,10,7,8,4,0,0.62,0.25,0.87,0.36,0.62,Matches
280,Gaetano Berardi,ch SUI,DF,Leeds United,eng Premier League,31,1988,2,1,113,1.3,0,0,0,0,0,0,0,0,0,0,0,0,0,Matches
281,Yuri Berchiche,es ESP,DF,Athletic Club,es La Liga,30,1990,23,21,"1,682",18.7,1,3,4,1,0,0,3,0,0.05,0.16,0.21,0.05,0.21,Matches
282,Álex Berenguer,es ESP,MF,Torino,it Serie A,25,1995,2,2,131,1.5,0,0,0,0,0,0,0,0,0,0,0,0,0,Matches
283,Álex Berenguer,es ESP,MF,Athletic Club,es La Liga,25,1995,35,27,"2,278",25.3,8,4,12,8,0,0,4,0,0.32,0.16,0.47,0.32,0.47,Matches
284,Bartosz Bereszyński,pl POL,DF,Sampdoria,it Serie A,28,1992,31,29,"2,607",29,1,0,1,1,0,0,2,0,0.03,0,0.03,0.03,0.03,Matches
285,Jóhann Berg Guðmundsson,is ISL,MF,Burnley,eng Premier League,29,1990,22,16,"1,363",15.1,2,0,2,2,0,0,2,0,0.13,0,0.13,0.13,0.13,Matches
286,Sander Berge,no NOR,MF,Sheffield United,eng Premier League,22,1998,15,13,"1,120",12.4,1,1,2,0,1,1,4,0,0.08,0.08,0.16,0,0.08,Matches
287,Steven Bergwijn,nl NED,"MF,FW",Tottenham,eng Premier League,22,1997,21,13,"1,208",13.4,1,3,4,1,0,0,3,0,0.07,0.22,0.3,0.07,0.3,Matches
288,Valon Berisha,xk KVX,MF,Reims,fr Ligue 1,27,1993,24,17,"1,645",18.3,0,3,3,0,0,0,2,0,0,0.16,0.16,0,0.16,Matches
289,Bernard,br BRA,"MF,FW",Everton,eng Premier League,27,1992,12,3,455,5.1,1,0,1,1,0,0,2,0,0.2,0,0.2,0.2,0.2,Matches
290,Federico Bernardeschi,it ITA,"MF,DF",Juventus,it Serie A,26,1994,27,8,972,10.8,0,2,2,0,0,0,3,0,0,0.19,0.19,0,0.19,Matches
291,Bernardo,br BRA,MF,Brighton,eng Premier League,25,1995,3,2,206,2.3,0,0,0,0,0,0,0,0,0,0,0,0,0,Matches
292,Paul Bernardoni,fr FRA,GK,Angers,fr Ligue 1,23,1997,38,38,"3,420",38,0,0,0,0,0,0,1,0,0,0,0,0,0,Matches
293,Juan Bernat,es ESP,DF,PSG,fr Ligue 1,27,1993,3,2,194,2.2,0,0,0,0,0,0,2,0,0,0,0,0,0,Matches
294,Dimitry Bertaud,cd COD,GK,Montpellier,fr Ligue 1,22,1998,9,7,745,8.3,0,0,0,0,0,0,0,0,0,0,0,0,0,Matches
295,Marco Bertini,it ITA,MF,Lazio,it Serie A,17,2002,1,0,5,0.1,0,0,0,0,0,0,0,0,0,0,0,0,0,Matches
296,Ryan Bertrand,eng ENG,DF,Southampton,eng Premier League,30,1989,29,29,"2,598",28.9,0,1,1,0,0,0,5,0,0,0.03,0.03,0,0.03,Matches
297,Daniel Bessa,it ITA,MF,Hellas Verona,it Serie A,27,1993,18,4,615,6.8,0,2,2,0,0,0,1,0,0,0.29,0.29,0,0.29,Matches
298,Loïc Bessile,tg TOG,DF,Bordeaux,fr Ligue 1,21,1999,1,1,90,1,0,0,0,0,0,0,0,0,0,0,0,0,0,Matches
299,Jordan Beyer,de GER,DF,Gladbach,de Bundesliga,20,2000,4,2,188,2.1,0,0,0,0,0,0,0,0,0,0,0,0,0,Matches
300,Giulian Biancone,fr FRA,DF,Monaco,fr Ligue 1,20,2000,2,1,92,1,0,0,0,0,0,0,1,0,0,0,0,0,0,Matches
Rk,Player,Nation,Pos,Squad,Comp,Age,Born,MP,Starts,Min,90s,Gls,Ast,G+A,G-PK,PK,PKatt,CrdY,CrdR,Gls,Ast,G+A,G-PK,G+A-PK,Matches
301,Bartosz Białek,pl POL,FW,Wolfsburg,de Bundesliga,18,2001,19,1,270,3,2,0,2,2,0,0,1,0,0.67,0,0.67,0.67,0.67,Matches
302,Ermin Bičakčić,ba BIH,DF,Hoffenheim,de Bundesliga,30,1990,2,2,128,1.4,1,0,1,1,0,0,1,0,0.7,0,0.7,0.7,0.7,Matches
303,Pedro Bigas,es ESP,DF,Eibar,es La Liga,29,1990,21,19,"1,529",17,0,0,0,0,0,0,1,0,0,0,0,0,0,Matches
304,El Bilal Touré,ml MLI,FW,Reims,fr Ligue 1,18,2001,33,11,"1,245",13.8,4,1,5,4,0,0,4,0,0.29,0.07,0.36,0.29,0.36,Matches
305,Cristiano Biraghi,it ITA,"MF,DF",Fiorentina,it Serie A,27,1992,35,31,"2,803",31.1,1,5,6,1,0,0,8,0,0.03,0.16,0.19,0.03,0.19,Matches
306,Davide Biraschi,it ITA,"DF,MF",Genoa,it Serie A,26,1994,13,11,915,10.2,0,0,0,0,0,0,2,0,0,0,0,0,0,Matches
307,Yves Bissouma,ml MLI,MF,Brighton,eng Premier League,23,1996,36,35,"3,111",34.6,1,0,1,1,0,0,8,1,0.03,0,0.03,0.03,0.03,Matches
308,Leonardo Bittencourt,de GER,MF,Werder Bremen,de Bundesliga,26,1993,27,19,"1,514",16.8,4,1,5,3,1,1,3,0,0.24,0.06,0.3,0.18,0.24,Matches
309,Alejandro Blanco,es ESP,MF,Valencia,es La Liga,21,1998,13,6,580,6.4,1,0,1,1,0,0,1,0,0.16,0,0.16,0.16,0.16,Matches
310,Antonio Blanco,es ESP,MF,Real Madrid,es La Liga,20,2000,4,2,220,2.4,0,0,0,0,0,0,0,0,0,0,0,0,0,Matches
311,Rubén Blanco,es ESP,GK,Celta Vigo,es La Liga,25,1995,19,19,"1,637",18.2,0,0,0,0,0,0,0,1,0,0,0,0,0,Matches
312,Ludovic Blas,fr FRA,"MF,FW",Nantes,fr Ligue 1,22,1997,36,32,"2,787",31,10,4,14,10,0,0,5,0,0.32,0.13,0.45,0.32,0.45,Matches
313,Alejandro Blesa,es ESP,MF,Levante,es La Liga,18,2002,1,0,11,0.1,0,0,0,0,0,0,0,0,0,0,0,0,0,Matches
314,Jérôme Boateng,de GER,DF,Bayern Munich,de Bundesliga,31,1988,29,29,"2,368",26.3,1,1,2,1,0,0,6,0,0.04,0.04,0.08,0.04,0.08,Matches
315,Antonin Bobichon,fr FRA,"MF,FW",Angers,fr Ligue 1,24,1995,23,10,911,10.1,0,1,1,0,0,0,0,0,0,0.1,0.1,0,0.1,Matches
316,Yann Bodiger,fr FRA,MF,Cádiz,es La Liga,25,1995,9,2,251,2.8,0,0,0,0,0,0,0,0,0,0,0,0,0,Matches
317,Jean-Paul Boëtius,sr SUR,"MF,FW",Mainz 05,de Bundesliga,26,1994,31,23,"2,065",22.9,2,4,6,2,0,0,5,0,0.09,0.17,0.26,0.09,0.26,Matches
318,Sacha Boey,fr FRA,DF,Dijon,fr Ligue 1,19,2000,24,21,"1,863",20.7,0,1,1,0,0,0,1,0,0,0.05,0.05,0,0.05,Matches
319,Sacha Boey,fr FRA,DF,Rennes,fr Ligue 1,19,2000,2,2,124,1.4,0,0,0,0,0,0,0,1,0,0,0,0,0,Matches
320,Jeremie Boga,ci CIV,MF,Sassuolo,it Serie A,23,1997,27,20,"1,785",19.8,4,2,6,4,0,0,0,0,0.2,0.1,0.3,0.2,0.3,Matches
321,Melayro Bogarde,sr SUR,DF,Hoffenheim,de Bundesliga,18,2002,9,2,277,3.1,0,1,1,0,0,0,1,0,0,0.32,0.32,0,0.32,Matches
322,Jayden Bogle,eng ENG,MF,Sheffield United,eng Premier League,20,2000,16,12,"1,110",12.3,2,0,2,2,0,0,2,0,0.16,0,0.16,0.16,0.16,Matches
323,Quentin Boisgard,fr FRA,"MF,FW",Lorient,fr Ligue 1,23,1997,24,17,"1,314",14.6,2,2,4,2,0,0,5,0,0.14,0.14,0.27,0.14,0.27,Matches
324,Willy Boly,ci CIV,DF,Wolves,eng Premier League,29,1991,21,21,"1,879",20.9,1,1,2,1,0,0,2,0,0.05,0.05,0.1,0.05,0.1,Matches
325,Giacomo Bonaventura,it ITA,MF,Fiorentina,it Serie A,30,1989,34,27,"2,256",25.1,3,2,5,3,0,0,5,0,0.12,0.08,0.2,0.12,0.2,Matches
Rk,Player,Nation,Pos,Squad,Comp,Age,Born,MP,Starts,Min,90s,Gls,Ast,G+A,G-PK,PK,PKatt,CrdY,CrdR,Gls,Ast,G+A,G-PK,G+A-PK,Matches
326,Federico Bonazzoli,it ITA,FW,Torino,it Serie A,23,1997,20,4,564,6.3,2,2,4,2,0,0,2,0,0.32,0.32,0.64,0.32,0.64,Matches
327,Federico Bonazzoli,it ITA,FW,Sampdoria,it Serie A,23,1997,2,2,131,1.5,0,1,1,0,0,0,0,0,0,0.69,0.69,0,0.69,Matches
328,Kevin Bonifazi,it ITA,DF,Udinese,it Serie A,24,1996,30,28,"2,469",27.4,0,0,0,0,0,0,4,0,0,0,0,0,0,Matches
329,Leonardo Bonucci,it ITA,DF,Juventus,it Serie A,33,1987,26,23,"2,028",22.5,2,0,2,2,0,0,4,0,0.09,0,0.09,0.09,0.09,Matches
330,Elias Bördner,de GER,GK,Frankfurt,de Bundesliga,18,2002,1,1,90,1,0,0,0,0,0,0,0,0,0,0,0,0,0,Matches
331,Dennis Borkowski,de GER,"FW,MF",RB Leipzig,de Bundesliga,18,2002,2,0,11,0.1,0,0,0,0,0,0,0,0,0,0,0,0,0,Matches
332,Sebastiaan Bornauw,be BEL,DF,Köln,de Bundesliga,21,1999,24,23,"2,083",23.1,1,1,2,1,0,0,3,0,0.04,0.04,0.09,0.04,0.09,Matches
333,Sven Botman,nl NED,DF,Lille,fr Ligue 1,20,2000,37,37,"3,309",36.8,0,0,0,0,0,0,2,0,0,0,0,0,0,Matches
334,Denis Bouanga,ga GAB,"MF,FW",Saint-Étienne,fr Ligue 1,25,1994,36,30,"2,720",30.2,7,4,11,4,3,4,7,0,0.23,0.13,0.36,0.13,0.26,Matches
335,Hicham Boudaoui,dz ALG,MF,Nice,fr Ligue 1,20,1999,25,22,"1,736",19.3,3,2,5,3,0,0,9,0,0.16,0.1,0.26,0.16,0.26,Matches
336,Ryad Boudebouz,dz ALG,"MF,FW",Saint-Étienne,fr Ligue 1,30,1990,14,7,651,7.2,0,1,1,0,0,2,2,0,0,0.14,0.14,0,0.14,Matches
337,Sofiane Boufal,ma MAR,MF,Angers,fr Ligue 1,26,1993,14,9,732,8.1,1,0,1,1,0,0,3,0,0.12,0,0.12,0.12,0.12,Matches
338,Nassim Boujellab,ma MAR,"MF,FW",Schalke 04,de Bundesliga,21,1999,12,6,605,6.7,1,0,1,1,0,0,2,0,0.15,0,0.15,0.15,0.15,Matches
339,Farid Boulaya,dz ALG,"MF,FW",Metz,fr Ligue 1,27,1993,33,32,"2,815",31.3,6,8,14,5,1,2,5,0,0.19,0.26,0.45,0.16,0.42,Matches
340,Yassine Bounou,ma MAR,GK,Sevilla,es La Liga,29,1991,33,33,"2,970",33,1,0,1,1,0,0,3,0,0.03,0,0.03,0.03,0.03,Matches
341,Ismaël Boura,km COM,"MF,DF",Lens,fr Ligue 1,19,2000,20,8,824,9.2,0,0,0,0,0,0,1,0,0,0,0,0,0,Matches
342,Mehdi Bourabia,ma MAR,MF,Sassuolo,it Serie A,28,1991,15,4,528,5.9,1,0,1,1,0,0,2,0,0.17,0,0.17,0.17,0.17,Matches
343,Benjamin Bourigeaud,fr FRA,"MF,FW",Rennes,fr Ligue 1,26,1994,37,29,"2,552",28.4,6,5,11,6,0,0,8,0,0.21,0.18,0.39,0.21,0.39,Matches
344,Edoardo Bove,it ITA,MF,Roma,it Serie A,18,2002,1,0,11,0.1,0,0,0,0,0,0,0,0,0,0,0,0,0,Matches
345,Jarrod Bowen,eng ENG,"MF,FW",West Ham,eng Premier League,23,1996,38,30,"2,562",28.5,8,5,13,8,0,0,0,0,0.28,0.18,0.46,0.28,0.46,Matches
346,Dedryck Boyata,be BEL,DF,Hertha BSC,de Bundesliga,29,1990,19,17,"1,545",17.2,1,0,1,1,0,0,3,0,0.06,0,0.06,0.06,0.06,Matches
347,John Boye,gh GHA,DF,Metz,fr Ligue 1,33,1987,35,35,"3,041",33.8,1,2,3,1,0,0,6,2,0.03,0.06,0.09,0.03,0.09,Matches
348,Lucas Boyé,ar ARG,FW,Elche,es La Liga,24,1996,34,32,"2,694",29.9,7,2,9,7,0,0,9,1,0.23,0.07,0.3,0.23,0.3,Matches
349,Can Bozdogan,de GER,MF,Schalke 04,de Bundesliga,19,2001,14,5,651,7.2,0,2,2,0,0,0,0,0,0,0.28,0.28,0,0.28,Matches
350,Umut Bozok,tr TUR,FW,Lorient,fr Ligue 1,23,1996,5,0,61,0.7,0,0,0,0,0,0,0,0,0,0,0,0,0,Matches
Rk,Player,Nation,Pos,Squad,Comp,Age,Born,MP,Starts,Min,90s,Gls,Ast,G+A,G-PK,PK,PKatt,CrdY,CrdR,Gls,Ast,G+A,G-PK,G+A-PK,Matches
351,Jayden Braaf,nl NED,FW,Udinese,it Serie A,17,2002,4,1,116,1.3,1,0,1,1,0,0,0,0,0.78,0,0.78,0.78,0.78,Matches
352,Domagoj Bradarić,hr CRO,DF,Lille,fr Ligue 1,20,1999,26,14,"1,263",14,1,2,3,1,0,0,4,0,0.07,0.14,0.21,0.07,0.21,Matches
353,Robbie Brady,ie IRL,MF,Burnley,eng Premier League,28,1992,19,12,"1,052",11.7,1,1,2,1,0,0,3,0,0.09,0.09,0.17,0.09,0.17,Matches
354,Martin Braithwaite,dk DEN,"FW,MF",Barcelona,es La Liga,29,1991,29,11,"1,175",13.1,2,2,4,2,0,1,3,0,0.15,0.15,0.31,0.15,0.31,Matches
355,Julian Brandt,de GER,"MF,FW",Dortmund,de Bundesliga,24,1996,31,17,"1,495",16.6,3,2,5,3,0,0,0,0,0.18,0.12,0.3,0.18,0.3,Matches
356,Darko Brašanac,rs SRB,MF,Osasuna,es La Liga,28,1992,16,9,909,10.1,2,0,2,2,0,0,4,0,0.2,0,0.2,0.2,0.2,Matches
357,Lilian Brassier,fr FRA,DF,Brest,fr Ligue 1,20,1999,11,11,962,10.7,1,1,2,1,0,0,3,0,0.09,0.09,0.19,0.09,0.19,Matches
358,Álvaro Bravo,es ESP,MF,Granada,es La Liga,22,1998,1,0,15,0.2,0,0,0,0,0,0,0,0,0,0,0,0,0,Matches
359,Claudio Bravo,cl CHI,GK,Real Betis,es La Liga,37,1983,20,20,"1,800",20,0,0,0,0,0,0,3,0,0,0,0,0,0,Matches
360,Fabian Bredlow,de GER,GK,Stuttgart,de Bundesliga,25,1995,1,1,90,1,0,0,0,0,0,0,0,0,0,0,0,0,0,Matches
361,Josip Brekalo,hr CRO,"MF,FW",Wolfsburg,de Bundesliga,22,1998,29,22,"1,814",20.2,7,3,10,7,0,0,1,0,0.35,0.15,0.5,0.35,0.5,Matches
362,Gleison Bremer,br BRA,DF,Torino,it Serie A,23,1997,33,33,"2,935",32.6,5,0,5,5,0,0,2,0,0.15,0,0.15,0.15,0.15,Matches
363,Joshua Brenet,cw CUW,DF,Hoffenheim,de Bundesliga,26,1994,1,0,1,0,0,0,0,0,0,0,0,0,0,0,0,0,0,Matches
364,Rhian Brewster,eng ENG,FW,Sheffield United,eng Premier League,20,2000,27,12,"1,128",12.5,0,0,0,0,0,0,1,0,0,0,0,0,0,Matches
365,Anthony Briançon,fr FRA,DF,Nîmes,fr Ligue 1,25,1994,16,14,"1,225",13.6,0,0,0,0,0,0,4,0,0,0,0,0,0,Matches
366,Jimmy Briand,fr FRA,MF,Bordeaux,fr Ligue 1,34,1985,24,1,571,6.3,1,2,3,0,1,1,2,0,0.16,0.32,0.47,0,0.32,Matches
367,Yan Brice Eteki,cm CMR,MF,Granada,es La Liga,22,1997,25,16,"1,321",14.7,0,0,0,0,0,0,4,1,0,0,0,0,0,Matches
368,Nathan Broadhead,wls WAL,"FW,MF",Everton,eng Premier League,22,1998,1,0,3,0,0,0,0,0,0,0,0,0,0,0,0,0,0,Matches
369,Dylan Bronn,tn TUN,DF,Metz,fr Ligue 1,25,1995,38,38,"3,412",37.9,2,0,2,1,1,2,4,0,0.05,0,0.05,0.03,0.03,Matches
370,John Brooks,us USA,DF,Wolfsburg,de Bundesliga,27,1993,32,31,"2,774",30.8,2,0,2,2,0,0,5,0,0.06,0,0.06,0.06,0.06,Matches
371,Daniel Brosinski,de GER,"DF,MF",Mainz 05,de Bundesliga,32,1988,21,16,"1,430",15.9,2,1,3,0,2,2,0,0,0.13,0.06,0.19,0,0.06,Matches
372,Josh Brownhill,eng ENG,MF,Burnley,eng Premier League,24,1995,33,32,"2,813",31.3,0,1,1,0,0,0,2,0,0,0.03,0.03,0,0.03,Matches
373,Marcelo Brozović,hr CRO,MF,Inter,it Serie A,27,1992,33,29,"2,581",28.7,2,6,8,2,0,0,9,1,0.07,0.21,0.28,0.07,0.28,Matches
374,Gastón Brugman,uy URU,MF,Parma,it Serie A,27,1992,26,21,"1,616",18,1,1,2,1,0,0,7,0,0.06,0.06,0.11,0.06,0.11,Matches
375,Juan Brunet,ar ARG,MF,Granada,es La Liga,22,1998,2,0,24,0.3,0,0,0,0,0,0,0,0,0,0,0,0,0,Matches
Rk,Player,Nation,Pos,Squad,Comp,Age,Born,MP,Starts,Min,90s,Gls,Ast,G+A,G-PK,PK,PKatt,CrdY,CrdR,Gls,Ast,G+A,G-PK,G+A-PK,Matches
376,Juan Brunetta,ar ARG,"FW,MF",Parma,it Serie A,23,1997,12,4,475,5.3,1,2,3,1,0,0,3,0,0.19,0.38,0.57,0.19,0.57,Matches
377,Cédric Brunner,ch SUI,DF,Arminia,de Bundesliga,26,1994,31,30,"2,655",29.5,0,1,1,0,0,0,6,0,0,0.03,0.03,0,0.03,Matches
378,Jacob Bruun Larsen,dk DEN,MF,Hoffenheim,de Bundesliga,21,1998,2,1,89,1,0,0,0,0,0,0,0,0,0,0,0,0,0,Matches
379,Joe Bryan,eng ENG,"MF,DF",Fulham,eng Premier League,26,1993,16,7,669,7.4,1,0,1,1,0,0,2,0,0.13,0,0.13,0.13,0.13,Matches
380,Kean Bryan,eng ENG,DF,Sheffield United,eng Premier League,23,1996,13,12,"1,004",11.2,1,0,1,1,0,0,1,0,0.09,0,0.09,0.09,0.09,Matches
381,Lucas Buadés,fr FRA,"DF,MF",Nîmes,fr Ligue 1,22,1997,2,0,21,0.2,0,0,0,0,0,0,0,0,0,0,0,0,0,Matches
382,Ante Budimir,hr CRO,FW,Osasuna,es La Liga,29,1991,30,18,"1,625",18.1,11,0,11,11,0,0,3,0,0.61,0,0.61,0.61,0.61,Matches
383,Gianluigi Buffon,it ITA,GK,Juventus,it Serie A,42,1978,8,8,720,8,0,0,0,0,0,0,0,0,0,0,0,0,0,Matches
384,Marius Bülter,de GER,"MF,FW",Union Berlin,de Bundesliga,27,1993,26,8,977,10.9,1,0,1,1,0,0,1,0,0.09,0,0.09,0.09,0.09,Matches
385,Alessandro Buongiorno,it ITA,DF,Torino,it Serie A,21,1999,12,9,858,9.5,0,0,0,0,0,0,4,0,0,0,0,0,0,Matches
386,Esteban Burgos,ar ARG,DF,Eibar,es La Liga,28,1992,14,12,"1,111",12.3,3,1,4,1,2,3,5,0,0.24,0.08,0.32,0.08,0.16,Matches
387,Burgui,es ESP,"FW,MF",Alavés,es La Liga,26,1993,1,0,21,0.2,0,0,0,0,0,0,0,0,0,0,0,0,0,Matches
388,Jonathan Burkardt,de GER,"MF,FW",Mainz 05,de Bundesliga,20,2000,29,16,"1,373",15.3,2,0,2,2,0,0,0,0,0.13,0,0.13,0.13,0.13,Matches
389,Nishan Burkart,ch SUI,"FW,MF",Freiburg,de Bundesliga,20,2000,1,0,15,0.2,0,0,0,0,0,0,0,0,0,0,0,0,0,Matches
390,Oliver Burke,sct SCO,FW,Sheffield United,eng Premier League,23,1997,25,14,"1,269",14.1,1,1,2,1,0,0,2,0,0.07,0.07,0.14,0.07,0.14,Matches
391,Roman Bürki,ch SUI,GK,Dortmund,de Bundesliga,29,1990,19,18,"1,665",18.5,0,0,0,0,0,0,0,0,0,0,0,0,0,Matches
392,Dan Burn,eng ENG,"DF,MF",Brighton,eng Premier League,28,1992,27,23,"2,061",22.9,1,0,1,1,0,0,5,0,0.04,0,0.04,0.04,0.04,Matches
393,Patrick Burner,mq MTQ,"DF,MF",Nice,fr Ligue 1,24,1996,1,0,1,0,0,0,0,0,0,0,0,0,0,0,0,0,0,Matches
394,Patrick Burner,mq MTQ,DF,Nîmes,fr Ligue 1,24,1996,22,14,"1,317",14.6,0,0,0,0,0,0,0,0,0,0,0,0,0,Matches
395,Maxime Busi,be BEL,"DF,MF",Parma,it Serie A,20,1999,24,11,"1,195",13.3,0,1,1,0,0,0,3,0,0,0.08,0.08,0,0.08,Matches
396,Sergio Busquets,es ESP,MF,Barcelona,es La Liga,32,1988,36,32,"2,517",28,0,5,5,0,0,0,9,0,0,0.18,0.18,0,0.18,Matches
397,Jack Butland,eng ENG,GK,Crystal Palace,eng Premier League,27,1993,1,1,90,1,0,0,0,0,0,0,0,0,0,0,0,0,0,Matches
398,David Button,eng ENG,GK,West Brom,eng Premier League,31,1989,1,1,90,1,0,0,0,0,0,0,0,0,0,0,0,0,0,Matches
399,Oskar Buur,dk DEN,"DF,MF",Wolves,eng Premier League,22,1998,1,0,22,0.2,0,0,0,0,0,0,0,0,0,0,0,0,0,Matches
400,Marcin Bułka,pl POL,GK,PSG,fr Ligue 1,20,1999,1,1,90,1,0,0,0,0,0,0,0,0,0,0,0,0,0,Matches
Rk,Player,Nation,Pos,Squad,Comp,Age,Born,MP,Starts,Min,90s,Gls,Ast,G+A,G-PK,PK,PKatt,CrdY,CrdR,Gls,Ast,G+A,G-PK,G+A-PK,Matches
401,Erick Cabaco,uy URU,DF,Getafe,es La Liga,25,1995,20,15,"1,326",14.7,0,0,0,0,0,0,9,0,0,0,0,0,0,Matches
402,Willy Caballero,ar ARG,GK,Chelsea,eng Premier League,38,1981,1,1,90,1,0,0,0,0,0,0,0,0,0,0,0,0,0,Matches
403,Jimmy Cabot,fr FRA,MF,Angers,fr Ligue 1,26,1994,22,8,942,10.5,1,1,2,1,0,0,1,0,0.1,0.1,0.19,0.1,0.19,Matches
404,Martín Cáceres,uy URU,"DF,MF",Fiorentina,it Serie A,33,1987,29,26,"2,238",24.9,2,2,4,2,0,0,4,0,0.08,0.08,0.16,0.08,0.16,Matches
405,Anthony Caci,fr FRA,DF,Strasbourg,fr Ligue 1,23,1997,33,32,"2,797",31.1,0,2,2,0,0,0,0,0,0,0.06,0.06,0,0.06,Matches
406,Mathieu Cafaro,fr FRA,MF,Reims,fr Ligue 1,23,1997,31,27,"2,074",23,4,2,6,4,0,0,3,0,0.17,0.09,0.26,0.17,0.26,Matches
407,Gary Cahill,eng ENG,DF,Crystal Palace,eng Premier League,34,1985,20,20,"1,800",20,1,1,2,1,0,0,3,0,0.05,0.05,0.1,0.05,0.1,Matches
408,Yannick Cahuzac,fr FRA,MF,Lens,fr Ligue 1,35,1985,30,26,"2,252",25,1,0,1,1,0,0,9,0,0.04,0,0.04,0.04,0.04,Matches
409,Felipe Caicedo,ec ECU,FW,Lazio,it Serie A,31,1988,25,9,929,10.3,8,0,8,7,1,1,5,0,0.78,0,0.78,0.68,0.68,Matches
410,Marc-Aurèle Caillard,fr FRA,GK,Metz,fr Ligue 1,26,1994,5,4,361,4,0,0,0,0,0,0,1,0,0,0,0,0,0,Matches
411,Tom Cairney,sct SCO,MF,Fulham,eng Premier League,29,1991,10,9,759,8.4,1,1,2,1,0,0,2,0,0.12,0.12,0.24,0.12,0.24,Matches
412,Cala,es ESP,DF,Cádiz,es La Liga,30,1989,28,26,"2,272",25.2,3,0,3,3,0,0,8,0,0.12,0,0.12,0.12,0.12,Matches
413,Arturo Calabresi,it ITA,DF,Bologna,it Serie A,24,1996,1,0,20,0.2,0,0,0,0,0,0,0,0,0,0,0,0,0,Matches
414,Arturo Calabresi,it ITA,DF,Cagliari,it Serie A,24,1996,2,0,14,0.2,0,0,0,0,0,0,0,0,0,0,0,0,0,Matches
415,Davide Calabria,it ITA,DF,Milan,it Serie A,23,1996,32,30,"2,647",29.4,2,1,3,2,0,0,7,0,0.07,0.03,0.1,0.07,0.1,Matches
416,Riccardo Calafiori,it ITA,DF,Roma,it Serie A,18,2002,3,1,66,0.7,0,0,0,0,0,0,2,0,0,0,0,0,0,Matches
417,Mattia Caldara,it ITA,DF,Atalanta,it Serie A,26,1994,6,1,111,1.2,0,0,0,0,0,0,1,0,0,0,0,0,0,Matches
418,Luca Caldirola,it ITA,DF,Benevento,it Serie A,29,1991,25,17,"1,572",17.5,2,0,2,2,0,0,6,1,0.11,0,0.11,0.11,0.11,Matches
419,Duje Ćaleta-Car,hr CRO,DF,Marseille,fr Ligue 1,23,1996,33,32,"2,813",31.3,2,1,3,2,0,0,8,1,0.06,0.03,0.1,0.06,0.1,Matches
420,Hakan Çalhanoğlu,tr TUR,MF,Milan,it Serie A,26,1994,33,30,"2,614",29,4,9,13,3,1,1,4,0,0.14,0.31,0.45,0.1,0.41,Matches
421,Kerim Calhanoglu,de GER,MF,Schalke 04,de Bundesliga,17,2002,4,4,296,3.3,0,0,0,0,0,0,0,0,0,0,0,0,0,Matches
422,Fabrizio Caligara,it ITA,MF,Cagliari,it Serie A,20,2000,10,2,183,2,0,0,0,0,0,0,2,0,0,0,0,0,0,Matches
423,Daniel Caligiuri,it ITA,MF,Augsburg,de Bundesliga,32,1988,33,31,"2,665",29.6,6,4,10,4,2,3,5,0,0.2,0.14,0.34,0.14,0.27,Matches
424,José Callejón,es ESP,"FW,MF",Fiorentina,it Serie A,33,1987,20,6,664,7.4,0,1,1,0,0,0,0,0,0,0.14,0.14,0,0.14,Matches
425,Jonathan Calleri,ar ARG,FW,Osasuna,es La Liga,26,1993,25,20,"1,544",17.2,5,2,7,5,0,0,4,0,0.29,0.12,0.41,0.29,0.41,Matches
Rk,Player,Nation,Pos,Squad,Comp,Age,Born,MP,Starts,Min,90s,Gls,Ast,G+A,G-PK,PK,PKatt,CrdY,CrdR,Gls,Ast,G+A,G-PK,G+A-PK,Matches
426,Dominic Calvert-Lewin,eng ENG,FW,Everton,eng Premier League,23,1997,33,32,"2,871",31.9,16,0,16,16,0,0,3,0,0.5,0,0.5,0.5,0.5,Matches
427,Dani Calvo,es ESP,DF,Elche,es La Liga,26,1994,23,19,"1,779",19.8,2,0,2,2,0,0,3,0,0.1,0,0.1,0.1,0.1,Matches
428,Drissa Camara,ci CIV,MF,Parma,it Serie A,18,2002,1,0,15,0.2,0,0,0,0,0,0,0,0,0,0,0,0,0,Matches
429,Mahdi Camara,fr FRA,"MF,DF",Saint-Étienne,fr Ligue 1,22,1998,37,37,"3,290",36.6,3,2,5,3,0,0,4,0,0.08,0.05,0.14,0.08,0.14,Matches
430,Eduardo Camavinga,fr FRA,MF,Rennes,fr Ligue 1,17,2002,35,28,"2,402",26.7,1,2,3,1,0,0,6,0,0.04,0.07,0.11,0.04,0.11,Matches
431,José Campaña,es ESP,MF,Levante,es La Liga,27,1993,9,8,748,8.3,1,2,3,0,1,1,0,0,0.12,0.24,0.36,0,0.24,Matches
432,Emre Can,de GER,"DF,MF",Dortmund,de Bundesliga,26,1994,28,23,"2,133",23.7,1,4,5,1,0,0,5,0,0.04,0.17,0.21,0.04,0.21,Matches
433,Sergio Canales,es ESP,MF,Real Betis,es La Liga,29,1991,31,28,"2,498",27.8,8,6,14,6,2,3,4,0,0.29,0.22,0.5,0.22,0.43,Matches
434,João Cancelo,pt POR,"DF,MF",Manchester City,eng Premier League,26,1994,28,27,"2,299",25.5,2,3,5,2,0,0,5,1,0.08,0.12,0.2,0.08,0.2,Matches
435,Antonio Candreva,it ITA,MF,Sampdoria,it Serie A,33,1987,35,28,"2,505",27.8,5,8,13,3,2,2,1,0,0.18,0.29,0.47,0.11,0.4,Matches
436,Álex Cantero,es ESP,FW,Levante,es La Liga,20,2000,4,3,237,2.6,0,0,0,0,0,0,1,0,0,0,0,0,0,Matches
437,Ander Capa,es ESP,DF,Athletic Club,es La Liga,28,1992,28,25,"2,131",23.7,2,1,3,2,0,0,5,0,0.08,0.04,0.13,0.08,0.13,Matches
438,Pierrick Capelle,fr FRA,"MF,DF",Angers,fr Ligue 1,33,1987,35,24,"2,053",22.8,3,3,6,3,0,0,2,0,0.13,0.13,0.26,0.13,0.26,Matches
439,Étienne Capoue,fr FRA,MF,Villarreal,es La Liga,32,1988,16,15,"1,185",13.2,1,0,1,1,0,0,5,1,0.08,0,0.08,0.08,0.08,Matches
440,Elio Capradossi,ug UGA,DF,Spezia,it Serie A,24,1996,1,1,90,1,0,0,0,0,0,0,0,0,0,0,0,0,0,Matches
441,Gianluca Caprari,it ITA,"MF,FW",Benevento,it Serie A,27,1993,30,23,"1,865",20.7,5,6,11,5,0,1,4,1,0.24,0.29,0.53,0.24,0.53,Matches
442,Francesco Caputo,it ITA,FW,Sassuolo,it Serie A,32,1987,25,19,"1,697",18.9,11,5,16,8,3,3,1,0,0.58,0.27,0.85,0.42,0.69,Matches
443,Maxence Caqueret,fr FRA,MF,Lyon,fr Ligue 1,20,2000,29,19,"1,761",19.6,0,1,1,0,0,0,4,1,0,0.05,0.05,0,0.05,Matches
444,Andrea Carboni,it ITA,DF,Cagliari,it Serie A,19,2001,15,12,"1,085",12.1,0,1,1,0,0,0,2,0,0,0.08,0.08,0,0.08,Matches
445,Isaac Carcelen,es ESP,DF,Cádiz,es La Liga,27,1993,32,31,"2,581",28.7,0,1,1,0,0,0,3,0,0,0.03,0.03,0,0.03,Matches
446,Dani Cárdenas,es ESP,GK,Levante,es La Liga,23,1997,8,8,720,8,0,0,0,0,0,0,1,0,0,0,0,0,0,Matches
447,Irvin Cardona,mt MLT,FW,Brest,fr Ligue 1,22,1997,36,22,"2,029",22.5,7,1,8,7,0,0,2,0,0.31,0.04,0.35,0.31,0.35,Matches
448,Marc Cardona,es ESP,FW,Osasuna,es La Liga,25,1995,3,0,53,0.6,0,0,0,0,0,0,0,0,0,0,0,0,0,Matches
449,Diego Carlos,br BRA,DF,Sevilla,es La Liga,27,1993,33,32,"2,788",31,1,0,1,1,0,0,11,1,0.03,0,0.03,0.03,0.03,Matches
450,Juan Carlos,es ESP,MF,Huesca,es La Liga,29,1991,15,3,291,3.2,0,1,1,0,0,0,0,0,0,0.31,0.31,0,0.31,Matches
Rk,Player,Nation,Pos,Squad,Comp,Age,Born,MP,Starts,Min,90s,Gls,Ast,G+A,G-PK,PK,PKatt,CrdY,CrdR,Gls,Ast,G+A,G-PK,G+A-PK,Matches
451,Lionel Carole,fr FRA,DF,Strasbourg,fr Ligue 1,29,1991,27,14,"1,342",14.9,0,1,1,0,0,0,2,0,0,0.07,0.07,0,0.07,Matches
452,Yannick Carrasco,be BEL,"MF,FW",Atlético Madrid,es La Liga,26,1993,30,25,"2,179",24.2,6,10,16,6,0,0,6,0,0.25,0.41,0.66,0.25,0.66,Matches
453,Sergio Carreira,es ESP,DF,Celta Vigo,es La Liga,19,2000,3,3,259,2.9,1,0,1,1,0,0,0,0,0.35,0,0.35,0.35,0.35,Matches
454,Guido Carrillo,ar ARG,FW,Elche,es La Liga,29,1991,21,11,"1,002",11.1,3,2,5,3,0,0,3,0,0.27,0.18,0.45,0.27,0.45,Matches
455,Andy Carroll,eng ENG,FW,Newcastle,eng Premier League,31,1989,18,4,392,4.4,1,0,1,1,0,0,1,0,0.23,0,0.23,0.23,0.23,Matches
456,Scott Carson,eng ENG,GK,Manchester City,eng Premier League,34,1985,1,1,90,1,0,0,0,0,0,0,0,0,0,0,0,0,0,Matches
457,Dani Carvajal,es ESP,DF,Real Madrid,es La Liga,28,1992,13,11,950,10.6,0,2,2,0,0,0,5,0,0,0.19,0.19,0,0.19,Matches
458,Fabio Carvalho,pt POR,"FW,MF",Fulham,eng Premier League,17,2002,4,3,255,2.8,1,0,1,1,0,0,0,0,0.35,0,0.35,0.35,0.35,Matches
459,William Carvalho,pt POR,MF,Real Betis,es La Liga,28,1992,27,12,"1,223",13.6,2,0,2,2,0,0,6,1,0.15,0,0.15,0.15,0.15,Matches
460,Casemiro,br BRA,MF,Real Madrid,es La Liga,28,1992,34,32,"2,901",32.2,6,4,10,6,0,0,11,1,0.19,0.12,0.31,0.19,0.31,Matches
461,Matty Cash,pl POL,DF,Aston Villa,eng Premier League,22,1997,28,28,"2,372",26.4,0,2,2,0,0,0,8,1,0,0.08,0.08,0,0.08,Matches
462,Kiko Casilla,es ESP,GK,Leeds United,eng Premier League,33,1986,3,3,270,3,0,0,0,0,0,0,0,0,0,0,0,0,0,Matches
463,Giuseppe Caso,it ITA,"FW,MF",Genoa,it Serie A,21,1998,2,0,54,0.6,0,0,0,0,0,0,0,0,0,0,0,0,0,Matches
464,Moreto Cassamã,gw GNB,MF,Reims,fr Ligue 1,22,1998,29,26,"2,031",22.6,1,1,2,1,0,0,8,3,0.04,0.04,0.09,0.04,0.09,Matches
465,Francesco Cassata,it ITA,MF,Genoa,it Serie A,23,1997,8,2,227,2.5,0,0,0,0,0,0,2,0,0,0,0,0,0,Matches
466,Timothy Castagne,be BEL,"DF,MF",Leicester City,eng Premier League,24,1995,27,27,"2,345",26.1,2,3,5,2,0,0,1,0,0.08,0.12,0.19,0.08,0.19,Matches
467,Koen Casteels,be BEL,GK,Wolfsburg,de Bundesliga,28,1992,32,32,"2,880",32,0,0,0,0,0,0,0,0,0,0,0,0,0,Matches
468,Jean-Charles Castelletto,cm CMR,DF,Nantes,fr Ligue 1,25,1995,24,22,"1,947",21.6,1,0,1,1,0,0,4,0,0.05,0,0.05,0.05,0.05,Matches
469,Samu Castillejo,es ESP,MF,Milan,it Serie A,25,1995,28,12,"1,181",13.1,1,0,1,1,0,0,5,0,0.08,0,0.08,0.08,0.08,Matches
470,Gonzalo Castro,de GER,MF,Stuttgart,de Bundesliga,33,1987,26,23,"1,729",19.2,4,2,6,4,0,0,9,0,0.21,0.1,0.31,0.21,0.31,Matches
471,Jonny Castro,es ESP,MF,Wolves,eng Premier League,26,1994,7,7,495,5.5,0,0,0,0,0,0,0,0,0,0,0,0,0,Matches
472,Gaetano Castrovilli,it ITA,MF,Fiorentina,it Serie A,23,1997,34,29,"2,332",25.9,5,3,8,5,0,0,8,1,0.19,0.12,0.31,0.19,0.31,Matches
473,Danilo Cataldi,it ITA,MF,Lazio,it Serie A,25,1994,19,4,568,6.3,0,0,0,0,0,0,4,0,0,0,0,0,0,Matches
474,Ivan Cavaleiro,pt POR,"FW,MF",Fulham,eng Premier League,26,1993,36,27,"2,472",27.5,3,0,3,2,1,2,2,0,0.11,0,0.11,0.07,0.07,Matches
475,Edinson Cavani,uy URU,FW,Manchester Utd,eng Premier League,33,1987,26,13,"1,375",15.3,10,3,13,10,0,0,4,0,0.65,0.2,0.85,0.65,0.85,Matches
Rk,Player,Nation,Pos,Squad,Comp,Age,Born,MP,Starts,Min,90s,Gls,Ast,G+A,G-PK,PK,PKatt,CrdY,CrdR,Gls,Ast,G+A,G-PK,G+A-PK,Matches
476,Dani Ceballos,es ESP,MF,Arsenal,eng Premier League,23,1996,25,17,"1,615",17.9,0,3,3,0,0,0,4,0,0,0.17,0.17,0,0.17,Matches
477,Federico Ceccherini,it ITA,DF,Hellas Verona,it Serie A,28,1992,25,23,"1,738",19.3,0,0,0,0,0,0,8,0,0,0,0,0,0,Matches
478,Federico Ceccherini,it ITA,DF,Fiorentina,it Serie A,28,1992,3,3,270,3,0,0,0,0,0,0,2,0,0,0,0,0,0,Matches
479,Zeki Çelik,tr TUR,DF,Lille,fr Ligue 1,23,1997,29,28,"2,381",26.5,3,2,5,3,0,0,8,0,0.11,0.08,0.19,0.11,0.19,Matches
480,Bersant Celina,xk KVX,MF,Dijon,fr Ligue 1,23,1996,32,25,"2,298",25.5,0,5,5,0,0,0,5,1,0,0.2,0.2,0,0.2,Matches
481,Fabien Centonze,fr FRA,"DF,MF",Metz,fr Ligue 1,24,1996,36,36,"3,221",35.8,1,0,1,1,0,0,9,0,0.03,0,0.03,0.03,0.03,Matches
482,Luca Ceppitelli,it ITA,DF,Cagliari,it Serie A,30,1989,19,16,"1,465",16.3,0,0,0,0,0,0,3,0,0,0,0,0,0,Matches
483,Alberto Cerri,it ITA,FW,Cagliari,it Serie A,24,1996,23,3,369,4.1,1,0,1,1,0,0,1,0,0.24,0,0.24,0.24,0.24,Matches
484,Sava Cestic,rs SRB,DF,Köln,de Bundesliga,19,2001,11,11,899,10,0,0,0,0,0,0,3,0,0,0,0,0,0,Matches
485,Julian Chabot,de GER,DF,Spezia,it Serie A,22,1998,25,19,"1,655",18.4,1,1,2,1,0,0,11,1,0.05,0.05,0.11,0.05,0.11,Matches
486,Nassim Chadli,fr FRA,MF,Nîmes,fr Ligue 1,19,2001,3,0,31,0.3,0,0,0,0,0,0,0,0,0,0,0,0,0,Matches
487,Fouad Chafik,ma MAR,DF,Dijon,fr Ligue 1,33,1986,23,18,"1,622",18,1,0,1,1,0,0,5,0,0.06,0,0.06,0.06,0.06,Matches
488,Mehdi Chahiri,ma MAR,MF,Strasbourg,fr Ligue 1,24,1996,23,8,801,8.9,2,0,2,2,0,0,0,0,0.22,0,0.22,0.22,0.22,Matches
489,Sofian Chakla,ma MAR,DF,Villarreal,es La Liga,26,1993,1,0,13,0.1,0,0,0,0,0,0,0,0,0,0,0,0,0,Matches
490,Sofian Chakla,ma MAR,DF,Getafe,es La Liga,26,1993,11,9,897,10,0,0,0,0,0,0,5,0,0,0,0,0,0,Matches
491,Aníbal Chalá,ec ECU,"DF,MF",Dijon,fr Ligue 1,24,1996,13,9,744,8.3,0,0,0,0,0,0,0,0,0,0,0,0,0,Matches
492,Trevoh Chalobah,eng ENG,"DF,MF",Lorient,fr Ligue 1,21,1999,29,24,"2,237",24.9,2,2,4,2,0,0,5,0,0.08,0.08,0.16,0.08,0.16,Matches
493,Calum Chambers,eng ENG,DF,Arsenal,eng Premier League,25,1995,10,8,753,8.4,0,2,2,0,0,0,0,0,0,0.24,0.24,0,0.24,Matches
494,Timothy Chandler,us USA,MF,Frankfurt,de Bundesliga,30,1990,15,3,432,4.8,1,0,1,1,0,0,2,0,0.21,0,0.21,0.21,0.21,Matches
495,Kwon Chang-hoon,kr KOR,FW,Freiburg,de Bundesliga,26,1994,12,1,216,2.4,0,0,0,0,0,0,2,0,0,0,0,0,0,Matches
496,Gaëtan Charbonnier,fr FRA,"MF,FW",Brest,fr Ligue 1,31,1988,36,17,"1,570",17.4,6,1,7,5,1,1,4,0,0.34,0.06,0.4,0.29,0.34,Matches
497,Brendan Chardonnet,fr FRA,DF,Brest,fr Ligue 1,25,1994,33,30,"2,716",30.2,3,1,4,3,0,0,3,1,0.1,0.03,0.13,0.1,0.13,Matches
498,Xavier Chavalerin,fr FRA,MF,Reims,fr Ligue 1,29,1991,30,29,"2,547",28.3,0,3,3,0,0,0,8,0,0,0.11,0.11,0,0.11,Matches
499,Pape Cheikh Diop,sn SEN,MF,Dijon,fr Ligue 1,22,1997,21,13,"1,089",12.1,0,0,0,0,0,0,5,0,0,0,0,0,0,Matches
500,Chema,es ESP,"DF,MF",Getafe,es La Liga,28,1992,10,7,557,6.2,0,0,0,0,0,0,3,1,0,0,0,0,0,Matches
Rk,Player,Nation,Pos,Squad,Comp,Age,Born,MP,Starts,Min,90s,Gls,Ast,G+A,G-PK,PK,PKatt,CrdY,CrdR,Gls,Ast,G+A,G-PK,G+A-PK,Matches
501,Rayan Cherki,fr FRA,"FW,MF",Lyon,fr Ligue 1,16,2003,27,5,698,7.8,1,3,4,1,0,0,1,1,0.13,0.39,0.52,0.13,0.52,Matches
502,Denis Cheryshev,ru RUS,MF,Valencia,es La Liga,29,1990,21,13,"1,101",12.2,0,3,3,0,0,0,3,0,0,0.25,0.25,0,0.25,Matches
503,Giorgio Chiellini,it ITA,DF,Juventus,it Serie A,35,1984,17,16,"1,386",15.4,0,1,1,0,0,0,4,0,0,0.06,0.06,0,0.06,Matches
504,Federico Chiesa,it ITA,MF,Fiorentina,it Serie A,22,1997,3,3,240,2.7,1,1,2,1,0,0,0,0,0.37,0.37,0.75,0.37,0.75,Matches
505,Federico Chiesa,it ITA,MF,Juventus,it Serie A,22,1997,30,28,"2,210",24.6,8,8,16,8,0,0,3,1,0.33,0.33,0.65,0.33,0.65,Matches
506,Ben Chilwell,eng ENG,"DF,MF",Chelsea,eng Premier League,23,1996,27,27,"2,286",25.4,3,5,8,3,0,0,3,0,0.12,0.2,0.31,0.12,0.31,Matches
507,Vlad Chiricheș,ro ROU,DF,Sassuolo,it Serie A,30,1989,24,22,"1,837",20.4,2,1,3,2,0,0,6,0,0.1,0.05,0.15,0.1,0.15,Matches
508,Pedro Chirivella,es ESP,MF,Nantes,fr Ligue 1,23,1997,32,26,"2,280",25.3,0,2,2,0,0,0,4,0,0,0.08,0.08,0,0.08,Matches
509,Tahith Chong,cw CUW,"MF,FW",Werder Bremen,de Bundesliga,20,1999,13,4,386,4.3,0,1,1,0,0,0,1,0,0,0.23,0.23,0,0.23,Matches
510,Joris Chotard,fr FRA,MF,Montpellier,fr Ligue 1,18,2001,29,11,"1,165",12.9,0,0,0,0,0,0,3,0,0,0,0,0,0,Matches
511,Hamza Choudhury,bd BAN,MF,Leicester City,eng Premier League,22,1997,10,4,316,3.5,0,0,0,0,0,0,1,0,0,0,0,0,0,Matches
512,Mounir Chouiar,fr FRA,"MF,FW",Dijon,fr Ligue 1,21,1999,23,14,"1,288",14.3,0,2,2,0,0,1,5,0,0,0.14,0.14,0,0.14,Matches
513,Andreas Christensen,dk DEN,DF,Chelsea,eng Premier League,24,1996,17,15,"1,371",15.2,0,0,0,0,0,0,2,1,0,0,0,0,0,Matches
514,Carney Chukwuemeka,at AUT,MF,Aston Villa,eng Premier League,16,2003,2,0,20,0.2,0,0,0,0,0,0,0,0,0,0,0,0,0,Matches
515,Samuel Chukwueze,ng NGA,MF,Villarreal,es La Liga,21,1999,28,13,"1,365",15.2,4,2,6,4,0,0,0,0,0.26,0.13,0.4,0.26,0.4,Matches
516,Darko Churlinov,mk MKD,"FW,MF",Stuttgart,de Bundesliga,20,2000,14,0,216,2.4,0,1,1,0,0,0,0,0,0,0.42,0.42,0,0.42,Matches
517,Víctor Chust,es ESP,DF,Real Madrid,es La Liga,20,2000,2,1,95,1.1,0,0,0,0,0,0,0,0,0,0,0,0,0,Matches
518,Sébastien Cibois,fr FRA,GK,Brest,fr Ligue 1,22,1998,3,3,270,3,0,0,0,0,0,0,0,0,0,0,0,0,0,Matches
519,Cifu,es ESP,"DF,MF",Elche,es La Liga,29,1990,11,4,451,5,0,0,0,0,0,0,1,0,0,0,0,0,0,Matches
520,Alberto Cifuentes,es ESP,GK,Cádiz,es La Liga,41,1979,2,2,180,2,0,0,0,0,0,0,0,0,0,0,0,0,0,Matches
521,Luca Cigarini,it ITA,MF,Crotone,it Serie A,34,1986,14,13,929,10.3,0,0,0,0,0,0,5,1,0,0,0,0,0,Matches
522,Jasper Cillessen,nl NED,GK,Valencia,es La Liga,31,1989,10,10,900,10,0,0,0,0,0,0,0,0,0,0,0,0,0,Matches
523,Antonio Cioffi,it ITA,FW,Napoli,it Serie A,17,2002,1,0,12,0.1,0,0,0,0,0,0,0,0,0,0,0,0,0,Matches
524,Tim Civeja,al ALB,MF,Augsburg,de Bundesliga,18,2002,3,0,34,0.4,0,0,0,0,0,0,0,0,0,0,0,0,0,Matches
525,Ciaran Clark,ie IRL,DF,Newcastle,eng Premier League,30,1989,22,21,"1,891",21,1,0,1,1,0,0,3,0,0.05,0,0.05,0.05,0.05,Matches
Rk,Player,Nation,Pos,Squad,Comp,Age,Born,MP,Starts,Min,90s,Gls,Ast,G+A,G-PK,PK,PKatt,CrdY,CrdR,Gls,Ast,G+A,G-PK,G+A-PK,Matches
526,Alexis Claude-Maurice,fr FRA,"MF,FW",Nice,fr Ligue 1,22,1998,30,21,"1,910",21.2,4,5,9,4,0,0,2,0,0.19,0.24,0.42,0.19,0.42,Matches
527,Jonathan Clauss,fr FRA,"MF,DF",Lens,fr Ligue 1,27,1992,33,30,"2,521",28,3,6,9,3,0,0,2,0,0.11,0.21,0.32,0.11,0.32,Matches
528,Carlos Clerc,es ESP,"DF,MF",Levante,es La Liga,28,1992,35,30,"2,781",30.9,0,3,3,0,0,0,5,0,0,0.1,0.1,0,0.1,Matches
529,Nathaniel Clyne,eng ENG,DF,Crystal Palace,eng Premier League,29,1991,13,13,"1,145",12.7,0,1,1,0,0,0,2,0,0,0.08,0.08,0,0.08,Matches
530,Conor Coady,eng ENG,DF,Wolves,eng Premier League,27,1993,37,37,"3,303",36.7,1,0,1,1,0,0,5,0,0.03,0,0.03,0.03,0.03,Matches
531,Marcus Coco,fr FRA,MF,Nantes,fr Ligue 1,24,1996,32,16,"1,474",16.4,0,2,2,0,0,0,5,0,0,0.12,0.12,0,0.12,Matches
532,Coke,es ESP,DF,Levante,es La Liga,33,1987,17,11,835,9.3,0,0,0,0,0,0,1,0,0,0,0,0,0,Matches
533,Séamus Coleman,ie IRL,"DF,MF",Everton,eng Premier League,31,1988,25,18,"1,613",17.9,0,3,3,0,0,0,0,0,0,0.17,0.17,0,0.17,Matches
534,Ebrima Colley,gm GAM,"MF,FW",Hellas Verona,it Serie A,20,2000,23,4,734,8.2,1,0,1,1,0,0,1,0,0.12,0,0.12,0.12,0.12,Matches
535,Omar Colley,gm GAM,DF,Sampdoria,it Serie A,27,1992,29,28,"2,591",28.8,2,0,2,2,0,0,6,0,0.07,0,0.07,0.07,0.07,Matches
536,Simone Colombi,it ITA,GK,Parma,it Serie A,29,1991,2,2,180,2,0,0,0,0,0,0,0,0,0,0,0,0,0,Matches
537,Lorenzo Colombo,it ITA,FW,Milan,it Serie A,18,2002,4,1,94,1,0,0,0,0,0,0,0,0,0,0,0,0,0,Matches
538,Racine Coly,sn SEN,DF,Nice,fr Ligue 1,24,1995,1,0,17,0.2,0,0,0,0,0,0,0,0,0,0,0,0,0,Matches
539,Kingsley Coman,fr FRA,MF,Bayern Munich,de Bundesliga,24,1996,29,23,"1,752",19.5,5,10,15,5,0,0,1,0,0.26,0.51,0.77,0.26,0.77,Matches
540,Daniel Congré,fr FRA,DF,Montpellier,fr Ligue 1,35,1985,38,38,"3,292",36.6,2,0,2,2,0,0,4,0,0.05,0,0.05,0.05,0.05,Matches
541,Aaron Connolly,ie IRL,"FW,MF",Brighton,eng Premier League,20,2000,17,9,791,8.8,2,1,3,2,0,0,0,0,0.23,0.11,0.34,0.23,0.34,Matches
542,Andrea Consigli,it ITA,GK,Sassuolo,it Serie A,33,1987,37,37,"3,330",37,0,0,0,0,0,0,1,0,0,0,0,0,0,Matches
543,Andrea Conti,it ITA,"DF,MF",Milan,it Serie A,26,1994,3,0,28,0.3,0,0,0,0,0,0,0,0,0,0,0,0,0,Matches
544,Andrea Conti,it ITA,"DF,MF",Parma,it Serie A,26,1994,11,9,809,9,0,0,0,0,0,0,3,0,0,0,0,0,0,Matches
545,Liam Cooper,sct SCO,DF,Leeds United,eng Premier League,28,1991,25,25,"2,185",24.3,1,0,1,1,0,0,4,1,0.04,0,0.04,0.04,0.04,Matches
546,Francis Coquelin,fr FRA,MF,Villarreal,es La Liga,29,1991,22,7,736,8.2,0,0,0,0,0,0,4,0,0,0,0,0,0,Matches
547,Theo Corbeanu,ca CAN,"FW,MF",Wolves,eng Premier League,18,2002,1,0,9,0.1,0,0,0,0,0,0,0,0,0,0,0,0,0,Matches
548,Sébastien Corchia,fr FRA,"DF,MF",Nantes,fr Ligue 1,29,1990,25,23,"2,066",23,0,1,1,0,0,0,3,0,0,0.04,0.04,0,0.04,Matches
549,Alex Cordaz,it ITA,GK,Crotone,it Serie A,37,1983,36,36,"3,240",36,0,0,0,0,0,0,1,0,0,0,0,0,0,Matches
550,Iñigo Córdoba,es ESP,MF,Athletic Club,es La Liga,23,1997,3,1,95,1.1,0,0,0,0,0,0,0,0,0,0,0,0,0,Matches
Rk,Player,Nation,Pos,Squad,Comp,Age,Born,MP,Starts,Min,90s,Gls,Ast,G+A,G-PK,PK,PKatt,CrdY,CrdR,Gls,Ast,G+A,G-PK,G+A-PK,Matches
551,Iñigo Córdoba,es ESP,MF,Alavés,es La Liga,23,1997,7,3,216,2.4,0,0,0,0,0,0,0,0,0,0,0,0,0,Matches
552,Jhon Córdoba,co COL,FW,Hertha BSC,de Bundesliga,27,1993,21,17,"1,537",17.1,7,1,8,7,0,0,3,0,0.41,0.06,0.47,0.41,0.47,Matches
553,Sergio Córdova,ve VEN,"FW,MF",Arminia,de Bundesliga,22,1997,23,13,"1,090",12.1,2,1,3,2,0,0,0,0,0.17,0.08,0.25,0.17,0.25,Matches
554,Jack Cork,eng ENG,MF,Burnley,eng Premier League,31,1989,16,15,"1,350",15,0,0,0,0,0,0,2,0,0,0,0,0,0,Matches
555,Andreas Cornelius,dk DEN,FW,Parma,it Serie A,27,1993,29,21,"1,898",21.1,1,4,5,1,0,0,4,0,0.05,0.19,0.24,0.05,0.24,Matches
556,Maxwel Cornet,ci CIV,"DF,MF",Lyon,fr Ligue 1,23,1996,36,29,"2,446",27.2,2,5,7,2,0,0,5,0,0.07,0.18,0.26,0.07,0.26,Matches
557,Ángel Correa,ar ARG,"FW,MF",Atlético Madrid,es La Liga,25,1995,38,29,"2,393",26.6,9,8,17,9,0,0,3,0,0.34,0.3,0.64,0.34,0.64,Matches
558,Joaquín Correa,ar ARG,FW,Lazio,it Serie A,25,1994,28,25,"1,933",21.5,8,3,11,7,1,1,3,1,0.37,0.14,0.51,0.33,0.47,Matches
559,Rober Correa,es ESP,DF,Eibar,es La Liga,27,1992,15,13,"1,136",12.6,0,2,2,0,0,0,3,0,0,0.16,0.16,0,0.16,Matches
560,Félix Correia,pt POR,"FW,MF",Juventus,it Serie A,19,2001,1,0,7,0.1,0,0,0,0,0,0,0,0,0,0,0,0,0,Matches
561,Thierry Correia,pt POR,DF,Valencia,es La Liga,21,1999,29,25,"2,137",23.7,1,1,2,1,0,0,6,1,0.04,0.04,0.08,0.04,0.08,Matches
562,Danny da Costa,de GER,MF,Mainz 05,de Bundesliga,27,1993,16,15,"1,208",13.4,0,1,1,0,0,0,2,0,0,0.07,0.07,0,0.07,Matches
563,Danny da Costa,de GER,MF,Frankfurt,de Bundesliga,27,1993,6,1,110,1.2,0,0,0,0,0,0,0,0,0,0,0,0,0,Matches
564,David Costa,pt POR,MF,Lens,fr Ligue 1,19,2001,7,1,150,1.7,1,1,2,1,0,0,0,0,0.6,0.6,1.2,0.6,1.2,Matches
565,Diego Costa,es ESP,FW,Atlético Madrid,es La Liga,31,1988,7,2,208,2.3,2,0,2,1,1,1,1,0,0.87,0,0.87,0.43,0.43,Matches
566,Douglas Costa,br BRA,MF,Bayern Munich,de Bundesliga,29,1990,11,3,320,3.6,1,1,2,1,0,0,0,0,0.28,0.28,0.56,0.28,0.56,Matches
567,Douglas Costa,br BRA,"FW,MF",Juventus,it Serie A,29,1990,2,0,42,0.5,0,0,0,0,0,0,0,0,0,0,0,0,0,Matches
568,Hélder Costa,ao ANG,MF,Leeds United,eng Premier League,26,1994,22,13,"1,156",12.8,3,3,6,3,0,0,0,0,0.23,0.23,0.47,0.23,0.47,Matches
569,Jaume Costa,es ESP,"DF,MF",Villarreal,es La Liga,32,1988,14,3,351,3.9,0,1,1,0,0,0,1,0,0,0.26,0.26,0,0.26,Matches
570,Angelo da Costa Júnior,br BRA,GK,Bologna,it Serie A,36,1983,6,6,540,6,0,0,0,0,0,0,2,0,0,0,0,0,0,Matches
571,Charles Costes,fr FRA,MF,Dijon,fr Ligue 1,17,2002,1,0,2,0,0,0,0,0,0,0,0,0,0,0,0,0,0,Matches
572,Benoît Costil,fr FRA,GK,Bordeaux,fr Ligue 1,33,1987,38,38,"3,420",38,0,0,0,0,0,0,0,0,0,0,0,0,0,Matches
573,Vladimír Coufal,cz CZE,"DF,MF",West Ham,eng Premier League,27,1992,34,34,"3,054",33.9,0,7,7,0,0,0,3,0,0,0.21,0.21,0,0.21,Matches
574,Kalifa Coulibaly,ml MLI,FW,Nantes,fr Ligue 1,28,1991,17,11,981,10.9,3,1,4,2,1,1,2,0,0.28,0.09,0.37,0.18,0.28,Matches
575,Lassana Coulibaly,ml MLI,MF,Angers,fr Ligue 1,24,1996,29,18,"1,687",18.7,1,1,2,1,0,0,4,1,0.05,0.05,0.11,0.05,0.11,Matches
Rk,Player,Nation,Pos,Squad,Comp,Age,Born,MP,Starts,Min,90s,Gls,Ast,G+A,G-PK,PK,PKatt,CrdY,CrdR,Gls,Ast,G+A,G-PK,G+A-PK,Matches
576,Mamadou Coulibaly,sn SEN,MF,Udinese,it Serie A,21,1999,3,2,184,2,0,0,0,0,0,0,0,0,0,0,0,0,0,Matches
577,Senou Coulibaly,ml MLI,DF,Dijon,fr Ligue 1,25,1994,22,22,"1,934",21.5,2,0,2,2,0,0,6,1,0.09,0,0.09,0.09,0.09,Matches
578,Tanguy Coulibaly,fr FRA,"MF,FW",Stuttgart,de Bundesliga,19,2001,31,17,"1,506",16.7,2,1,3,2,0,0,2,0,0.12,0.06,0.18,0.12,0.18,Matches
579,Thibaut Courtois,be BEL,GK,Real Madrid,es La Liga,28,1992,38,38,"3,420",38,0,0,0,0,0,0,0,0,0,0,0,0,0,Matches
580,Philippe Coutinho,br BRA,MF,Barcelona,es La Liga,28,1992,12,8,654,7.3,2,2,4,2,0,0,0,0,0.28,0.28,0.55,0.28,0.55,Matches
581,Nicolas Cozza,fr FRA,DF,Montpellier,fr Ligue 1,21,1999,20,15,"1,369",15.2,0,0,0,0,0,0,2,0,0,0,0,0,0,Matches
582,Alessio Cragno,it ITA,GK,Cagliari,it Serie A,26,1994,34,34,"3,060",34,0,0,0,0,0,0,1,0,0,0,0,0,0,Matches
583,Gian Crespi,it ITA,GK,Crotone,it Serie A,19,2001,1,1,90,1,0,0,0,0,0,0,0,0,0,0,0,0,0,Matches
584,Aaron Cresswell,eng ENG,DF,West Ham,eng Premier League,30,1989,36,36,"3,170",35.2,0,8,8,0,0,0,3,0,0,0.23,0.23,0,0.23,Matches
585,Domenico Criscito,it ITA,DF,Genoa,it Serie A,33,1986,23,20,"1,726",19.2,1,0,1,0,1,1,6,0,0.05,0,0.05,0,0,Matches
586,Bryan Cristante,it ITA,"DF,MF",Roma,it Serie A,25,1995,34,22,"2,155",23.9,1,3,4,1,0,0,8,0,0.04,0.13,0.17,0.04,0.17,Matches
587,Giovanni Crociata,it ITA,MF,Crotone,it Serie A,22,1997,2,0,26,0.3,0,0,0,0,0,0,0,0,0,0,0,0,0,Matches
588,Juan Cruz Armada,es ESP,DF,Osasuna,es La Liga,28,1992,26,23,"1,962",21.8,0,0,0,0,0,0,4,0,0,0,0,0,0,Matches
589,Juan Cuadrado,co COL,"DF,MF",Juventus,it Serie A,32,1988,30,26,"2,175",24.2,2,10,12,1,1,1,9,1,0.08,0.41,0.5,0.04,0.46,Matches
590,Andrés Cubas,py PAR,MF,Nîmes,fr Ligue 1,24,1996,27,27,"2,242",24.9,1,0,1,1,0,0,6,1,0.04,0,0.04,0.04,0.04,Matches
591,Sergio Cubero Ezcurra,es ESP,DF,Eibar,es La Liga,20,1999,1,0,1,0,0,0,0,0,0,0,0,0,0,0,0,0,0,Matches
592,Cucho,co COL,"FW,MF",Getafe,es La Liga,21,1999,23,18,"1,466",16.3,2,3,5,2,0,0,5,0,0.12,0.18,0.31,0.12,0.31,Matches
593,Marc Cucurella,es ESP,MF,Getafe,es La Liga,22,1998,37,37,"3,244",36,3,2,5,3,0,0,8,0,0.08,0.06,0.14,0.08,0.14,Matches
594,Mickaël Cuisance,fr FRA,MF,Bayern Munich,de Bundesliga,20,1999,1,0,18,0.2,0,0,0,0,0,0,0,0,0,0,0,0,0,Matches
595,Mickaël Cuisance,fr FRA,"MF,FW",Marseille,fr Ligue 1,20,1999,23,11,"1,024",11.4,2,1,3,2,0,0,3,0,0.18,0.09,0.26,0.18,0.26,Matches
596,Matheus Cunha,br BRA,"MF,FW",Hertha BSC,de Bundesliga,21,1999,27,25,"2,149",23.9,7,4,11,5,2,3,9,0,0.29,0.17,0.46,0.21,0.38,Matches
597,Giuseppe Cuomo,it ITA,DF,Crotone,it Serie A,22,1998,13,8,801,8.9,0,0,0,0,0,0,4,0,0,0,0,0,0,Matches
598,Patrick Cutrone,it ITA,FW,Fiorentina,it Serie A,22,1998,11,0,196,2.2,0,0,0,0,0,0,0,0,0,0,0,0,0,Matches
599,Patrick Cutrone,it ITA,FW,Wolves,eng Premier League,22,1998,2,0,25,0.3,0,0,0,0,0,0,0,0,0,0,0,0,0,Matches
600,Patrick Cutrone,it ITA,FW,Valencia,es La Liga,22,1998,7,0,108,1.2,0,0,0,0,0,0,0,0,0,0,0,0,0,Matches
Rk,Player,Nation,Pos,Squad,Comp,Age,Born,MP,Starts,Min,90s,Gls,Ast,G+A,G-PK,PK,PKatt,CrdY,CrdR,Gls,Ast,G+A,G-PK,G+A-PK,Matches
601,Wylan Cyprien,fr FRA,MF,Parma,it Serie A,25,1995,13,2,410,4.6,0,0,0,0,0,0,2,0,0,0,0,0,0,Matches
602,Rafael Czichos,de GER,DF,Köln,de Bundesliga,30,1990,28,26,"2,259",25.1,1,0,1,1,0,0,7,0,0.04,0,0.04,0.04,0.04,Matches
603,Lennart-Marten Czyborra,de GER,MF,Genoa,it Serie A,21,1999,17,15,"1,173",13,1,0,1,1,0,0,2,0,0.08,0,0.08,0.08,0.08,Matches
604,Danilo D'Ambrosio,it ITA,DF,Inter,it Serie A,31,1988,19,7,699,7.8,3,0,3,3,0,0,2,0,0.39,0,0.39,0.39,0.39,Matches
605,Damien Da Silva,fr FRA,DF,Rennes,fr Ligue 1,32,1988,30,30,"2,661",29.6,4,0,4,4,0,0,7,1,0.14,0,0.14,0.14,0.14,Matches
606,Moanes Dabbur,il ISR,FW,Hoffenheim,de Bundesliga,28,1992,22,11,999,11.1,4,0,4,4,0,1,2,0,0.36,0,0.36,0.36,0.36,Matches
607,Bryan Dabo,bf BFA,MF,Benevento,it Serie A,28,1992,25,12,"1,117",12.4,0,0,0,0,0,0,5,0,0,0,0,0,0,Matches
608,Colin Dagba,fr FRA,DF,PSG,fr Ligue 1,21,1998,25,15,"1,357",15.1,1,2,3,1,0,0,3,0,0.07,0.13,0.2,0.07,0.2,Matches
609,Finn Dahmen,de GER,GK,Mainz 05,de Bundesliga,22,1998,3,3,270,3,0,0,0,0,0,0,0,0,0,0,0,0,0,Matches
610,Mahmoud Dahoud,de GER,MF,Dortmund,de Bundesliga,24,1996,21,15,"1,258",14,1,1,2,1,0,0,2,0,0.07,0.07,0.14,0.07,0.14,Matches
611,Leon Dajaku,de GER,"FW,MF",Union Berlin,de Bundesliga,19,2001,2,0,37,0.4,0,0,0,0,0,0,0,0,0,0,0,0,0,Matches
612,Stuart Dallas,nir NIR,"MF,DF",Leeds United,eng Premier League,29,1991,38,38,"3,409",37.9,8,2,10,8,0,0,7,0,0.21,0.05,0.26,0.21,0.26,Matches
613,Diogo Dalot,pt POR,DF,Milan,it Serie A,21,1999,21,10,"1,090",12.1,1,1,2,1,0,0,5,0,0.08,0.08,0.17,0.08,0.17,Matches
614,Mikkel Damsgaard,dk DEN,"MF,FW",Sampdoria,it Serie A,20,2000,35,18,"1,773",19.7,2,4,6,2,0,0,3,0,0.1,0.2,0.3,0.1,0.3,Matches
615,Flavius Daniliuc,at AUT,DF,Nice,fr Ligue 1,19,2001,23,15,"1,477",16.4,1,0,1,1,0,0,0,0,0.06,0,0.06,0.06,0.06,Matches
616,Danilo,br BRA,"DF,MF",Juventus,it Serie A,29,1991,34,32,"2,916",32.4,1,4,5,1,0,0,6,0,0.03,0.12,0.15,0.03,0.15,Matches
617,Scott Dann,eng ENG,DF,Crystal Palace,eng Premier League,33,1987,15,15,"1,350",15,1,0,1,1,0,0,1,0,0.07,0,0.07,0.07,0.07,Matches
618,Tiago Dantas,pt POR,MF,Bayern Munich,de Bundesliga,19,2000,2,1,69,0.8,0,0,0,0,0,0,0,0,0,0,0,0,0,Matches
619,Dante,br BRA,DF,Nice,fr Ligue 1,36,1983,9,9,774,8.6,2,1,3,2,0,0,2,0,0.23,0.12,0.35,0.23,0.35,Matches
620,Andrea Danzi,it ITA,MF,Hellas Verona,it Serie A,21,1999,2,1,104,1.2,0,0,0,0,0,0,1,0,0,0,0,0,0,Matches
621,Ebrima Darboe,gm GAM,MF,Roma,it Serie A,19,2001,5,4,323,3.6,0,0,0,0,0,0,2,0,0,0,0,0,0,Matches
622,Márton Dárdai,hu HUN,"DF,MF",Hertha BSC,de Bundesliga,18,2002,12,9,821,9.1,0,1,1,0,0,0,0,0,0,0.11,0.11,0,0.11,Matches
623,Vladimír Darida,cz CZE,MF,Hertha BSC,de Bundesliga,29,1990,27,24,"1,903",21.1,1,6,7,1,0,0,5,1,0.05,0.28,0.33,0.05,0.33,Matches
624,Karl Darlow,wls WAL,GK,Newcastle,eng Premier League,29,1990,25,25,"2,250",25,0,0,0,0,0,0,3,0,0,0,0,0,0,Matches
625,Matteo Darmian,it ITA,MF,Inter,it Serie A,30,1989,26,14,"1,160",12.9,3,3,6,3,0,0,4,0,0.23,0.23,0.47,0.23,0.47,Matches
Rk,Player,Nation,Pos,Squad,Comp,Age,Born,MP,Starts,Min,90s,Gls,Ast,G+A,G-PK,PK,PKatt,CrdY,CrdR,Gls,Ast,G+A,G-PK,G+A-PK,Matches
626,Matteo Darmian,it ITA,DF,Parma,it Serie A,30,1989,3,2,208,2.3,0,0,0,0,0,0,1,0,0,0,0,0,0,Matches
627,Jonathan David,ca CAN,FW,Lille,fr Ligue 1,20,2000,37,29,"2,354",26.2,13,2,15,13,0,0,0,0,0.5,0.08,0.57,0.5,0.57,Matches
628,Alphonso Davies,ca CAN,DF,Bayern Munich,de Bundesliga,19,2000,23,22,"1,763",19.6,1,2,3,1,0,0,2,1,0.05,0.1,0.15,0.05,0.15,Matches
629,Ben Davies,wls WAL,DF,Tottenham,eng Premier League,27,1993,20,14,"1,346",15,0,1,1,0,0,0,1,0,0,0.07,0.07,0,0.07,Matches
630,Tom Davies,eng ENG,MF,Everton,eng Premier League,22,1998,25,17,"1,423",15.8,0,1,1,0,0,0,3,0,0,0.06,0.06,0,0.06,Matches
631,Keinan Davis,eng ENG,FW,Aston Villa,eng Premier League,22,1998,15,1,277,3.1,1,1,2,1,0,0,0,0,0.32,0.32,0.65,0.32,0.65,Matches
632,Leif Davis,eng ENG,"DF,MF",Leeds United,eng Premier League,20,1999,2,0,33,0.4,0,0,0,0,0,0,0,0,0,0,0,0,0,Matches
633,Paweł Dawidowicz,pl POL,DF,Hellas Verona,it Serie A,25,1995,30,22,"1,860",20.7,0,0,0,0,0,0,9,0,0,0,0,0,0,Matches
634,Craig Dawson,eng ENG,DF,West Ham,eng Premier League,30,1990,22,22,"1,925",21.4,3,0,3,3,0,0,5,1,0.14,0,0.14,0.14,0.14,Matches
635,Kevin De Bruyne,be BEL,MF,Manchester City,eng Premier League,29,1991,25,23,"1,997",22.2,6,12,18,4,2,3,1,0,0.27,0.54,0.81,0.18,0.72,Matches
636,Bobby De Cordova-Reid,jm JAM,"MF,FW",Fulham,eng Premier League,27,1993,33,28,"2,372",26.4,5,2,7,5,0,0,7,0,0.19,0.08,0.27,0.19,0.27,Matches
637,Sebastien De Maio,fr FRA,DF,Udinese,it Serie A,33,1987,15,9,853,9.5,0,0,0,0,0,0,1,0,0,0,0,0,0,Matches
638,Rodrigo De Paul,ar ARG,MF,Udinese,it Serie A,26,1994,36,36,"3,201",35.6,9,9,18,6,3,3,5,2,0.25,0.25,0.51,0.17,0.42,Matches
639,Mattia De Sciglio,it ITA,DF,Lyon,fr Ligue 1,27,1992,29,14,"1,467",16.3,0,1,1,0,0,0,4,1,0,0.06,0.06,0,0.06,Matches
640,Mattia De Sciglio,it ITA,"DF,MF",Juventus,it Serie A,27,1992,1,0,24,0.3,0,0,0,0,0,0,0,0,0,0,0,0,0,Matches
641,Lorenzo De Silvestri,it ITA,DF,Bologna,it Serie A,32,1988,29,25,"2,143",23.8,2,0,2,2,0,0,4,0,0.08,0,0.08,0.08,0.08,Matches
642,Thibault De Smet,be BEL,DF,Reims,fr Ligue 1,22,1998,8,6,496,5.5,0,0,0,0,0,0,3,0,0,0,0,0,0,Matches
643,Lucas Deaux,fr FRA,"MF,DF",Nîmes,fr Ligue 1,31,1988,25,19,"1,754",19.5,1,2,3,1,0,0,4,1,0.05,0.1,0.15,0.05,0.15,Matches
644,Mathieu Debuchy,fr FRA,DF,Saint-Étienne,fr Ligue 1,35,1985,26,25,"2,103",23.4,2,1,3,2,0,0,5,0,0.09,0.04,0.13,0.09,0.13,Matches
645,Grégoire Defrel,mq MTQ,"MF,FW",Sassuolo,it Serie A,29,1991,28,14,"1,336",14.8,3,3,6,3,0,0,1,0,0.2,0.2,0.4,0.2,0.4,Matches
646,Alessandro Deiola,it ITA,MF,Spezia,it Serie A,24,1995,12,4,360,4,0,0,0,0,0,0,1,0,0,0,0,0,0,Matches
647,Alessandro Deiola,it ITA,MF,Cagliari,it Serie A,24,1995,12,7,615,6.8,0,0,0,0,0,0,2,0,0,0,0,0,0,Matches
648,Romain Del Castillo,fr FRA,"MF,FW",Rennes,fr Ligue 1,24,1996,26,5,652,7.2,0,5,5,0,0,0,2,0,0,0.69,0.69,0,0.69,Matches
649,Lorenzo Del Pinto,it ITA,MF,Benevento,it Serie A,30,1990,1,0,11,0.1,0,0,0,0,0,0,0,0,0,0,0,0,0,Matches
650,Thomas Delaine,fr FRA,"MF,DF",Metz,fr Ligue 1,28,1992,24,19,"1,779",19.8,3,2,5,3,0,0,4,0,0.15,0.1,0.25,0.15,0.25,Matches
Rk,Player,Nation,Pos,Squad,Comp,Age,Born,MP,Starts,Min,90s,Gls,Ast,G+A,G-PK,PK,PKatt,CrdY,CrdR,Gls,Ast,G+A,G-PK,G+A-PK,Matches
651,Thomas Delaney,dk DEN,MF,Dortmund,de Bundesliga,28,1991,20,14,"1,286",14.3,1,1,2,1,0,0,6,0,0.07,0.07,0.14,0.07,0.14,Matches
652,Liam Delap,eng ENG,FW,Manchester City,eng Premier League,17,2003,1,0,40,0.4,0,0,0,0,0,0,0,0,0,0,0,0,0,Matches
653,Jonathan Delaplace,fr FRA,DF,Lorient,fr Ligue 1,34,1986,18,9,906,10.1,0,1,1,0,0,0,1,1,0,0.1,0.1,0,0.1,Matches
654,Sacha Delaye,fr FRA,MF,Montpellier,fr Ligue 1,18,2002,1,0,7,0.1,0,0,0,0,0,0,0,0,0,0,0,0,0,Matches
655,Cristian Dell'Orco,it ITA,DF,Spezia,it Serie A,26,1994,8,2,262,2.9,0,0,0,0,0,0,0,0,0,0,0,0,0,Matches
656,Andy Delort,dz ALG,FW,Montpellier,fr Ligue 1,28,1991,30,30,"2,482",27.6,15,9,24,15,0,1,4,0,0.54,0.33,0.87,0.54,0.87,Matches
657,Fabian Delph,eng ENG,MF,Everton,eng Premier League,30,1989,8,2,266,3,0,0,0,0,0,0,1,0,0,0,0,0,0,Matches
658,Moussa Dembélé,fr FRA,FW,Lyon,fr Ligue 1,24,1996,16,6,677,7.5,1,0,1,1,0,0,3,0,0.13,0,0.13,0.13,0.13,Matches
659,Moussa Dembélé,fr FRA,FW,Atlético Madrid,es La Liga,24,1996,5,0,100,1.1,0,0,0,0,0,0,0,0,0,0,0,0,0,Matches
660,Ousmane Dembélé,fr FRA,"FW,MF",Barcelona,es La Liga,23,1997,30,19,"1,774",19.7,6,3,9,6,0,0,2,0,0.3,0.15,0.46,0.3,0.46,Matches
661,Merih Demiral,tr TUR,DF,Juventus,it Serie A,22,1998,15,10,940,10.4,0,1,1,0,0,0,1,0,0,0.1,0.1,0,0.1,Matches
662,Kerem Demirbay,de GER,MF,Leverkusen,de Bundesliga,27,1993,29,20,"1,744",19.4,4,3,7,4,0,0,2,0,0.21,0.15,0.36,0.21,0.36,Matches
663,Ermedin Demirović,ba BIH,FW,Freiburg,de Bundesliga,22,1998,30,19,"1,498",16.6,5,6,11,5,0,0,7,0,0.3,0.36,0.66,0.3,0.66,Matches
664,Diego Demme,de GER,MF,Napoli,it Serie A,28,1991,24,20,"1,590",17.7,2,3,5,2,0,0,6,0,0.11,0.17,0.28,0.11,0.28,Matches
665,Jason Denayer,be BEL,DF,Lyon,fr Ligue 1,25,1995,31,31,"2,614",29,1,0,1,1,0,0,1,0,0.03,0,0.03,0.03,0.03,Matches
666,Leander Dendoncker,be BEL,"MF,DF",Wolves,eng Premier League,25,1995,33,28,"2,503",27.8,1,0,1,1,0,0,4,0,0.04,0,0.04,0.04,0.04,Matches
667,Kévin Denkey,tg TOG,FW,Nîmes,fr Ligue 1,19,2000,10,6,524,5.8,1,1,2,1,0,0,3,0,0.17,0.17,0.34,0.17,0.34,Matches
668,Emmanuel Dennis,ng NGA,FW,Köln,de Bundesliga,22,1997,9,6,474,5.3,0,1,1,0,0,0,0,0,0,0.19,0.19,0,0.19,Matches
669,Stefano Denswil,sr SUR,DF,Bologna,it Serie A,27,1993,5,1,115,1.3,0,0,0,0,0,0,0,0,0,0,0,0,0,Matches
670,Fabio Depaoli,it ITA,"DF,MF",Benevento,it Serie A,23,1997,15,14,"1,120",12.4,0,0,0,0,0,0,2,0,0,0,0,0,0,Matches
671,Fabio Depaoli,it ITA,MF,Sampdoria,it Serie A,23,1997,2,1,77,0.9,0,0,0,0,0,0,0,0,0,0,0,0,0,Matches
672,Fabio Depaoli,it ITA,MF,Atalanta,it Serie A,23,1997,5,3,191,2.1,0,0,0,0,0,0,0,0,0,0,0,0,0,Matches
673,Clément Depres,fr FRA,FW,Nîmes,fr Ligue 1,25,1994,1,0,14,0.2,0,0,0,0,0,0,0,0,0,0,0,0,0,Matches
674,Mike van der Hoorn,nl NED,DF,Arminia,de Bundesliga,27,1992,22,15,"1,356",15.1,0,0,0,0,0,0,3,0,0,0,0,0,0,Matches
675,Kastriot Dermaku,al ALB,DF,Parma,it Serie A,28,1992,2,1,100,1.1,0,0,0,0,0,0,0,0,0,0,0,0,0,Matches
Rk,Player,Nation,Pos,Squad,Comp,Age,Born,MP,Starts,Min,90s,Gls,Ast,G+A,G-PK,PK,PKatt,CrdY,CrdR,Gls,Ast,G+A,G-PK,G+A-PK,Matches
676,Kiril Despodov,bg BUL,"FW,MF",Cagliari,it Serie A,23,1996,1,0,11,0.1,0,0,0,0,0,0,0,0,0,0,0,0,0,Matches
677,Sergiño Dest,us USA,"MF,DF",Barcelona,es La Liga,19,2000,30,23,"1,909",21.2,2,1,3,2,0,0,1,0,0.09,0.05,0.14,0.09,0.14,Matches
678,Mattia Destro,it ITA,FW,Genoa,it Serie A,29,1991,29,22,"1,606",17.8,11,1,12,11,0,0,5,0,0.62,0.06,0.67,0.62,0.67,Matches
679,Gerard Deulofeu,es ESP,"FW,MF",Udinese,it Serie A,26,1994,13,7,598,6.6,1,1,2,1,0,0,0,0,0.15,0.15,0.3,0.15,0.3,Matches
680,Deyverson,br BRA,FW,Alavés,es La Liga,29,1991,27,11,874,9.7,1,3,4,1,0,0,4,0,0.1,0.31,0.41,0.1,0.41,Matches
681,Jacopo Dezi,it ITA,FW,Parma,it Serie A,28,1992,2,1,79,0.9,0,0,0,0,0,0,0,0,0,0,0,0,0,Matches
682,Samuel Di Carmine,it ITA,FW,Hellas Verona,it Serie A,31,1988,11,6,500,5.6,0,0,0,0,0,0,1,0,0,0,0,0,0,Matches
683,Samuel Di Carmine,it ITA,FW,Crotone,it Serie A,31,1988,11,6,475,5.3,0,0,0,0,0,0,1,0,0,0,0,0,0,Matches
684,Giovanni Di Lorenzo,it ITA,DF,Napoli,it Serie A,26,1993,36,36,"3,240",36,3,6,9,3,0,0,11,0,0.08,0.17,0.25,0.08,0.25,Matches
685,Ángel Di María,ar ARG,"FW,MF",PSG,fr Ligue 1,32,1988,27,23,"1,853",20.6,5,9,14,5,0,0,1,0,0.24,0.44,0.68,0.24,0.68,Matches
686,Alessandro Di Pardo,it ITA,"DF,MF",Juventus,it Serie A,21,1999,4,0,14,0.2,0,0,0,0,0,0,0,0,0,0,0,0,0,Matches
687,Giuseppe Di Serio,it ITA,FW,Benevento,it Serie A,19,2001,16,1,292,3.2,0,0,0,0,0,0,1,0,0,0,0,0,0,Matches
688,Boulaye Dia,sn SEN,FW,Reims,fr Ligue 1,23,1996,36,35,"2,930",32.6,14,1,15,9,5,5,2,0,0.43,0.03,0.46,0.28,0.31,Matches
689,Abdoulay Diaby,ml MLI,"FW,MF",Getafe,es La Liga,29,1991,1,0,18,0.2,0,0,0,0,0,0,0,0,0,0,0,0,0,Matches
690,Moussa Diaby,fr FRA,"FW,MF",Leverkusen,de Bundesliga,21,1999,32,28,"2,388",26.5,4,11,15,4,0,0,5,0,0.15,0.41,0.57,0.15,0.57,Matches
691,Mbaye Diagne,sn SEN,FW,West Brom,eng Premier League,28,1991,16,14,"1,189",13.2,3,2,5,3,0,0,2,0,0.23,0.15,0.38,0.23,0.38,Matches
692,Mouctar Diakhaby,gn GUI,DF,Valencia,es La Liga,23,1996,26,24,"2,079",23.1,1,0,1,1,0,0,4,1,0.04,0,0.04,0.04,0.04,Matches
693,Abdou Diallo,sn SEN,DF,PSG,fr Ligue 1,24,1996,22,17,"1,490",16.6,0,1,1,0,0,0,3,2,0,0.06,0.06,0,0.06,Matches
694,Amad Diallo,ci CIV,MF,Manchester Utd,eng Premier League,18,2002,3,2,166,1.8,0,1,1,0,0,0,0,0,0,0.54,0.54,0,0.54,Matches
695,Amad Diallo,ci CIV,"FW,MF",Atalanta,it Serie A,18,2002,1,0,14,0.2,0,0,0,0,0,0,1,0,0,0,0,0,0,Matches
696,Habib Diallo,sn SEN,"FW,MF",Strasbourg,fr Ligue 1,25,1995,32,27,"2,322",25.8,9,3,12,8,1,1,2,0,0.35,0.12,0.47,0.31,0.43,Matches
697,Habib Diallo,sn SEN,FW,Metz,fr Ligue 1,25,1995,4,1,143,1.6,0,0,0,0,0,0,0,0,0,0,0,0,0,Matches
698,Ibrahima Diallo,fr FRA,MF,Southampton,eng Premier League,21,1999,22,10,"1,020",11.3,0,0,0,0,0,0,3,0,0,0,0,0,0,Matches
699,Ibrahima Diallo,fr FRA,MF,Brest,fr Ligue 1,21,1999,5,5,440,4.9,0,0,0,0,0,0,1,0,0,0,0,0,0,Matches
700,Amadou Diambo,gh GHA,MF,Benevento,it Serie A,19,2001,1,0,3,0,0,0,0,0,0,0,0,0,0,0,0,0,0,Matches
Rk,Player,Nation,Pos,Squad,Comp,Age,Born,MP,Starts,Min,90s,Gls,Ast,G+A,G-PK,PK,PKatt,CrdY,CrdR,Gls,Ast,G+A,G-PK,G+A-PK,Matches
701,Grady Diangana,cd COD,MF,West Brom,eng Premier League,22,1998,20,15,"1,235",13.7,1,0,1,1,0,0,0,0,0.07,0,0.07,0.07,0.07,Matches
702,Stéphane Diarra,fr FRA,"MF,FW",Lorient,fr Ligue 1,21,1998,13,2,197,2.2,0,0,0,0,0,0,1,0,0,0,0,0,0,Matches
703,Rúben Dias,pt POR,DF,Manchester City,eng Premier League,23,1997,32,32,"2,843",31.6,1,0,1,1,0,0,4,0,0.03,0,0.03,0.03,0.03,Matches
704,Krépin Diatta,sn SEN,MF,Monaco,fr Ligue 1,21,1999,12,3,389,4.3,1,0,1,1,0,0,3,0,0.23,0,0.23,0.23,0.23,Matches
705,Amadou Diawara,gn GUI,MF,Roma,it Serie A,23,1997,18,7,658,7.3,1,0,1,1,0,0,4,1,0.14,0,0.14,0.14,0.14,Matches
706,Brahim Díaz,ma MAR,MF,Milan,it Serie A,20,1999,27,15,"1,228",13.6,4,3,7,4,0,0,2,0,0.29,0.22,0.51,0.29,0.51,Matches
707,Víctor Díaz,es ESP,DF,Granada,es La Liga,32,1988,17,7,828,9.2,0,2,2,0,0,0,3,0,0,0.22,0.22,0,0.22,Matches
708,Daniel Didavi,de GER,"MF,FW",Stuttgart,de Bundesliga,30,1990,23,10,970,10.8,4,3,7,4,0,0,2,0,0.37,0.28,0.65,0.37,0.65,Matches
709,Bamba Dieng,sn SEN,FW,Marseille,fr Ligue 1,20,2000,5,2,129,1.4,0,0,0,0,0,0,0,0,0,0,0,0,0,Matches
710,Eric Dier,eng ENG,DF,Tottenham,eng Premier League,26,1994,28,28,"2,520",28,0,0,0,0,0,0,3,0,0,0,0,0,0,Matches
711,Daan Dierckx,be BEL,DF,Parma,it Serie A,17,2003,7,6,471,5.2,0,0,0,0,0,0,1,0,0,0,0,0,0,Matches
712,Lucas Digne,fr FRA,"DF,MF",Everton,eng Premier League,27,1993,30,30,"2,681",29.8,0,7,7,0,0,0,2,1,0,0.23,0.23,0,0.23,Matches
713,Mitchell Dijks,nl NED,DF,Bologna,it Serie A,27,1993,20,18,"1,481",16.5,0,0,0,0,0,0,7,1,0,0,0,0,0,Matches
714,Javairô Dilrosun,nl NED,"MF,FW",Hertha BSC,de Bundesliga,22,1998,12,5,529,5.9,0,1,1,0,0,0,0,0,0,0.17,0.17,0,0.17,Matches
715,Federico Dimarco,it ITA,"DF,MF",Hellas Verona,it Serie A,22,1997,35,29,"2,613",29,5,3,8,5,0,0,6,0,0.17,0.1,0.28,0.17,0.28,Matches
716,Junior Dina Ebimbe,cm CMR,"MF,FW",Dijon,fr Ligue 1,19,2000,30,25,"2,144",23.8,1,1,2,1,0,0,5,0,0.04,0.04,0.08,0.04,0.08,Matches
717,Tristan Dingomé,cm CMR,"DF,MF",Reims,fr Ligue 1,29,1991,1,0,15,0.2,0,0,0,0,0,0,0,0,0,0,0,0,0,Matches
718,Eren Dinkçi,de GER,MF,Werder Bremen,de Bundesliga,18,2001,8,1,108,1.2,1,0,1,1,0,0,0,1,0.83,0,0.83,0.83,0.83,Matches
719,Sinaly Diomande,ci CIV,DF,Lyon,fr Ligue 1,19,2001,27,10,"1,133",12.6,0,0,0,0,0,0,3,0,0,0,0,0,0,Matches
720,Lois Diony,fr FRA,FW,Angers,fr Ligue 1,27,1992,36,20,"1,749",19.4,5,1,6,4,1,1,2,0,0.26,0.05,0.31,0.21,0.26,Matches
721,Issa Diop,ma MAR,DF,West Ham,eng Premier League,23,1997,18,15,"1,381",15.3,2,0,2,2,0,0,3,0,0.13,0,0.13,0.13,0.13,Matches
722,Papakouli Diop,sn SEN,MF,Eibar,es La Liga,34,1986,33,28,"2,324",25.8,1,1,2,1,0,0,9,2,0.04,0.04,0.08,0.04,0.08,Matches
723,Sofiane Diop,ma MAR,MF,Monaco,fr Ligue 1,20,2000,32,24,"2,023",22.5,7,1,8,7,0,0,4,0,0.31,0.04,0.36,0.31,0.36,Matches
724,Andy Diouf,fr FRA,MF,Rennes,fr Ligue 1,17,2003,1,0,12,0.1,0,0,0,0,0,0,1,0,0,0,0,0,0,Matches
725,Yehvann Diouf,sn SEN,GK,Reims,fr Ligue 1,20,1999,2,1,135,1.5,0,0,0,0,0,0,0,0,0,0,0,0,0,Matches
Rk,Player,Nation,Pos,Squad,Comp,Age,Born,MP,Starts,Min,90s,Gls,Ast,G+A,G-PK,PK,PKatt,CrdY,CrdR,Gls,Ast,G+A,G-PK,G+A-PK,Matches
726,Assane Dioussé,sn SEN,MF,Saint-Étienne,fr Ligue 1,22,1997,1,0,1,0,0,0,0,0,0,0,0,0,0,0,0,0,0,Matches
727,Jonas Dirkner,de GER,MF,Hertha BSC,de Bundesliga,18,2002,1,0,16,0.2,0,0,0,0,0,0,0,0,0,0,0,0,0,Matches
728,Axel Disasi,fr FRA,DF,Monaco,fr Ligue 1,22,1998,29,24,"2,011",22.3,3,0,3,3,0,0,4,2,0.13,0,0.13,0.13,0.13,Matches
729,Tiago Djaló,pt POR,DF,Lille,fr Ligue 1,20,2000,17,8,873,9.7,0,0,0,0,0,0,4,1,0,0,0,0,0,Matches
730,Djené,tg TOG,DF,Getafe,es La Liga,28,1991,34,34,"2,941",32.7,0,1,1,0,0,0,8,2,0,0.03,0.03,0,0.03,Matches
731,Moussa Djenepo,ml MLI,MF,Southampton,eng Premier League,22,1998,27,15,"1,240",13.8,1,0,1,1,0,0,5,0,0.07,0,0.07,0.07,0.07,Matches
732,Koffi Djidji,ci CIV,DF,Crotone,it Serie A,27,1992,20,16,"1,524",16.9,1,0,1,1,0,0,4,0,0.06,0,0.06,0.06,0.06,Matches
733,Alexander Djiku,gh GHA,"DF,MF",Strasbourg,fr Ligue 1,25,1994,30,29,"2,552",28.4,0,0,0,0,0,0,8,0,0,0,0,0,0,Matches
734,Berat Djimsiti,al ALB,DF,Atalanta,it Serie A,27,1993,33,28,"2,625",29.2,0,3,3,0,0,0,8,0,0,0.1,0.1,0,0.1,Matches
735,Marko Dmitrović,rs SRB,GK,Eibar,es La Liga,28,1992,35,35,"3,120",34.7,1,0,1,0,1,2,0,0,0.03,0,0.03,0,0,Matches
736,Ritsu Doan,jp JPN,"MF,FW",Arminia,de Bundesliga,22,1998,34,33,"2,768",30.8,5,2,7,5,0,0,1,0,0.16,0.07,0.23,0.16,0.23,Matches
737,Mihai Dobre,ro ROU,"MF,FW",Dijon,fr Ligue 1,21,1998,22,4,529,5.9,0,0,0,0,0,0,0,0,0,0,0,0,0,Matches
738,Matt Doherty,ie IRL,"DF,MF",Tottenham,eng Premier League,28,1992,17,13,"1,240",13.8,0,2,2,0,0,0,4,1,0,0.15,0.15,0,0.15,Matches
739,Jeremy Doku,be BEL,"MF,FW",Rennes,fr Ligue 1,18,2002,30,26,"2,313",25.7,2,3,5,2,0,0,1,1,0.08,0.12,0.19,0.08,0.19,Matches
740,Kasper Dolberg,dk DEN,FW,Nice,fr Ligue 1,22,1997,25,21,"1,928",21.4,6,2,8,4,2,2,2,0,0.28,0.09,0.37,0.19,0.28,Matches
741,Keagan Dolly,za RSA,MF,Montpellier,fr Ligue 1,27,1993,18,3,452,5,0,0,0,0,0,0,2,0,0,0,0,0,0,Matches
742,Jaume Doménech,es ESP,GK,Valencia,es La Liga,29,1990,28,28,"2,520",28,0,0,0,0,0,0,1,0,0,0,0,0,0,Matches
743,Carlos Dominguez,es ESP,DF,Celta Vigo,es La Liga,19,2001,4,4,360,4,0,0,0,0,0,0,2,0,0,0,0,0,0,Matches
744,Nicolás Domínguez,ar ARG,MF,Bologna,it Serie A,22,1998,28,15,"1,255",13.9,1,0,1,1,0,0,8,0,0.07,0,0.07,0.07,0.07,Matches
745,John Donald,es ESP,DF,Elche,es La Liga,19,2000,2,1,50,0.6,0,0,0,0,0,0,0,0,0,0,0,0,0,Matches
746,Ji Dong-won,kr KOR,"FW,MF",Mainz 05,de Bundesliga,29,1991,6,0,62,0.7,0,0,0,0,0,0,1,0,0,0,0,0,0,Matches
747,Anastasios Donis,gr GRE,MF,Reims,fr Ligue 1,23,1996,3,1,97,1.1,0,0,0,0,0,0,0,1,0,0,0,0,0,Matches
748,Gianluigi Donnarumma,it ITA,GK,Milan,it Serie A,21,1999,37,37,"3,330",37,0,0,0,0,0,0,1,0,0,0,0,0,0,Matches
749,Bas Dost,nl NED,FW,Frankfurt,de Bundesliga,31,1989,12,9,817,9.1,4,2,6,3,1,1,3,0,0.44,0.22,0.66,0.33,0.55,Matches
750,Abdoulaye Doucouré,ml MLI,MF,Everton,eng Premier League,27,1993,29,29,"2,443",27.1,2,3,5,2,0,0,6,0,0.07,0.11,0.18,0.07,0.18,Matches
Rk,Player,Nation,Pos,Squad,Comp,Age,Born,MP,Starts,Min,90s,Gls,Ast,G+A,G-PK,PK,PKatt,CrdY,CrdR,Gls,Ast,G+A,G-PK,G+A-PK,Matches
751,Cheick Doucouré,ml MLI,MF,Lens,fr Ligue 1,20,2000,33,30,"2,627",29.2,2,1,3,2,0,0,8,0,0.07,0.03,0.1,0.07,0.1,Matches
752,Fodé Doucouré,ml MLI,DF,Reims,fr Ligue 1,19,2001,7,3,333,3.7,0,0,0,0,0,0,0,0,0,0,0,0,0,Matches
753,Mahamadou Doucouré,ml MLI,FW,Nîmes,fr Ligue 1,20,2000,3,0,45,0.5,0,0,0,0,0,0,0,0,0,0,0,0,0,Matches
754,Cheick Doukouré,ci CIV,MF,Levante,es La Liga,27,1992,7,0,101,1.1,0,0,0,0,0,0,1,0,0,0,0,0,0,Matches
755,Idrissa Doumbia,ci CIV,MF,Huesca,es La Liga,22,1998,23,7,779,8.7,0,0,0,0,0,0,4,0,0,0,0,0,0,Matches
756,Moussa Doumbia,ml MLI,"MF,FW",Reims,fr Ligue 1,25,1994,23,9,899,10,0,1,1,0,0,0,1,0,0,0.1,0.1,0,0.1,Matches
757,Souleyman Doumbia,ci CIV,DF,Angers,fr Ligue 1,23,1996,27,24,"2,222",24.7,0,1,1,0,0,0,8,0,0,0.04,0.04,0,0.04,Matches
758,Aleksandar Dragović,at AUT,DF,Leverkusen,de Bundesliga,29,1991,18,11,"1,136",12.6,1,0,1,1,0,0,3,0,0.08,0,0.08,0.08,0.08,Matches
759,Bartłomiej Drągowski,pl POL,GK,Fiorentina,it Serie A,22,1997,36,36,"3,148",35,0,1,1,0,0,0,0,1,0,0.03,0.03,0,0.03,Matches
760,Denis Drăguș,ro ROU,FW,Crotone,it Serie A,21,1999,9,1,177,2,0,0,0,0,0,0,1,0,0,0,0,0,0,Matches
761,Radu Drăgușin,ro ROU,DF,Juventus,it Serie A,18,2002,1,0,1,0,0,0,0,0,0,0,0,0,0,0,0,0,0,Matches
762,Mouhamadou Drammeh,gm GAM,MF,Reims,fr Ligue 1,21,1999,6,1,173,1.9,0,0,0,0,0,0,1,0,0,0,0,0,0,Matches
763,Julian Draxler,de GER,MF,PSG,fr Ligue 1,26,1993,24,12,"1,064",11.8,4,3,7,4,0,0,3,0,0.34,0.25,0.59,0.34,0.59,Matches
764,Dominick Drexler,de GER,"MF,FW",Köln,de Bundesliga,30,1990,27,11,"1,233",13.7,2,1,3,2,0,0,1,0,0.15,0.07,0.22,0.15,0.22,Matches
765,Matthieu Dreyer,fr FRA,GK,Lorient,fr Ligue 1,31,1989,15,15,"1,350",15,0,0,0,0,0,0,1,0,0,0,0,0,0,Matches
766,Domingos Duarte,pt POR,DF,Granada,es La Liga,25,1995,29,27,"2,363",26.3,1,0,1,1,0,0,5,1,0.04,0,0.04,0.04,0.04,Matches
767,Léo Duarte,br BRA,DF,Milan,it Serie A,24,1996,1,0,19,0.2,0,0,0,0,0,0,0,0,0,0,0,0,0,Matches
768,Óscar Duarte,cr CRC,DF,Levante,es La Liga,31,1989,29,23,"2,060",22.9,1,0,1,1,0,0,2,0,0.04,0,0.04,0.04,0.04,Matches
769,Rubén Duarte,es ESP,DF,Alavés,es La Liga,24,1995,31,29,"2,545",28.3,1,1,2,1,0,0,5,1,0.04,0.04,0.07,0.04,0.07,Matches
770,Leo Dubois,fr FRA,"DF,MF",Lyon,fr Ligue 1,25,1994,37,35,"2,903",32.3,2,4,6,2,0,0,3,0,0.06,0.12,0.19,0.06,0.19,Matches
771,Martin Dúbravka,sk SVK,GK,Newcastle,eng Premier League,31,1989,13,13,"1,170",13,0,0,0,0,0,0,0,0,0,0,0,0,0,Matches
772,Ondrej Duda,sk SVK,"FW,MF",Köln,de Bundesliga,25,1994,32,32,"2,537",28.2,7,5,12,4,3,4,8,1,0.25,0.18,0.43,0.14,0.32,Matches
773,Unai Dufur,es ESP,DF,Eibar,es La Liga,21,1999,1,1,62,0.7,0,0,0,0,0,0,0,0,0,0,0,0,0,Matches
774,Haris Duljević,ba BIH,"MF,FW",Nîmes,fr Ligue 1,26,1993,20,8,773,8.6,0,2,2,0,0,0,1,0,0,0.23,0.23,0,0.23,Matches
775,Paul Dummett,wls WAL,DF,Newcastle,eng Premier League,28,1991,15,14,"1,255",13.9,1,0,1,1,0,0,2,0,0.07,0,0.07,0.07,0.07,Matches
Rk,Player,Nation,Pos,Squad,Comp,Age,Born,MP,Starts,Min,90s,Gls,Ast,G+A,G-PK,PK,PKatt,CrdY,CrdR,Gls,Ast,G+A,G-PK,G+A-PK,Matches
776,Alfred Duncan,gh GHA,MF,Fiorentina,it Serie A,27,1993,4,2,162,1.8,0,0,0,0,0,0,0,0,0,0,0,0,0,Matches
777,Alfred Duncan,gh GHA,MF,Cagliari,it Serie A,27,1993,19,12,"1,068",11.9,0,1,1,0,0,0,2,0,0,0.08,0.08,0,0.08,Matches
778,Lewis Dunk,eng ENG,DF,Brighton,eng Premier League,28,1991,33,33,"2,931",32.6,5,0,5,5,0,0,5,2,0.15,0,0.15,0.15,0.15,Matches
779,Jimmy Dunne,ie IRL,DF,Burnley,eng Premier League,22,1997,3,3,270,3,1,0,1,1,0,0,1,0,0.33,0,0.33,0.33,0.33,Matches
780,Erik Durm,de GER,MF,Frankfurt,de Bundesliga,28,1992,21,19,"1,480",16.4,1,2,3,1,0,0,1,0,0.06,0.12,0.18,0.06,0.18,Matches
781,Hugo Duro,es ESP,FW,Real Madrid,es La Liga,20,1999,2,0,55,0.6,0,0,0,0,0,0,0,0,0,0,0,0,0,Matches
782,Jean-Kevin Duverne,ht HAI,DF,Brest,fr Ligue 1,23,1997,27,22,"2,029",22.5,1,0,1,1,0,0,4,0,0.04,0,0.04,0.04,0.04,Matches
783,Paulo Dybala,ar ARG,FW,Juventus,it Serie A,26,1993,20,14,"1,132",12.6,4,3,7,4,0,0,0,0,0.32,0.24,0.56,0.32,0.56,Matches
784,Edin Džeko,ba BIH,FW,Roma,it Serie A,34,1986,27,20,"1,824",20.3,7,3,10,7,0,1,2,0,0.35,0.15,0.49,0.35,0.49,Matches
785,Steeve-Mike Ebongue,fr FRA,MF,Genoa,it Serie A,19,2001,3,0,52,0.6,0,1,1,0,0,0,0,0,0,1.73,1.73,0,1.73,Matches
786,Enzo Ebosse,cm CMR,DF,Angers,fr Ligue 1,21,1999,6,3,260,2.9,0,0,0,0,0,0,1,0,0,0,0,0,0,Matches
787,Bruno Ecuele Manga,ga GAB,DF,Dijon,fr Ligue 1,32,1988,38,38,"3,420",38,2,0,2,2,0,0,3,0,0.05,0,0.05,0.05,0.05,Matches
788,Simone Edera,it ITA,MF,Torino,it Serie A,23,1997,2,0,52,0.6,0,0,0,0,0,0,0,0,0,0,0,0,0,Matches
789,Kyle Edwards,eng ENG,MF,West Brom,eng Premier League,22,1998,5,1,118,1.3,0,0,0,0,0,0,0,0,0,0,0,0,0,Matches
790,John Egan,ie IRL,DF,Sheffield United,eng Premier League,27,1992,31,30,"2,629",29.2,0,1,1,0,0,0,7,1,0,0.03,0.03,0,0.03,Matches
791,Johannes Eggestein,de GER,FW,Werder Bremen,de Bundesliga,22,1998,2,0,33,0.4,0,0,0,0,0,0,0,0,0,0,0,0,0,Matches
792,Maximilian Eggestein,de GER,MF,Werder Bremen,de Bundesliga,23,1996,33,33,"2,942",32.7,2,5,7,2,0,0,5,0,0.06,0.15,0.21,0.06,0.21,Matches
793,Lilian Egloff,de GER,MF,Stuttgart,de Bundesliga,17,2002,2,0,16,0.2,0,0,0,0,0,0,0,0,0,0,0,0,0,Matches
794,Kingsley Ehizibue,nl NED,"DF,MF",Köln,de Bundesliga,25,1995,21,15,"1,133",12.6,0,1,1,0,0,0,5,0,0,0.08,0.08,0,0.08,Matches
795,Albin Ekdal,se SWE,MF,Sampdoria,it Serie A,31,1989,32,26,"2,299",25.5,2,1,3,2,0,0,9,0,0.08,0.04,0.12,0.08,0.12,Matches
796,Hugo Ekitike,fr FRA,FW,Reims,fr Ligue 1,18,2002,2,0,88,1,0,0,0,0,0,0,1,0,0,0,0,0,0,Matches
797,Anthony Elanga,se SWE,"MF,FW",Manchester Utd,eng Premier League,18,2002,2,2,155,1.7,1,0,1,1,0,0,0,0,0.58,0,0.58,0.58,0.58,Matches
798,Niclas Eliasson,se SWE,"MF,FW",Nîmes,fr Ligue 1,24,1995,30,19,"1,799",20,4,3,7,4,0,0,1,0,0.2,0.15,0.35,0.2,0.35,Matches
799,Elif Elmas,mk MKD,MF,Napoli,it Serie A,20,1999,33,3,740,8.2,2,1,3,2,0,0,3,0,0.24,0.12,0.36,0.24,0.36,Matches
800,Ahmed Elmohamady,eg EGY,DF,Aston Villa,eng Premier League,32,1987,14,8,839,9.3,0,0,0,0,0,0,2,0,0,0,0,0,0,Matches
Rk,Player,Nation,Pos,Squad,Comp,Age,Born,MP,Starts,Min,90s,Gls,Ast,G+A,G-PK,PK,PKatt,CrdY,CrdR,Gls,Ast,G+A,G-PK,G+A-PK,Matches
801,Mohamed Elneny,eg EGY,MF,Arsenal,eng Premier League,28,1992,23,17,"1,544",17.2,1,0,1,1,0,0,3,0,0.06,0,0.06,0.06,0.06,Matches
802,Aritz Elustondo,es ESP,DF,Real Sociedad,es La Liga,26,1994,23,22,"1,884",20.9,1,0,1,1,0,0,5,0,0.05,0,0.05,0.05,0.05,Matches
803,Nico Elvedi,ch SUI,DF,Gladbach,de Bundesliga,23,1996,29,29,"2,536",28.2,3,1,4,3,0,0,1,0,0.11,0.04,0.14,0.11,0.14,Matches
804,Rodrigo Ely,br BRA,DF,Alavés,es La Liga,26,1993,8,6,468,5.2,1,0,1,1,0,0,1,0,0.19,0,0.19,0.19,0.19,Matches
805,Breel Embolo,ch SUI,"FW,MF",Gladbach,de Bundesliga,23,1997,31,16,"1,440",16,5,2,7,5,0,0,4,0,0.31,0.12,0.44,0.31,0.44,Matches
806,Emerson,br BRA,DF,Real Betis,es La Liga,21,1999,34,34,"2,991",33.2,1,4,5,1,0,0,9,1,0.03,0.12,0.15,0.03,0.15,Matches
807,Renaud Emond,be BEL,FW,Nantes,fr Ligue 1,28,1991,22,3,354,3.9,2,0,2,2,0,0,1,0,0.51,0,0.51,0.51,0.51,Matches
808,Alan Empereur,br BRA,DF,Hellas Verona,it Serie A,26,1994,4,4,219,2.4,0,0,0,0,0,0,1,0,0,0,0,0,0,Matches
809,Youssef En-Nesyri,ma MAR,FW,Sevilla,es La Liga,23,1997,38,23,"2,311",25.7,18,0,18,18,0,0,2,0,0.7,0,0.7,0.7,0.7,Matches
810,Keita Endo,jp JPN,MF,Union Berlin,de Bundesliga,22,1997,16,4,456,5.1,1,0,1,1,0,0,0,0,0.2,0,0.2,0.2,0.2,Matches
811,Wataru Endo,jp JPN,MF,Stuttgart,de Bundesliga,27,1993,33,33,"2,955",32.8,3,3,6,3,0,0,5,0,0.09,0.09,0.18,0.09,0.18,Matches
812,Sergi Enrich,es ESP,FW,Eibar,es La Liga,30,1990,27,13,"1,404",15.6,3,0,3,3,0,1,1,0,0.19,0,0.19,0.19,0.19,Matches
813,Christian Eriksen,dk DEN,MF,Inter,it Serie A,28,1992,26,17,"1,385",15.4,3,0,3,3,0,0,1,0,0.19,0,0.19,0.19,0.19,Matches
814,Martin Erlić,hr CRO,DF,Spezia,it Serie A,22,1998,27,19,"1,798",20,3,1,4,3,0,0,6,0,0.15,0.05,0.2,0.15,0.2,Matches
815,Patrick Erras,de GER,"DF,MF",Werder Bremen,de Bundesliga,25,1995,4,0,26,0.3,0,0,0,0,0,0,0,0,0,0,0,0,0,Matches
816,Gonzalo Escalante,ar ARG,MF,Lazio,it Serie A,27,1993,24,4,733,8.1,0,1,1,0,0,0,5,0,0,0.12,0.12,0,0.12,Matches
817,Aarón Escandell,es ESP,GK,Granada,es La Liga,24,1995,5,5,450,5,0,0,0,0,0,0,1,0,0,0,0,0,0,Matches
818,Dani Escriche,es ESP,"MF,FW",Huesca,es La Liga,22,1998,23,7,857,9.5,1,1,2,1,0,0,5,1,0.11,0.11,0.21,0.11,0.21,Matches
819,Sergio Escudero,es ESP,DF,Sevilla,es La Liga,30,1989,9,7,565,6.3,1,0,1,1,0,0,3,0,0.16,0,0.16,0.16,0.16,Matches
820,Alfonso Espino,uy URU,DF,Cádiz,es La Liga,28,1992,32,31,"2,601",28.9,0,3,3,0,0,0,6,0,0,0.1,0.1,0,0.1,Matches
821,Vicente Esquerdo,es ESP,MF,Valencia,es La Liga,21,1999,4,3,231,2.6,0,0,0,0,0,0,1,0,0,0,0,0,0,Matches
822,Nahuel Estévez,ar ARG,MF,Spezia,it Serie A,24,1995,27,19,"1,768",19.6,0,3,3,0,0,0,7,0,0,0.15,0.15,0,0.15,Matches
823,Pervis Estupiñán,ec ECU,DF,Villarreal,es La Liga,22,1998,25,12,"1,168",13,0,0,0,0,0,0,1,0,0,0,0,0,0,Matches
824,Yoann Etienne,fr FRA,DF,Lorient,fr Ligue 1,23,1997,1,1,90,1,0,0,0,0,0,0,1,0,0,0,0,0,0,Matches
825,Xabier Etxeita,es ESP,DF,Getafe,es La Liga,32,1987,11,9,883,9.8,0,0,0,0,0,0,3,0,0,0,0,0,0,Matches
Rk,Player,Nation,Pos,Squad,Comp,Age,Born,MP,Starts,Min,90s,Gls,Ast,G+A,G-PK,PK,PKatt,CrdY,CrdR,Gls,Ast,G+A,G-PK,G+A-PK,Matches
826,Jonny Evans,nir NIR,DF,Leicester City,eng Premier League,32,1988,28,28,"2,473",27.5,2,2,4,2,0,0,7,0,0.07,0.07,0.15,0.07,0.15,Matches
827,Edu Expósito,es ESP,MF,Eibar,es La Liga,23,1996,31,27,"2,455",27.3,0,3,3,0,0,2,4,0,0,0.11,0.11,0,0.11,Matches
828,Valentin Eysseric,fr FRA,MF,Fiorentina,it Serie A,28,1992,16,6,729,8.1,2,0,2,2,0,0,2,0,0.25,0,0.25,0.25,0.25,Matches
829,Eberechi Eze,eng ENG,MF,Crystal Palace,eng Premier League,22,1998,34,29,"2,559",28.4,4,6,10,4,0,0,3,0,0.14,0.21,0.35,0.14,0.35,Matches
830,Jokin Ezkieta,es ESP,GK,Athletic Club,es La Liga,23,1996,1,1,90,1,0,0,0,0,0,0,0,0,0,0,0,0,0,Matches
831,Łukasz Fabiański,pl POL,GK,West Ham,eng Premier League,35,1985,35,35,"3,150",35,0,0,0,0,0,0,2,0,0,0,0,0,0,Matches
832,Fabinho,br BRA,"DF,MF",Liverpool,eng Premier League,26,1993,30,28,"2,567",28.5,0,0,0,0,0,0,6,0,0,0,0,0,0,Matches
833,Fábio,br BRA,DF,Nantes,fr Ligue 1,30,1990,22,19,"1,507",16.7,0,1,1,0,0,0,5,1,0,0.06,0.06,0,0.06,Matches
834,Cesc Fàbregas,es ESP,MF,Monaco,fr Ligue 1,33,1987,21,7,877,9.7,2,3,5,0,2,2,2,0,0.21,0.31,0.51,0,0.31,Matches
835,Bandiougou Fadiga,fr FRA,MF,PSG,fr Ligue 1,19,2001,6,0,63,0.7,0,0,0,0,0,0,1,0,0,0,0,0,0,Matches
836,Bandiougou Fadiga,fr FRA,MF,Brest,fr Ligue 1,19,2001,4,0,43,0.5,0,0,0,0,0,0,0,0,0,0,0,0,0,Matches
837,Wout Faes,be BEL,DF,Reims,fr Ligue 1,22,1998,33,33,"2,899",32.2,1,0,1,1,0,0,13,2,0.03,0,0.03,0.03,0.03,Matches
838,Nicolò Fagioli,it ITA,MF,Juventus,it Serie A,19,2001,1,0,21,0.2,0,0,0,0,0,0,0,0,0,0,0,0,0,Matches
839,Ralf Fährmann,de GER,GK,Schalke 04,de Bundesliga,31,1988,22,22,"1,876",20.8,0,0,0,0,0,0,2,0,0,0,0,0,0,Matches
840,Romain Faivre,fr FRA,"MF,FW",Brest,fr Ligue 1,22,1998,36,33,"2,891",32.1,6,5,11,5,1,1,0,0,0.19,0.16,0.34,0.16,0.31,Matches
841,Fali,es ESP,"DF,MF",Cádiz,es La Liga,26,1993,34,29,"2,637",29.3,0,0,0,0,0,0,11,0,0,0,0,0,0,Matches
842,Iago Falque,es ESP,MF,Benevento,it Serie A,30,1990,11,4,358,4,1,1,2,1,0,0,0,0,0.25,0.25,0.5,0.25,0.5,Matches
843,Andri Fannar Baldursson,is ISL,MF,Bologna,it Serie A,18,2002,8,1,217,2.4,0,0,0,0,0,0,2,0,0,0,0,0,0,Matches
844,Paolo Faragò,it ITA,"DF,MF",Bologna,it Serie A,27,1993,1,0,23,0.3,0,0,0,0,0,0,0,0,0,0,0,0,0,Matches
845,Paolo Faragò,it ITA,DF,Cagliari,it Serie A,27,1993,8,4,369,4.1,0,0,0,0,0,0,2,0,0,0,0,0,0,Matches
846,Davide Faraoni,it ITA,MF,Hellas Verona,it Serie A,28,1991,34,33,"2,891",32.1,4,7,11,4,0,0,8,0,0.12,0.22,0.34,0.12,0.34,Matches
847,Mohamed Fares,dz ALG,MF,Lazio,it Serie A,24,1996,21,12,"1,139",12.7,0,1,1,0,0,0,5,0,0,0.08,0.08,0,0.08,Matches
848,Diego Farias,br BRA,FW,Spezia,it Serie A,30,1990,29,17,"1,514",16.8,4,2,6,4,0,0,5,0,0.24,0.12,0.36,0.24,0.36,Matches
849,Wuilker Faríñez,ve VEN,GK,Lens,fr Ligue 1,22,1998,3,1,107,1.2,0,0,0,0,0,0,0,0,0,0,0,0,0,Matches
850,Noah Fatar,fr FRA,FW,Angers,fr Ligue 1,18,2002,2,0,21,0.2,0,0,0,0,0,0,0,0,0,0,0,0,0,Matches
Rk,Player,Nation,Pos,Squad,Comp,Age,Born,MP,Starts,Min,90s,Gls,Ast,G+A,G-PK,PK,PKatt,CrdY,CrdR,Gls,Ast,G+A,G-PK,G+A-PK,Matches
851,Ansu Fati,es ESP,"MF,FW",Barcelona,es La Liga,17,2002,7,6,431,4.8,4,0,4,4,0,0,1,0,0.84,0,0.84,0.84,0.84,Matches
852,Julien Faussurier,fr FRA,DF,Brest,fr Ligue 1,33,1987,17,9,955,10.6,0,3,3,0,0,0,2,0,0,0.28,0.28,0,0.28,Matches
853,Andrea Favilli,it ITA,FW,Hellas Verona,it Serie A,23,1997,11,2,339,3.8,2,0,2,2,0,0,1,0,0.53,0,0.53,0.53,0.53,Matches
854,Federico Fazio,ar ARG,DF,Roma,it Serie A,33,1987,6,5,406,4.5,1,0,1,1,0,0,2,0,0.22,0,0.22,0.22,0.22,Matches
855,Nabil Fekir,fr FRA,MF,Real Betis,es La Liga,27,1993,33,33,"2,622",29.1,5,6,11,4,1,3,5,1,0.17,0.21,0.38,0.14,0.34,Matches
856,Felipe,br BRA,DF,Atlético Madrid,es La Liga,31,1989,31,23,"2,057",22.9,0,0,0,0,0,0,8,0,0,0,0,0,0,Matches
857,Luiz Felipe,it ITA,DF,Lazio,it Serie A,23,1997,14,10,909,10.1,0,0,0,0,0,0,5,0,0,0,0,0,0,Matches
858,João Félix,pt POR,"FW,MF",Atlético Madrid,es La Liga,20,1999,31,14,"1,572",17.5,7,5,12,6,1,2,6,0,0.4,0.29,0.69,0.34,0.63,Matches
859,Ohis Felix Uduokhai,de GER,DF,Augsburg,de Bundesliga,22,1997,29,29,"2,610",29,1,0,1,1,0,0,5,0,0.03,0,0.03,0.03,0.03,Matches
860,Zinedine Ferhat,dz ALG,"MF,FW",Nîmes,fr Ligue 1,27,1993,33,33,"2,957",32.9,6,10,16,5,1,1,2,0,0.18,0.3,0.49,0.15,0.46,Matches
861,Bruno Fernandes,pt POR,MF,Manchester Utd,eng Premier League,25,1994,37,35,"3,099",34.4,18,12,30,9,9,11,6,0,0.52,0.35,0.87,0.26,0.61,Matches
862,Edimilson Fernandes,ch SUI,"MF,DF",Mainz 05,de Bundesliga,24,1996,14,9,841,9.3,0,1,1,0,0,0,1,0,0,0.11,0.11,0,0.11,Matches
863,Aitor Fernández,es ESP,GK,Levante,es La Liga,29,1991,29,29,"2,610",29,0,0,0,0,0,0,0,0,0,0,0,0,0,Matches
864,Álex Fernández,es ESP,MF,Cádiz,es La Liga,27,1992,25,21,"1,946",21.6,4,1,5,2,2,2,1,0,0.18,0.05,0.23,0.09,0.14,Matches
865,Álvaro Fernández,es ESP,GK,Huesca,es La Liga,22,1998,22,22,"1,980",22,0,0,0,0,0,0,0,0,0,0,0,0,0,Matches
866,Andrés Fernández,es ESP,GK,Huesca,es La Liga,33,1986,16,16,"1,440",16,0,0,0,0,0,0,0,0,0,0,0,0,0,Matches
867,Augusto Fernández,ar ARG,MF,Cádiz,es La Liga,34,1986,12,4,369,4.1,0,0,0,0,0,0,1,0,0,0,0,0,0,Matches
868,Carlos Fernández,es ESP,FW,Sevilla,es La Liga,24,1996,5,2,143,1.6,0,0,0,0,0,0,0,0,0,0,0,0,0,Matches
869,Carlos Fernández,es ESP,"MF,FW",Real Sociedad,es La Liga,24,1996,11,4,390,4.3,1,2,3,1,0,0,5,0,0.23,0.46,0.69,0.23,0.69,Matches
870,Federico Fernández,ar ARG,DF,Newcastle,eng Premier League,31,1989,24,24,"2,079",23.1,0,0,0,0,0,0,4,0,0,0,0,0,0,Matches
871,Joaquín Fernández,es ESP,DF,Valladolid,es La Liga,24,1996,25,24,"2,073",23,1,0,1,1,0,0,8,0,0.04,0,0.04,0.04,0.04,Matches
872,Fernandinho,br BRA,MF,Manchester City,eng Premier League,35,1985,21,12,"1,188",13.2,0,2,2,0,0,0,6,0,0,0.15,0.15,0,0.15,Matches
873,Fernando,br BRA,MF,Sevilla,es La Liga,33,1987,31,28,"2,546",28.3,3,4,7,3,0,0,6,0,0.11,0.14,0.25,0.11,0.25,Matches
874,Alex Ferrari,it ITA,DF,Sampdoria,it Serie A,26,1994,12,11,880,9.8,0,1,1,0,0,0,3,0,0,0.1,0.1,0,0.1,Matches
875,David Ferreiro,es ESP,"MF,FW",Huesca,es La Liga,32,1988,37,29,"2,527",28.1,2,4,6,2,0,0,5,0,0.07,0.14,0.21,0.07,0.21,Matches
Rk,Player,Nation,Pos,Squad,Comp,Age,Born,MP,Starts,Min,90s,Gls,Ast,G+A,G-PK,PK,PKatt,CrdY,CrdR,Gls,Ast,G+A,G-PK,G+A-PK,Matches
876,Salvador Ferrer,es ESP,DF,Spezia,it Serie A,22,1998,18,14,"1,190",13.2,0,1,1,0,0,0,4,0,0,0.08,0.08,0,0.08,Matches
877,Facundo Ferreyra,ar ARG,FW,Celta Vigo,es La Liga,29,1991,13,2,300,3.3,1,0,1,1,0,0,5,1,0.3,0,0.3,0.3,0.3,Matches
878,Jordan Ferri,fr FRA,MF,Montpellier,fr Ligue 1,28,1992,34,31,"2,577",28.6,0,3,3,0,0,0,6,0,0,0.1,0.1,0,0.1,Matches
879,Marco Festa,it ITA,GK,Crotone,it Serie A,28,1992,1,1,90,1,0,0,0,0,0,0,0,0,0,0,0,0,0,Matches
880,Fidel,es ESP,"MF,DF",Elche,es La Liga,30,1989,30,28,"2,396",26.6,6,3,9,4,2,3,8,0,0.23,0.11,0.34,0.15,0.26,Matches
881,Sam Field,eng ENG,MF,West Brom,eng Premier League,22,1998,3,0,62,0.7,0,0,0,0,0,0,0,0,0,0,0,0,0,Matches
882,Alfreð Finnbogason,is ISL,FW,Augsburg,de Bundesliga,31,1989,17,4,544,6,0,1,1,0,0,2,0,0,0,0.17,0.17,0,0.17,Matches
883,Roberto Firmino,br BRA,FW,Liverpool,eng Premier League,28,1991,36,33,"2,838",31.5,9,7,16,9,0,0,2,0,0.29,0.22,0.51,0.29,0.51,Matches
884,Junior Firpo,do DOM,"MF,DF",Barcelona,es La Liga,23,1996,7,3,289,3.2,1,1,2,1,0,0,2,0,0.31,0.31,0.62,0.31,0.62,Matches
885,Will Fish,eng ENG,DF,Manchester Utd,eng Premier League,17,2003,1,0,1,0,0,0,0,0,0,0,0,0,0,0,0,0,0,Matches
886,John Fleck,sct SCO,MF,Sheffield United,eng Premier League,28,1991,31,29,"2,575",28.6,0,2,2,0,0,0,4,0,0,0.07,0.07,0,0.07,Matches
887,Mark Flekken,nl NED,GK,Freiburg,de Bundesliga,27,1993,3,3,270,3,0,0,0,0,0,0,0,0,0,0,0,0,0,Matches
888,Florian Flick,de GER,MF,Schalke 04,de Bundesliga,20,2000,4,4,360,4,1,0,1,1,0,0,1,0,0.25,0,0.25,0.25,0.25,Matches
889,Alexis Flips,fr FRA,MF,Reims,fr Ligue 1,20,2000,2,0,43,0.5,1,0,1,1,0,0,0,0,2.09,0,2.09,2.09,2.09,Matches
890,Alessandro Florenzi,it ITA,"DF,MF",PSG,fr Ligue 1,29,1991,21,18,"1,538",17.1,2,1,3,2,0,0,1,0,0.12,0.06,0.18,0.12,0.18,Matches
891,Kingsley Fobi,gh GHA,DF,Granada,es La Liga,21,1998,1,0,45,0.5,0,0,0,0,0,0,0,0,0,0,0,0,0,Matches
892,Phil Foden,eng ENG,"FW,MF",Manchester City,eng Premier League,20,2000,28,17,"1,616",18,9,5,14,9,0,0,0,0,0.5,0.28,0.78,0.5,0.78,Matches
893,Mamadou Fofana,ml MLI,"MF,DF",Metz,fr Ligue 1,22,1998,16,11,"1,070",11.9,0,0,0,0,0,0,2,0,0,0,0,0,0,Matches
894,Seko Fofana,ci CIV,MF,Lens,fr Ligue 1,25,1995,30,25,"2,309",25.7,2,3,5,2,0,0,2,0,0.08,0.12,0.19,0.08,0.19,Matches
895,Wesley Fofana,fr FRA,DF,Leicester City,eng Premier League,19,2000,28,27,"2,262",25.1,0,0,0,0,0,0,7,0,0,0,0,0,0,Matches
896,Wesley Fofana,fr FRA,DF,Saint-Étienne,fr Ligue 1,19,2000,4,3,315,3.5,0,0,0,0,0,0,1,0,0,0,0,0,0,Matches
897,Youssouf Fofana,fr FRA,MF,Monaco,fr Ligue 1,21,1999,35,35,"2,873",31.9,0,3,3,0,0,0,10,1,0,0.09,0.09,0,0.09,Matches
898,Thomas Foket,be BEL,DF,Reims,fr Ligue 1,25,1994,37,37,"3,324",36.9,0,3,3,0,0,0,4,0,0,0.08,0.08,0,0.08,Matches
899,Ramón Folch,es ESP,MF,Elche,es La Liga,30,1989,1,0,1,0,0,0,0,0,0,0,0,0,0,0,0,0,0,Matches
900,Lamine Fomba,fr FRA,MF,Nîmes,fr Ligue 1,22,1998,32,24,"2,175",24.2,1,1,2,1,0,0,8,0,0.04,0.04,0.08,0.04,0.08,Matches
Rk,Player,Nation,Pos,Squad,Comp,Age,Born,MP,Starts,Min,90s,Gls,Ast,G+A,G-PK,PK,PKatt,CrdY,CrdR,Gls,Ast,G+A,G-PK,G+A-PK,Matches
901,Thomas Fontaine,mg MAD,DF,Lorient,fr Ligue 1,29,1991,4,4,320,3.6,0,0,0,0,0,0,0,0,0,0,0,0,0,Matches
902,José Fontán,es ESP,DF,Celta Vigo,es La Liga,20,2000,14,7,652,7.2,0,0,0,0,0,0,3,1,0,0,0,0,0,Matches
903,José Fonte,pt POR,DF,Lille,fr Ligue 1,36,1983,36,36,"3,185",35.4,3,0,3,3,0,0,7,0,0.08,0,0.08,0.08,0.08,Matches
904,Fernando Forestieri,it ITA,FW,Udinese,it Serie A,30,1990,19,3,552,6.1,1,1,2,1,0,0,1,0,0.16,0.16,0.33,0.16,0.33,Matches
905,Pablo Fornals,es ESP,MF,West Ham,eng Premier League,24,1996,33,31,"2,572",28.6,5,4,9,5,0,0,3,0,0.17,0.14,0.31,0.17,0.31,Matches
906,Emil Forsberg,se SWE,"FW,MF",RB Leipzig,de Bundesliga,28,1991,29,20,"1,539",17.1,7,4,11,5,2,3,0,0,0.41,0.23,0.64,0.29,0.53,Matches
907,Fraser Forster,eng ENG,GK,Southampton,eng Premier League,32,1988,8,8,720,8,0,0,0,0,0,0,0,0,0,0,0,0,0,Matches
908,Philipp Förster,de GER,MF,Stuttgart,de Bundesliga,25,1995,25,17,"1,509",16.8,3,1,4,3,0,1,4,0,0.18,0.06,0.24,0.18,0.24,Matches
909,Steven Fortes,cv CPV,DF,Lens,fr Ligue 1,28,1992,18,16,"1,435",15.9,0,0,0,0,0,0,7,1,0,0,0,0,0,Matches
910,Yassin Fortuné,ht HAI,"FW,MF",Angers,fr Ligue 1,21,1999,1,0,15,0.2,0,0,0,0,0,0,0,0,0,0,0,0,0,Matches
911,Timothy Fosu-Mensah,nl NED,DF,Manchester Utd,eng Premier League,22,1998,1,1,80,0.9,0,0,0,0,0,0,1,0,0,0,0,0,0,Matches
912,Timothy Fosu-Mensah,nl NED,DF,Leverkusen,de Bundesliga,22,1998,6,5,409,4.5,0,0,0,0,0,0,2,0,0,0,0,0,0,Matches
913,Daam Foulon,be BEL,"DF,MF",Benevento,it Serie A,21,1999,23,11,"1,021",11.3,0,1,1,0,0,0,4,0,0,0.09,0.09,0,0.09,Matches
914,Dimitri Foulquier,fr FRA,"DF,MF",Granada,es La Liga,27,1993,32,32,"2,663",29.6,0,4,4,0,0,0,7,0,0,0.14,0.14,0,0.14,Matches
915,Juan Foyth,ar ARG,"DF,MF",Villarreal,es La Liga,22,1998,16,13,"1,168",13,0,0,0,0,0,0,6,0,0,0,0,0,0,Matches
916,Gianluca Frabotta,it ITA,"DF,MF",Juventus,it Serie A,21,1999,15,8,689,7.7,0,1,1,0,0,0,5,0,0,0.13,0.13,0,0.13,Matches
917,Raphael Framberger,de GER,DF,Augsburg,de Bundesliga,24,1995,21,19,"1,540",17.1,0,1,1,0,0,0,6,1,0,0.06,0.06,0,0.06,Matches
918,Tyrese Francois,au AUS,MF,Fulham,eng Premier League,20,2000,1,0,15,0.2,0,0,0,0,0,0,0,0,0,0,0,0,0,Matches
919,Ryan Fraser,sct SCO,"FW,MF",Newcastle,eng Premier League,26,1994,18,9,928,10.3,0,2,2,0,0,0,2,1,0,0.19,0.19,0,0.19,Matches
920,Fred,br BRA,MF,Manchester Utd,eng Premier League,27,1993,30,27,"2,390",26.6,1,0,1,1,0,0,5,0,0.04,0,0.04,0.04,0.04,Matches
921,Ryan Fredericks,eng ENG,"DF,MF",West Ham,eng Premier League,27,1992,14,6,569,6.3,1,1,2,1,0,0,2,0,0.16,0.16,0.32,0.16,0.32,Matches
922,Remo Freuler,ch SUI,MF,Atalanta,it Serie A,28,1992,34,32,"2,712",30.1,2,3,5,2,0,0,5,0,0.07,0.1,0.17,0.07,0.17,Matches
923,Marco Friedl,at AUT,DF,Werder Bremen,de Bundesliga,22,1998,32,31,"2,785",30.9,0,0,0,0,0,0,6,0,0,0,0,0,0,Matches
924,Marvin Friedrich,de GER,DF,Union Berlin,de Bundesliga,24,1995,34,34,"3,060",34,5,2,7,5,0,0,1,0,0.15,0.06,0.21,0.15,0.21,Matches
925,Jeremie Frimpong,nl NED,"DF,MF",Leverkusen,de Bundesliga,19,2000,10,4,436,4.8,0,0,0,0,0,0,1,0,0,0,0,0,0,Matches
Rk,Player,Nation,Pos,Squad,Comp,Age,Born,MP,Starts,Min,90s,Gls,Ast,G+A,G-PK,PK,PKatt,CrdY,CrdR,Gls,Ast,G+A,G-PK,G+A-PK,Matches
926,Jorge de Frutos,es ESP,MF,Levante,es La Liga,23,1997,37,22,"2,186",24.3,4,9,13,4,0,0,3,0,0.16,0.37,0.54,0.16,0.54,Matches
927,Christian Fuchs,at AUT,DF,Leicester City,eng Premier League,34,1986,9,8,702,7.8,0,0,0,0,0,0,4,0,0,0,0,0,0,Matches
928,Angelo Fulgini,nc NCL,MF,Angers,fr Ligue 1,23,1996,33,33,"2,725",30.3,7,3,10,6,1,1,4,0,0.23,0.1,0.33,0.2,0.3,Matches
929,Niclas Füllkrug,de GER,"FW,MF",Werder Bremen,de Bundesliga,27,1993,19,10,877,9.7,6,0,6,4,2,2,1,0,0.62,0,0.62,0.41,0.41,Matches
930,Ramiro Funes Mori,ar ARG,DF,Villarreal,es La Liga,29,1991,10,8,727,8.1,0,0,0,0,0,0,1,0,0,0,0,0,0,Matches
931,Darnell Furlong,eng ENG,"DF,MF",West Brom,eng Premier League,24,1995,35,32,"2,932",32.6,1,3,4,1,0,0,5,0,0.03,0.09,0.12,0.03,0.12,Matches
932,Daniel Fuzato,br BRA,GK,Roma,it Serie A,23,1997,5,5,450,5,0,0,0,0,0,0,0,0,0,0,0,0,0,Matches
933,Baptiste Gabard,fr FRA,MF,Saint-Étienne,fr Ligue 1,20,2000,2,2,133,1.5,0,0,0,0,0,0,1,0,0,0,0,0,0,Matches
934,Matteo Gabbia,it ITA,DF,Milan,it Serie A,20,1999,8,7,557,6.2,0,0,0,0,0,0,2,0,0,0,0,0,0,Matches
935,Manolo Gabbiadini,it ITA,FW,Sampdoria,it Serie A,28,1991,16,10,870,9.7,3,2,5,2,1,1,1,0,0.31,0.21,0.52,0.21,0.41,Matches
936,Mijat Gaćinović,rs SRB,"MF,FW",Hoffenheim,de Bundesliga,25,1995,23,7,822,9.1,0,2,2,0,0,0,5,0,0,0.22,0.22,0,0.22,Matches
937,Roberto Gagliardini,it ITA,MF,Inter,it Serie A,26,1994,28,14,"1,232",13.7,3,2,5,3,0,0,2,0,0.22,0.15,0.37,0.22,0.37,Matches
938,Riccardo Gagliolo,se SWE,DF,Parma,it Serie A,30,1990,28,22,"1,956",21.7,2,2,4,2,0,0,6,0,0.09,0.09,0.18,0.09,0.18,Matches
939,Adolfo Gaich,ar ARG,FW,Benevento,it Serie A,21,1999,15,9,768,8.5,2,0,2,2,0,0,1,0,0.23,0,0.23,0.23,0.23,Matches
940,Andrey Galabinov,bg BUL,FW,Spezia,it Serie A,31,1988,12,4,430,4.8,3,1,4,3,0,1,0,0,0.63,0.21,0.84,0.63,0.84,Matches
941,Javi Galán,es ESP,"MF,DF",Huesca,es La Liga,25,1994,37,34,"3,065",34.1,1,2,3,1,0,0,5,0,0.03,0.06,0.09,0.03,0.09,Matches
942,Conor Gallagher,eng ENG,MF,West Brom,eng Premier League,20,2000,30,28,"2,531",28.1,2,2,4,2,0,0,11,0,0.07,0.07,0.14,0.07,0.14,Matches
943,Enric Gallego,es ESP,FW,Osasuna,es La Liga,33,1986,22,8,806,9,0,2,2,0,0,0,2,0,0,0.22,0.22,0,0.22,Matches
944,Kévin Gameiro,fr FRA,FW,Valencia,es La Liga,33,1987,27,10,"1,077",12,4,1,5,4,0,0,0,0,0.33,0.08,0.42,0.33,0.42,Matches
945,Ignatius Ganago,cm CMR,FW,Lens,fr Ligue 1,21,1999,24,16,"1,304",14.5,7,0,7,7,0,0,0,0,0.48,0,0.48,0.48,0.48,Matches
946,Aleix García,es ESP,MF,Eibar,es La Liga,23,1997,11,5,437,4.9,0,1,1,0,0,0,1,0,0,0.21,0.21,0,0.21,Matches
947,Borja García,es ESP,"MF,FW",Huesca,es La Liga,29,1990,21,13,"1,117",12.4,1,0,1,1,0,0,0,0,0.08,0,0.08,0.08,0.08,Matches
948,Dani García,es ESP,MF,Athletic Club,es La Liga,30,1990,27,21,"1,920",21.3,0,1,1,0,0,0,8,0,0,0.05,0.05,0,0.05,Matches
949,David García,es ESP,DF,Osasuna,es La Liga,26,1994,35,35,"3,150",35,1,0,1,1,0,0,8,0,0.03,0,0.03,0.03,0.03,Matches
950,Eric García,es ESP,DF,Manchester City,eng Premier League,19,2001,6,3,383,4.3,0,0,0,0,0,0,0,0,0,0,0,0,0,Matches
Rk,Player,Nation,Pos,Squad,Comp,Age,Born,MP,Starts,Min,90s,Gls,Ast,G+A,G-PK,PK,PKatt,CrdY,CrdR,Gls,Ast,G+A,G-PK,G+A-PK,Matches
951,Manu García,es ESP,MF,Alavés,es La Liga,34,1986,25,10,"1,124",12.5,0,0,0,0,0,0,9,1,0,0,0,0,0,Matches
952,Raúl García,es ESP,"FW,MF",Athletic Club,es La Liga,34,1986,34,21,"1,743",19.4,5,1,6,3,2,3,8,2,0.26,0.05,0.31,0.15,0.21,Matches
953,Raúl García,es ESP,"DF,MF",Valladolid,es La Liga,31,1989,8,5,504,5.6,1,0,1,1,0,0,2,0,0.18,0,0.18,0.18,0.18,Matches
954,Rubén García,es ESP,"MF,FW",Osasuna,es La Liga,27,1993,37,33,"2,718",30.2,3,5,8,2,1,1,2,0,0.1,0.17,0.26,0.07,0.23,Matches
955,Sergi García,es ESP,MF,Alavés,es La Liga,21,1999,2,0,16,0.2,0,0,0,0,0,0,0,0,0,0,0,0,0,Matches
956,Unai García,es ESP,DF,Osasuna,es La Liga,28,1992,17,13,"1,242",13.8,0,0,0,0,0,0,3,0,0,0,0,0,0,Matches
957,Mario Gaspar,es ESP,DF,Villarreal,es La Liga,29,1990,24,21,"1,851",20.6,0,2,2,0,0,0,3,1,0,0.1,0.1,0,0.1,Matches
958,Manuel Gasparini,it ITA,GK,Udinese,it Serie A,18,2002,1,0,3,0,0,0,0,0,0,0,0,0,0,0,0,0,0,Matches
959,Dwight Gayle,eng ENG,FW,Newcastle,eng Premier League,29,1990,18,4,514,5.7,1,1,2,1,0,0,0,0,0.18,0.18,0.35,0.18,0.35,Matches
960,Paulo Gazzaniga,ar ARG,GK,Elche,es La Liga,28,1992,8,8,720,8,0,0,0,0,0,0,3,0,0,0,0,0,0,Matches
961,Jean-Philippe Gbamin,ci CIV,"DF,MF",Everton,eng Premier League,24,1995,1,0,12,0.1,0,0,0,0,0,0,0,0,0,0,0,0,0,Matches
962,Yann Gboho,fr FRA,MF,Rennes,fr Ligue 1,19,2001,10,2,303,3.4,0,0,0,0,0,0,0,0,0,0,0,0,0,Matches
963,David de Gea,es ESP,GK,Manchester Utd,eng Premier League,29,1990,26,26,"2,295",25.5,0,0,0,0,0,0,0,0,0,0,0,0,0,Matches
964,Christian Gebauer,at AUT,MF,Arminia,de Bundesliga,26,1993,23,5,687,7.6,1,1,2,1,0,0,0,0,0.13,0.13,0.26,0.13,0.26,Matches
965,Theodor Gebre Selassie,cz CZE,"MF,DF",Werder Bremen,de Bundesliga,33,1986,34,34,"3,032",33.7,3,1,4,3,0,0,3,0,0.09,0.03,0.12,0.09,0.12,Matches
966,Emrehan Gedikli,de GER,FW,Leverkusen,de Bundesliga,17,2003,1,0,25,0.3,0,0,0,0,0,0,0,0,0,0,0,0,0,Matches
967,Dennis Geiger,de GER,MF,Hoffenheim,de Bundesliga,22,1998,9,9,658,7.3,1,1,2,1,0,0,4,1,0.14,0.14,0.27,0.14,0.27,Matches
968,Christian Gentner,de GER,MF,Union Berlin,de Bundesliga,34,1985,22,13,"1,033",11.5,0,0,0,0,0,0,0,0,0,0,0,0,0,Matches
969,Yannick Gerhardt,de GER,MF,Wolfsburg,de Bundesliga,26,1994,29,21,"1,936",21.5,2,4,6,2,0,0,3,0,0.09,0.19,0.28,0.09,0.28,Matches
970,Valère Germain,fr FRA,"FW,MF",Marseille,fr Ligue 1,30,1990,24,6,857,9.5,3,0,3,3,0,0,1,0,0.32,0,0.32,0.32,0.32,Matches
971,Gervinho,ci CIV,FW,Parma,it Serie A,33,1987,27,25,"2,021",22.5,5,1,6,5,0,0,0,0,0.22,0.04,0.27,0.22,0.27,Matches
972,Willem Geubbels,fr FRA,"MF,FW",Monaco,fr Ligue 1,18,2001,14,2,294,3.3,1,0,1,1,0,0,3,1,0.31,0,0.31,0.31,0.31,Matches
973,Hamadi Al Ghaddioui,ma MAR,FW,Stuttgart,de Bundesliga,29,1990,6,0,46,0.5,0,0,0,0,0,0,0,0,0,0,0,0,0,Matches
974,Anwar El Ghazi,nl NED,"MF,FW",Aston Villa,eng Premier League,25,1995,28,17,"1,613",17.9,10,0,10,6,4,4,2,0,0.56,0,0.56,0.33,0.33,Matches
975,Paolo Ghiglione,it ITA,MF,Genoa,it Serie A,23,1997,23,14,"1,358",15.1,0,4,4,0,0,0,4,0,0,0.27,0.27,0,0.27,Matches
Rk,Player,Nation,Pos,Squad,Comp,Age,Born,MP,Starts,Min,90s,Gls,Ast,G+A,G-PK,PK,PKatt,CrdY,CrdR,Gls,Ast,G+A,G-PK,G+A-PK,Matches
976,Faouzi Ghoulam,dz ALG,DF,Napoli,it Serie A,29,1991,11,3,289,3.2,0,0,0,0,0,0,1,0,0,0,0,0,0,Matches
977,Kieran Gibbs,eng ENG,"DF,MF",West Brom,eng Premier League,30,1989,10,9,809,9,0,0,0,0,0,0,1,1,0,0,0,0,0,Matches
978,Morgan Gibbs-White,eng ENG,"MF,FW",Wolves,eng Premier League,20,2000,11,4,414,4.6,1,0,1,1,0,0,1,0,0.22,0,0.22,0.22,0.22,Matches
979,Niko Gießelmann,de GER,"MF,DF",Union Berlin,de Bundesliga,28,1991,13,4,430,4.8,0,0,0,0,0,0,3,0,0,0,0,0,0,Matches
980,Rafał Gikiewicz,pl POL,GK,Augsburg,de Bundesliga,32,1987,34,34,"3,060",34,0,0,0,0,0,0,3,0,0,0,0,0,0,Matches
981,Bryan Gil,es ESP,"FW,MF",Sevilla,es La Liga,19,2001,1,0,13,0.1,0,0,0,0,0,0,0,0,0,0,0,0,0,Matches
982,Bryan Gil,es ESP,MF,Eibar,es La Liga,19,2001,28,26,"2,265",25.2,4,3,7,4,0,0,6,0,0.16,0.12,0.28,0.16,0.28,Matches
983,David Gil,es ESP,GK,Cádiz,es La Liga,26,1994,4,4,360,4,0,0,0,0,0,0,0,0,0,0,0,0,0,Matches
984,Billy Gilmour,sct SCO,MF,Chelsea,eng Premier League,19,2001,5,3,261,2.9,0,0,0,0,0,0,0,0,0,0,0,0,0,Matches
985,Álvaro Giménez,es ESP,FW,Cádiz,es La Liga,29,1991,11,3,407,4.5,2,1,3,2,0,0,0,0,0.44,0.22,0.66,0.44,0.66,Matches
986,Daniel Ginczek,de GER,FW,Wolfsburg,de Bundesliga,29,1991,11,1,215,2.4,0,0,0,0,0,0,0,0,0,0,0,0,0,Matches
987,Matthias Ginter,de GER,DF,Gladbach,de Bundesliga,26,1994,34,34,"3,060",34,2,1,3,2,0,0,2,0,0.06,0.03,0.09,0.06,0.09,Matches
988,Andrei Girotto,br BRA,"DF,MF",Nantes,fr Ligue 1,28,1992,34,29,"2,668",29.6,1,1,2,1,0,0,3,1,0.03,0.03,0.07,0.03,0.07,Matches
989,Olivier Giroud,fr FRA,FW,Chelsea,eng Premier League,33,1986,17,8,748,8.3,4,0,4,4,0,0,1,0,0.48,0,0.48,0.48,0.48,Matches
990,Robert Glatzel,de GER,FW,Mainz 05,de Bundesliga,26,1994,13,3,359,4,2,1,3,2,0,0,0,0,0.5,0.25,0.75,0.5,0.75,Matches
991,Kamil Glik,pl POL,DF,Benevento,it Serie A,32,1988,36,36,"3,206",35.6,2,1,3,2,0,0,10,1,0.06,0.03,0.08,0.06,0.08,Matches
992,Serge Gnabry,de GER,MF,Bayern Munich,de Bundesliga,25,1995,27,20,"1,644",18.3,10,2,12,10,0,0,4,0,0.55,0.11,0.66,0.55,0.66,Matches
993,Ben Godfrey,eng ENG,DF,Everton,eng Premier League,22,1998,31,29,"2,685",29.8,0,2,2,0,0,0,4,0,0,0.07,0.07,0,0.07,Matches
994,Diego Godín,uy URU,DF,Cagliari,it Serie A,34,1986,28,28,"2,508",27.9,1,0,1,1,0,0,3,0,0.04,0,0.04,0.04,0.04,Matches
995,Akaki Gogia,de GER,"FW,MF",Union Berlin,de Bundesliga,28,1992,7,0,140,1.6,0,1,1,0,0,0,1,0,0,0.64,0.64,0,0.64,Matches
996,Amer Gojak,ba BIH,"MF,FW",Torino,it Serie A,23,1997,15,6,475,5.3,1,1,2,1,0,0,1,0,0.19,0.19,0.38,0.19,0.38,Matches
997,Edoardo Goldaniga,it ITA,"DF,MF",Genoa,it Serie A,26,1993,25,19,"1,857",20.6,0,1,1,0,0,0,8,0,0,0.05,0.05,0,0.05,Matches
998,Vladimir Golemić,si SVN,DF,Crotone,it Serie A,29,1991,30,26,"2,341",26,2,0,2,1,1,1,4,1,0.08,0,0.08,0.04,0.04,Matches
999,Pierluigi Gollini,it ITA,GK,Atalanta,it Serie A,25,1995,25,25,"2,156",24,0,0,0,0,0,0,0,1,0,0,0,0,0,Matches
1000,Aleksandr Golovin,ru RUS,MF,Monaco,fr Ligue 1,24,1996,21,12,"1,069",11.9,5,9,14,5,0,0,2,0,0.42,0.76,1.18,0.42,1.18,Matches
Rk,Player,Nation,Pos,Squad,Comp,Age,Born,MP,Starts,Min,90s,Gls,Ast,G+A,G-PK,PK,PKatt,CrdY,CrdR,Gls,Ast,G+A,G-PK,G+A-PK,Matches
1001,Tomislav Gomelt,hr CRO,MF,Crotone,it Serie A,25,1995,2,0,19,0.2,0,0,0,0,0,0,0,0,0,0,0,0,0,Matches
1002,André Gomes,pt POR,MF,Everton,eng Premier League,27,1993,28,17,"1,570",17.4,0,1,1,0,0,0,3,0,0,0.06,0.06,0,0.06,Matches
1003,Dani Gómez,es ESP,FW,Levante,es La Liga,22,1998,34,17,"1,666",18.5,2,2,4,2,0,0,3,0,0.11,0.11,0.22,0.11,0.22,Matches
1004,Ibai Gómez,es ESP,MF,Athletic Club,es La Liga,30,1989,13,4,424,4.7,0,1,1,0,0,0,0,0,0,0.21,0.21,0,0.21,Matches
1005,Joe Gomez,eng ENG,DF,Liverpool,eng Premier League,23,1997,7,6,590,6.6,0,0,0,0,0,0,0,0,0,0,0,0,0,Matches
1006,Maxi Gómez,uy URU,FW,Valencia,es La Liga,23,1996,31,31,"2,689",29.9,7,1,8,7,0,0,7,1,0.23,0.03,0.27,0.23,0.27,Matches
1007,Moi Gómez,es ESP,"MF,FW",Villarreal,es La Liga,26,1994,35,29,"2,563",28.5,4,0,4,3,1,1,1,0,0.14,0,0.14,0.11,0.11,Matches
1008,Papu Gómez,ar ARG,"MF,FW",Atalanta,it Serie A,32,1988,10,9,666,7.4,4,2,6,4,0,0,0,0,0.54,0.27,0.81,0.54,0.81,Matches
1009,Papu Gómez,ar ARG,"MF,FW",Sevilla,es La Liga,32,1988,18,11,914,10.2,3,1,4,3,0,0,0,0,0.3,0.1,0.39,0.3,0.39,Matches
1010,Sergi Gómez,es ESP,DF,Sevilla,es La Liga,28,1992,9,9,719,8,0,0,0,0,0,0,2,0,0,0,0,0,0,Matches
1011,Sergio Gómez,es ESP,"MF,FW",Huesca,es La Liga,19,2000,29,4,792,8.8,0,1,1,0,0,0,1,0,0,0.11,0.11,0,0.11,Matches
1012,Alfred Gomis,sn SEN,GK,Dijon,fr Ligue 1,26,1993,5,5,450,5,0,0,0,0,0,0,0,0,0,0,0,0,0,Matches
1013,Alfred Gomis,sn SEN,GK,Rennes,fr Ligue 1,26,1993,22,22,"1,980",22,0,0,0,0,0,0,1,0,0,0,0,0,0,Matches
1014,Maxime Gonalons,fr FRA,MF,Granada,es La Liga,31,1989,25,18,"1,480",16.4,0,1,1,0,0,0,7,1,0,0.06,0.06,0,0.06,Matches
1015,Vagner Gonçalves,cv CPV,"FW,MF",Metz,fr Ligue 1,24,1996,26,10,967,10.7,4,1,5,2,2,2,3,0,0.37,0.09,0.47,0.19,0.28,Matches
1016,Álvaro González,es ESP,DF,Marseille,fr Ligue 1,30,1990,32,32,"2,831",31.5,2,3,5,2,0,0,14,0,0.06,0.1,0.16,0.06,0.16,Matches
1017,Bruno González,es ESP,DF,Valladolid,es La Liga,30,1990,27,25,"2,263",25.1,1,0,1,1,0,0,8,0,0.04,0,0.04,0.04,0.04,Matches
1018,Diego González,es ESP,DF,Elche,es La Liga,25,1995,19,15,"1,280",14.2,1,0,1,1,0,0,5,0,0.07,0,0.07,0.07,0.07,Matches
1019,Nicolás González,ar ARG,"FW,MF",Stuttgart,de Bundesliga,22,1998,15,10,934,10.4,6,2,8,3,3,4,5,0,0.58,0.19,0.77,0.29,0.48,Matches
1020,Sergio González,es ESP,MF,Cádiz,es La Liga,23,1997,1,1,90,1,0,0,0,0,0,0,0,0,0,0,0,0,0,Matches
1021,Urko González,es ESP,MF,Real Sociedad,es La Liga,19,2001,2,1,47,0.5,0,0,0,0,0,0,1,0,0,0,0,0,0,Matches
1022,Anthony Gordon,eng ENG,MF,Everton,eng Premier League,19,2001,3,1,88,1,0,0,0,0,0,0,0,0,0,0,0,0,0,Matches
1023,Leon Goretzka,de GER,MF,Bayern Munich,de Bundesliga,25,1995,24,18,"1,705",18.9,5,5,10,5,0,0,2,0,0.26,0.26,0.53,0.26,0.53,Matches
1024,Andoni Gorosabel,es ESP,DF,Real Sociedad,es La Liga,23,1996,32,28,"2,382",26.5,0,1,1,0,0,0,3,0,0,0.04,0.04,0,0.04,Matches
1025,Robin Gosens,de GER,MF,Atalanta,it Serie A,26,1994,32,30,"2,523",28,10,6,16,10,0,0,9,1,0.36,0.21,0.57,0.36,0.57,Matches
Rk,Player,Nation,Pos,Squad,Comp,Age,Born,MP,Starts,Min,90s,Gls,Ast,G+A,G-PK,PK,PKatt,CrdY,CrdR,Gls,Ast,G+A,G-PK,G+A-PK,Matches
1026,Amine Gouiri,dz ALG,"FW,MF",Nice,fr Ligue 1,20,2000,34,31,"2,747",30.5,12,7,19,8,4,4,5,0,0.39,0.23,0.62,0.26,0.49,Matches
1027,Lucas Gourna-Douath,fr FRA,MF,Saint-Étienne,fr Ligue 1,16,2003,30,13,"1,327",14.7,0,0,0,0,0,0,8,0,0,0,0,0,0,Matches
1028,Jeffrey Gouweleeuw,nl NED,DF,Augsburg,de Bundesliga,29,1991,32,32,"2,835",31.5,1,0,1,1,0,0,9,0,0.03,0,0.03,0.03,0.03,Matches
1029,Jonathan Gradit,fr FRA,DF,Lens,fr Ligue 1,27,1992,33,33,"2,823",31.4,0,1,1,0,0,0,9,1,0,0.03,0.03,0,0.03,Matches
1030,Karlan Grant,eng ENG,"FW,MF",West Brom,eng Premier League,22,1997,21,14,"1,127",12.5,1,0,1,1,0,0,1,0,0.08,0,0.08,0.08,0.08,Matches
1031,Alberto Grassi,it ITA,"MF,DF",Parma,it Serie A,25,1995,23,13,"1,177",13.1,0,0,0,0,0,0,3,0,0,0,0,0,0,Matches
1032,Andrew Gravillon,gp GLP,DF,Lorient,fr Ligue 1,22,1998,26,26,"2,272",25.2,1,2,3,1,0,0,3,1,0.04,0.08,0.12,0.04,0.12,Matches
1033,Demarai Gray,jm JAM,"FW,MF",Leicester City,eng Premier League,24,1996,1,0,19,0.2,0,0,0,0,0,0,0,0,0,0,0,0,0,Matches
1034,Demarai Gray,jm JAM,"FW,MF",Leverkusen,de Bundesliga,24,1996,10,5,442,4.9,1,2,3,1,0,0,0,0,0.2,0.41,0.61,0.2,0.61,Matches
1035,Adrian Grbić,at AUT,FW,Lorient,fr Ligue 1,23,1996,33,9,961,10.7,4,0,4,1,3,3,2,0,0.37,0,0.37,0.09,0.09,Matches
1036,Jack Grealish,eng ENG,"MF,FW",Aston Villa,eng Premier League,24,1995,26,24,"2,185",24.3,6,10,16,6,0,0,6,0,0.25,0.41,0.66,0.25,0.66,Matches
1037,Etienne Green,eng ENG,GK,Saint-Étienne,fr Ligue 1,20,2000,8,8,720,8,0,0,0,0,0,0,0,0,0,0,0,0,0,Matches
1038,Mason Greenwood,eng ENG,"MF,FW",Manchester Utd,eng Premier League,18,2001,31,21,"1,822",20.2,7,2,9,7,0,0,2,0,0.35,0.1,0.44,0.35,0.44,Matches
1039,Michael Gregoritsch,at AUT,"FW,MF",Augsburg,de Bundesliga,26,1994,24,9,835,9.3,1,2,3,1,0,0,1,0,0.11,0.22,0.32,0.11,0.32,Matches
1040,Clément Grenier,fr FRA,MF,Rennes,fr Ligue 1,29,1991,23,12,"1,078",12,4,3,7,3,1,1,3,0,0.33,0.25,0.58,0.25,0.5,Matches
1041,Sebastian Griesbeck,de GER,MF,Union Berlin,de Bundesliga,29,1990,24,8,890,9.9,0,0,0,0,0,0,3,0,0,0,0,0,0,Matches
1042,Antoine Griezmann,fr FRA,"FW,MF",Barcelona,es La Liga,29,1991,36,32,"2,604",28.9,13,7,20,12,1,2,4,0,0.45,0.24,0.69,0.41,0.66,Matches
1043,Vincenzo Grifo,it ITA,"MF,FW",Freiburg,de Bundesliga,27,1993,31,27,"2,313",25.7,9,10,19,5,4,4,2,0,0.35,0.39,0.74,0.19,0.58,Matches
1044,Lennart Grill,de GER,GK,Leverkusen,de Bundesliga,21,1999,4,4,360,4,0,0,0,0,0,0,0,0,0,0,0,0,0,Matches
1045,Florian Grillitsch,at AUT,"MF,DF",Hoffenheim,de Bundesliga,24,1995,26,22,"1,879",20.9,2,1,3,2,0,0,6,1,0.1,0.05,0.14,0.1,0.14,Matches
1046,Christian Groß,de GER,"MF,DF",Werder Bremen,de Bundesliga,31,1989,23,17,"1,468",16.3,0,1,1,0,0,0,8,1,0,0.06,0.06,0,0.06,Matches
1047,Pascal Groß,de GER,MF,Brighton,eng Premier League,29,1991,34,27,"2,484",27.6,3,8,11,0,3,4,3,0,0.11,0.29,0.4,0,0.29,Matches
1048,Kamil Grosicki,pl POL,MF,West Brom,eng Premier League,32,1988,3,2,148,1.6,0,1,1,0,0,0,0,0,0,0.61,0.61,0,0.61,Matches
1049,Ilia Gruev,bg BUL,MF,Werder Bremen,de Bundesliga,20,2000,1,0,1,0,0,0,0,0,0,0,0,0,0,0,0,0,0,Matches
1050,Carlos Gruezo,ec ECU,MF,Augsburg,de Bundesliga,25,1995,28,23,"2,084",23.2,0,0,0,0,0,0,4,0,0,0,0,0,0,Matches
Rk,Player,Nation,Pos,Squad,Comp,Age,Born,MP,Starts,Min,90s,Gls,Ast,G+A,G-PK,PK,PKatt,CrdY,CrdR,Gls,Ast,G+A,G-PK,G+A-PK,Matches
1051,Vicente Guaita,es ESP,GK,Crystal Palace,eng Premier League,33,1987,37,37,"3,330",37,0,0,0,0,0,0,2,0,0,0,0,0,0,Matches
1052,Andrés Guardado,mx MEX,MF,Real Betis,es La Liga,33,1986,24,17,"1,318",14.6,1,0,1,1,0,0,4,0,0.07,0,0.07,0.07,0.07,Matches
1053,Sergi Guardiola,es ESP,FW,Valladolid,es La Liga,29,1991,29,19,"1,795",19.9,1,2,3,0,1,2,5,0,0.05,0.1,0.15,0,0.1,Matches
1054,Nemanja Gudelj,rs SRB,MF,Sevilla,es La Liga,28,1991,30,10,"1,041",11.6,0,0,0,0,0,0,8,0,0,0,0,0,0,Matches
1055,Gonçalo Guedes,pt POR,"MF,FW",Valencia,es La Liga,23,1996,31,27,"2,287",25.4,5,5,10,5,0,0,3,1,0.2,0.2,0.39,0.2,0.39,Matches
1056,Mattéo Guendouzi,fr FRA,MF,Hertha BSC,de Bundesliga,21,1999,24,19,"1,818",20.2,2,1,3,2,0,0,5,0,0.1,0.05,0.15,0.1,0.15,Matches
1057,Raphaël Guerreiro,pt POR,"DF,MF",Dortmund,de Bundesliga,26,1993,27,25,"2,218",24.6,5,10,15,5,0,0,1,0,0.2,0.41,0.61,0.2,0.61,Matches
1058,Evann Guessand,ci CIV,"FW,MF",Nice,fr Ligue 1,19,2001,3,0,29,0.3,0,0,0,0,0,0,0,0,0,0,0,0,0,Matches
1059,Kelyan Guessoum,dz ALG,DF,Nîmes,fr Ligue 1,21,1999,15,11,"1,128",12.5,0,0,0,0,0,0,2,0,0,0,0,0,0,Matches
1060,Ander Guevara,es ESP,MF,Real Sociedad,es La Liga,23,1997,31,25,"2,081",23.1,1,1,2,1,0,0,5,0,0.04,0.04,0.09,0.04,0.09,Matches
1061,Idrissa Gueye,sn SEN,MF,PSG,fr Ligue 1,30,1989,28,20,"1,581",17.6,2,1,3,2,0,0,3,0,0.11,0.06,0.17,0.11,0.17,Matches
1062,Lamine Gueye,sn SEN,"FW,MF",Metz,fr Ligue 1,22,1998,26,19,"1,454",16.2,3,2,5,3,0,0,1,0,0.19,0.12,0.31,0.19,0.31,Matches
1063,Pape Gueye,sn SEN,MF,Marseille,fr Ligue 1,21,1999,32,22,"2,058",22.9,2,0,2,2,0,0,11,1,0.09,0,0.09,0.09,0.09,Matches
1064,John Guidetti,se SWE,FW,Alavés,es La Liga,28,1992,10,1,208,2.3,1,0,1,1,0,0,1,0,0.43,0,0.43,0.43,0.43,Matches
1065,Josuha Guilavogui,fr FRA,"MF,DF",Wolfsburg,de Bundesliga,29,1990,20,7,747,8.3,0,1,1,0,0,0,3,0,0,0.12,0.12,0,0.12,Matches
1066,Frederic Guilbert,fr FRA,"DF,MF",Strasbourg,fr Ligue 1,25,1994,13,13,"1,114",12.4,1,4,5,1,0,0,2,1,0.08,0.32,0.4,0.08,0.4,Matches
1067,Hugo Guillamón,es ESP,DF,Valencia,es La Liga,20,2000,25,21,"1,988",22.1,1,0,1,1,0,0,8,0,0.05,0,0.05,0.05,0.05,Matches
1068,Bruno Guimarães,br BRA,MF,Lyon,fr Ligue 1,22,1997,33,21,"1,754",19.5,3,1,4,2,1,1,6,0,0.15,0.05,0.21,0.1,0.15,Matches
1069,Serhou Guirassy,gn GUI,FW,Rennes,fr Ligue 1,24,1996,27,19,"1,764",19.6,10,1,11,9,1,1,3,0,0.51,0.05,0.56,0.46,0.51,Matches
1070,Péter Gulácsi,hu HUN,GK,RB Leipzig,de Bundesliga,30,1990,33,33,"2,970",33,0,0,0,0,0,0,0,0,0,0,0,0,0,Matches
1071,Manuel Gulde,de GER,DF,Freiburg,de Bundesliga,29,1991,27,22,"1,954",21.7,2,0,2,2,0,0,3,0,0.09,0,0.09,0.09,0.09,Matches
1072,Robert Gumny,pl POL,DF,Augsburg,de Bundesliga,22,1998,24,14,"1,377",15.3,1,0,1,1,0,0,4,0,0.07,0,0.07,0.07,0.07,Matches
1073,İlkay Gündoğan,de GER,MF,Manchester City,eng Premier League,29,1990,28,23,"2,029",22.5,13,2,15,12,1,2,1,0,0.58,0.09,0.67,0.53,0.62,Matches
1074,Christian Günter,de GER,"DF,MF",Freiburg,de Bundesliga,27,1993,34,34,"3,060",34,3,3,6,3,0,0,2,0,0.09,0.09,0.18,0.09,0.18,Matches
1075,Koray Günter,de GER,DF,Hellas Verona,it Serie A,25,1994,27,21,"1,768",19.6,0,2,2,0,0,0,4,0,0,0.1,0.1,0,0.1,Matches
Rk,Player,Nation,Pos,Squad,Comp,Age,Born,MP,Starts,Min,90s,Gls,Ast,G+A,G-PK,PK,PKatt,CrdY,CrdR,Gls,Ast,G+A,G-PK,G+A-PK,Matches
1076,Jon Guridi,es ESP,MF,Real Sociedad,es La Liga,25,1995,17,8,831,9.2,0,1,1,0,0,0,2,0,0,0.11,0.11,0,0.11,Matches
1077,Malo Gusto,fr FRA,"DF,MF",Lyon,fr Ligue 1,17,2003,2,0,2,0,0,0,0,0,0,0,0,0,0,0,0,0,0,Matches
1078,Raúl Guti,es ESP,MF,Elche,es La Liga,23,1996,36,33,"2,862",31.8,3,1,4,3,0,0,4,1,0.09,0.03,0.13,0.09,0.13,Matches
1079,Miguel Gutiérrez,es ESP,DF,Real Madrid,es La Liga,19,2001,6,3,316,3.5,0,1,1,0,0,0,0,0,0,0.28,0.28,0,0.28,Matches
1080,Manu Gyabuaa,it ITA,MF,Atalanta,it Serie A,18,2001,1,0,2,0,0,0,0,0,0,0,0,0,0,0,0,0,0,Matches
1081,Emmanuel Gyasi,gh GHA,FW,Spezia,it Serie A,26,1994,37,32,"2,851",31.7,4,6,10,4,0,0,4,0,0.13,0.19,0.32,0.13,0.32,Matches
1082,Erling Haaland,no NOR,FW,Dortmund,de Bundesliga,20,2000,28,27,"2,407",26.7,27,6,33,25,2,4,2,0,1.01,0.22,1.23,0.93,1.16,Matches
1083,Janik Haberer,de GER,"MF,FW",Freiburg,de Bundesliga,26,1994,14,5,486,5.4,0,0,0,0,0,0,0,0,0,0,0,0,0,Matches
1084,Alexander Hack,de GER,DF,Mainz 05,de Bundesliga,26,1993,21,14,"1,370",15.2,1,0,1,1,0,0,2,0,0.07,0,0.07,0.07,0.07,Matches
1085,Antwoine Hackford,eng ENG,FW,Sheffield United,eng Premier League,16,2004,1,0,11,0.1,0,0,0,0,0,0,0,0,0,0,0,0,0,Matches
1086,Munir El Haddadi,ma MAR,"FW,MF",Sevilla,es La Liga,24,1995,24,9,845,9.4,4,2,6,4,0,0,2,0,0.43,0.21,0.64,0.43,0.64,Matches
1087,André Hahn,de GER,"MF,FW",Augsburg,de Bundesliga,29,1990,29,24,"2,037",22.6,8,3,11,8,0,0,4,0,0.35,0.13,0.49,0.35,0.49,Matches
1088,Amadou Haidara,ml MLI,MF,RB Leipzig,de Bundesliga,22,1998,31,21,"1,905",21.2,3,1,4,3,0,0,4,0,0.14,0.05,0.19,0.14,0.19,Matches
1089,Massadio Haïdara,ml MLI,"MF,DF",Lens,fr Ligue 1,27,1992,25,24,"2,132",23.7,2,1,3,2,0,0,6,0,0.08,0.04,0.13,0.08,0.13,Matches
1090,Achraf Hakimi,ma MAR,MF,Inter,it Serie A,21,1998,37,29,"2,665",29.6,7,8,15,7,0,0,6,0,0.24,0.27,0.51,0.24,0.51,Matches
1091,Sébastien Haller,ci CIV,FW,West Ham,eng Premier League,26,1994,16,10,937,10.4,3,0,3,3,0,0,0,0,0.29,0,0.29,0.29,0.29,Matches
1092,Marcel Halstenberg,de GER,DF,RB Leipzig,de Bundesliga,28,1991,24,19,"1,651",18.3,2,2,4,1,1,1,2,0,0.11,0.11,0.22,0.05,0.16,Matches
1093,Pierre-Yves Hamel,fr FRA,FW,Lorient,fr Ligue 1,26,1994,23,7,849,9.4,4,2,6,3,1,1,5,0,0.42,0.21,0.64,0.32,0.53,Matches
1094,Romain Hamouma,fr FRA,"FW,MF",Saint-Étienne,fr Ligue 1,33,1987,29,19,"1,769",19.7,6,1,7,6,0,0,5,0,0.31,0.05,0.36,0.31,0.36,Matches
1095,Samir Handanović,si SVN,GK,Inter,it Serie A,36,1984,37,37,"3,240",36,0,0,0,0,0,0,1,0,0,0,0,0,0,Matches
1096,Lukáš Haraslín,sk SVK,MF,Sassuolo,it Serie A,24,1996,14,2,333,3.7,0,0,0,0,0,0,1,1,0,0,0,0,0,Matches
1097,Amine Harit,ma MAR,"MF,FW",Schalke 04,de Bundesliga,23,1997,28,25,"2,101",23.3,2,5,7,2,0,0,4,0,0.09,0.21,0.3,0.09,0.3,Matches
1098,Rekeem Harper,eng ENG,MF,West Brom,eng Premier League,20,2000,2,0,32,0.4,0,0,0,0,0,0,0,0,0,0,0,0,0,Matches
1099,Jack Harrison,eng ENG,MF,Leeds United,eng Premier League,23,1996,36,34,"2,847",31.6,8,8,16,8,0,0,2,0,0.25,0.25,0.51,0.25,0.51,Matches
1100,Marcel Hartel,de GER,MF,Arminia,de Bundesliga,24,1996,22,20,"1,681",18.7,0,0,0,0,0,0,1,0,0,0,0,0,0,Matches
Rk,Player,Nation,Pos,Squad,Comp,Age,Born,MP,Starts,Min,90s,Gls,Ast,G+A,G-PK,PK,PKatt,CrdY,CrdR,Gls,Ast,G+A,G-PK,G+A-PK,Matches
1101,Makoto Hasebe,jp JPN,"MF,DF",Frankfurt,de Bundesliga,36,1984,29,26,"2,288",25.4,0,0,0,0,0,0,5,0,0,0,0,0,0,Matches
1102,Hans Hateboer,nl NED,MF,Atalanta,it Serie A,26,1994,22,20,"1,762",19.6,2,1,3,2,0,0,3,0,0.1,0.05,0.15,0.1,0.15,Matches
1103,Kortney Hause,eng ENG,DF,Aston Villa,eng Premier League,25,1995,7,7,630,7,1,0,1,1,0,0,2,0,0.14,0,0.14,0.14,0.14,Matches
1104,Kai Havertz,de GER,"MF,FW",Chelsea,eng Premier League,21,1999,27,18,"1,520",16.9,4,3,7,4,0,0,2,0,0.24,0.18,0.41,0.24,0.41,Matches
1105,Isaac Hayden,jm JAM,"MF,DF",Newcastle,eng Premier League,25,1995,24,22,"1,942",21.6,0,0,0,0,0,0,8,0,0,0,0,0,0,Matches
1106,Eden Hazard,be BEL,"FW,MF",Real Madrid,es La Liga,29,1991,14,7,532,5.9,3,2,5,3,0,0,0,0,0.51,0.34,0.85,0.51,0.85,Matches
1107,Thorgan Hazard,be BEL,"MF,FW",Dortmund,de Bundesliga,27,1993,16,8,654,7.3,1,3,4,1,0,0,0,0,0.14,0.41,0.55,0.14,0.55,Matches
1108,Jonas Hector,de GER,MF,Köln,de Bundesliga,30,1990,19,15,"1,290",14.3,3,1,4,3,0,0,2,0,0.21,0.07,0.28,0.21,0.28,Matches
1109,Michael Hector,jm JAM,DF,Fulham,eng Premier League,28,1992,4,3,263,2.9,0,0,0,0,0,0,2,0,0,0,0,0,0,Matches
1110,Hwang Hee-chan,kr KOR,"FW,MF",RB Leipzig,de Bundesliga,24,1996,18,3,460,5.1,0,1,1,0,0,0,2,0,0,0.2,0.2,0,0.2,Matches
1111,Ahmed Hegazi,eg EGY,DF,West Brom,eng Premier League,29,1991,1,1,90,1,0,0,0,0,0,0,0,0,0,0,0,0,0,Matches
1112,Dominique Heintz,de GER,DF,Freiburg,de Bundesliga,26,1993,21,14,"1,369",15.2,0,0,0,0,0,0,3,0,0,0,0,0,0,Matches
1113,Dean Henderson,eng ENG,GK,Manchester Utd,eng Premier League,23,1997,13,12,"1,125",12.5,0,0,0,0,0,0,3,0,0,0,0,0,0,Matches
1114,Jordan Henderson,eng ENG,"MF,DF",Liverpool,eng Premier League,30,1990,21,20,"1,704",18.9,1,1,2,1,0,0,0,0,0.05,0.05,0.11,0.05,0.11,Matches
1115,Jeff Hendrick,ie IRL,MF,Newcastle,eng Premier League,28,1992,22,17,"1,422",15.8,2,1,3,2,0,0,3,1,0.13,0.06,0.19,0.13,0.19,Matches
1116,Benjamin Henrichs,de GER,"MF,DF",RB Leipzig,de Bundesliga,23,1997,13,5,540,6,0,1,1,0,0,0,3,0,0,0.17,0.17,0,0.17,Matches
1117,Caio Henrique,br BRA,"DF,MF",Monaco,fr Ligue 1,23,1997,31,26,"2,368",26.3,0,4,4,0,0,0,0,0,0,0.15,0.15,0,0.15,Matches
1118,Dalbert Henrique,br BRA,DF,Rennes,fr Ligue 1,26,1993,13,3,373,4.1,0,1,1,0,0,0,3,0,0,0.24,0.24,0,0.24,Matches
1119,Eduardo Henrique,br BRA,MF,Crotone,it Serie A,25,1995,18,8,924,10.3,1,0,1,1,0,0,4,0,0.1,0,0.1,0.1,0.1,Matches
1120,Luis Henrique,br BRA,MF,Marseille,fr Ligue 1,18,2001,19,6,675,7.5,0,5,5,0,0,0,0,0,0,0.67,0.67,0,0.67,Matches
1121,Christophe Hérelle,mq MTQ,DF,Brest,fr Ligue 1,27,1992,16,15,"1,377",15.3,0,0,0,0,0,0,4,0,0,0,0,0,0,Matches
1122,Jérôme Hergault,fr FRA,"DF,MF",Lorient,fr Ligue 1,34,1986,22,19,"1,625",18.1,2,0,2,2,0,0,0,0,0.11,0,0.11,0.11,0.11,Matches
1123,Mario Hermoso,es ESP,DF,Atlético Madrid,es La Liga,25,1995,31,30,"2,578",28.6,1,1,2,1,0,0,6,0,0.03,0.03,0.07,0.03,0.07,Matches
1124,Aridane Hernández,es ESP,DF,Osasuna,es La Liga,31,1989,24,24,"2,026",22.5,0,0,0,0,0,0,3,1,0,0,0,0,0,Matches
1125,Lucas Hernández,fr FRA,DF,Bayern Munich,de Bundesliga,24,1996,23,18,"1,597",17.7,0,2,2,0,0,0,4,0,0,0.11,0.11,0,0.11,Matches
Rk,Player,Nation,Pos,Squad,Comp,Age,Born,MP,Starts,Min,90s,Gls,Ast,G+A,G-PK,PK,PKatt,CrdY,CrdR,Gls,Ast,G+A,G-PK,G+A-PK,Matches
1126,Pablo Hernández,es ESP,MF,Leeds United,eng Premier League,35,1985,16,3,427,4.7,0,2,2,0,0,0,1,0,0,0.42,0.42,0,0.42,Matches
1127,Theo Hernández,fr FRA,DF,Milan,it Serie A,22,1997,33,33,"2,933",32.6,7,5,12,7,0,0,9,0,0.21,0.15,0.37,0.21,0.37,Matches
1128,Hernani,br BRA,MF,Parma,it Serie A,26,1994,33,27,"2,189",24.3,7,3,10,6,1,1,11,0,0.29,0.12,0.41,0.25,0.37,Matches
1129,Ander Herrera,es ESP,MF,PSG,fr Ligue 1,30,1989,31,18,"1,851",20.6,1,3,4,1,0,0,6,0,0.05,0.15,0.19,0.05,0.19,Matches
1130,Héctor Herrera,mx MEX,MF,Atlético Madrid,es La Liga,30,1990,16,8,682,7.6,0,1,1,0,0,0,2,0,0,0.13,0.13,0,0.13,Matches
1131,Sergio Herrera,es ESP,GK,Osasuna,es La Liga,27,1993,33,32,"2,958",32.9,0,0,0,0,0,0,2,0,0,0,0,0,0,Matches
1132,Yangel Herrera,ve VEN,MF,Granada,es La Liga,22,1998,32,25,"2,310",25.7,3,1,4,3,0,0,7,0,0.12,0.04,0.16,0.12,0.16,Matches
1133,Patrick Herrmann,de GER,"MF,FW",Gladbach,de Bundesliga,29,1991,27,9,876,9.7,0,3,3,0,0,0,3,0,0,0.31,0.31,0,0.31,Matches
1134,Pablo Hervías,es ESP,"DF,MF",Valladolid,es La Liga,27,1993,27,10,"1,204",13.4,0,5,5,0,0,0,1,0,0,0.37,0.37,0,0.37,Matches
1135,Përparim Hetemaj,fi FIN,MF,Benevento,it Serie A,33,1986,31,27,"2,212",24.6,0,2,2,0,0,0,5,0,0,0.08,0.08,0,0.08,Matches
1136,Son Heung-min,kr KOR,"MF,FW",Tottenham,eng Premier League,28,1992,37,36,"3,114",34.6,17,10,27,16,1,1,0,0,0.49,0.29,0.78,0.46,0.75,Matches
1137,Aaron Hickey,sct SCO,"DF,MF",Bologna,it Serie A,18,2002,11,10,758,8.4,0,0,0,0,0,0,3,1,0,0,0,0,0,Matches
1138,Vitorino Hilton,br BRA,DF,Montpellier,fr Ligue 1,42,1977,29,24,"2,117",23.5,0,1,1,0,0,0,4,2,0,0.04,0.04,0,0.04,Matches
1139,Martin Hinteregger,at AUT,DF,Frankfurt,de Bundesliga,27,1992,29,29,"2,527",28.1,2,1,3,2,0,0,4,0,0.07,0.04,0.11,0.07,0.11,Matches
1140,Marwin Hitz,ch SUI,GK,Dortmund,de Bundesliga,32,1987,16,16,"1,395",15.5,0,0,0,0,0,0,1,0,0,0,0,0,0,Matches
1141,Wesley Hoedt,nl NED,DF,Lazio,it Serie A,26,1994,17,10,952,10.6,0,0,0,0,0,0,6,0,0,0,0,0,0,Matches
1142,Ki-Jana Hoever,nl NED,"MF,DF",Wolves,eng Premier League,18,2002,12,5,577,6.4,0,0,0,0,0,0,1,0,0,0,0,0,0,Matches
1143,Nicolas Höfler,de GER,MF,Freiburg,de Bundesliga,30,1990,31,30,"2,729",30.3,1,3,4,1,0,0,11,0,0.03,0.1,0.13,0.03,0.13,Matches
1144,Jonas Hofmann,de GER,MF,Gladbach,de Bundesliga,28,1992,24,21,"1,817",20.2,6,11,17,3,3,3,1,0,0.3,0.54,0.84,0.15,0.69,Matches
1145,Marco Höger,de GER,DF,Köln,de Bundesliga,30,1989,3,1,53,0.6,0,0,0,0,0,0,0,0,0,0,0,0,0,Matches
1146,Rob Holding,eng ENG,DF,Arsenal,eng Premier League,24,1995,30,28,"2,558",28.4,0,1,1,0,0,0,2,0,0,0.04,0.04,0,0.04,Matches
1147,Lucas Höler,de GER,"FW,MF",Freiburg,de Bundesliga,26,1994,33,22,"2,089",23.2,4,4,8,4,0,0,5,0,0.17,0.17,0.34,0.17,0.34,Matches
1148,Mason Holgate,jm JAM,DF,Everton,eng Premier League,23,1996,28,26,"2,287",25.4,1,0,1,1,0,0,9,0,0.04,0,0.04,0.04,0.04,Matches
1149,Jordan Holsgrove,sct SCO,MF,Celta Vigo,es La Liga,20,1999,5,0,145,1.6,0,0,0,0,0,0,0,0,0,0,0,0,0,Matches
1150,Franck Honorat,fr FRA,MF,Brest,fr Ligue 1,23,1996,36,28,"2,458",27.3,8,4,12,8,0,0,3,0,0.29,0.15,0.44,0.29,0.44,Matches
Rk,Player,Nation,Pos,Squad,Comp,Age,Born,MP,Starts,Min,90s,Gls,Ast,G+A,G-PK,PK,PKatt,CrdY,CrdR,Gls,Ast,G+A,G-PK,G+A-PK,Matches
1151,Matthew Hoppe,us USA,FW,Schalke 04,de Bundesliga,19,2001,22,15,"1,305",14.5,6,1,7,6,0,0,3,0,0.41,0.07,0.48,0.41,0.48,Matches
1152,Jannes Horn,de GER,"DF,MF",Köln,de Bundesliga,23,1997,29,20,"1,768",19.6,0,1,1,0,0,0,6,0,0,0.05,0.05,0,0.05,Matches
1153,Timo Horn,de GER,GK,Köln,de Bundesliga,27,1993,34,34,"3,009",33.4,0,0,0,0,0,0,0,0,0,0,0,0,0,Matches
1154,Fraser Hornby,sct SCO,"FW,MF",Reims,fr Ligue 1,20,1999,3,0,35,0.4,0,0,0,0,0,0,1,0,0,0,0,0,0,Matches
1155,Conor Hourihane,ie IRL,MF,Aston Villa,eng Premier League,29,1991,4,3,225,2.5,1,1,2,1,0,0,0,0,0.4,0.4,0.8,0.4,0.8,Matches
1156,Lukáš Hrádecký,fi FIN,GK,Leverkusen,de Bundesliga,30,1989,29,29,"2,565",28.5,0,0,0,0,0,0,1,0,0,0,0,0,0,Matches
1157,Ajdin Hrustic,au AUS,MF,Frankfurt,de Bundesliga,24,1996,11,1,272,3,1,0,1,1,0,0,2,0,0.33,0,0.33,0.33,0.33,Matches
1158,Florian Hübner,de GER,DF,Union Berlin,de Bundesliga,29,1991,6,6,525,5.8,0,0,0,0,0,0,3,0,0,0,0,0,0,Matches
1159,Callum Hudson-Odoi,eng ENG,"MF,FW",Chelsea,eng Premier League,19,2000,23,10,"1,059",11.8,2,3,5,2,0,0,0,0,0.17,0.25,0.42,0.17,0.42,Matches
1160,Niall Huggins,wls WAL,DF,Leeds United,eng Premier League,19,2000,1,0,38,0.4,0,0,0,0,0,0,0,0,0,0,0,0,0,Matches
1161,Mats Hummels,de GER,DF,Dortmund,de Bundesliga,31,1988,33,32,"2,813",31.3,5,0,5,5,0,0,6,0,0.16,0,0.16,0.16,0.16,Matches
1162,Adrien Hunou,fr FRA,FW,Rennes,fr Ligue 1,26,1994,20,5,589,6.5,4,0,4,4,0,0,1,0,0.61,0,0.61,0.61,0.61,Matches
1163,Klaas-Jan Huntelaar,nl NED,FW,Schalke 04,de Bundesliga,36,1983,9,7,588,6.5,2,1,3,2,0,1,2,0,0.31,0.15,0.46,0.31,0.46,Matches
1164,Elseid Hysaj,al ALB,DF,Napoli,it Serie A,26,1994,24,20,"1,768",19.6,0,2,2,0,0,0,2,0,0,0.1,0.1,0,0.1,Matches
1165,Pierre Højbjerg,dk DEN,MF,Tottenham,eng Premier League,24,1995,38,38,"3,420",38,2,4,6,2,0,0,9,0,0.05,0.11,0.16,0.05,0.16,Matches
1166,Simone Iacoponi,it ITA,DF,Parma,it Serie A,33,1987,16,13,"1,193",13.3,0,0,0,0,0,0,3,1,0,0,0,0,0,Matches
1167,Iago,br BRA,"DF,MF",Augsburg,de Bundesliga,23,1997,18,18,"1,560",17.3,1,1,2,1,0,0,2,0,0.06,0.06,0.12,0.06,0.12,Matches
1168,Roger Ibanez,br BRA,DF,Roma,it Serie A,21,1998,30,28,"2,398",26.6,0,2,2,0,0,0,7,1,0,0.08,0.08,0,0.08,Matches
1169,Vedad Ibišević,ba BIH,FW,Schalke 04,de Bundesliga,35,1984,4,1,156,1.7,0,0,0,0,0,0,1,0,0,0,0,0,0,Matches
1170,Vicente Iborra,es ESP,MF,Villarreal,es La Liga,32,1988,13,10,928,10.3,0,0,0,0,0,0,4,0,0,0,0,0,0,Matches
1171,Didier Ibrahim Ndong,ga GAB,MF,Dijon,fr Ligue 1,26,1994,29,29,"2,610",29,0,1,1,0,0,0,7,0,0,0.03,0.03,0,0.03,Matches
1172,Zlatan Ibrahimović,se SWE,FW,Milan,it Serie A,38,1981,19,18,"1,493",16.6,15,2,17,12,3,6,2,1,0.9,0.12,1.02,0.72,0.84,Matches
1173,Mauro Icardi,ar ARG,FW,PSG,fr Ligue 1,27,1993,20,11,"1,079",12,7,3,10,6,1,1,1,0,0.58,0.25,0.83,0.5,0.75,Matches
1174,Oussama Idrissi,ma MAR,"FW,MF",Sevilla,es La Liga,24,1996,3,0,27,0.3,0,0,0,0,0,0,0,0,0,0,0,0,0,Matches
1175,Blendi Idrizi,xk KVX,MF,Schalke 04,de Bundesliga,22,1998,3,3,238,2.6,1,0,1,1,0,0,1,0,0.38,0,0.38,0.38,0.38,Matches
Rk,Player,Nation,Pos,Squad,Comp,Age,Born,MP,Starts,Min,90s,Gls,Ast,G+A,G-PK,PK,PKatt,CrdY,CrdR,Gls,Ast,G+A,G-PK,G+A-PK,Matches
1176,Odion Ighalo,ng NGA,FW,Manchester Utd,eng Premier League,31,1989,1,0,10,0.1,0,0,0,0,0,0,0,0,0,0,0,0,0,Matches
1177,Iglesias,es ESP,"MF,DF",Getafe,es La Liga,22,1998,10,7,605,6.7,0,0,0,0,0,0,2,0,0,0,0,0,0,Matches
1178,Borja Iglesias,es ESP,FW,Real Betis,es La Liga,27,1993,28,15,"1,411",15.7,11,0,11,6,5,5,2,0,0.7,0,0.7,0.38,0.38,Matches
1179,Igor,br BRA,"DF,MF",Fiorentina,it Serie A,22,1998,21,13,"1,168",13,0,0,0,0,0,0,5,0,0,0,0,0,0,Matches
1180,Kelechi Iheanacho,ng NGA,FW,Leicester City,eng Premier League,23,1996,25,16,"1,459",16.2,12,2,14,12,0,1,1,0,0.74,0.12,0.86,0.74,0.86,Matches
1181,Jonathan Ikone,fr FRA,"MF,FW",Lille,fr Ligue 1,22,1998,37,26,"2,177",24.2,4,5,9,3,1,1,0,0,0.17,0.21,0.37,0.12,0.33,Matches
1182,Yun Il-lok,kr KOR,"MF,FW",Montpellier,fr Ligue 1,28,1992,12,3,312,3.5,0,0,0,0,0,0,1,0,0,0,0,0,0,Matches
1183,Ivan Ilić,rs SRB,MF,Hellas Verona,it Serie A,19,2001,29,19,"1,835",20.4,2,0,2,2,0,0,2,0,0.1,0,0.1,0.1,0.1,Matches
1184,Josip Iličić,si SVN,"MF,FW",Atalanta,it Serie A,32,1988,28,17,"1,526",17,6,9,15,4,2,2,2,0,0.35,0.53,0.88,0.24,0.77,Matches
1185,Asier Illarramendi,es ESP,MF,Real Sociedad,es La Liga,30,1990,6,6,337,3.7,0,0,0,0,0,0,2,0,0,0,0,0,0,Matches
1186,Stefan Ilsanker,at AUT,"MF,DF",Frankfurt,de Bundesliga,31,1989,27,17,"1,578",17.5,1,0,1,1,0,0,4,0,0.06,0,0.06,0.06,0.06,Matches
1187,Ciro Immobile,it ITA,FW,Lazio,it Serie A,30,1990,35,34,"2,849",31.7,20,6,26,16,4,8,4,1,0.63,0.19,0.82,0.51,0.69,Matches
1188,Riccardo Improta,it ITA,"MF,DF",Benevento,it Serie A,26,1993,34,23,"2,335",25.9,1,0,1,1,0,0,7,0,0.04,0,0.04,0.04,0.04,Matches
1189,Roberto Inglese,it ITA,FW,Parma,it Serie A,28,1991,14,6,576,6.4,0,2,2,0,0,0,2,0,0,0.31,0.31,0,0.31,Matches
1190,Danny Ings,eng ENG,FW,Southampton,eng Premier League,28,1992,29,26,"2,173",24.1,12,4,16,10,2,2,1,0,0.5,0.17,0.66,0.41,0.58,Matches
1191,Marcus Ingvartsen,dk DEN,MF,Union Berlin,de Bundesliga,24,1996,30,24,"1,963",21.8,3,5,8,3,0,1,4,0,0.14,0.23,0.37,0.14,0.37,Matches
1192,Lorenzo Insigne,it ITA,MF,Napoli,it Serie A,29,1991,35,33,"2,865",31.8,19,8,27,12,7,8,2,1,0.6,0.25,0.85,0.38,0.63,Matches
1193,Roberto Insigne,it ITA,"MF,FW",Benevento,it Serie A,26,1994,30,17,"1,599",17.8,2,4,6,2,0,0,2,0,0.11,0.23,0.34,0.11,0.34,Matches
1194,Pablo Insua,es ESP,DF,Huesca,es La Liga,26,1993,20,17,"1,587",17.6,0,0,0,0,0,0,9,0,0,0,0,0,0,Matches
1195,Takashi Inui,jp JPN,"MF,FW",Eibar,es La Liga,32,1988,28,22,"1,819",20.2,1,0,1,1,0,0,0,0,0.05,0,0.05,0.05,0.05,Matches
1196,Artur Ioniță,md MDA,MF,Benevento,it Serie A,29,1990,36,34,"2,835",31.5,2,0,2,2,0,0,6,0,0.06,0,0.06,0.06,0.06,Matches
1197,Alexander Isak,se SWE,FW,Real Sociedad,es La Liga,20,1999,34,30,"2,340",26,17,2,19,17,0,1,4,0,0.65,0.08,0.73,0.65,0.73,Matches
1198,Isco,es ESP,"MF,FW",Real Madrid,es La Liga,28,1992,25,8,908,10.1,0,2,2,0,0,0,1,0,0,0.2,0.2,0,0.2,Matches
1199,Ardian Ismajli,al ALB,DF,Spezia,it Serie A,23,1996,17,14,"1,297",14.4,1,1,2,1,0,0,3,1,0.07,0.07,0.14,0.07,0.14,Matches
1200,Abass Issah,gh GHA,"FW,MF",Mainz 05,de Bundesliga,21,1998,2,0,18,0.2,0,0,0,0,0,0,0,0,0,0,0,0,0,Matches
Rk,Player,Nation,Pos,Squad,Comp,Age,Born,MP,Starts,Min,90s,Gls,Ast,G+A,G-PK,PK,PKatt,CrdY,CrdR,Gls,Ast,G+A,G-PK,G+A-PK,Matches
1201,Branislav Ivanović,rs SRB,DF,West Brom,eng Premier League,36,1984,13,8,767,8.5,0,0,0,0,0,0,2,0,0,0,0,0,0,Matches
1202,Alex Iwobi,ng NGA,"MF,FW",Everton,eng Premier League,24,1996,30,17,"1,542",17.1,1,2,3,1,0,0,0,0,0.06,0.12,0.18,0.06,0.18,Matches
1203,Jairo Izquierdo,es ESP,"MF,DF",Cádiz,es La Liga,26,1993,30,11,"1,277",14.2,1,0,1,1,0,0,4,0,0.07,0,0.07,0.07,0.07,Matches
1204,José Izquierdo,co COL,"FW,MF",Brighton,eng Premier League,28,1992,1,0,9,0.1,0,0,0,0,0,0,0,0,0,0,0,0,0,Matches
1205,Armando Izzo,it ITA,DF,Torino,it Serie A,28,1992,25,24,"2,004",22.3,2,0,2,2,0,0,3,0,0.09,0,0.09,0.09,0.09,Matches
1206,Phil Jagielka,eng ENG,DF,Sheffield United,eng Premier League,37,1982,10,6,526,5.8,0,0,0,0,0,0,1,1,0,0,0,0,0,Matches
1207,Alireza Jahanbakhsh,ir IRN,"MF,FW",Brighton,eng Premier League,26,1993,21,6,528,5.9,0,1,1,0,0,0,3,0,0,0.17,0.17,0,0.17,Matches
1208,Mato Jajalo,ba BIH,MF,Udinese,it Serie A,32,1988,1,0,34,0.4,0,0,0,0,0,0,0,0,0,0,0,0,0,Matches
1209,Ismail Jakobs,sn SEN,"MF,DF",Köln,de Bundesliga,20,1999,23,18,"1,726",19.2,1,1,2,1,0,0,6,0,0.05,0.05,0.1,0.05,0.1,Matches
1210,Daniel James,wls WAL,MF,Manchester Utd,eng Premier League,22,1997,15,11,910,10.1,3,1,4,3,0,0,3,0,0.3,0.1,0.4,0.3,0.4,Matches
1211,Reece James,eng ENG,"DF,MF",Chelsea,eng Premier League,20,1999,32,25,"2,373",26.4,1,2,3,1,0,0,3,0,0.04,0.08,0.11,0.04,0.11,Matches
1212,Alexandre Jankewitz,ch SUI,MF,Southampton,eng Premier League,18,2001,2,1,3,0,0,0,0,0,0,0,0,1,0,0,0,0,0,Matches
1213,Saidy Janko,gm GAM,"DF,MF",Valladolid,es La Liga,24,1995,19,14,"1,220",13.6,0,1,1,0,0,0,4,0,0,0.07,0.07,0,0.07,Matches
1214,Jakub Jankto,cz CZE,MF,Sampdoria,it Serie A,24,1996,35,29,"2,409",26.8,6,3,9,6,0,0,6,0,0.22,0.11,0.34,0.22,0.34,Matches
1215,Tony Jantschke,de GER,DF,Gladbach,de Bundesliga,30,1990,8,3,269,3,0,0,0,0,0,0,1,0,0,0,0,0,0,Matches
1216,Adnan Januzaj,be BEL,"MF,FW",Real Sociedad,es La Liga,25,1995,27,12,"1,014",11.3,4,5,9,1,3,3,2,0,0.36,0.44,0.8,0.09,0.53,Matches
1217,Rune Jarstein,no NOR,GK,Hertha BSC,de Bundesliga,35,1984,8,8,720,8,0,0,0,0,0,0,0,0,0,0,0,0,0,Matches
1218,Jason,es ESP,MF,Valencia,es La Liga,26,1994,17,4,441,4.9,0,0,0,0,0,0,4,1,0,0,0,0,0,Matches
1219,Corentin Jean,fr FRA,FW,Lens,fr Ligue 1,25,1995,23,6,580,6.4,1,1,2,1,0,0,3,0,0.16,0.16,0.31,0.16,0.31,Matches
1220,Daniel Jebbison,ca CAN,FW,Sheffield United,eng Premier League,16,2003,4,3,284,3.2,1,0,1,1,0,0,0,0,0.32,0,0.32,0.32,0.32,Matches
1221,Tin Jedvaj,hr CRO,DF,Leverkusen,de Bundesliga,24,1995,3,2,152,1.7,0,0,0,0,0,0,0,0,0,0,0,0,0,Matches
1222,Fredrik Jensen,fi FIN,FW,Augsburg,de Bundesliga,22,1997,13,1,377,4.2,0,1,1,0,0,0,0,0,0,0.24,0.24,0,0.24,Matches
1223,Jesé,es ESP,"FW,MF",PSG,fr Ligue 1,27,1993,2,0,24,0.3,0,0,0,0,0,0,0,0,0,0,0,0,0,Matches
1224,Gabriel Jesus,br BRA,FW,Manchester City,eng Premier League,23,1997,29,22,"2,063",22.9,9,4,13,9,0,0,2,0,0.39,0.17,0.57,0.39,0.57,Matches
1225,Juan Jesus,br BRA,DF,Roma,it Serie A,29,1991,5,0,157,1.7,0,0,0,0,0,0,0,0,0,0,0,0,0,Matches
Rk,Player,Nation,Pos,Squad,Comp,Age,Born,MP,Starts,Min,90s,Gls,Ast,G+A,G-PK,PK,PKatt,CrdY,CrdR,Gls,Ast,G+A,G-PK,G+A-PK,Matches
1226,Raúl Jiménez,mx MEX,FW,Wolves,eng Premier League,29,1991,10,10,823,9.1,4,0,4,4,0,0,0,0,0.44,0,0.44,0.44,0.44,Matches
1227,Joaquín,es ESP,MF,Real Betis,es La Liga,39,1981,27,16,"1,291",14.3,2,6,8,2,0,0,2,0,0.14,0.42,0.56,0.14,0.56,Matches
1228,John Joe,ie IRL,MF,Getafe,es La Liga,16,2003,6,0,65,0.7,0,0,0,0,0,0,0,0,0,0,0,0,0,Matches
1229,Joelinton,br BRA,"FW,MF",Newcastle,eng Premier League,23,1996,31,23,"1,983",22,4,2,6,3,1,1,3,0,0.18,0.09,0.27,0.14,0.23,Matches
1230,Marco John,de GER,MF,Hoffenheim,de Bundesliga,18,2002,14,12,997,11.1,0,0,0,0,0,0,1,0,0,0,0,0,0,Matches
1231,Ben Johnson,eng ENG,MF,West Ham,eng Premier League,20,2000,14,5,523,5.8,1,0,1,1,0,0,1,0,0.17,0,0.17,0.17,0.17,Matches
1232,Sam Johnstone,eng ENG,GK,West Brom,eng Premier League,27,1993,37,37,"3,330",37,0,1,1,0,0,0,1,0,0,0.03,0.03,0,0.03,Matches
1233,Curtis Jones,eng ENG,MF,Liverpool,eng Premier League,19,2001,24,13,"1,179",13.1,1,2,3,1,0,0,2,0,0.08,0.15,0.23,0.08,0.23,Matches
1234,Frenkie de Jong,nl NED,"MF,DF",Barcelona,es La Liga,23,1997,37,35,"3,154",35,3,4,7,3,0,0,5,0,0.09,0.11,0.2,0.09,0.2,Matches
1235,Luuk de Jong,nl NED,FW,Sevilla,es La Liga,29,1990,34,14,"1,268",14.1,4,0,4,4,0,0,3,0,0.28,0,0.28,0.28,0.28,Matches
1236,Jony,es ESP,"MF,FW",Osasuna,es La Liga,29,1991,22,9,871,9.7,0,2,2,0,0,0,0,0,0,0.21,0.21,0,0.21,Matches
1237,Joan Jordán,es ESP,MF,Sevilla,es La Liga,26,1994,35,28,"2,406",26.7,1,6,7,1,0,0,8,1,0.04,0.22,0.26,0.04,0.26,Matches
1238,Jorginho,it ITA,MF,Chelsea,eng Premier League,28,1991,28,23,"2,010",22.3,7,1,8,0,7,9,2,0,0.31,0.04,0.36,0,0.04,Matches
1239,Josan,es ESP,"MF,DF",Elche,es La Liga,30,1989,33,24,"1,926",21.4,4,2,6,4,0,0,3,0,0.19,0.09,0.28,0.19,0.28,Matches
1240,Willian José,br BRA,FW,Wolves,eng Premier League,28,1991,17,12,"1,110",12.3,1,0,1,1,0,0,0,0,0.08,0,0.08,0.08,0.08,Matches
1241,Willian José,br BRA,FW,Real Sociedad,es La Liga,28,1991,13,8,689,7.7,3,1,4,3,0,1,0,0,0.39,0.13,0.52,0.39,0.52,Matches
1242,Joselu,es ESP,FW,Alavés,es La Liga,30,1990,37,34,"3,026",33.6,11,3,14,9,2,4,1,0,0.33,0.09,0.42,0.27,0.36,Matches
1243,Josema,es ESP,DF,Elche,es La Liga,24,1996,29,21,"1,966",21.8,0,1,1,0,0,0,3,0,0,0.05,0.05,0,0.05,Matches
1244,Jota,pt POR,"MF,FW",Valladolid,es La Liga,21,1999,17,7,668,7.4,1,0,1,1,0,0,1,0,0.13,0,0.13,0.13,0.13,Matches
1245,Jota,es ESP,MF,Alavés,es La Liga,29,1991,23,18,"1,398",15.5,0,2,2,0,0,0,5,1,0,0.13,0.13,0,0.13,Matches
1246,Diogo Jota,pt POR,"FW,MF",Liverpool,eng Premier League,23,1996,19,12,"1,112",12.4,9,0,9,9,0,0,2,0,0.73,0,0.73,0.73,0.73,Matches
1247,Stevan Jovetić,me MNE,FW,Monaco,fr Ligue 1,30,1989,29,6,802,8.9,6,0,6,6,0,1,1,0,0.67,0,0.67,0.67,0.67,Matches
1248,Luka Jović,rs SRB,FW,Real Madrid,es La Liga,22,1997,4,2,149,1.7,0,0,0,0,0,0,0,0,0,0,0,0,0,Matches
1249,Luka Jović,rs SRB,FW,Frankfurt,de Bundesliga,22,1997,18,8,894,9.9,4,1,5,4,0,0,2,0,0.4,0.1,0.5,0.4,0.5,Matches
1250,Juanmi,es ESP,"FW,MF",Real Betis,es La Liga,27,1993,16,5,604,6.7,2,0,2,2,0,0,1,0,0.3,0,0.3,0.3,0.3,Matches
Rk,Player,Nation,Pos,Squad,Comp,Age,Born,MP,Starts,Min,90s,Gls,Ast,G+A,G-PK,PK,PKatt,CrdY,CrdR,Gls,Ast,G+A,G-PK,G+A-PK,Matches
1251,Hamed Junior Traorè,ci CIV,MF,Sassuolo,it Serie A,20,2000,35,20,"1,789",19.9,5,2,7,5,0,0,6,0,0.25,0.1,0.35,0.25,0.35,Matches
1252,Vinicius Júnior,br BRA,"FW,MF",Real Madrid,es La Liga,20,2000,35,22,"1,969",21.9,3,3,6,3,0,0,3,0,0.14,0.14,0.27,0.14,0.27,Matches
1253,James Justin,eng ENG,"DF,MF",Leicester City,eng Premier League,22,1998,23,23,"2,070",23,2,1,3,2,0,0,4,0,0.09,0.04,0.13,0.09,0.13,Matches
1254,Musa Juwara,gm GAM,MF,Bologna,it Serie A,18,2001,5,0,46,0.5,0,0,0,0,0,0,1,0,0,0,0,0,0,Matches
1255,Jens Jønsson,dk DEN,MF,Cádiz,es La Liga,27,1993,35,33,"2,615",29.1,0,0,0,0,0,0,6,0,0,0,0,0,0,Matches
1256,Ozan Kabak,tr TUR,DF,Liverpool,eng Premier League,20,2000,9,9,801,8.9,0,0,0,0,0,0,3,0,0,0,0,0,0,Matches
1257,Ozan Kabak,tr TUR,DF,Schalke 04,de Bundesliga,20,2000,14,14,"1,243",13.8,0,0,0,0,0,0,6,1,0,0,0,0,0,Matches
1258,Abdoul Kader Bamba,fr FRA,MF,Nantes,fr Ligue 1,26,1994,29,6,917,10.2,3,1,4,3,0,1,2,0,0.29,0.1,0.39,0.29,0.39,Matches
1259,Pavel Kadeřábek,cz CZE,"MF,DF",Hoffenheim,de Bundesliga,28,1992,20,17,"1,588",17.6,0,4,4,0,0,0,3,0,0,0.23,0.23,0,0.23,Matches
1260,Tino Kadewere,zw ZIM,FW,Lyon,fr Ligue 1,24,1996,33,24,"2,009",22.3,10,3,13,10,0,0,4,0,0.45,0.13,0.58,0.45,0.58,Matches
1261,Damian Kądzior,pl POL,"MF,FW",Eibar,es La Liga,28,1992,6,2,195,2.2,0,0,0,0,0,0,0,0,0,0,0,0,0,Matches
1262,Florian Kainz,at AUT,MF,Köln,de Bundesliga,27,1992,8,6,447,5,1,0,1,1,0,0,0,0,0.2,0,0.2,0.2,0.2,Matches
1263,Gaël Kakuta,cd COD,"MF,FW",Lens,fr Ligue 1,29,1991,35,30,"2,394",26.6,11,5,16,4,7,9,3,0,0.41,0.19,0.6,0.15,0.34,Matches
1264,Saša Kalajdžić,at AUT,FW,Stuttgart,de Bundesliga,23,1997,33,23,"2,136",23.7,16,5,21,16,0,0,1,0,0.67,0.21,0.88,0.67,0.88,Matches
1265,Arnaud Kalimuendo,fr FRA,FW,PSG,fr Ligue 1,18,2002,1,1,73,0.8,0,0,0,0,0,0,0,0,0,0,0,0,0,Matches
1266,Arnaud Kalimuendo,fr FRA,FW,Lens,fr Ligue 1,18,2002,28,13,"1,218",13.5,7,3,10,7,0,0,0,0,0.52,0.22,0.74,0.52,0.74,Matches
1267,Nikola Kalinić,hr CRO,FW,Hellas Verona,it Serie A,32,1988,19,15,"1,063",11.8,2,0,2,2,0,0,2,0,0.17,0,0.17,0.17,0.17,Matches
1268,Yayah Kallon,sl SLE,FW,Genoa,it Serie A,19,2001,1,0,45,0.5,0,0,0,0,0,0,0,0,0,0,0,0,0,Matches
1269,Samuel Kalu,ng NGA,"MF,FW",Bordeaux,fr Ligue 1,22,1997,20,14,964,10.7,4,1,5,4,0,0,3,0,0.37,0.09,0.47,0.37,0.47,Matches
1270,Pierre Kalulu,fr FRA,DF,Milan,it Serie A,20,2000,13,7,727,8.1,1,1,2,1,0,0,1,0,0.12,0.12,0.25,0.12,0.25,Matches
1271,Daichi Kamada,jp JPN,MF,Frankfurt,de Bundesliga,23,1996,32,28,"2,356",26.2,5,12,17,5,0,0,3,0,0.19,0.46,0.65,0.19,0.65,Matches
1272,Aboubakar Kamara,mr MTN,"FW,MF",Dijon,fr Ligue 1,25,1995,10,7,557,6.2,1,0,1,1,0,0,1,1,0.16,0,0.16,0.16,0.16,Matches
1273,Aboubakar Kamara,mr MTN,"MF,FW",Fulham,eng Premier League,25,1995,11,2,315,3.5,0,0,0,0,0,0,1,1,0,0,0,0,0,Matches
1274,Bingourou Kamara,sn SEN,GK,Strasbourg,fr Ligue 1,23,1996,8,8,720,8,0,0,0,0,0,0,0,0,0,0,0,0,0,Matches
1275,Boubacar Kamara,fr FRA,MF,Marseille,fr Ligue 1,20,1999,35,35,"2,894",32.2,0,2,2,0,0,0,6,0,0,0.06,0.06,0,0.06,Matches
Rk,Player,Nation,Pos,Squad,Comp,Age,Born,MP,Starts,Min,90s,Gls,Ast,G+A,G-PK,PK,PKatt,CrdY,CrdR,Gls,Ast,G+A,G-PK,G+A-PK,Matches
1276,Hassane Kamara,ci CIV,"DF,MF",Nice,fr Ligue 1,26,1994,36,34,"2,960",32.9,2,1,3,2,0,0,3,0,0.06,0.03,0.09,0.06,0.09,Matches
1277,Marcin Kamiński,pl POL,DF,Stuttgart,de Bundesliga,28,1992,5,2,219,2.4,0,0,0,0,0,0,0,0,0,0,0,0,0,Matches
1278,Kevin Kampl,si SVN,MF,RB Leipzig,de Bundesliga,29,1990,27,24,"1,932",21.5,0,1,1,0,0,0,6,0,0,0.05,0.05,0,0.05,Matches
1279,Harry Kane,eng ENG,FW,Tottenham,eng Premier League,27,1993,35,35,"3,082",34.2,23,14,37,19,4,4,1,0,0.67,0.41,1.08,0.55,0.96,Matches
1280,Lee Kang-in,kr KOR,"FW,MF",Valencia,es La Liga,19,2001,24,15,"1,262",14,0,4,4,0,0,0,1,0,0,0.29,0.29,0,0.29,Matches
1281,Wilfried Kanga,ci CIV,FW,Angers,fr Ligue 1,22,1998,2,2,132,1.5,0,0,0,0,0,0,0,0,0,0,0,0,0,Matches
1282,N'Golo Kanté,fr FRA,MF,Chelsea,eng Premier League,29,1991,30,24,"2,146",23.8,0,2,2,0,0,0,7,0,0,0.08,0.08,0,0.08,Matches
1283,Jimmy Kaparos,do DOM,MF,Schalke 04,de Bundesliga,18,2001,1,0,18,0.2,0,0,0,0,0,0,0,0,0,0,0,0,0,Matches
1284,Yann Karamoh,fr FRA,"FW,MF",Parma,it Serie A,22,1998,24,16,"1,294",14.4,2,1,3,2,0,0,3,0,0.14,0.07,0.21,0.14,0.21,Matches
1285,Isaac Karamoko,fr FRA,FW,Sassuolo,it Serie A,18,2002,1,0,1,0,0,0,0,0,0,0,0,0,0,0,0,0,0,Matches
1286,Atakan Karazor,tr TUR,"DF,MF",Stuttgart,de Bundesliga,23,1996,19,10,"1,037",11.5,0,0,0,0,0,0,3,0,0,0,0,0,0,Matches
1287,Augustus Kargbo,sl SLE,"FW,MF",Crotone,it Serie A,20,1999,1,0,32,0.4,0,0,0,0,0,0,0,0,0,0,0,0,0,Matches
1288,Loris Karius,de GER,GK,Union Berlin,de Bundesliga,27,1993,4,3,292,3.2,0,0,0,0,0,0,0,0,0,0,0,0,0,Matches
1289,Rick Karsdorp,nl NED,"MF,DF",Roma,it Serie A,25,1995,34,28,"2,544",28.3,1,6,7,1,0,0,2,0,0.04,0.21,0.25,0.04,0.25,Matches
1290,Silas Katompa,cd COD,MF,Stuttgart,de Bundesliga,21,1998,25,24,"1,919",21.3,11,4,15,8,3,3,6,0,0.52,0.19,0.7,0.38,0.56,Matches
1291,Noah Katterbach,de GER,"DF,MF",Köln,de Bundesliga,19,2001,21,12,"1,111",12.3,0,0,0,0,0,0,1,0,0,0,0,0,0,Matches
1292,Eiji Kawashima,jp JPN,GK,Strasbourg,fr Ligue 1,37,1983,24,24,"2,160",24,0,0,0,0,0,0,1,0,0,0,0,0,0,Matches
1293,Moise Kean,it ITA,FW,Everton,eng Premier League,20,2000,2,0,15,0.2,0,0,0,0,0,0,0,0,0,0,0,0,0,Matches
1294,Moise Kean,it ITA,FW,PSG,fr Ligue 1,20,2000,26,22,"1,698",18.9,13,0,13,13,0,0,4,0,0.69,0,0.69,0.69,0.69,Matches
1295,Michael Keane,eng ENG,DF,Everton,eng Premier League,27,1993,35,33,"2,991",33.2,3,1,4,3,0,0,4,0,0.09,0.03,0.12,0.09,0.12,Matches
1296,Neeskens Kebano,cd COD,MF,Fulham,eng Premier League,28,1992,5,1,119,1.3,0,0,0,0,0,0,0,0,0,0,0,0,0,Matches
1297,Thilo Kehrer,de GER,DF,PSG,fr Ligue 1,23,1996,24,16,"1,616",18,0,0,0,0,0,0,3,0,0,0,0,0,0,Matches
1298,Habib Keita,ml MLI,MF,Lyon,fr Ligue 1,18,2002,1,0,6,0.1,0,0,0,0,0,0,0,0,0,0,0,0,0,Matches
1299,Naby Keïta,gn GUI,MF,Liverpool,eng Premier League,25,1995,10,7,520,5.8,0,0,0,0,0,0,1,0,0,0,0,0,0,Matches
1300,Yannik Keitel,de GER,MF,Freiburg,de Bundesliga,20,2000,12,4,498,5.5,0,0,0,0,0,0,1,0,0,0,0,0,0,Matches
Rk,Player,Nation,Pos,Squad,Comp,Age,Born,MP,Starts,Min,90s,Gls,Ast,G+A,G-PK,PK,PKatt,CrdY,CrdR,Gls,Ast,G+A,G-PK,G+A-PK,Matches
1301,Caoimhín Kelleher,ie IRL,GK,Liverpool,eng Premier League,21,1998,2,2,180,2,0,0,0,0,0,0,0,0,0,0,0,0,0,Matches
1302,Stephane Keller,cm CMR,DF,Alavés,es La Liga,18,2001,1,0,16,0.2,0,0,0,0,0,0,0,0,0,0,0,0,0,Matches
1303,Martin Kelly,eng ENG,"DF,MF",Crystal Palace,eng Premier League,30,1990,1,0,2,0,0,0,0,0,0,0,0,0,0,0,0,0,0,Matches
1304,Marc-Oliver Kempf,de GER,DF,Stuttgart,de Bundesliga,25,1995,32,32,"2,727",30.3,2,1,3,2,0,0,5,0,0.07,0.03,0.1,0.07,0.1,Matches
1305,Kenedy,br BRA,MF,Granada,es La Liga,24,1996,28,18,"1,471",16.3,4,3,7,4,0,0,3,0,0.24,0.18,0.43,0.24,0.43,Matches
1306,Jonjoe Kenny,eng ENG,DF,Everton,eng Premier League,23,1997,4,1,79,0.9,0,0,0,0,0,0,0,0,0,0,0,0,0,Matches
1307,Franck Kessié,ci CIV,MF,Milan,it Serie A,23,1996,37,36,"3,226",35.8,13,4,17,2,11,13,8,0,0.36,0.11,0.47,0.06,0.17,Matches
1308,Reda Khadra,de GER,"FW,MF",Brighton,eng Premier League,19,2001,1,0,5,0.1,0,0,0,0,0,0,0,0,0,0,0,0,0,Matches
1309,Omar Khailoti,it ITA,DF,Bologna,it Serie A,18,2001,1,0,28,0.3,0,0,0,0,0,0,0,0,0,0,0,0,0,Matches
1310,Saîf-Eddine Khaoui,tn TUN,MF,Marseille,fr Ligue 1,25,1995,17,5,606,6.7,2,1,3,2,0,0,4,0,0.3,0.15,0.45,0.3,0.45,Matches
1311,Wahbi Khazri,tn TUN,"FW,MF",Saint-Étienne,fr Ligue 1,29,1991,22,16,"1,181",13.1,7,1,8,4,3,3,5,1,0.53,0.08,0.61,0.3,0.38,Matches
1312,Rani Khedira,tn TUN,MF,Augsburg,de Bundesliga,26,1994,27,23,"1,818",20.2,1,0,1,1,0,0,5,0,0.05,0,0.05,0.05,0.05,Matches
1313,Sami Khedira,de GER,MF,Hertha BSC,de Bundesliga,33,1987,9,4,395,4.4,0,1,1,0,0,0,1,0,0,0.23,0.23,0,0.23,Matches
1314,Kiké,es ESP,FW,Eibar,es La Liga,30,1989,37,36,"3,087",34.3,12,2,14,12,0,0,4,1,0.35,0.06,0.41,0.35,0.41,Matches
1315,Luca Kilian,de GER,DF,Mainz 05,de Bundesliga,20,1999,6,4,381,4.2,0,0,0,0,0,0,1,0,0,0,0,0,0,Matches
1316,Max Kilman,eng ENG,DF,Wolves,eng Premier League,23,1997,18,14,"1,310",14.6,0,1,1,0,0,0,4,0,0,0.07,0.07,0,0.07,Matches
1317,Joshua Kimmich,de GER,MF,Bayern Munich,de Bundesliga,25,1995,27,25,"2,194",24.4,4,10,14,4,0,0,4,0,0.16,0.41,0.57,0.16,0.57,Matches
1318,Presnel Kimpembe,fr FRA,DF,PSG,fr Ligue 1,24,1995,28,26,"2,303",25.6,0,0,0,0,0,0,6,1,0,0,0,0,0,Matches
1319,Joshua King,no NOR,"FW,MF",Everton,eng Premier League,28,1992,11,0,148,1.6,0,0,0,0,0,0,0,0,0,0,0,0,0,Matches
1320,Simon Kjær,dk DEN,DF,Milan,it Serie A,31,1989,28,28,"2,393",26.6,0,2,2,0,0,0,3,0,0,0.08,0.08,0,0.08,Matches
1321,Davy Klaassen,nl NED,MF,Werder Bremen,de Bundesliga,27,1993,3,3,222,2.5,0,0,0,0,0,0,1,0,0,0,0,0,0,Matches
1322,Felix Klaus,de GER,DF,Wolfsburg,de Bundesliga,27,1992,6,1,137,1.5,0,0,0,0,0,0,0,0,0,0,0,0,0,Matches
1323,Klauss,br BRA,FW,Hoffenheim,de Bundesliga,23,1997,4,0,51,0.6,0,0,0,0,0,0,0,0,0,0,0,0,0,Matches
1324,Ragnar Klavan,ee EST,DF,Cagliari,it Serie A,34,1985,15,9,770,8.6,0,0,0,0,0,0,1,0,0,0,0,0,0,Matches
1325,Philipp Klement,de GER,MF,Stuttgart,de Bundesliga,27,1992,18,2,421,4.7,1,2,3,1,0,0,0,0,0.21,0.43,0.64,0.21,0.64,Matches
Rk,Player,Nation,Pos,Squad,Comp,Age,Born,MP,Starts,Min,90s,Gls,Ast,G+A,G-PK,PK,PKatt,CrdY,CrdR,Gls,Ast,G+A,G-PK,G+A-PK,Matches
1326,Mateusz Klich,pl POL,MF,Leeds United,eng Premier League,30,1990,35,28,"2,393",26.6,4,5,9,2,2,2,6,0,0.15,0.19,0.34,0.08,0.26,Matches
1327,Mateo Klimowicz,de GER,"FW,MF",Stuttgart,de Bundesliga,20,2000,25,12,"1,198",13.3,1,1,2,1,0,0,1,0,0.08,0.08,0.15,0.08,0.15,Matches
1328,Fabian Klos,de GER,FW,Arminia,de Bundesliga,32,1987,34,32,"2,709",30.1,5,2,7,4,1,2,4,0,0.17,0.07,0.23,0.13,0.2,Matches
1329,Lukas Klostermann,de GER,DF,RB Leipzig,de Bundesliga,24,1996,23,15,"1,446",16.1,1,0,1,1,0,0,2,0,0.06,0,0.06,0.06,0.06,Matches
1330,Justin Kluivert,nl NED,"MF,FW",RB Leipzig,de Bundesliga,21,1999,19,8,813,9,3,1,4,3,0,0,2,0,0.33,0.11,0.44,0.33,0.44,Matches
1331,Justin Kluivert,nl NED,"FW,MF",Roma,it Serie A,21,1999,2,0,19,0.2,0,0,0,0,0,0,0,0,0,0,0,0,0,Matches
1332,Lukas Klünter,de GER,DF,Hertha BSC,de Bundesliga,24,1996,11,11,990,11,0,0,0,0,0,0,0,0,0,0,0,0,0,Matches
1333,Ansgar Knauff,de GER,MF,Dortmund,de Bundesliga,18,2002,4,0,71,0.8,1,1,2,1,0,0,0,0,1.27,1.27,2.54,1.27,2.54,Matches
1334,Robin Knoche,de GER,DF,Union Berlin,de Bundesliga,28,1992,34,34,"3,042",33.8,1,0,1,1,0,0,4,0,0.03,0,0.03,0.03,0.03,Matches
1335,Gregor Kobel,ch SUI,GK,Stuttgart,de Bundesliga,22,1997,33,33,"2,970",33,0,0,0,0,0,0,0,0,0,0,0,0,0,Matches
1336,Robin Koch,de GER,"DF,MF",Leeds United,eng Premier League,24,1996,17,13,"1,132",12.6,0,0,0,0,0,0,1,0,0,0,0,0,0,Matches
1337,Giorgi Kochorashvili,ge GEO,MF,Levante,es La Liga,21,1999,3,0,23,0.3,0,0,0,0,0,0,0,0,0,0,0,0,0,Matches
1338,Kenan Kodro,ba BIH,FW,Valladolid,es La Liga,26,1993,14,4,459,5.1,0,0,0,0,0,0,1,0,0,0,0,0,0,Matches
1339,Kenan Kodro,ba BIH,FW,Athletic Club,es La Liga,26,1993,3,0,44,0.5,1,0,1,0,1,1,1,0,2.05,0,2.05,0,0,Matches
1340,Dominik Kohr,de GER,MF,Mainz 05,de Bundesliga,26,1994,17,14,"1,268",14.1,1,1,2,1,0,0,3,0,0.07,0.07,0.14,0.07,0.14,Matches
1341,Dominik Kohr,de GER,MF,Frankfurt,de Bundesliga,26,1994,7,2,260,2.9,0,0,0,0,0,0,1,0,0,0,0,0,0,Matches
1342,Koba Koindredi,fr FRA,MF,Valencia,es La Liga,18,2001,2,0,15,0.2,0,0,0,0,0,0,0,0,0,0,0,0,0,Matches
1343,Koke,es ESP,MF,Atlético Madrid,es La Liga,28,1992,37,34,"3,021",33.6,1,2,3,1,0,0,9,0,0.03,0.06,0.09,0.03,0.09,Matches
1344,Aleksandr Kokorin,ru RUS,"FW,MF",Fiorentina,it Serie A,29,1991,4,0,94,1,0,0,0,0,0,0,1,0,0,0,0,0,0,Matches
1345,Aleksandar Kolarov,rs SRB,DF,Inter,it Serie A,34,1985,7,4,390,4.3,0,1,1,0,0,0,0,0,0,0.23,0.23,0,0.23,Matches
1346,Sead Kolašinac,ba BIH,DF,Arsenal,eng Premier League,27,1993,1,1,90,1,0,0,0,0,0,0,0,0,0,0,0,0,0,Matches
1347,Sead Kolašinac,ba BIH,"MF,DF",Schalke 04,de Bundesliga,27,1993,17,16,"1,426",15.8,1,1,2,1,0,0,5,0,0.06,0.06,0.13,0.06,0.13,Matches
1348,Randal Kolo Muani,fr FRA,FW,Nantes,fr Ligue 1,21,1998,37,35,"3,029",33.7,9,4,13,9,0,0,3,0,0.27,0.12,0.39,0.27,0.39,Matches
1349,Timothée Kolodziejczak,fr FRA,DF,Saint-Étienne,fr Ligue 1,28,1991,24,23,"2,036",22.6,0,0,0,0,0,0,4,1,0,0,0,0,0,Matches
1350,Ghislain Konan,ci CIV,DF,Reims,fr Ligue 1,24,1995,31,29,"2,613",29,2,1,3,2,0,0,5,0,0.07,0.03,0.1,0.07,0.1,Matches
Rk,Player,Nation,Pos,Squad,Comp,Age,Born,MP,Starts,Min,90s,Gls,Ast,G+A,G-PK,PK,PKatt,CrdY,CrdR,Gls,Ast,G+A,G-PK,G+A-PK,Matches
1351,Ibrahima Konaté,fr FRA,DF,RB Leipzig,de Bundesliga,21,1999,14,8,695,7.7,1,0,1,1,0,0,2,0,0.13,0,0.13,0.13,0.13,Matches
1352,Moussa Konaté,sn SEN,FW,Dijon,fr Ligue 1,27,1993,27,13,"1,196",13.3,5,1,6,4,1,2,4,0,0.38,0.08,0.45,0.3,0.38,Matches
1353,Geoffrey Kondogbia,cf CTA,MF,Atlético Madrid,es La Liga,27,1993,25,4,611,6.8,0,0,0,0,0,0,4,0,0,0,0,0,0,Matches
1354,Geoffrey Kondogbia,cf CTA,MF,Valencia,es La Liga,27,1993,5,5,440,4.9,0,0,0,0,0,0,1,0,0,0,0,0,0,Matches
1355,Lamine Koné,ci CIV,DF,Strasbourg,fr Ligue 1,31,1989,15,12,"1,042",11.6,1,0,1,1,0,0,3,0,0.09,0,0.09,0.09,0.09,Matches
1356,Moussa Koné,sn SEN,FW,Nîmes,fr Ligue 1,23,1996,33,21,"1,755",19.5,9,0,9,9,0,0,2,0,0.46,0,0.46,0.46,0.46,Matches
1357,Youssouf Koné,ml MLI,MF,Elche,es La Liga,25,1995,3,1,73,0.8,0,0,0,0,0,0,0,0,0,0,0,0,0,Matches
1358,Terence Kongolo,nl NED,DF,Fulham,eng Premier League,26,1994,1,1,90,1,0,0,0,0,0,0,0,0,0,0,0,0,0,Matches
1359,Ezri Konsa,eng ENG,DF,Aston Villa,eng Premier League,22,1997,36,35,"3,196",35.5,2,0,2,2,0,0,3,0,0.06,0,0.06,0.06,0.06,Matches
1360,Laurent Koscielny,fr FRA,DF,Bordeaux,fr Ligue 1,34,1985,26,25,"2,218",24.6,0,2,2,0,0,0,3,0,0,0.08,0.08,0,0.08,Matches
1361,Filip Kostić,rs SRB,MF,Frankfurt,de Bundesliga,27,1992,30,29,"2,534",28.2,4,14,18,4,0,0,4,0,0.14,0.5,0.64,0.14,0.64,Matches
1362,Márk Kosznovszky,hu HUN,MF,Parma,it Serie A,18,2002,1,1,90,1,0,0,0,0,0,0,0,0,0,0,0,0,0,Matches
1363,Christian Kouamé,ci CIV,"FW,MF",Fiorentina,it Serie A,22,1997,33,9,995,11.1,1,1,2,1,0,0,4,0,0.09,0.09,0.18,0.09,0.18,Matches
1364,Kalidou Koulibaly,sn SEN,DF,Napoli,it Serie A,29,1991,26,25,"2,209",24.5,0,0,0,0,0,0,10,1,0,0,0,0,0,Matches
1365,Jules Koundé,fr FRA,DF,Sevilla,es La Liga,21,1998,34,33,"2,975",33.1,2,1,3,2,0,0,4,0,0.06,0.03,0.09,0.06,0.09,Matches
1366,Boubakar Kouyaté,ml MLI,DF,Metz,fr Ligue 1,23,1997,25,21,"1,964",21.8,1,0,1,1,0,0,10,0,0.05,0,0.05,0.05,0.05,Matches
1367,Cheikhou Kouyaté,sn SEN,DF,Crystal Palace,eng Premier League,30,1989,36,35,"3,121",34.7,1,0,1,1,0,0,4,0,0.03,0,0.03,0.03,0.03,Matches
1368,Mateo Kovačić,hr CRO,MF,Chelsea,eng Premier League,26,1994,27,21,"1,815",20.2,0,1,1,0,0,0,4,0,0,0.05,0.05,0,0.05,Matches
1369,Viktor Kovalenko,ua UKR,MF,Atalanta,it Serie A,24,1996,1,0,4,0,0,0,0,0,0,0,0,0,0,0,0,0,0,Matches
1370,Emil Krafth,se SWE,DF,Newcastle,eng Premier League,25,1994,16,14,"1,288",14.3,1,0,1,1,0,0,4,0,0.07,0,0.07,0.07,0.07,Matches
1371,Andrej Kramarić,hr CRO,"FW,MF",Hoffenheim,de Bundesliga,29,1991,28,26,"2,379",26.4,20,5,25,15,5,5,2,0,0.76,0.19,0.95,0.57,0.76,Matches
1372,Christoph Kramer,de GER,MF,Gladbach,de Bundesliga,29,1991,28,23,"2,033",22.6,0,2,2,0,0,0,5,0,0,0.09,0.09,0,0.09,Matches
1373,Jean-Philippe Krasso,ci CIV,FW,Saint-Étienne,fr Ligue 1,23,1997,6,2,223,2.5,0,0,0,0,0,0,0,0,0,0,0,0,0,Matches
1374,Toni Kroos,de GER,MF,Real Madrid,es La Liga,30,1990,28,24,"2,117",23.5,3,10,13,3,0,0,6,0,0.13,0.43,0.55,0.13,0.55,Matches
1375,Filip Krovinović,hr CRO,MF,West Brom,eng Premier League,24,1995,11,5,546,6.1,0,0,0,0,0,0,0,0,0,0,0,0,0,Matches
Rk,Player,Nation,Pos,Squad,Comp,Age,Born,MP,Starts,Min,90s,Gls,Ast,G+A,G-PK,PK,PKatt,CrdY,CrdR,Gls,Ast,G+A,G-PK,G+A-PK,Matches
1376,Rade Krunić,ba BIH,MF,Milan,it Serie A,26,1993,25,5,723,8,1,2,3,1,0,0,3,0,0.12,0.25,0.37,0.12,0.37,Matches
1377,Max Kruse,de GER,"FW,MF",Union Berlin,de Bundesliga,32,1988,22,19,"1,629",18.1,11,5,16,6,5,6,0,0,0.61,0.28,0.88,0.33,0.61,Matches
1378,Lukas Kübler,de GER,DF,Freiburg,de Bundesliga,27,1992,19,11,884,9.8,0,1,1,0,0,0,2,0,0,0.1,0.1,0,0.1,Matches
1379,Takefusa Kubo,jp JPN,"MF,FW",Villarreal,es La Liga,19,2001,13,2,299,3.3,0,0,0,0,0,0,2,1,0,0,0,0,0,Matches
1380,Takefusa Kubo,jp JPN,"MF,FW",Getafe,es La Liga,19,2001,18,8,805,8.9,1,1,2,1,0,0,2,0,0.11,0.11,0.22,0.11,0.22,Matches
1381,Juraj Kucka,sk SVK,"MF,FW",Parma,it Serie A,33,1987,28,28,"2,334",25.9,7,2,9,3,4,4,8,0,0.27,0.08,0.35,0.12,0.19,Matches
1382,Kuki,es ESP,MF,Valladolid,es La Liga,22,1998,2,0,30,0.3,0,1,1,0,0,0,0,0,0,3,3,0,3,Matches
1383,Dejan Kulusevski,se SWE,"MF,FW",Juventus,it Serie A,20,2000,35,19,"1,923",21.4,4,3,7,4,0,0,7,0,0.19,0.14,0.33,0.19,0.33,Matches
1384,Marash Kumbulla,al ALB,DF,Roma,it Serie A,20,2000,21,14,"1,363",15.1,1,0,1,1,0,0,8,0,0.07,0,0.07,0.07,0.07,Matches
1385,Pierre Kunde,cm CMR,MF,Mainz 05,de Bundesliga,25,1995,11,6,513,5.7,0,0,0,0,0,0,1,0,0,0,0,0,0,Matches
1386,Fabian Kunze,de GER,MF,Arminia,de Bundesliga,22,1998,26,12,"1,270",14.1,0,0,0,0,0,0,6,0,0,0,0,0,0,Matches
1387,Jasmin Kurtić,si SVN,MF,Parma,it Serie A,31,1989,34,31,"2,739",30.4,4,0,4,4,0,0,5,0,0.13,0,0.13,0.13,0.13,Matches
1388,Layvin Kurzawa,fr FRA,DF,PSG,fr Ligue 1,27,1992,19,15,"1,278",14.2,1,1,2,1,0,0,4,1,0.07,0.07,0.14,0.07,0.14,Matches
1389,Dereck Kutesa,ch SUI,MF,Reims,fr Ligue 1,22,1997,28,6,687,7.6,1,2,3,1,0,0,2,0,0.13,0.26,0.39,0.13,0.39,Matches
1390,Ahmed Kutucu,tr TUR,"FW,MF",Schalke 04,de Bundesliga,20,2000,7,0,108,1.2,0,0,0,0,0,0,1,0,0,0,0,0,0,Matches
1391,Enock Kwateng,fr FRA,DF,Bordeaux,fr Ligue 1,23,1997,18,12,"1,038",11.5,1,0,1,1,0,0,4,0,0.09,0,0.09,0.09,0.09,Matches
1392,Giorgos Kyriakopoulos,gr GRE,"DF,MF",Sassuolo,it Serie A,24,1996,23,16,"1,456",16.2,1,0,1,1,0,0,3,1,0.06,0,0.06,0.06,0.06,Matches
1393,Antonino La Gumina,it ITA,FW,Sampdoria,it Serie A,24,1996,9,4,341,3.8,0,0,0,0,0,0,0,0,0,0,0,0,0,Matches
1394,Gaëtan Laborde,fr FRA,"FW,MF",Montpellier,fr Ligue 1,26,1994,38,38,"3,256",36.2,16,8,24,16,0,0,3,0,0.44,0.22,0.66,0.44,0.66,Matches
1395,Alexandre Lacazette,fr FRA,FW,Arsenal,eng Premier League,29,1991,31,22,"1,923",21.4,13,2,15,10,3,3,3,0,0.61,0.09,0.7,0.47,0.56,Matches
1396,Tom Lacoux,fr FRA,MF,Bordeaux,fr Ligue 1,18,2002,13,6,523,5.8,0,0,0,0,0,0,4,1,0,0,0,0,0,Matches
1397,Maxence Lacroix,fr FRA,DF,Wolfsburg,de Bundesliga,20,2000,30,29,"2,590",28.8,1,1,2,1,0,0,5,0,0.03,0.03,0.07,0.03,0.07,Matches
1398,Alban Lafont,ci CIV,GK,Nantes,fr Ligue 1,21,1999,38,38,"3,420",38,0,0,0,0,0,0,2,0,0,0,0,0,0,Matches
1399,Víctor Laguardia,es ESP,DF,Alavés,es La Liga,30,1989,32,30,"2,631",29.2,0,1,1,0,0,0,5,1,0,0.03,0.03,0,0.03,Matches
1400,Konrad Laimer,at AUT,MF,RB Leipzig,de Bundesliga,23,1997,3,1,84,0.9,0,0,0,0,0,0,0,0,0,0,0,0,0,Matches
Rk,Player,Nation,Pos,Squad,Comp,Age,Born,MP,Starts,Min,90s,Gls,Ast,G+A,G-PK,PK,PKatt,CrdY,CrdR,Gls,Ast,G+A,G-PK,G+A-PK,Matches
1401,Stefan Lainer,at AUT,"DF,MF",Gladbach,de Bundesliga,27,1992,33,31,"2,768",30.8,2,2,4,2,0,0,2,0,0.07,0.07,0.13,0.07,0.13,Matches
1402,Diego Lainez,mx MEX,MF,Real Betis,es La Liga,20,2000,21,8,862,9.6,0,2,2,0,0,0,5,0,0,0.21,0.21,0,0.21,Matches
1403,Kenny Lala,mg MAD,"DF,MF",Strasbourg,fr Ligue 1,28,1991,21,21,"1,834",20.4,3,2,5,0,3,3,1,0,0.15,0.1,0.25,0,0.1,Matches
1404,Adam Lallana,eng ENG,"MF,FW",Brighton,eng Premier League,32,1988,30,16,"1,596",17.7,1,1,2,1,0,0,0,0,0.06,0.06,0.11,0.06,0.11,Matches
1405,Érik Lamela,ar ARG,"MF,FW",Tottenham,eng Premier League,28,1992,23,5,717,8,1,0,1,1,0,0,6,1,0.13,0,0.13,0.13,0.13,Matches
1406,Sam Lammers,nl NED,FW,Atalanta,it Serie A,23,1997,15,1,291,3.2,2,0,2,2,0,0,0,0,0.62,0,0.62,0.62,0.62,Matches
1407,Tariq Lamptey,gh GHA,MF,Brighton,eng Premier League,19,2000,11,11,886,9.8,1,1,2,1,0,0,4,1,0.1,0.1,0.2,0.1,0.2,Matches
1408,Loïck Landre,fr FRA,DF,Nîmes,fr Ligue 1,28,1992,20,20,"1,626",18.1,1,0,1,1,0,0,2,1,0.06,0,0.06,0.06,0.06,Matches
1409,Michael Langer,at AUT,GK,Schalke 04,de Bundesliga,35,1985,3,2,239,2.7,0,0,0,0,0,0,0,0,0,0,0,0,0,Matches
1410,Manuel Lanzini,ar ARG,MF,West Ham,eng Premier League,27,1993,17,5,566,6.3,1,1,2,1,0,0,1,0,0.16,0.16,0.32,0.16,0.32,Matches
1411,Gianluca Lapadula,pe PER,FW,Benevento,it Serie A,30,1990,37,29,"2,563",28.5,8,2,10,8,0,1,2,0,0.28,0.07,0.35,0.28,0.35,Matches
1412,Aymeric Laporte,es ESP,DF,Manchester City,eng Premier League,26,1994,16,14,"1,344",14.9,0,0,0,0,0,0,1,0,0,0,0,0,0,Matches
1413,Julien Laporte,fr FRA,DF,Lorient,fr Ligue 1,26,1993,30,30,"2,659",29.5,0,0,0,0,0,0,8,1,0,0,0,0,0,Matches
1414,Danilo Larangeira,br BRA,DF,Bologna,it Serie A,36,1984,35,34,"3,132",34.8,0,1,1,0,0,0,8,0,0,0.03,0.03,0,0.03,Matches
1415,Gautier Larsonneur,fr FRA,GK,Brest,fr Ligue 1,23,1997,35,35,"3,150",35,0,0,0,0,0,0,2,0,0,0,0,0,0,Matches
1416,Kevin Lasagna,it ITA,FW,Udinese,it Serie A,27,1992,17,12,"1,103",12.3,2,1,3,2,0,0,1,0,0.16,0.08,0.24,0.16,0.24,Matches
1417,Kevin Lasagna,it ITA,FW,Hellas Verona,it Serie A,27,1992,19,14,"1,267",14.1,2,0,2,2,0,0,0,0,0.14,0,0.14,0.14,0.14,Matches
1418,Jamaal Lascelles,eng ENG,DF,Newcastle,eng Premier League,26,1993,19,19,"1,625",18.1,2,0,2,2,0,0,4,0,0.11,0,0.11,0.11,0.11,Matches
1419,Paul Lasne,fr FRA,MF,Brest,fr Ligue 1,31,1989,22,19,"1,681",18.7,0,0,0,0,0,0,4,1,0,0,0,0,0,Matches
1420,Toni Lato,es ESP,"DF,MF",Valencia,es La Liga,22,1997,15,8,728,8.1,1,0,1,1,0,0,3,0,0.12,0,0.12,0.12,0.12,Matches
1421,Danny Latza,de GER,MF,Mainz 05,de Bundesliga,30,1989,29,21,"1,800",20,0,2,2,0,0,0,8,0,0,0.1,0.1,0,0.1,Matches
1422,Armand Lauriente,fr FRA,"MF,FW",Lorient,fr Ligue 1,21,1998,29,16,"1,622",18,3,5,8,3,0,0,4,0,0.17,0.28,0.44,0.17,0.44,Matches
1423,Vincent Laurini,fr FRA,"DF,MF",Parma,it Serie A,31,1989,14,10,870,9.7,0,0,0,0,0,0,1,0,0,0,0,0,0,Matches
1424,Lauti,uy URU,FW,Celta Vigo,es La Liga,19,2001,1,0,14,0.2,0,0,0,0,0,0,0,0,0,0,0,0,0,Matches
1425,Wesley Lautoa,nc NCL,"MF,DF",Dijon,fr Ligue 1,32,1987,25,19,"1,608",17.9,0,0,0,0,0,0,4,0,0,0,0,0,0,Matches
Rk,Player,Nation,Pos,Squad,Comp,Age,Born,MP,Starts,Min,90s,Gls,Ast,G+A,G-PK,PK,PKatt,CrdY,CrdR,Gls,Ast,G+A,G-PK,G+A-PK,Matches
1426,Valentino Lazaro,at AUT,"MF,DF",Gladbach,de Bundesliga,24,1996,22,13,"1,240",13.8,2,0,2,2,0,0,3,0,0.15,0,0.15,0.15,0.15,Matches
1427,Darko Lazović,rs SRB,MF,Hellas Verona,it Serie A,29,1990,32,27,"2,503",27.8,3,6,9,3,0,0,3,0,0.11,0.22,0.32,0.11,0.32,Matches
1428,Manuel Lazzari,it ITA,MF,Lazio,it Serie A,26,1993,32,30,"2,613",29,2,5,7,2,0,0,2,1,0.07,0.17,0.24,0.07,0.24,Matches
1429,Jérémy Le Douaron,fr FRA,MF,Brest,fr Ligue 1,22,1998,28,7,816,9.1,1,2,3,1,0,0,0,0,0.11,0.22,0.33,0.11,0.33,Matches
1430,Enzo Le Fée,fr FRA,MF,Lorient,fr Ligue 1,20,2000,36,21,"1,816",20.2,0,5,5,0,0,0,6,0,0,0.25,0.25,0,0.25,Matches
1431,Vincent Le Goff,fr FRA,"DF,MF",Lorient,fr Ligue 1,30,1989,26,26,"2,306",25.6,0,0,0,0,0,0,0,0,0,0,0,0,0,Matches
1432,Maxime Le Marchand,fr FRA,DF,Fulham,eng Premier League,30,1989,2,1,123,1.4,0,0,0,0,0,0,2,0,0,0,0,0,0,Matches
1433,Robin Le Normand,es ESP,DF,Real Sociedad,es La Liga,23,1996,33,30,"2,747",30.5,0,1,1,0,0,0,5,1,0,0.03,0.03,0,0.03,Matches
1434,Damien Le Tallec,fr FRA,MF,Montpellier,fr Ligue 1,30,1990,23,13,"1,227",13.6,0,0,0,0,0,0,3,1,0,0,0,0,0,Matches
1435,James Lea Siliki,cm CMR,MF,Rennes,fr Ligue 1,24,1996,7,3,255,2.8,0,0,0,0,0,0,0,0,0,0,0,0,0,Matches
1436,Rafael Leão,pt POR,"MF,FW",Milan,it Serie A,21,1999,30,22,"1,924",21.4,6,6,12,6,0,0,5,0,0.28,0.28,0.56,0.28,0.56,Matches
1437,Jean-Louis Leca,fr FRA,GK,Lens,fr Ligue 1,34,1985,37,37,"3,313",36.8,0,0,0,0,0,0,2,0,0,0,0,0,0,Matches
1438,Mathew Leckie,au AUS,MF,Hertha BSC,de Bundesliga,29,1991,17,5,506,5.6,0,1,1,0,0,0,0,0,0,0.18,0.18,0,0.18,Matches
1439,Benjamin Lecomte,fr FRA,GK,Monaco,fr Ligue 1,29,1991,28,28,"2,520",28,0,0,0,0,0,0,1,0,0,0,0,0,0,Matches
1440,Jeremías Ledesma,ar ARG,GK,Cádiz,es La Liga,27,1993,32,32,"2,880",32,0,0,0,0,0,0,0,0,0,0,0,0,0,Matches
1441,Pierre Lees-Melou,fr FRA,MF,Nice,fr Ligue 1,27,1993,29,23,"2,063",22.9,4,2,6,3,1,1,3,1,0.17,0.09,0.26,0.13,0.22,Matches
1442,Lucas Leiva,br BRA,MF,Lazio,it Serie A,33,1987,32,30,"2,131",23.7,0,0,0,0,0,0,10,0,0,0,0,0,0,Matches
1443,Florian Lejeune,fr FRA,DF,Alavés,es La Liga,29,1991,34,34,"3,015",33.5,1,1,2,1,0,0,10,0,0.03,0.03,0.06,0.03,0.06,Matches
1444,Iñigo Lekue,es ESP,DF,Athletic Club,es La Liga,27,1993,18,5,644,7.2,0,0,0,0,0,0,1,0,0,0,0,0,0,Matches
1445,Thomas Lemar,fr FRA,MF,Atlético Madrid,es La Liga,24,1995,27,19,"1,366",15.2,1,3,4,1,0,0,4,0,0.07,0.2,0.26,0.07,0.26,Matches
1446,Mario Lemina,ga GAB,MF,Fulham,eng Premier League,26,1993,28,19,"1,703",18.9,1,0,1,1,0,0,5,0,0.05,0,0.05,0.05,0.05,Matches
1447,Fabien Lemoine,fr FRA,MF,Lorient,fr Ligue 1,33,1987,30,24,"1,934",21.5,1,0,1,1,0,0,8,0,0.05,0,0.05,0.05,0.05,Matches
1448,Clément Lenglet,fr FRA,DF,Barcelona,es La Liga,25,1995,33,29,"2,475",27.5,1,0,1,1,0,0,11,2,0.04,0,0.04,0.04,0.04,Matches
1449,Bernd Leno,de GER,GK,Arsenal,eng Premier League,28,1992,35,35,"3,131",34.8,0,0,0,0,0,0,0,1,0,0,0,0,0,Matches
1450,Christopher Lenz,de GER,"MF,DF",Union Berlin,de Bundesliga,25,1994,27,27,"2,248",25,0,3,3,0,0,0,3,0,0,0.12,0.12,0,0.12,Matches
Rk,Player,Nation,Pos,Squad,Comp,Age,Born,MP,Starts,Min,90s,Gls,Ast,G+A,G-PK,PK,PKatt,CrdY,CrdR,Gls,Ast,G+A,G-PK,G+A-PK,Matches
1451,Pedro León,es ESP,"MF,FW",Eibar,es La Liga,33,1986,24,10,935,10.4,1,2,3,1,0,0,2,0,0.1,0.19,0.29,0.1,0.29,Matches
1452,Sergio León,es ESP,FW,Levante,es La Liga,31,1989,28,6,748,8.3,2,0,2,2,0,0,0,0,0.24,0,0.24,0.24,0.24,Matches
1453,Lukas Lerager,dk DEN,MF,Genoa,it Serie A,27,1993,16,13,"1,159",12.9,0,1,1,0,0,0,0,0,0,0.08,0.08,0,0.08,Matches
1454,Mehdi Léris,dz ALG,"DF,MF",Sampdoria,it Serie A,22,1998,20,3,386,4.3,0,0,0,0,0,0,1,0,0,0,0,0,0,Matches
1455,Khanya Leshabela,za RSA,MF,Leicester City,eng Premier League,20,1999,1,0,10,0.1,0,0,0,0,0,0,0,0,0,0,0,0,0,Matches
1456,Karlo Letica,hr CRO,GK,Sampdoria,it Serie A,23,1997,1,1,90,1,0,0,0,0,0,0,0,0,0,0,0,0,0,Matches
1457,Gaetano Letizia,it ITA,DF,Benevento,it Serie A,30,1990,24,18,"1,570",17.4,3,1,4,3,0,0,2,0,0.17,0.06,0.23,0.17,0.23,Matches
1458,Robert Lewandowski,pl POL,FW,Bayern Munich,de Bundesliga,31,1988,29,28,"2,458",27.3,41,7,48,33,8,9,4,0,1.5,0.26,1.76,1.21,1.46,Matches
1459,Jamal Lewis,nir NIR,DF,Newcastle,eng Premier League,22,1998,24,20,"1,837",20.4,0,1,1,0,0,0,4,0,0,0.05,0.05,0,0.05,Matches
1460,Aaron Leya Iseka,be BEL,FW,Metz,fr Ligue 1,22,1997,21,12,"1,008",11.2,4,0,4,2,2,3,4,0,0.36,0,0.36,0.18,0.18,Matches
1461,Yanis Lhery,fr FRA,FW,Saint-Étienne,fr Ligue 1,17,2003,1,0,30,0.3,0,0,0,0,0,0,0,0,0,0,0,0,0,Matches
1462,Dimitri Liénard,fr FRA,"MF,FW",Strasbourg,fr Ligue 1,32,1988,34,19,"1,829",20.3,2,4,6,1,1,2,2,0,0.1,0.2,0.3,0.05,0.25,Matches
1463,Philipp Lienhart,at AUT,DF,Freiburg,de Bundesliga,24,1996,34,34,"2,993",33.3,4,0,4,4,0,0,4,0,0.12,0,0.12,0.12,0.12,Matches
1464,Matthijs de Ligt,nl NED,DF,Juventus,it Serie A,20,1999,27,25,"2,220",24.7,1,1,2,1,0,0,4,0,0.04,0.04,0.08,0.04,0.08,Matches
1465,Isaac Lihadji,fr FRA,MF,Lille,fr Ligue 1,18,2002,15,1,196,2.2,0,1,1,0,0,0,0,0,0,0.46,0.46,0,0.46,Matches
1466,Dimitris Limnios,gr GRE,MF,Köln,de Bundesliga,22,1998,12,2,378,4.2,0,0,0,0,0,0,0,0,0,0,0,0,0,Matches
1467,Victor Lindelöf,se SWE,DF,Manchester Utd,eng Premier League,26,1994,29,29,"2,585",28.7,1,1,2,1,0,0,0,0,0.03,0.03,0.07,0.03,0.07,Matches
1468,Karol Linetty,pl POL,MF,Torino,it Serie A,25,1995,27,20,"1,832",20.4,1,0,1,1,0,0,5,0,0.05,0,0.05,0.05,0.05,Matches
1469,Jesse Lingard,eng ENG,"MF,FW",West Ham,eng Premier League,27,1992,16,16,"1,421",15.8,9,4,13,8,1,2,3,0,0.57,0.25,0.82,0.51,0.76,Matches
1470,Pol Lirola,es ESP,MF,Fiorentina,it Serie A,22,1997,12,4,498,5.5,0,1,1,0,0,0,3,0,0,0.18,0.18,0,0.18,Matches
1471,Pol Lirola,es ESP,"MF,DF",Marseille,fr Ligue 1,22,1997,19,17,"1,553",17.3,2,2,4,2,0,0,3,0,0.12,0.12,0.23,0.12,0.23,Matches
1472,Jake Livermore,eng ENG,MF,West Brom,eng Premier League,30,1989,18,15,"1,242",13.8,0,0,0,0,0,0,2,1,0,0,0,0,0,Matches
1473,Diego Llorente,es ESP,DF,Leeds United,eng Premier League,26,1993,15,14,"1,204",13.4,1,0,1,1,0,0,1,0,0.07,0,0.07,0.07,0.07,Matches
1474,Diego Llorente,es ESP,DF,Real Sociedad,es La Liga,26,1993,1,1,90,1,0,0,0,0,0,0,0,0,0,0,0,0,0,Matches
1475,Fernando Llorente,es ESP,FW,Udinese,it Serie A,35,1985,14,8,713,7.9,1,0,1,1,0,0,2,0,0.13,0,0.13,0.13,0.13,Matches
Rk,Player,Nation,Pos,Squad,Comp,Age,Born,MP,Starts,Min,90s,Gls,Ast,G+A,G-PK,PK,PKatt,CrdY,CrdR,Gls,Ast,G+A,G-PK,G+A-PK,Matches
1476,Fernando Llorente,es ESP,FW,Napoli,it Serie A,35,1985,3,0,52,0.6,0,0,0,0,0,0,0,0,0,0,0,0,0,Matches
1477,Marcos Llorente,es ESP,MF,Atlético Madrid,es La Liga,25,1995,37,33,"2,956",32.8,12,11,23,12,0,0,6,0,0.37,0.33,0.7,0.37,0.7,Matches
1478,Hugo Lloris,fr FRA,GK,Tottenham,eng Premier League,33,1986,38,38,"3,420",38,0,0,0,0,0,0,0,0,0,0,0,0,0,Matches
1479,Giovani Lo Celso,ar ARG,MF,Tottenham,eng Premier League,24,1996,18,11,945,10.5,1,1,2,1,0,0,5,0,0.1,0.1,0.19,0.1,0.19,Matches
1480,Stanislav Lobotka,sk SVK,MF,Napoli,it Serie A,25,1994,15,0,154,1.7,0,0,0,0,0,0,2,0,0,0,0,0,0,Matches
1481,Manuel Locatelli,it ITA,MF,Sassuolo,it Serie A,22,1998,34,32,"2,883",32,4,2,6,2,2,2,9,0,0.12,0.06,0.19,0.06,0.12,Matches
1482,Renan Lodi,br BRA,"DF,MF",Atlético Madrid,es La Liga,22,1998,23,11,"1,129",12.5,1,2,3,1,0,0,3,0,0.08,0.16,0.24,0.08,0.24,Matches
1483,Ruben Loftus-Cheek,eng ENG,FW,Chelsea,eng Premier League,24,1996,1,1,60,0.7,0,0,0,0,0,0,0,0,0,0,0,0,0,Matches
1484,Ruben Loftus-Cheek,eng ENG,"MF,FW",Fulham,eng Premier League,24,1996,30,21,"1,909",21.2,1,0,1,1,0,0,3,0,0.05,0,0.05,0.05,0.05,Matches
1485,Niklas Lomb,de GER,GK,Leverkusen,de Bundesliga,27,1993,2,1,135,1.5,0,0,0,0,0,0,0,0,0,0,0,0,0,Matches
1486,Kevin Long,ie IRL,DF,Burnley,eng Premier League,29,1990,8,7,637,7.1,0,0,0,0,0,0,2,0,0,0,0,0,0,Matches
1487,Shane Long,ie IRL,FW,Southampton,eng Premier League,33,1987,11,1,210,2.3,0,0,0,0,0,0,0,0,0,0,0,0,0,Matches
1488,Matthew Longstaff,eng ENG,MF,Newcastle,eng Premier League,20,2000,5,4,377,4.2,0,0,0,0,0,0,0,0,0,0,0,0,0,Matches
1489,Sean Longstaff,eng ENG,MF,Newcastle,eng Premier League,22,1997,22,15,"1,412",15.7,0,1,1,0,0,0,2,0,0,0.06,0.06,0,0.06,Matches
1490,Ademola Lookman,ng NGA,"MF,FW",Fulham,eng Premier League,22,1997,34,31,"2,747",30.5,4,4,8,4,0,1,5,0,0.13,0.13,0.26,0.13,0.26,Matches
1491,Anthony Lopes,pt POR,GK,Lyon,fr Ligue 1,29,1990,38,38,"3,420",38,0,0,0,0,0,0,2,0,0,0,0,0,0,Matches
1492,Rony Lopes,pt POR,"FW,MF",Nice,fr Ligue 1,24,1995,28,23,"1,783",19.8,3,1,4,3,0,0,1,0,0.15,0.05,0.2,0.15,0.2,Matches
1493,Adrián López,es ESP,FW,Osasuna,es La Liga,32,1988,17,5,481,5.3,1,1,2,1,0,0,0,0,0.19,0.19,0.37,0.19,0.37,Matches
1494,Javi López,es ESP,DF,Alavés,es La Liga,18,2002,9,1,248,2.8,0,0,0,0,0,0,1,1,0,0,0,0,0,Matches
1495,Maxime Lopez,fr FRA,FW,Marseille,fr Ligue 1,22,1997,4,2,134,1.5,0,0,0,0,0,0,1,0,0,0,0,0,0,Matches
1496,Maxime Lopez,fr FRA,MF,Sassuolo,it Serie A,22,1997,29,22,"1,864",20.7,2,0,2,2,0,0,7,0,0.1,0,0.1,0.1,0.1,Matches
1497,Pedro López Muñoz,es ESP,"DF,MF",Huesca,es La Liga,36,1983,22,10,"1,067",11.9,0,1,1,0,0,0,2,0,0,0.08,0.08,0,0.08,Matches
1498,Pau López,es ESP,GK,Roma,it Serie A,25,1994,21,20,"1,817",20.2,0,0,0,0,0,0,0,0,0,0,0,0,0,Matches
1499,Roberto López,es ESP,MF,Real Sociedad,es La Liga,20,2000,17,4,505,5.6,3,0,3,3,0,0,0,0,0.53,0,0.53,0.53,0.53,Matches
1500,Unai López,es ESP,MF,Athletic Club,es La Liga,24,1995,26,15,"1,424",15.8,3,0,3,3,0,0,7,0,0.19,0,0.19,0.19,0.19,Matches
Rk,Player,Nation,Pos,Squad,Comp,Age,Born,MP,Starts,Min,90s,Gls,Ast,G+A,G-PK,PK,PKatt,CrdY,CrdR,Gls,Ast,G+A,G-PK,G+A-PK,Matches
1501,Dion Lopy,sn SEN,MF,Reims,fr Ligue 1,18,2002,4,3,256,2.8,0,0,0,0,0,0,0,0,0,0,0,0,0,Matches
1502,Jordan Lotomba,ch SUI,"DF,MF",Nice,fr Ligue 1,21,1998,30,24,"2,123",23.6,1,0,1,1,0,0,7,1,0.04,0,0.04,0.04,0.04,Matches
1503,Adrien Louveau,fr FRA,MF,Lens,fr Ligue 1,20,2000,1,0,8,0.1,0,0,0,0,0,0,0,0,0,0,0,0,0,Matches
1504,Imran Louza,ma MAR,MF,Nantes,fr Ligue 1,21,1999,33,28,"2,379",26.4,7,2,9,2,5,5,4,1,0.26,0.08,0.34,0.08,0.15,Matches
1505,Matteo Lovato,it ITA,DF,Hellas Verona,it Serie A,20,2000,24,14,"1,386",15.4,0,0,0,0,0,0,5,0,0,0,0,0,0,Matches
1506,Max Lowe,eng ENG,"MF,DF",Sheffield United,eng Premier League,23,1997,8,7,550,6.1,0,0,0,0,0,0,1,0,0,0,0,0,0,Matches
1507,Eduard Löwen,de GER,MF,Hertha BSC,de Bundesliga,23,1997,7,1,85,0.9,0,0,0,0,0,0,0,0,0,0,0,0,0,Matches
1508,Matthew Lowton,eng ENG,DF,Burnley,eng Premier League,31,1989,34,34,"3,060",34,1,1,2,1,0,0,5,0,0.03,0.03,0.06,0.03,0.06,Matches
1509,Anthony Lozano,hn HON,"FW,MF",Cádiz,es La Liga,27,1993,29,18,"1,523",16.9,3,1,4,3,0,0,5,0,0.18,0.06,0.24,0.18,0.24,Matches
1510,Hirving Lozano,mx MEX,"MF,FW",Napoli,it Serie A,25,1995,32,23,"1,965",21.8,11,3,14,11,0,0,6,0,0.5,0.14,0.64,0.5,0.64,Matches
1511,Jan Luca Schuler,de GER,FW,Schalke 04,de Bundesliga,21,1999,2,0,40,0.4,0,0,0,0,0,0,0,0,0,0,0,0,0,Matches
1512,Jean Lucas,br BRA,MF,Lyon,fr Ligue 1,22,1998,8,1,172,1.9,0,0,0,0,0,0,1,0,0,0,0,0,0,Matches
1513,Jean Lucas,br BRA,MF,Brest,fr Ligue 1,22,1998,16,11,"1,011",11.2,0,2,2,0,0,0,4,1,0,0.18,0.18,0,0.18,Matches
1514,Anderson Lucoqui,ao ANG,DF,Arminia,de Bundesliga,23,1997,21,18,"1,604",17.8,0,0,0,0,0,0,5,0,0,0,0,0,0,Matches
1515,Jeison Lucumí,co COL,MF,Elche,es La Liga,25,1995,2,1,49,0.5,0,0,0,0,0,0,0,0,0,0,0,0,0,Matches
1516,Kilian Ludewig,de GER,"MF,DF",Schalke 04,de Bundesliga,20,2000,6,6,520,5.8,0,0,0,0,0,0,1,0,0,0,0,0,0,Matches
1517,Florentino Luís,pt POR,MF,Monaco,fr Ligue 1,20,1999,9,2,241,2.7,0,0,0,0,0,0,1,0,0,0,0,0,0,Matches
1518,José Luis Gayà,es ESP,DF,Valencia,es La Liga,25,1995,33,32,"2,846",31.6,1,7,8,1,0,0,6,0,0.03,0.22,0.25,0.03,0.25,Matches
1519,José Luis Morales,es ESP,"MF,FW",Levante,es La Liga,33,1987,38,30,"2,439",27.1,13,3,16,13,0,1,3,0,0.48,0.11,0.59,0.48,0.59,Matches
1520,José Luis Palomino,ar ARG,DF,Atalanta,it Serie A,30,1990,36,25,"2,428",27,1,2,3,1,0,0,3,0,0.04,0.07,0.11,0.04,0.11,Matches
1521,Luisinho,pt POR,DF,Huesca,es La Liga,35,1985,5,2,179,2,0,0,0,0,0,0,1,0,0,0,0,0,0,Matches
1522,Luismi,es ESP,"MF,DF",Elche,es La Liga,28,1992,11,2,168,1.9,0,0,0,0,0,0,0,0,0,0,0,0,0,Matches
1523,David Luiz,br BRA,DF,Arsenal,eng Premier League,33,1987,20,17,"1,396",15.5,1,0,1,1,0,0,1,1,0.06,0,0.06,0.06,0.06,Matches
1524,Douglas Luiz,br BRA,MF,Aston Villa,eng Premier League,22,1998,33,32,"2,781",30.9,0,2,2,0,0,0,10,1,0,0.06,0.06,0,0.06,Matches
1525,Romelu Lukaku,be BEL,FW,Inter,it Serie A,27,1993,36,32,"2,884",32,24,11,35,18,6,6,4,0,0.75,0.34,1.09,0.56,0.9,Matches
Rk,Player,Nation,Pos,Squad,Comp,Age,Born,MP,Starts,Min,90s,Gls,Ast,G+A,G-PK,PK,PKatt,CrdY,CrdR,Gls,Ast,G+A,G-PK,G+A-PK,Matches
1526,Dodi Lukebakio,be BEL,"FW,MF",Hertha BSC,de Bundesliga,22,1997,29,21,"1,855",20.6,5,5,10,3,2,2,4,1,0.24,0.24,0.49,0.15,0.39,Matches
1527,Saša Lukić,rs SRB,MF,Torino,it Serie A,23,1996,32,24,"2,106",23.4,3,0,3,3,0,0,4,0,0.13,0,0.13,0.13,0.13,Matches
1528,Senad Lulić,ba BIH,MF,Lazio,it Serie A,34,1986,16,8,718,8,0,0,0,0,0,0,1,0,0,0,0,0,0,Matches
1529,John Lundstram,eng ENG,MF,Sheffield United,eng Premier League,26,1994,28,23,"2,032",22.6,0,2,2,0,0,1,8,1,0,0.09,0.09,0,0.09,Matches
1530,Sebastiano Luperto,it ITA,DF,Crotone,it Serie A,23,1996,23,22,"1,879",20.9,0,0,0,0,0,0,5,1,0,0,0,0,0,Matches
1531,Andreas Luthe,de GER,GK,Union Berlin,de Bundesliga,33,1987,31,31,"2,768",30.8,0,0,0,0,0,0,1,0,0,0,0,0,0,Matches
1532,Lyanco,br BRA,DF,Torino,it Serie A,23,1997,23,21,"1,959",21.8,0,0,0,0,0,0,8,0,0,0,0,0,0,Matches
1533,Babis Lykogiannis,gr GRE,"DF,MF",Cagliari,it Serie A,26,1993,31,29,"2,418",26.9,4,2,6,4,0,0,10,2,0.15,0.07,0.22,0.15,0.22,Matches
1534,Yann M'Vila,fr FRA,MF,Saint-Étienne,fr Ligue 1,30,1990,1,0,20,0.2,0,0,0,0,0,0,0,0,0,0,0,0,0,Matches
1535,Alexis Mac Allister,ar ARG,"MF,FW",Brighton,eng Premier League,21,1998,21,13,"1,115",12.4,1,1,2,1,0,0,1,0,0.08,0.08,0.16,0.08,0.16,Matches
1536,Darwin Machís,ve VEN,MF,Granada,es La Liga,27,1993,32,21,"2,026",22.5,4,5,9,4,0,1,1,0,0.18,0.22,0.4,0.18,0.4,Matches
1537,Tim Maciejewski,de GER,MF,Union Berlin,de Bundesliga,19,2001,1,0,8,0.1,0,0,0,0,0,0,0,0,0,0,0,0,0,Matches
1538,Luca Mack,de GER,MF,Stuttgart,de Bundesliga,20,2000,1,0,6,0.1,0,0,0,0,0,0,0,0,0,0,0,0,0,Matches
1539,Yvann Macon,fr FRA,DF,Saint-Étienne,fr Ligue 1,21,1998,6,6,539,6,1,1,2,1,0,0,2,0,0.17,0.17,0.33,0.17,0.33,Matches
1540,James Maddison,eng ENG,MF,Leicester City,eng Premier League,23,1996,31,24,"2,099",23.3,8,5,13,8,0,0,4,0,0.34,0.21,0.56,0.34,0.56,Matches
1541,Mikail Maden,no NOR,MF,Schalke 04,de Bundesliga,18,2002,1,0,6,0.1,0,0,0,0,0,0,0,0,0,0,0,0,0,Matches
1542,Pablo Maffeo,es ESP,"MF,DF",Huesca,es La Liga,23,1997,25,25,"1,964",21.8,1,4,5,1,0,0,4,0,0.05,0.18,0.23,0.05,0.23,Matches
1543,Gabriel Magalhães,br BRA,DF,Arsenal,eng Premier League,22,1997,23,22,"1,996",22.2,2,0,2,2,0,0,4,1,0.09,0,0.09,0.09,0.09,Matches
1544,Lisandro Magallán,ar ARG,DF,Crotone,it Serie A,26,1993,28,25,"2,181",24.2,1,2,3,1,0,0,10,0,0.04,0.08,0.12,0.04,0.12,Matches
1545,Christian Maggio,it ITA,DF,Benevento,it Serie A,38,1982,8,2,297,3.3,0,0,0,0,0,0,2,0,0,0,0,0,0,Matches
1546,Giulio Maggiore,it ITA,MF,Spezia,it Serie A,22,1998,33,26,"2,214",24.6,3,1,4,3,0,0,3,0,0.12,0.04,0.16,0.12,0.16,Matches
1547,Francesco Magnanelli,it ITA,MF,Sassuolo,it Serie A,35,1984,10,7,440,4.9,0,0,0,0,0,0,2,0,0,0,0,0,0,Matches
1548,Giangiacomo Magnani,it ITA,DF,Hellas Verona,it Serie A,24,1995,25,15,"1,510",16.8,0,0,0,0,0,0,8,0,0,0,0,0,0,Matches
1549,Hugo Magnetti,fr FRA,MF,Brest,fr Ligue 1,22,1998,13,7,603,6.7,0,0,0,0,0,0,4,0,0,0,0,0,0,Matches
1550,Harry Maguire,eng ENG,DF,Manchester Utd,eng Premier League,27,1993,34,34,"3,047",33.9,2,1,3,2,0,0,11,0,0.06,0.03,0.09,0.06,0.09,Matches
Rk,Player,Nation,Pos,Squad,Comp,Age,Born,MP,Starts,Min,90s,Gls,Ast,G+A,G-PK,PK,PKatt,CrdY,CrdR,Gls,Ast,G+A,G-PK,G+A-PK,Matches
1551,Abdallahi Mahmoud,mr MTN,MF,Alavés,es La Liga,20,2000,2,1,66,0.7,0,0,0,0,0,0,0,0,0,0,0,0,0,Matches
1552,Hicham Mahou,fr FRA,"FW,MF",Nice,fr Ligue 1,21,1999,2,0,34,0.4,0,0,0,0,0,0,1,0,0,0,0,0,0,Matches
1553,Riyad Mahrez,dz ALG,"FW,MF",Manchester City,eng Premier League,29,1991,27,23,"1,949",21.7,9,6,15,9,0,0,0,0,0.42,0.28,0.69,0.42,0.69,Matches
1554,Arne Maier,de GER,MF,Arminia,de Bundesliga,21,1999,16,13,"1,034",11.5,0,0,0,0,0,0,0,0,0,0,0,0,0,Matches
1555,Arne Maier,de GER,MF,Hertha BSC,de Bundesliga,21,1999,2,0,30,0.3,0,0,0,0,0,0,0,0,0,0,0,0,0,Matches
1556,Habib Maïga,ci CIV,MF,Metz,fr Ligue 1,24,1996,31,31,"2,693",29.9,1,3,4,1,0,0,9,0,0.03,0.1,0.13,0.03,0.13,Matches
1557,Mike Maignan,fr FRA,GK,Lille,fr Ligue 1,25,1995,38,38,"3,420",38,0,0,0,0,0,0,1,0,0,0,0,0,0,Matches
1558,Ainsley Maitland-Niles,eng ENG,"MF,DF",Arsenal,eng Premier League,22,1997,11,5,490,5.4,0,0,0,0,0,0,0,0,0,0,0,0,0,Matches
1559,Ainsley Maitland-Niles,eng ENG,MF,West Brom,eng Premier League,22,1997,15,14,"1,230",13.7,0,0,0,0,0,0,2,0,0,0,0,0,0,Matches
1560,Josh Maja,ng NGA,FW,Bordeaux,fr Ligue 1,21,1998,17,11,804,8.9,2,0,2,2,0,0,2,0,0.22,0,0.22,0.22,0.22,Matches
1561,Josh Maja,ng NGA,FW,Fulham,eng Premier League,21,1998,15,9,810,9,3,0,3,2,1,1,0,0,0.33,0,0.33,0.22,0.22,Matches
1562,Radosław Majecki,pl POL,GK,Monaco,fr Ligue 1,20,1999,1,1,90,1,0,0,0,0,0,0,0,0,0,0,0,0,0,Matches
1563,Abdul Majeed Waris,gh GHA,"MF,FW",Strasbourg,fr Ligue 1,28,1991,15,5,552,6.1,1,0,1,0,1,1,0,0,0.16,0,0.16,0,0,Matches
1564,Marco Majouga,cf CTA,FW,Nîmes,fr Ligue 1,19,2001,8,0,124,1.4,0,0,0,0,0,0,0,0,0,0,0,0,0,Matches
1565,Jean-Victor Makengo,fr FRA,MF,Udinese,it Serie A,22,1998,17,5,522,5.8,0,0,0,0,0,0,1,0,0,0,0,0,0,Matches
1566,Nemanja Maksimović,rs SRB,MF,Getafe,es La Liga,25,1995,35,34,"2,728",30.3,1,0,1,1,0,0,5,0,0.03,0,0.03,0.03,0.03,Matches
1567,Nikola Maksimović,rs SRB,DF,Napoli,it Serie A,28,1991,17,12,"1,207",13.4,0,0,0,0,0,0,1,0,0,0,0,0,0,Matches
1568,Filip Malbašić,rs SRB,"MF,FW",Cádiz,es La Liga,27,1992,28,8,860,9.6,0,1,1,0,0,0,2,0,0,0.1,0.1,0,0.1,Matches
1569,Kévin Malcuit,ma MAR,MF,Fiorentina,it Serie A,29,1991,5,2,207,2.3,0,0,0,0,0,0,0,0,0,0,0,0,0,Matches
1570,Kévin Malcuit,ma MAR,"DF,FW",Napoli,it Serie A,29,1991,2,0,33,0.4,0,0,0,0,0,0,0,0,0,0,0,0,0,Matches
1571,Daniel Maldini,it ITA,"FW,MF",Milan,it Serie A,18,2001,5,0,29,0.3,0,0,0,0,0,0,0,0,0,0,0,0,0,Matches
1572,Ruslan Malinovskyi,ua UKR,"MF,FW",Atalanta,it Serie A,27,1993,36,22,"1,876",20.8,8,12,20,7,1,1,3,0,0.38,0.58,0.96,0.34,0.91,Matches
1573,Yunus Mallı,tr TUR,MF,Wolfsburg,de Bundesliga,28,1992,1,1,58,0.6,0,0,0,0,0,0,0,0,0,0,0,0,0,Matches
1574,Hugo Mallo,es ESP,DF,Celta Vigo,es La Liga,29,1991,31,30,"2,602",28.9,3,1,4,3,0,0,8,0,0.1,0.03,0.14,0.1,0.14,Matches
1575,Mickael Malsa,mq MTQ,MF,Levante,es La Liga,24,1995,35,25,"2,338",26,1,0,1,1,0,0,5,0,0.04,0,0.04,0.04,0.04,Matches
Rk,Player,Nation,Pos,Squad,Comp,Age,Born,MP,Starts,Min,90s,Gls,Ast,G+A,G-PK,PK,PKatt,CrdY,CrdR,Gls,Ast,G+A,G-PK,G+A-PK,Matches
1576,Dennis Man,ro ROU,"FW,MF",Parma,it Serie A,21,1998,14,8,699,7.8,2,1,3,2,0,0,1,0,0.26,0.13,0.39,0.26,0.39,Matches
1577,Vincent Manceau,fr FRA,DF,Angers,fr Ligue 1,31,1989,27,25,"2,309",25.7,0,0,0,0,0,0,4,0,0,0,0,0,0,Matches
1578,Gianluca Mancini,it ITA,DF,Roma,it Serie A,24,1996,33,33,"2,852",31.7,4,2,6,4,0,0,10,0,0.13,0.06,0.19,0.13,0.19,Matches
1579,Steve Mandanda,fr FRA,GK,Marseille,fr Ligue 1,35,1985,37,37,"3,330",37,0,0,0,0,0,0,1,0,0,0,0,0,0,Matches
1580,Reinildo Mandava,mz MOZ,DF,Lille,fr Ligue 1,26,1994,29,24,"2,180",24.2,0,0,0,0,0,0,2,1,0,0,0,0,0,Matches
1581,Aïssa Mandi,dz ALG,DF,Real Betis,es La Liga,28,1991,28,27,"2,392",26.6,3,1,4,3,0,0,6,2,0.11,0.04,0.15,0.11,0.15,Matches
1582,Rolando Mandragora,it ITA,MF,Udinese,it Serie A,23,1997,10,3,398,4.4,0,0,0,0,0,0,0,0,0,0,0,0,0,Matches
1583,Rolando Mandragora,it ITA,MF,Torino,it Serie A,23,1997,17,17,"1,525",16.9,3,1,4,3,0,0,5,1,0.18,0.06,0.24,0.18,0.24,Matches
1584,Mario Mandžukić,hr CRO,FW,Milan,it Serie A,34,1986,10,1,212,2.4,0,0,0,0,0,0,1,0,0,0,0,0,0,Matches
1585,Sadio Mané,sn SEN,FW,Liverpool,eng Premier League,28,1992,35,31,"2,810",31.2,11,7,18,11,0,0,3,0,0.35,0.22,0.58,0.35,0.58,Matches
1586,Niccolò Manfredini,it ITA,GK,Benevento,it Serie A,32,1988,1,1,90,1,0,0,0,0,0,0,0,0,0,0,0,0,0,Matches
1587,Eliaquim Mangala,fr FRA,DF,Valencia,es La Liga,29,1991,7,4,321,3.6,0,0,0,0,0,0,1,0,0,0,0,0,0,Matches
1588,Orel Mangala,be BEL,MF,Stuttgart,de Bundesliga,22,1998,24,24,"2,109",23.4,1,3,4,1,0,0,4,0,0.04,0.13,0.17,0.04,0.17,Matches
1589,Thomas Mangani,fr FRA,MF,Angers,fr Ligue 1,33,1987,35,32,"2,691",29.9,3,3,6,0,3,3,3,0,0.1,0.1,0.2,0,0.1,Matches
1590,Vito Mannone,it ITA,GK,Monaco,fr Ligue 1,32,1988,9,9,810,9,0,0,0,0,0,0,0,0,0,0,0,0,0,Matches
1591,Kostas Manolas,gr GRE,DF,Napoli,it Serie A,29,1991,30,27,"2,298",25.5,0,0,0,0,0,0,5,0,0,0,0,0,0,Matches
1592,Javier Manquillo,es ESP,DF,Newcastle,eng Premier League,26,1994,13,10,825,9.2,0,0,0,0,0,0,1,0,0,0,0,0,0,Matches
1593,Juan Manuel Ramos,uy URU,DF,Spezia,it Serie A,23,1996,6,2,294,3.3,0,0,0,0,0,0,1,0,0,0,0,0,0,Matches
1594,Myziane Maolida,km COM,"FW,MF",Nice,fr Ligue 1,21,1999,19,11,"1,077",12,3,1,4,3,0,0,2,0,0.25,0.08,0.33,0.25,0.33,Matches
1595,Faitout Maouassa,fr FRA,DF,Rennes,fr Ligue 1,22,1998,23,13,"1,170",13,0,1,1,0,0,0,4,0,0,0.08,0.08,0,0.08,Matches
1596,Sekou Mara,fr FRA,FW,Bordeaux,fr Ligue 1,18,2002,8,2,229,2.5,1,2,3,1,0,0,0,0,0.39,0.79,1.18,0.39,1.18,Matches
1597,Fernando Marçal,br BRA,"DF,MF",Wolves,eng Premier League,31,1989,13,7,623,6.9,0,0,0,0,0,0,2,0,0,0,0,0,0,Matches
1598,Fernando Marçal,br BRA,DF,Lyon,fr Ligue 1,31,1989,1,1,78,0.9,0,0,0,0,0,0,0,0,0,0,0,0,0,Matches
1599,Marcelo,br BRA,DF,Lyon,fr Ligue 1,33,1987,34,34,"2,907",32.3,3,0,3,3,0,0,7,2,0.09,0,0.09,0.09,0.09,Matches
1600,Marcelo,br BRA,"DF,MF",Real Madrid,es La Liga,32,1988,16,12,"1,050",11.7,0,2,2,0,0,0,3,0,0,0.17,0.17,0,0.17,Matches
Rk,Player,Nation,Pos,Squad,Comp,Age,Born,MP,Starts,Min,90s,Gls,Ast,G+A,G-PK,PK,PKatt,CrdY,CrdR,Gls,Ast,G+A,G-PK,G+A-PK,Matches
1601,Solly March,eng ENG,MF,Brighton,eng Premier League,26,1994,21,19,"1,672",18.6,2,1,3,2,0,0,0,0,0.11,0.05,0.16,0.11,0.16,Matches
1602,Federico Marchetti,it ITA,GK,Genoa,it Serie A,37,1983,4,4,334,3.7,0,0,0,0,0,0,0,0,0,0,0,0,0,Matches
1603,Riccardo Marchizza,it ITA,DF,Spezia,it Serie A,22,1998,24,17,"1,561",17.3,0,2,2,0,0,0,4,0,0,0.12,0.12,0,0.12,Matches
1604,Gian Marco Ferrari,it ITA,DF,Sassuolo,it Serie A,28,1992,34,33,"3,014",33.5,0,4,4,0,0,0,7,0,0,0.12,0.12,0,0.12,Matches
1605,Iván Marcone,ar ARG,MF,Elche,es La Liga,30,1990,33,30,"2,645",29.4,0,0,0,0,0,0,10,1,0,0,0,0,0,Matches
1606,Óscar de Marcos,es ESP,"DF,MF",Athletic Club,es La Liga,31,1989,25,17,"1,520",16.9,1,2,3,1,0,0,2,0,0.06,0.12,0.18,0.06,0.18,Matches
1607,Dario Maresic,at AUT,DF,Reims,fr Ligue 1,20,1999,8,5,514,5.7,0,0,0,0,0,0,0,0,0,0,0,0,0,Matches
1608,José Mari,es ESP,MF,Cádiz,es La Liga,32,1987,22,18,"1,451",16.1,1,0,1,0,1,1,5,0,0.06,0,0.06,0,0,Matches
1609,Pablo Marí,es ESP,DF,Arsenal,eng Premier League,26,1993,10,10,900,10,0,0,0,0,0,0,2,0,0,0,0,0,0,Matches
1610,José María Giménez,uy URU,DF,Atlético Madrid,es La Liga,25,1995,21,20,"1,765",19.6,0,0,0,0,0,0,5,0,0,0,0,0,0,Matches
1611,Mariano,do DOM,FW,Real Madrid,es La Liga,26,1993,16,5,513,5.7,1,0,1,1,0,0,0,0,0.18,0,0.18,0.18,0.18,Matches
1612,Jordan Marié,fr FRA,MF,Dijon,fr Ligue 1,28,1991,24,16,"1,432",15.9,0,0,0,0,0,0,2,0,0,0,0,0,0,Matches
1613,Adrián Marín,es ESP,MF,Alavés,es La Liga,23,1997,5,1,93,1,0,0,0,0,0,0,0,0,0,0,0,0,0,Matches
1614,Adrián Marín,es ESP,"MF,DF",Granada,es La Liga,23,1997,9,3,269,3,0,1,1,0,0,0,1,0,0,0.33,0.33,0,0.33,Matches
1615,Răzvan Marin,ro ROU,MF,Cagliari,it Serie A,24,1996,37,35,"2,965",32.9,3,6,9,3,0,0,6,0,0.09,0.18,0.27,0.09,0.27,Matches
1616,Guillermo Maripán,cl CHI,DF,Monaco,fr Ligue 1,26,1994,28,22,"2,089",23.2,5,1,6,5,0,0,7,0,0.22,0.04,0.26,0.22,0.26,Matches
1617,Marlon,br BRA,DF,Sassuolo,it Serie A,24,1995,24,19,"1,742",19.4,0,0,0,0,0,0,6,1,0,0,0,0,0,Matches
1618,Omar Marmoush,eg EGY,"FW,MF",Wolfsburg,de Bundesliga,21,1999,1,0,1,0,0,0,0,0,0,0,0,0,0,0,0,0,0,Matches
1619,Marquinhos,br BRA,DF,PSG,fr Ligue 1,26,1994,25,24,"2,128",23.6,3,1,4,3,0,0,2,0,0.13,0.04,0.17,0.13,0.17,Matches
1620,Luca Marrone,it ITA,DF,Crotone,it Serie A,30,1990,21,18,"1,588",17.6,0,0,0,0,0,0,8,0,0,0,0,0,0,Matches
1621,Roger Martí,es ESP,FW,Levante,es La Liga,29,1991,33,26,"2,198",24.4,12,4,16,10,2,4,4,0,0.49,0.16,0.66,0.41,0.57,Matches
1622,Anthony Martial,fr FRA,"FW,MF",Manchester Utd,eng Premier League,24,1995,22,17,"1,480",16.4,4,3,7,4,0,0,0,1,0.24,0.18,0.43,0.24,0.43,Matches
1623,Aarón Martín,es ESP,"MF,DF",Mainz 05,de Bundesliga,23,1997,5,3,262,2.9,0,0,0,0,0,0,0,0,0,0,0,0,0,Matches
1624,Aarón Martín,es ESP,DF,Celta Vigo,es La Liga,23,1997,19,17,"1,540",17.1,0,3,3,0,0,0,1,0,0,0.18,0.18,0,0.18,Matches
1625,Álex Martín,es ESP,DF,Cádiz,es La Liga,22,1998,2,1,96,1.1,0,0,0,0,0,0,0,0,0,0,0,0,0,Matches
Rk,Player,Nation,Pos,Squad,Comp,Age,Born,MP,Starts,Min,90s,Gls,Ast,G+A,G-PK,PK,PKatt,CrdY,CrdR,Gls,Ast,G+A,G-PK,G+A-PK,Matches
1626,Jonas Martin,fr FRA,MF,Rennes,fr Ligue 1,30,1990,12,6,482,5.4,0,0,0,0,0,0,3,0,0,0,0,0,0,Matches
1627,Gabriel Martinelli,br BRA,"MF,FW",Arsenal,eng Premier League,19,2001,14,7,589,6.5,2,1,3,2,0,0,0,0,0.31,0.15,0.46,0.31,0.46,Matches
1628,Emiliano Martínez,ar ARG,GK,Aston Villa,eng Premier League,27,1992,38,38,"3,420",38,0,0,0,0,0,0,1,0,0,0,0,0,0,Matches
1629,Iñigo Martínez,es ESP,DF,Athletic Club,es La Liga,29,1991,28,28,"2,519",28,1,0,1,1,0,0,9,1,0.04,0,0.04,0.04,0.04,Matches
1630,Javi Martínez,es ESP,"MF,FW",Osasuna,es La Liga,20,1999,13,6,460,5.1,1,1,2,1,0,0,1,0,0.2,0.2,0.39,0.2,0.39,Matches
1631,Javi Martínez,es ESP,"MF,DF",Bayern Munich,de Bundesliga,31,1988,19,4,466,5.2,0,0,0,0,0,0,0,0,0,0,0,0,0,Matches
1632,Josep Martinez,es ESP,GK,RB Leipzig,de Bundesliga,22,1998,1,1,90,1,0,0,0,0,0,0,0,0,0,0,0,0,0,Matches
1633,Lautaro Martínez,ar ARG,FW,Inter,it Serie A,22,1997,38,30,"2,561",28.5,17,6,23,15,2,2,5,0,0.6,0.21,0.81,0.53,0.74,Matches
1634,Pablo Martinez,fr FRA,DF,Nîmes,fr Ligue 1,31,1989,7,6,540,6,0,1,1,0,0,0,1,0,0,0.17,0.17,0,0.17,Matches
1635,Lucas Martínez Quarta,ar ARG,DF,Fiorentina,it Serie A,24,1996,21,15,"1,483",16.5,1,0,1,1,0,0,4,1,0.06,0,0.06,0.06,0.06,Matches
1636,Gelson Martins,pt POR,"MF,FW",Monaco,fr Ligue 1,25,1995,23,20,"1,551",17.2,3,2,5,3,0,0,3,0,0.17,0.12,0.29,0.17,0.29,Matches
1637,Adam Marušić,me MNE,"MF,DF",Lazio,it Serie A,27,1992,36,33,"2,966",33,2,3,5,2,0,0,3,0,0.06,0.09,0.15,0.06,0.15,Matches
1638,Sylvain Marveaux,fr FRA,MF,Lorient,fr Ligue 1,34,1986,9,2,200,2.2,0,0,0,0,0,0,0,0,0,0,0,0,0,Matches
1639,Marvin,es ESP,"MF,DF",Real Madrid,es La Liga,20,2000,4,2,133,1.5,0,1,1,0,0,0,0,0,0,0.68,0.68,0,0.68,Matches
1640,Omar Mascarell,gq EQG,MF,Schalke 04,de Bundesliga,27,1993,24,21,"1,762",19.6,1,1,2,1,0,0,6,0,0.05,0.05,0.1,0.05,0.1,Matches
1641,Andrea Masiello,it ITA,DF,Genoa,it Serie A,34,1986,30,30,"2,563",28.5,0,0,0,0,0,0,6,0,0,0,0,0,0,Matches
1642,Jordi Masip,es ESP,GK,Valladolid,es La Liga,31,1989,25,25,"2,250",25,0,0,0,0,0,0,3,0,0,0,0,0,0,Matches
1643,Roberto Massimo,de GER,MF,Stuttgart,de Bundesliga,19,2000,18,7,757,8.4,0,0,0,0,0,0,2,0,0,0,0,0,0,Matches
1644,Giuseppe Mastinu,it ITA,MF,Spezia,it Serie A,28,1991,3,0,32,0.4,0,0,0,0,0,0,0,0,0,0,0,0,0,Matches
1645,Arthur Masuaku,cd COD,"MF,DF",West Ham,eng Premier League,26,1993,12,12,"1,006",11.2,0,2,2,0,0,0,2,0,0,0.18,0.18,0,0.18,Matches
1646,Jaime Mata,es ESP,FW,Getafe,es La Liga,31,1988,33,23,"2,037",22.6,5,0,5,4,1,2,9,1,0.22,0,0.22,0.18,0.18,Matches
1647,Juan Mata,es ESP,MF,Manchester Utd,eng Premier League,32,1988,9,6,509,5.7,1,2,3,0,1,1,0,0,0.18,0.35,0.53,0,0.35,Matches
1648,Pape Matar Sarr,sn SEN,MF,Metz,fr Ligue 1,17,2002,22,18,"1,594",17.7,3,0,3,3,0,0,5,0,0.17,0,0.17,0.17,0.17,Matches
1649,Eliot Matazo,be BEL,MF,Monaco,fr Ligue 1,18,2002,10,3,314,3.5,1,1,2,1,0,0,0,1,0.29,0.29,0.57,0.29,0.57,Matches
1650,Jean-Philippe Mateta,fr FRA,FW,Crystal Palace,eng Premier League,23,1997,7,2,221,2.5,1,0,1,1,0,0,0,0,0.41,0,0.41,0.41,0.41,Matches
Rk,Player,Nation,Pos,Squad,Comp,Age,Born,MP,Starts,Min,90s,Gls,Ast,G+A,G-PK,PK,PKatt,CrdY,CrdR,Gls,Ast,G+A,G-PK,G+A-PK,Matches
1651,Jean-Philippe Mateta,fr FRA,FW,Mainz 05,de Bundesliga,23,1997,15,12,997,11.1,7,1,8,6,1,1,2,0,0.63,0.09,0.72,0.54,0.63,Matches
1652,Nemanja Matić,rs SRB,MF,Manchester Utd,eng Premier League,31,1988,20,12,"1,106",12.3,0,0,0,0,0,0,2,0,0,0,0,0,0,Matches
1653,Joël Matip,cm CMR,DF,Liverpool,eng Premier League,28,1991,10,9,691,7.7,1,2,3,1,0,0,2,0,0.13,0.26,0.39,0.13,0.39,Matches
1654,Rabbi Matondo,wls WAL,"MF,FW",Schalke 04,de Bundesliga,19,2000,3,3,220,2.4,0,0,0,0,0,0,0,0,0,0,0,0,0,Matches
1655,Ryder Matos,br BRA,"FW,MF",Udinese,it Serie A,27,1993,1,0,13,0.1,0,0,0,0,0,0,0,0,0,0,0,0,0,Matches
1656,Henning Matriciani,de GER,DF,Schalke 04,de Bundesliga,20,2000,1,0,24,0.3,0,0,0,0,0,0,0,0,0,0,0,0,0,Matches
1657,Chrislain Matsima,fr FRA,DF,Monaco,fr Ligue 1,18,2002,9,3,352,3.9,0,0,0,0,0,0,2,0,0,0,0,0,0,Matches
1658,Federico Mattiello,it ITA,"DF,MF",Spezia,it Serie A,25,1995,1,0,36,0.4,0,0,0,0,0,0,0,0,0,0,0,0,0,Matches
1659,Neal Maupay,fr FRA,"FW,MF",Brighton,eng Premier League,23,1996,33,29,"2,512",27.9,8,2,10,5,3,4,1,1,0.29,0.07,0.36,0.18,0.25,Matches
1660,Tony Mauricio,fr FRA,MF,Lens,fr Ligue 1,26,1994,26,2,502,5.6,0,4,4,0,0,0,3,0,0,0.72,0.72,0,0.72,Matches
1661,Marcos Mauro,ar ARG,DF,Cádiz,es La Liga,29,1991,24,22,"1,825",20.3,2,0,2,2,0,0,2,1,0.1,0,0.1,0.1,0.1,Matches
1662,Stephy Mavididi,eng ENG,"FW,MF",Montpellier,fr Ligue 1,22,1998,35,23,"2,030",22.6,9,0,9,9,0,0,3,0,0.4,0,0.4,0.4,0.4,Matches
1663,Konstantinos Mavropanos,gr GRE,DF,Stuttgart,de Bundesliga,22,1997,21,19,"1,463",16.3,0,0,0,0,0,0,5,0,0,0,0,0,0,Matches
1664,Eric Maxim Choupo-Moting,cm CMR,"FW,MF",Bayern Munich,de Bundesliga,31,1989,22,8,820,9.1,3,0,3,3,0,0,2,0,0.33,0,0.33,0.33,0.33,Matches
1665,Borja Mayoral,es ESP,FW,Real Madrid,es La Liga,23,1997,2,0,23,0.3,0,0,0,0,0,0,0,0,0,0,0,0,0,Matches
1666,Borja Mayoral,es ESP,FW,Roma,it Serie A,23,1997,31,18,"1,551",17.2,10,3,13,10,0,0,1,0,0.58,0.17,0.75,0.58,0.75,Matches
1667,Youssef Maziz,fr FRA,MF,Metz,fr Ligue 1,22,1998,11,2,257,2.9,0,0,0,0,0,0,1,0,0,0,0,0,0,Matches
1668,Antonio Mazzotta,it ITA,MF,Crotone,it Serie A,30,1989,2,1,56,0.6,0,0,0,0,0,0,1,0,0,0,0,0,0,Matches
1669,Kevin Mbabu,ch SUI,DF,Wolfsburg,de Bundesliga,25,1995,22,19,"1,642",18.2,0,1,1,0,0,0,7,0,0,0.05,0.05,0,0.05,Matches
1670,Kylian Mbappé,fr FRA,"FW,MF",PSG,fr Ligue 1,21,1998,31,27,"2,380",26.4,27,7,34,21,6,6,5,0,1.02,0.26,1.29,0.79,1.06,Matches
1671,Ibrahima Mbaye,sn SEN,DF,Bologna,it Serie A,25,1994,8,5,428,4.8,1,0,1,1,0,0,2,0,0.21,0,0.21,0.21,0.21,Matches
1672,Hianga'a Mbock,fr FRA,MF,Brest,fr Ligue 1,20,1999,12,4,458,5.1,0,0,0,0,0,0,1,0,0,0,0,0,0,Matches
1673,Jean-Manuel Mbom,de GER,MF,Werder Bremen,de Bundesliga,20,2000,21,15,"1,160",12.9,0,1,1,0,0,0,7,0,0,0.08,0.08,0,0.08,Matches
1674,Nathanaël Mbuku,cd COD,"MF,FW",Reims,fr Ligue 1,18,2002,32,28,"2,210",24.6,4,1,5,4,0,0,3,0,0.16,0.04,0.2,0.16,0.2,Matches
1675,James McArthur,sct SCO,MF,Crystal Palace,eng Premier League,32,1987,18,17,"1,466",16.3,0,2,2,0,0,0,3,0,0,0.12,0.12,0,0.12,Matches
Rk,Player,Nation,Pos,Squad,Comp,Age,Born,MP,Starts,Min,90s,Gls,Ast,G+A,G-PK,PK,PKatt,CrdY,CrdR,Gls,Ast,G+A,G-PK,G+A-PK,Matches
1676,Oliver McBurnie,sct SCO,FW,Sheffield United,eng Premier League,24,1996,23,12,"1,324",14.7,1,0,1,1,0,0,2,0,0.07,0,0.07,0.07,0.07,Matches
1677,Alex McCarthy,eng ENG,GK,Southampton,eng Premier League,30,1989,30,30,"2,700",30,0,0,0,0,0,0,2,0,0,0,0,0,0,Matches
1678,James McCarthy,ie IRL,MF,Crystal Palace,eng Premier League,29,1990,16,10,821,9.1,0,0,0,0,0,0,1,0,0,0,0,0,0,Matches
1679,John McGinn,sct SCO,MF,Aston Villa,eng Premier League,25,1994,37,37,"3,330",37,3,5,8,3,0,0,12,0,0.08,0.14,0.22,0.08,0.22,Matches
1680,David McGoldrick,ie IRL,FW,Sheffield United,eng Premier League,32,1987,35,28,"2,397",26.6,8,1,9,8,0,0,7,0,0.3,0.04,0.34,0.3,0.34,Matches
1681,Weston McKennie,us USA,MF,Juventus,it Serie A,21,1998,34,18,"1,702",18.9,5,2,7,5,0,0,5,0,0.26,0.11,0.37,0.26,0.37,Matches
1682,Dwight McNeil,eng ENG,MF,Burnley,eng Premier League,20,1999,36,34,"3,069",34.1,2,5,7,2,0,0,1,0,0.06,0.15,0.21,0.06,0.21,Matches
1683,Scott McTominay,sct SCO,MF,Manchester Utd,eng Premier League,23,1996,32,24,"2,129",23.7,4,1,5,4,0,0,3,0,0.17,0.04,0.21,0.17,0.21,Matches
1684,Gary Medel,cl CHI,"DF,MF",Bologna,it Serie A,32,1987,11,6,511,5.7,0,1,1,0,0,0,1,0,0,0.18,0.18,0,0.18,Matches
1685,Facundo Medina,ar ARG,DF,Lens,fr Ligue 1,21,1999,24,23,"2,007",22.3,2,0,2,2,0,0,11,0,0.09,0,0.09,0.09,0.09,Matches
1686,Nathan de Medina,be BEL,DF,Arminia,de Bundesliga,22,1997,16,7,639,7.1,0,1,1,0,0,0,5,1,0,0.14,0.14,0,0.14,Matches
1687,Ben Mee,eng ENG,DF,Burnley,eng Premier League,30,1989,30,30,"2,693",29.9,2,0,2,2,0,0,3,0,0.07,0,0.07,0.07,0.07,Matches
1688,Joshua Mees,de GER,"FW,MF",Union Berlin,de Bundesliga,24,1996,1,0,5,0.1,0,0,0,0,0,0,0,0,0,0,0,0,0,Matches
1689,Admir Mehmedi,ch SUI,"MF,FW",Wolfsburg,de Bundesliga,29,1991,18,8,820,9.1,0,2,2,0,0,0,0,0,0,0.22,0.22,0,0.22,Matches
1690,Soualiho Meïté,fr FRA,MF,Torino,it Serie A,26,1994,14,11,920,10.2,1,1,2,1,0,0,0,0,0.1,0.1,0.2,0.1,0.2,Matches
1691,Soualiho Meïté,fr FRA,MF,Milan,it Serie A,26,1994,16,4,588,6.5,0,0,0,0,0,0,2,0,0,0,0,0,0,Matches
1692,Hannibal Mejbri,tn TUN,MF,Manchester Utd,eng Premier League,17,2003,1,0,9,0.1,0,0,0,0,0,0,0,0,0,0,0,0,0,Matches
1693,Farid El Melali,dz ALG,MF,Angers,fr Ligue 1,23,1997,17,4,414,4.6,0,0,0,0,0,0,1,0,0,0,0,0,0,Matches
1694,Filippo Melegoni,it ITA,MF,Genoa,it Serie A,21,1999,14,3,389,4.3,0,0,0,0,0,0,1,0,0,0,0,0,0,Matches
1695,Gonzalo Melero,es ESP,"MF,FW",Levante,es La Liga,26,1994,29,21,"1,853",20.6,7,1,8,7,0,0,4,0,0.34,0.05,0.39,0.34,0.39,Matches
1696,Birger Meling,no NOR,DF,Nîmes,fr Ligue 1,25,1994,26,26,"2,328",25.9,2,3,5,2,0,0,4,0,0.08,0.12,0.19,0.08,0.19,Matches
1697,Arthur Melo,br BRA,MF,Juventus,it Serie A,23,1996,22,13,"1,157",12.9,1,0,1,1,0,0,3,0,0.08,0,0.08,0.08,0.08,Matches
1698,Memphis,nl NED,"FW,MF",Lyon,fr Ligue 1,26,1994,37,33,"2,923",32.5,20,12,32,12,8,8,4,0,0.62,0.37,0.99,0.37,0.74,Matches
1699,Houboulang Mendes,gw GNB,DF,Lorient,fr Ligue 1,22,1998,17,15,"1,297",14.4,0,0,0,0,0,0,3,0,0,0,0,0,0,Matches
1700,Pedro Mendes,pt POR,DF,Montpellier,fr Ligue 1,29,1990,22,19,"1,626",18.1,2,0,2,2,0,0,5,0,0.11,0,0.11,0.11,0.11,Matches
Rk,Player,Nation,Pos,Squad,Comp,Age,Born,MP,Starts,Min,90s,Gls,Ast,G+A,G-PK,PK,PKatt,CrdY,CrdR,Gls,Ast,G+A,G-PK,G+A-PK,Matches
1701,Thiago Mendes,br BRA,MF,Lyon,fr Ligue 1,28,1992,32,23,"2,243",24.9,0,1,1,0,0,0,5,1,0,0.04,0.04,0,0.04,Matches
1702,Brais Méndez,es ESP,"MF,FW",Celta Vigo,es La Liga,23,1997,34,30,"2,671",29.7,9,0,9,8,1,1,8,0,0.3,0,0.3,0.27,0.27,Matches
1703,Édgar Méndez,es ESP,"MF,FW",Alavés,es La Liga,30,1990,33,26,"2,090",23.2,5,1,6,5,0,0,12,1,0.22,0.04,0.26,0.22,0.26,Matches
1704,Eñaut Mendía,es ESP,MF,Eibar,es La Liga,21,1999,1,1,61,0.7,0,0,0,0,0,0,1,0,0,0,0,0,0,Matches
1705,Batista Mendy,fr FRA,"DF,MF",Nantes,fr Ligue 1,20,2000,2,0,76,0.8,0,0,0,0,0,0,0,0,0,0,0,0,0,Matches
1706,Benjamin Mendy,fr FRA,"DF,MF",Manchester City,eng Premier League,26,1994,13,11,953,10.6,2,1,3,2,0,0,2,0,0.19,0.09,0.28,0.19,0.28,Matches
1707,Édouard Mendy,sn SEN,GK,Rennes,fr Ligue 1,28,1992,1,1,90,1,0,0,0,0,0,0,0,0,0,0,0,0,0,Matches
1708,Édouard Mendy,sn SEN,GK,Chelsea,eng Premier League,28,1992,31,31,"2,745",30.5,0,0,0,0,0,0,2,0,0,0,0,0,0,Matches
1709,Ferland Mendy,fr FRA,DF,Real Madrid,es La Liga,25,1995,26,24,"2,208",24.5,1,0,1,1,0,0,3,0,0.04,0,0.04,0.04,0.04,Matches
1710,Nampalys Mendy,sn SEN,MF,Leicester City,eng Premier League,28,1992,23,15,"1,459",16.2,0,1,1,0,0,0,5,0,0,0.06,0.06,0,0.06,Matches
1711,Hamza Mendyl,ma MAR,MF,Schalke 04,de Bundesliga,22,1997,3,1,95,1.1,0,0,0,0,0,0,1,0,0,0,0,0,0,Matches
1712,Levent Mercan,de GER,"DF,MF",Schalke 04,de Bundesliga,19,2000,1,0,5,0.1,0,0,0,0,0,0,0,0,0,0,0,0,0,Matches
1713,Jorge Meré,es ESP,DF,Köln,de Bundesliga,23,1997,16,14,"1,300",14.4,0,0,0,0,0,0,2,0,0,0,0,0,0,Matches
1714,Alex Meret,it ITA,GK,Napoli,it Serie A,23,1997,22,22,"1,980",22,0,0,0,0,0,0,0,0,0,0,0,0,0,Matches
1715,Mikel Merino,es ESP,MF,Real Sociedad,es La Liga,24,1996,26,25,"2,154",23.9,2,4,6,2,0,0,5,0,0.08,0.17,0.25,0.08,0.25,Matches
1716,Martín Merquelanz,es ESP,MF,Real Sociedad,es La Liga,25,1995,13,4,549,6.1,0,1,1,0,0,0,0,0,0,0.16,0.16,0,0.16,Matches
1717,Yıldırım Mert Çetin,tr TUR,DF,Hellas Verona,it Serie A,23,1997,6,4,418,4.6,0,0,0,0,0,0,1,0,0,0,0,0,0,Matches
1718,Dries Mertens,be BEL,"FW,MF",Napoli,it Serie A,33,1987,29,18,"1,459",16.2,9,8,17,9,0,0,2,0,0.56,0.49,1.05,0.56,1.05,Matches
1719,Roque Mesa,es ESP,MF,Valladolid,es La Liga,31,1989,25,21,"1,761",19.6,1,0,1,0,1,1,4,1,0.05,0,0.05,0,0,Matches
1720,Illan Meslier,fr FRA,GK,Leeds United,eng Premier League,20,2000,35,35,"3,150",35,0,0,0,0,0,0,0,0,0,0,0,0,0,Matches
1721,Lionel Messi,ar ARG,"FW,MF",Barcelona,es La Liga,33,1987,35,33,"3,023",33.6,30,9,39,27,3,5,4,0,0.89,0.27,1.16,0.8,1.07,Matches
1722,Junior Messias,br BRA,"MF,FW",Crotone,it Serie A,29,1991,36,36,"3,215",35.7,9,4,13,9,0,0,6,0,0.25,0.11,0.36,0.25,0.36,Matches
1723,Thomas Meunier,be BEL,"DF,MF",Dortmund,de Bundesliga,28,1991,21,17,"1,472",16.4,1,1,2,1,0,0,3,0,0.06,0.06,0.12,0.06,0.12,Matches
1724,Mexer,mz MOZ,DF,Bordeaux,fr Ligue 1,31,1988,9,8,712,7.9,0,0,0,0,0,0,3,0,0,0,0,0,0,Matches
1725,Max Meyer,de GER,MF,Köln,de Bundesliga,24,1995,10,3,351,3.9,0,0,0,0,0,0,0,0,0,0,0,0,0,Matches
Rk,Player,Nation,Pos,Squad,Comp,Age,Born,MP,Starts,Min,90s,Gls,Ast,G+A,G-PK,PK,PKatt,CrdY,CrdR,Gls,Ast,G+A,G-PK,G+A-PK,Matches
1726,Omenuke Mfulu,cd COD,MF,Elche,es La Liga,26,1994,20,9,789,8.8,0,0,0,0,0,0,4,0,0,0,0,0,0,Matches
1727,Míchel,es ESP,MF,Valladolid,es La Liga,32,1988,22,10,946,10.5,2,0,2,2,0,0,3,0,0.19,0,0.19,0.19,0.19,Matches
1728,Jonas Michelbrink,de GER,MF,Hertha BSC,de Bundesliga,19,2001,2,0,39,0.4,0,0,0,0,0,0,1,0,0,0,0,0,0,Matches
1729,Clément Michelin,fr FRA,"MF,DF",Lens,fr Ligue 1,23,1997,26,13,"1,154",12.8,0,4,4,0,0,0,3,2,0,0.31,0.31,0,0.31,Matches
1730,Edouard Michut,fr FRA,MF,PSG,fr Ligue 1,17,2003,1,0,2,0,0,0,0,0,0,0,0,0,0,0,0,0,0,Matches
1731,Petar Mićin,rs SRB,MF,Udinese,it Serie A,21,1998,1,0,15,0.2,0,0,0,0,0,0,0,0,0,0,0,0,0,Matches
1732,Florian Miguel,fr FRA,DF,Nîmes,fr Ligue 1,23,1996,21,18,"1,538",17.1,0,0,0,0,0,0,4,2,0,0,0,0,0,Matches
1733,Valentin Mihaila,ro ROU,FW,Parma,it Serie A,20,2000,16,4,698,7.8,3,0,3,3,0,0,2,0,0.39,0,0.39,0.39,0.39,Matches
1734,Nikola Milenković,rs SRB,DF,Fiorentina,it Serie A,22,1997,34,34,"3,034",33.7,3,1,4,3,0,0,7,1,0.09,0.03,0.12,0.09,0.12,Matches
1735,Arkadiusz Milik,pl POL,FW,Marseille,fr Ligue 1,26,1994,15,14,"1,220",13.6,9,1,10,6,3,3,2,0,0.66,0.07,0.74,0.44,0.52,Matches
1736,Sergej Milinković-Savić,rs SRB,MF,Lazio,it Serie A,25,1995,32,32,"2,746",30.5,8,9,17,8,0,0,4,0,0.26,0.29,0.56,0.26,0.56,Matches
1737,Vanja Milinković-Savić,rs SRB,GK,Torino,it Serie A,23,1997,5,5,450,5,0,0,0,0,0,0,0,1,0,0,0,0,0,Matches
1738,Éder Militão,br BRA,DF,Real Madrid,es La Liga,22,1998,14,13,"1,133",12.6,1,0,1,1,0,0,3,1,0.08,0,0.08,0.08,0.08,Matches
1739,Luka Milivojević,rs SRB,MF,Crystal Palace,eng Premier League,29,1991,31,27,"2,359",26.2,1,1,2,0,1,2,8,1,0.04,0.04,0.08,0,0.04,Matches
1740,Luis Milla,es ESP,MF,Granada,es La Liga,25,1994,16,14,"1,253",13.9,1,1,2,1,0,0,1,0,0.07,0.07,0.14,0.07,0.14,Matches
1741,Pere Milla,es ESP,"FW,MF",Elche,es La Liga,27,1992,32,22,"1,981",22,4,3,7,4,0,0,6,0,0.18,0.14,0.32,0.18,0.32,Matches
1742,Álex Millán,es ESP,FW,Villarreal,es La Liga,20,1999,1,0,2,0,0,0,0,0,0,0,0,0,0,0,0,0,0,Matches
1743,Vincenzo Millico,it ITA,FW,Torino,it Serie A,19,2000,3,0,21,0.2,0,0,0,0,0,0,0,0,0,0,0,0,0,Matches
1744,Enzo Millot,fr FRA,MF,Monaco,fr Ligue 1,18,2002,2,0,41,0.5,0,0,0,0,0,0,0,0,0,0,0,0,0,Matches
1745,James Milner,eng ENG,MF,Liverpool,eng Premier League,34,1986,26,11,"1,070",11.9,0,1,1,0,0,0,3,0,0,0.08,0.08,0,0.08,Matches
1746,Santi Mina,es ESP,FW,Celta Vigo,es La Liga,24,1995,34,29,"2,412",26.8,12,3,15,11,1,1,4,0,0.45,0.11,0.56,0.41,0.52,Matches
1747,Yerry Mina,co COL,DF,Everton,eng Premier League,25,1994,24,23,"1,937",21.5,2,0,2,2,0,0,2,0,0.09,0,0.09,0.09,0.09,Matches
1748,Takumi Minamino,jp JPN,"MF,FW",Southampton,eng Premier League,25,1995,10,9,711,7.9,2,0,2,2,0,0,1,0,0.25,0,0.25,0.25,0.25,Matches
1749,Takumi Minamino,jp JPN,"MF,FW",Liverpool,eng Premier League,25,1995,9,2,293,3.3,1,0,1,1,0,0,0,0,0.31,0,0.31,0.31,0.31,Matches
1750,Tyrone Mings,eng ENG,DF,Aston Villa,eng Premier League,27,1993,36,36,"3,194",35.5,2,2,4,2,0,0,6,1,0.06,0.06,0.11,0.06,0.11,Matches
Rk,Player,Nation,Pos,Squad,Comp,Age,Born,MP,Starts,Min,90s,Gls,Ast,G+A,G-PK,PK,PKatt,CrdY,CrdR,Gls,Ast,G+A,G-PK,G+A-PK,Matches
1751,Óscar Mingueza,es ESP,DF,Barcelona,es La Liga,21,1999,27,23,"1,901",21.1,2,2,4,2,0,0,4,0,0.09,0.09,0.19,0.09,0.19,Matches
1752,Rafa Mir,es ESP,FW,Huesca,es La Liga,23,1997,38,32,"2,877",32,13,1,14,11,2,3,2,0,0.41,0.03,0.44,0.34,0.38,Matches
1753,Jorge Miramón,es ESP,DF,Levante,es La Liga,31,1989,26,19,"1,732",19.2,0,3,3,0,0,0,1,0,0,0.16,0.16,0,0.16,Matches
1754,Aleksei Miranchuk,ru RUS,MF,Atalanta,it Serie A,24,1995,25,4,675,7.5,4,2,6,4,0,0,0,0,0.53,0.27,0.8,0.53,0.8,Matches
1755,Juan Miranda,es ESP,DF,Real Betis,es La Liga,20,2000,22,18,"1,652",18.4,1,2,3,1,0,0,4,0,0.05,0.11,0.16,0.05,0.16,Matches
1756,Antonio Mirante,it ITA,GK,Roma,it Serie A,37,1983,13,13,"1,153",12.8,0,0,0,0,0,0,2,0,0,0,0,0,0,Matches
1757,Tyrick Mitchell,eng ENG,DF,Crystal Palace,eng Premier League,20,1999,19,19,"1,710",19,1,1,2,1,0,0,1,0,0.05,0.05,0.11,0.05,0.11,Matches
1758,Aleksandar Mitrović,rs SRB,FW,Fulham,eng Premier League,25,1994,27,13,"1,402",15.6,3,3,6,2,1,2,3,0,0.19,0.19,0.39,0.13,0.32,Matches
1759,Stefan Mitrović,rs SRB,DF,Strasbourg,fr Ligue 1,30,1990,32,31,"2,784",30.9,2,0,2,2,0,0,3,1,0.06,0,0.06,0.06,0.06,Matches
1760,Maximilian Mittelstädt,de GER,"DF,MF",Hertha BSC,de Bundesliga,23,1997,27,22,"1,797",20,0,2,2,0,0,0,3,0,0,0.1,0.1,0,0.1,Matches
1761,Henrikh Mkhitaryan,am ARM,MF,Roma,it Serie A,31,1989,34,30,"2,745",30.5,13,10,23,12,1,1,2,0,0.43,0.33,0.75,0.39,0.72,Matches
1762,Jakub Moder,pl POL,MF,Brighton,eng Premier League,21,1999,12,7,647,7.2,0,0,0,0,0,0,0,0,0,0,0,0,0,Matches
1763,Anthony Modeste,fr FRA,FW,Köln,de Bundesliga,32,1988,8,1,221,2.5,0,0,0,0,0,1,1,0,0,0,0,0,0,Matches
1764,Anthony Modeste,fr FRA,FW,Saint-Étienne,fr Ligue 1,32,1988,7,3,293,3.3,0,0,0,0,0,0,1,0,0,0,0,0,0,Matches
1765,Luka Modrić,hr CRO,MF,Real Madrid,es La Liga,34,1985,35,32,"2,733",30.4,5,3,8,5,0,0,4,0,0.16,0.1,0.26,0.16,0.26,Matches
1766,Terem Moffi,ng NGA,FW,Lorient,fr Ligue 1,21,1999,32,26,"2,073",23,14,2,16,13,1,1,2,0,0.61,0.09,0.69,0.56,0.65,Matches
1767,Kevin Möhwald,de GER,MF,Werder Bremen,de Bundesliga,27,1993,27,17,"1,555",17.3,5,1,6,5,0,0,4,1,0.29,0.06,0.35,0.29,0.35,Matches
1768,Niklas Moisander,fi FIN,DF,Werder Bremen,de Bundesliga,34,1985,18,12,"1,222",13.6,0,0,0,0,0,0,3,0,0,0,0,0,0,Matches
1769,Johan Mojica,co COL,"DF,MF",Elche,es La Liga,27,1992,17,14,"1,204",13.4,0,0,0,0,0,0,3,0,0,0,0,0,0,Matches
1770,Johan Mojica,co COL,MF,Atalanta,it Serie A,27,1992,11,3,299,3.3,0,0,0,0,0,0,1,0,0,0,0,0,0,Matches
1771,Guillem Molina,es ESP,DF,Valencia,es La Liga,20,2000,2,1,153,1.7,0,0,0,0,0,0,1,0,0,0,0,0,0,Matches
1772,Jorge Molina,es ESP,FW,Granada,es La Liga,38,1982,33,17,"1,615",17.9,8,2,10,8,0,1,3,0,0.45,0.11,0.56,0.45,0.56,Matches
1773,Nahuel Molina,ar ARG,MF,Udinese,it Serie A,22,1998,29,18,"1,828",20.3,2,5,7,2,0,0,1,0,0.1,0.25,0.34,0.1,0.34,Matches
1774,Salvatore Molina,it ITA,MF,Crotone,it Serie A,28,1992,29,28,"2,315",25.7,1,4,5,1,0,0,1,0,0.04,0.16,0.19,0.04,0.19,Matches
1775,Victor Mollejo,es ESP,"FW,MF",Getafe,es La Liga,19,2001,4,0,72,0.8,0,0,0,0,0,0,0,0,0,0,0,0,0,Matches
Rk,Player,Nation,Pos,Squad,Comp,Age,Born,MP,Starts,Min,90s,Gls,Ast,G+A,G-PK,PK,PKatt,CrdY,CrdR,Gls,Ast,G+A,G-PK,G+A-PK,Matches
1776,Florent Mollet,fr FRA,MF,Montpellier,fr Ligue 1,28,1991,34,30,"2,355",26.2,3,5,8,3,0,0,5,2,0.11,0.19,0.31,0.11,0.31,Matches
1777,Jayson Molumby,ie IRL,MF,Brighton,eng Premier League,20,1999,1,0,1,0,0,0,0,0,0,0,0,0,0,0,0,0,0,Matches
1778,Alkhaly Momo Cissé,gn GUI,FW,Stuttgart,de Bundesliga,17,2002,5,0,38,0.4,0,0,0,0,0,0,1,0,0,0,0,0,0,Matches
1779,Jon Moncayola,es ESP,MF,Osasuna,es La Liga,22,1998,36,28,"2,660",29.6,2,0,2,2,0,0,7,1,0.07,0,0.07,0.07,0.07,Matches
1780,Gabriele Moncini,it ITA,FW,Benevento,it Serie A,24,1996,10,4,357,4,0,0,0,0,0,0,0,0,0,0,0,0,0,Matches
1781,Thomas Monconduit,fr FRA,MF,Lorient,fr Ligue 1,29,1991,27,12,"1,153",12.8,2,0,2,2,0,0,4,0,0.16,0,0.16,0.16,0.16,Matches
1782,Kévin Monnet-Paquet,fr FRA,MF,Saint-Étienne,fr Ligue 1,31,1988,16,7,564,6.3,0,0,0,0,0,0,0,0,0,0,0,0,0,Matches
1783,Nacho Monreal,es ESP,DF,Real Sociedad,es La Liga,34,1986,26,23,"2,082",23.1,1,1,2,1,0,0,1,0,0.04,0.04,0.09,0.04,0.09,Matches
1784,Cristóbal Montiel,es ESP,MF,Fiorentina,it Serie A,20,2000,2,0,4,0,0,0,0,0,0,0,0,0,0,0,0,0,0,Matches
1785,Lorenzo Montipò,it ITA,GK,Benevento,it Serie A,24,1996,37,37,"3,330",37,0,0,0,0,0,0,3,0,0,0,0,0,0,Matches
1786,Ángel Montoro,es ESP,MF,Granada,es La Liga,32,1988,22,17,"1,362",15.1,1,1,2,0,1,1,6,0,0.07,0.07,0.13,0,0.07,Matches
1787,Martín Montoya,es ESP,DF,Real Betis,es La Liga,29,1991,5,2,239,2.7,0,0,0,0,0,0,0,1,0,0,0,0,0,Matches
1788,Emre Mor,tr TUR,"FW,MF",Celta Vigo,es La Liga,23,1997,11,6,500,5.6,0,0,0,0,0,0,2,0,0,0,0,0,0,Matches
1789,Luca Mora,it ITA,MF,Spezia,it Serie A,32,1988,4,1,113,1.3,0,0,0,0,0,0,0,0,0,0,0,0,0,Matches
1790,Ederson Moraes,br BRA,GK,Manchester City,eng Premier League,26,1993,36,36,"3,240",36,0,1,1,0,0,0,3,0,0,0.03,0.03,0,0.03,Matches
1791,Wesley Moraes,br BRA,FW,Aston Villa,eng Premier League,23,1996,3,0,18,0.2,0,0,0,0,0,0,0,0,0,0,0,0,0,Matches
1792,Álvaro Morata,es ESP,FW,Juventus,it Serie A,27,1992,32,23,"2,014",22.4,11,9,20,10,1,1,3,1,0.49,0.4,0.89,0.45,0.85,Matches
1793,Jan Morávek,cz CZE,MF,Augsburg,de Bundesliga,30,1989,5,3,267,3,0,0,0,0,0,0,0,0,0,0,0,0,0,Matches
1794,Jon Morcillo,es ESP,MF,Athletic Club,es La Liga,21,1998,30,16,"1,363",15.1,2,2,4,2,0,0,3,0,0.13,0.13,0.26,0.13,0.26,Matches
1795,Jérémy Morel,mg MAD,DF,Lorient,fr Ligue 1,36,1984,28,28,"2,493",27.7,0,0,0,0,0,0,1,0,0,0,0,0,0,Matches
1796,Alberto Moreno,es ESP,DF,Villarreal,es La Liga,28,1992,5,2,193,2.1,0,0,0,0,0,0,0,0,0,0,0,0,0,Matches
1797,Álex Moreno,es ESP,DF,Real Betis,es La Liga,27,1993,23,20,"1,786",19.8,0,2,2,0,0,0,4,0,0,0.1,0.1,0,0.1,Matches
1798,Gerard Moreno,es ESP,"FW,MF",Villarreal,es La Liga,28,1992,33,30,"2,673",29.7,23,7,30,13,10,10,3,0,0.77,0.24,1.01,0.44,0.67,Matches
1799,Tete Morente,es ESP,MF,Elche,es La Liga,23,1996,30,23,"2,019",22.4,2,5,7,2,0,0,5,0,0.09,0.22,0.31,0.09,0.31,Matches
1800,Mateu Morey,es ESP,"DF,MF",Dortmund,de Bundesliga,20,2000,13,10,829,9.2,0,2,2,0,0,0,1,0,0,0.22,0.22,0,0.22,Matches
Rk,Player,Nation,Pos,Squad,Comp,Age,Born,MP,Starts,Min,90s,Gls,Ast,G+A,G-PK,PK,PKatt,CrdY,CrdR,Gls,Ast,G+A,G-PK,G+A-PK,Matches
1801,Wes Morgan,jm JAM,DF,Leicester City,eng Premier League,36,1984,3,0,18,0.2,0,0,0,0,0,0,0,0,0,0,0,0,0,Matches
1802,Ilaix Moriba,gn GUI,MF,Barcelona,es La Liga,17,2003,14,4,542,6,1,2,3,1,0,0,1,0,0.17,0.33,0.5,0.17,0.5,Matches
1803,Raúl Moro,es ESP,MF,Lazio,it Serie A,17,2002,1,0,11,0.1,0,0,0,0,0,0,0,0,0,0,0,0,0,Matches
1804,Loren Morón,es ESP,FW,Real Betis,es La Liga,26,1993,26,9,991,11,1,0,1,1,0,0,2,0,0.09,0,0.09,0.09,0.09,Matches
1805,Pedro Mosquera,es ESP,MF,Huesca,es La Liga,32,1988,27,24,"2,050",22.8,0,0,0,0,0,0,1,0,0,0,0,0,0,Matches
1806,Aimen Moueffek,fr FRA,"DF,MF",Saint-Étienne,fr Ligue 1,19,2001,19,6,743,8.3,0,0,0,0,0,0,3,0,0,0,0,0,0,Matches
1807,Youssoufa Moukoko,de GER,FW,Dortmund,de Bundesliga,15,2004,14,2,422,4.7,3,0,3,3,0,0,0,0,0.64,0,0.64,0.64,0.64,Matches
1808,Harold Moukoudi,cm CMR,DF,Saint-Étienne,fr Ligue 1,22,1997,26,26,"2,276",25.3,3,1,4,3,0,0,6,0,0.12,0.04,0.16,0.12,0.16,Matches
1809,Jessy Moulin,fr FRA,GK,Saint-Étienne,fr Ligue 1,34,1986,29,29,"2,610",29,0,0,0,0,0,0,1,0,0,0,0,0,0,Matches
1810,Steve Mounié,bj BEN,FW,Brest,fr Ligue 1,25,1994,35,31,"2,680",29.8,9,4,13,8,1,2,6,0,0.3,0.13,0.44,0.27,0.4,Matches
1811,Mason Mount,eng ENG,MF,Chelsea,eng Premier League,21,1999,36,32,"2,890",32.1,6,5,11,5,1,1,2,0,0.19,0.16,0.34,0.16,0.31,Matches
1812,Lucas Moura,br BRA,"MF,FW",Tottenham,eng Premier League,27,1992,30,14,"1,411",15.7,3,4,7,3,0,0,1,0,0.19,0.26,0.45,0.19,0.45,Matches
1813,Lys Mousset,fr FRA,FW,Sheffield United,eng Premier League,24,1996,11,2,296,3.3,0,0,0,0,0,0,0,0,0,0,0,0,0,Matches
1814,João Moutinho,pt POR,MF,Wolves,eng Premier League,33,1986,33,28,"2,528",28.1,1,1,2,1,0,0,5,1,0.04,0.04,0.07,0.04,0.07,Matches
1815,Samuel Moutoussamy,cd COD,FW,Nantes,fr Ligue 1,23,1996,1,1,82,0.9,0,0,0,0,0,0,0,0,0,0,0,0,0,Matches
1816,Loris Mouyokolo,fr FRA,DF,Lorient,fr Ligue 1,19,2001,1,0,19,0.2,0,0,0,0,0,0,0,0,0,0,0,0,0,Matches
1817,Javi Moyano,es ESP,DF,Valladolid,es La Liga,34,1986,2,2,103,1.1,0,0,0,0,0,0,0,0,0,0,0,0,0,Matches
1818,Nordi Mukiele,fr FRA,"DF,MF",RB Leipzig,de Bundesliga,22,1997,28,21,"1,677",18.6,3,1,4,3,0,0,5,0,0.16,0.05,0.21,0.16,0.21,Matches
1819,Mert Müldür,tr TUR,DF,Sassuolo,it Serie A,21,1999,28,18,"1,672",18.6,0,0,0,0,0,0,2,0,0,0,0,0,0,Matches
1820,Florian Müller,de GER,GK,Freiburg,de Bundesliga,22,1997,31,31,"2,790",31,0,0,0,0,0,0,0,0,0,0,0,0,0,Matches
1821,Sebastian Müller,de GER,"FW,MF",Arminia,de Bundesliga,19,2001,2,0,4,0,0,0,0,0,0,0,0,0,0,0,0,0,0,Matches
1822,Thomas Müller,de GER,MF,Bayern Munich,de Bundesliga,30,1989,32,31,"2,674",29.7,11,19,30,10,1,1,0,0,0.37,0.64,1.01,0.34,0.98,Matches
1823,Joel Mumbongo,se SWE,FW,Burnley,eng Premier League,21,1999,4,0,40,0.4,0,0,0,0,0,0,1,0,0,0,0,0,0,Matches
1824,Marshall Munetsi,zw ZIM,"MF,DF",Reims,fr Ligue 1,24,1996,27,21,"1,928",21.4,1,0,1,1,0,0,7,1,0.05,0,0.05,0.05,0.05,Matches
1825,Iker Muniain,es ESP,MF,Athletic Club,es La Liga,27,1992,28,23,"1,943",21.6,5,3,8,5,0,0,1,0,0.23,0.14,0.37,0.23,0.37,Matches
Rk,Player,Nation,Pos,Squad,Comp,Age,Born,MP,Starts,Min,90s,Gls,Ast,G+A,G-PK,PK,PKatt,CrdY,CrdR,Gls,Ast,G+A,G-PK,G+A-PK,Matches
1826,Aihen Muñoz,es ESP,DF,Real Sociedad,es La Liga,22,1997,16,14,"1,210",13.4,0,1,1,0,0,0,6,0,0,0.07,0.07,0,0.07,Matches
1827,Joaquín Muñoz,es ESP,"FW,MF",Huesca,es La Liga,21,1999,3,0,41,0.5,0,0,0,0,0,0,0,0,0,0,0,0,0,Matches
1828,Luis Muriel,co COL,"FW,MF",Atalanta,it Serie A,29,1991,36,16,"1,436",16,22,7,29,20,2,3,0,0,1.38,0.44,1.82,1.25,1.69,Matches
1829,Jeison Murillo,co COL,DF,Celta Vigo,es La Liga,28,1992,31,31,"2,699",30,2,0,2,2,0,0,11,1,0.07,0,0.07,0.07,0.07,Matches
1830,Vedat Muriqi,xk KVX,FW,Lazio,it Serie A,26,1994,27,7,832,9.2,1,0,1,1,0,0,1,0,0.11,0,0.11,0.11,0.11,Matches
1831,Jacob Murphy,eng ENG,"DF,MF",Newcastle,eng Premier League,25,1995,26,17,"1,626",18.1,2,3,5,2,0,0,3,0,0.11,0.17,0.28,0.11,0.28,Matches
1832,Nicola Murru,it ITA,"MF,DF",Torino,it Serie A,25,1994,14,7,569,6.3,0,0,0,0,0,0,0,0,0,0,0,0,0,Matches
1833,Petar Musa,hr CRO,FW,Union Berlin,de Bundesliga,22,1998,14,8,715,7.9,1,3,4,1,0,0,2,0,0.13,0.38,0.5,0.13,0.5,Matches
1834,Mateo Musacchio,ar ARG,DF,Lazio,it Serie A,29,1990,4,2,229,2.5,0,0,0,0,0,0,2,0,0,0,0,0,0,Matches
1835,Mateo Musacchio,ar ARG,DF,Milan,it Serie A,29,1990,1,0,34,0.4,0,0,0,0,0,0,0,0,0,0,0,0,0,Matches
1836,Yunus Musah,us USA,MF,Valencia,es La Liga,17,2002,32,17,"1,530",17,1,0,1,1,0,0,2,0,0.06,0,0.06,0.06,0.06,Matches
1837,Jamal Musiala,de GER,MF,Bayern Munich,de Bundesliga,17,2003,26,7,881,9.8,6,1,7,6,0,0,0,0,0.61,0.1,0.72,0.61,0.72,Matches
1838,Juan Musso,ar ARG,GK,Udinese,it Serie A,26,1994,35,35,"3,147",35,0,0,0,0,0,0,5,0,0,0,0,0,0,Matches
1839,Shkodran Mustafi,de GER,DF,Arsenal,eng Premier League,28,1992,3,0,47,0.5,0,0,0,0,0,0,0,0,0,0,0,0,0,Matches
1840,Shkodran Mustafi,de GER,DF,Schalke 04,de Bundesliga,28,1992,13,11,"1,037",11.5,1,0,1,1,0,0,1,0,0.09,0,0.09,0.09,0.09,Matches
1841,Yoshinori Mutō,jp JPN,"FW,MF",Eibar,es La Liga,28,1992,26,13,"1,122",12.5,1,1,2,1,0,0,1,0,0.08,0.08,0.16,0.08,0.16,Matches
1842,Phillipp Mwene,at AUT,"MF,DF",Mainz 05,de Bundesliga,26,1994,20,19,"1,674",18.6,1,2,3,1,0,0,3,0,0.05,0.11,0.16,0.05,0.16,Matches
1843,Joakim Mæhle,dk DEN,MF,Atalanta,it Serie A,23,1997,20,12,"1,216",13.5,0,2,2,0,0,0,0,0,0,0.15,0.15,0,0.15,Matches
1844,Obite N'Dicka,ci CIV,DF,Frankfurt,de Bundesliga,20,1999,23,23,"2,044",22.7,3,1,4,3,0,0,10,0,0.13,0.04,0.18,0.13,0.18,Matches
1845,Kévin N'Doram,fr FRA,MF,Metz,fr Ligue 1,24,1996,6,4,307,3.4,0,0,0,0,0,0,0,0,0,0,0,0,0,Matches
1846,Stanley N'Soki,fr FRA,DF,Nice,fr Ligue 1,21,1999,18,13,"1,246",13.8,0,0,0,0,0,0,4,0,0,0,0,0,0,Matches
1847,Nacho,es ESP,DF,Valladolid,es La Liga,31,1989,23,21,"1,813",20.1,0,1,1,0,0,0,3,1,0,0.05,0.05,0,0.05,Matches
1848,Nacho,es ESP,DF,Real Madrid,es La Liga,30,1990,24,22,"2,000",22.2,1,0,1,1,0,0,8,0,0.05,0,0.05,0.05,0.05,Matches
1849,Yūto Nagatomo,jp JPN,"DF,MF",Marseille,fr Ligue 1,33,1986,25,20,"1,594",17.7,0,1,1,0,0,0,2,0,0,0.06,0.06,0,0.06,Matches
1850,Kenny Nagera,fr FRA,FW,PSG,fr Ligue 1,18,2002,1,0,2,0,0,0,0,0,0,0,0,0,0,0,0,0,0,Matches
Rk,Player,Nation,Pos,Squad,Comp,Age,Born,MP,Starts,Min,90s,Gls,Ast,G+A,G-PK,PK,PKatt,CrdY,CrdR,Gls,Ast,G+A,G-PK,G+A-PK,Matches
1851,Radja Nainggolan,be BEL,MF,Cagliari,it Serie A,32,1988,22,22,"1,841",20.5,1,0,1,1,0,0,5,0,0.05,0,0.05,0.05,0.05,Matches
1852,Radja Nainggolan,be BEL,"FW,MF",Inter,it Serie A,32,1988,4,0,46,0.5,0,0,0,0,0,0,0,0,0,0,0,0,0,Matches
1853,Marvelous Nakamba,zw ZIM,MF,Aston Villa,eng Premier League,26,1994,13,9,749,8.3,0,0,0,0,0,0,3,0,0,0,0,0,0,Matches
1854,Nahitan Nández,uy URU,MF,Cagliari,it Serie A,24,1995,32,31,"2,737",30.4,2,2,4,2,0,0,8,1,0.07,0.07,0.13,0.07,0.13,Matches
1855,Nano,es ESP,FW,Cádiz,es La Liga,25,1995,1,0,9,0.1,0,0,0,0,0,0,0,0,0,0,0,0,0,Matches
1856,Paul Nardi,fr FRA,GK,Lorient,fr Ligue 1,26,1994,23,23,"2,070",23,0,0,0,0,0,0,1,0,0,0,0,0,0,Matches
1857,Matija Nastasić,rs SRB,DF,Schalke 04,de Bundesliga,27,1993,15,14,"1,221",13.6,0,0,0,0,0,0,2,0,0,0,0,0,0,Matches
1858,Roberto Navarro,es ESP,MF,Real Sociedad,es La Liga,18,2002,1,0,35,0.4,0,0,0,0,0,0,0,0,0,0,0,0,0,Matches
1859,Ximo Navarro,es ESP,DF,Alavés,es La Liga,30,1990,31,28,"2,375",26.4,1,1,2,1,0,0,6,0,0.04,0.04,0.08,0.04,0.08,Matches
1860,Jesús Navas,es ESP,DF,Sevilla,es La Liga,34,1985,34,34,"2,827",31.4,0,6,6,0,0,0,4,0,0,0.19,0.19,0,0.19,Matches
1861,Keylor Navas,cr CRC,GK,PSG,fr Ligue 1,33,1986,29,29,"2,520",28,0,0,0,0,0,0,0,0,0,0,0,0,0,Matches
1862,Raúl Navas,es ESP,DF,Osasuna,es La Liga,32,1988,2,2,168,1.9,0,0,0,0,0,0,0,0,0,0,0,0,0,Matches
1863,Papa Ndiaga Yade,mr MTN,"FW,MF",Metz,fr Ligue 1,20,2000,28,9,"1,001",11.1,3,4,7,3,0,0,4,0,0.27,0.36,0.63,0.27,0.63,Matches
1864,Iliman Ndiaye,sn SEN,"FW,MF",Sheffield United,eng Premier League,20,2000,1,0,12,0.1,0,0,0,0,0,0,0,0,0,0,0,0,0,Matches
1865,Wilfred Ndidi,ng NGA,"MF,DF",Leicester City,eng Premier League,23,1996,26,25,"2,176",24.2,1,4,5,1,0,0,6,0,0.04,0.17,0.21,0.04,0.21,Matches
1866,Bridge Ndilu,fr FRA,FW,Nantes,fr Ligue 1,20,2000,6,0,42,0.5,0,0,0,0,0,0,1,0,0,0,0,0,0,Matches
1867,Tanguy Ndombele,fr FRA,MF,Tottenham,eng Premier League,23,1996,33,28,"2,091",23.2,3,2,5,3,0,0,3,0,0.13,0.09,0.22,0.13,0.22,Matches
1868,Dan Ndoye,ch SUI,"MF,FW",Nice,fr Ligue 1,19,2000,28,3,551,6.1,1,1,2,1,0,0,0,0,0.16,0.16,0.33,0.16,0.33,Matches
1869,Paul Nebel,de GER,"FW,MF",Mainz 05,de Bundesliga,17,2002,4,0,51,0.6,0,0,0,0,0,0,0,0,0,0,0,0,0,Matches
1870,Álvaro Negredo,es ESP,FW,Cádiz,es La Liga,34,1985,35,29,"2,198",24.4,8,4,12,8,0,0,5,1,0.33,0.16,0.49,0.33,0.49,Matches
1871,Reiss Nelson,eng ENG,"FW,MF",Arsenal,eng Premier League,20,1999,2,0,71,0.8,0,0,0,0,0,0,0,0,0,0,0,0,0,Matches
1872,Ilija Nestorovski,mk MKD,FW,Udinese,it Serie A,30,1990,22,4,701,7.8,2,2,4,2,0,0,1,0,0.26,0.26,0.51,0.26,0.51,Matches
1873,Neto,br BRA,GK,Barcelona,es La Liga,31,1989,7,7,630,7,0,0,0,0,0,0,0,0,0,0,0,0,0,Matches
1874,Pedro Neto,pt POR,"MF,FW",Wolves,eng Premier League,20,2000,31,30,"2,550",28.3,5,6,11,5,0,0,4,0,0.18,0.21,0.39,0.18,0.39,Matches
1875,Luca Netz,de GER,DF,Hertha BSC,de Bundesliga,17,2003,11,2,309,3.4,1,0,1,1,0,0,0,0,0.29,0,0.29,0.29,0.29,Matches
Rk,Player,Nation,Pos,Squad,Comp,Age,Born,MP,Starts,Min,90s,Gls,Ast,G+A,G-PK,PK,PKatt,CrdY,CrdR,Gls,Ast,G+A,G-PK,G+A-PK,Matches
1876,Manuel Neuer,de GER,GK,Bayern Munich,de Bundesliga,34,1986,33,33,"2,970",33,0,0,0,0,0,0,1,0,0,0,0,0,0,Matches
1877,Florian Neuhaus,de GER,MF,Gladbach,de Bundesliga,23,1997,33,30,"2,622",29.1,6,5,11,6,0,0,9,0,0.21,0.17,0.38,0.21,0.38,Matches
1878,Carlos Neva,es ESP,DF,Granada,es La Liga,24,1996,22,21,"1,797",20,0,0,0,0,0,0,1,0,0,0,0,0,0,Matches
1879,Rúben Neves,pt POR,MF,Wolves,eng Premier League,23,1997,36,31,"2,675",29.7,5,1,6,2,3,3,8,0,0.17,0.03,0.2,0.07,0.1,Matches
1880,Neymar,br BRA,"MF,FW",PSG,fr Ligue 1,28,1992,18,15,"1,415",15.7,9,5,14,4,5,6,7,2,0.57,0.32,0.89,0.25,0.57,Matches
1881,Yvan Neyou,cm CMR,MF,Saint-Étienne,fr Ligue 1,23,1997,31,29,"2,438",27.1,1,2,3,1,0,0,9,0,0.04,0.07,0.11,0.04,0.11,Matches
1882,Jessic Ngankam,de GER,FW,Hertha BSC,de Bundesliga,20,2000,15,2,296,3.3,2,0,2,2,0,0,1,0,0.61,0,0.61,0.61,0.61,Matches
1883,Muzinga Ngonda,cd COD,DF,Dijon,fr Ligue 1,25,1994,30,25,"2,307",25.6,2,0,2,2,0,0,5,0,0.08,0,0.08,0.08,0.08,Matches
1884,Ahmad Ngouyamsa,td CHA,DF,Dijon,fr Ligue 1,19,2000,3,2,157,1.7,0,0,0,0,0,0,1,0,0,0,0,0,0,Matches
1885,Opa Nguette,sn SEN,"FW,MF",Metz,fr Ligue 1,26,1994,16,13,"1,132",12.6,3,1,4,3,0,1,0,0,0.24,0.08,0.32,0.24,0.32,Matches
1886,Moussa Niakhaté,sn SEN,DF,Mainz 05,de Bundesliga,24,1996,32,32,"2,866",31.8,3,1,4,2,1,1,10,1,0.09,0.03,0.13,0.06,0.09,Matches
1887,Ibrahima Niane,sn SEN,FW,Metz,fr Ligue 1,21,1999,10,9,663,7.4,6,0,6,5,1,1,0,0,0.81,0,0.81,0.68,0.68,Matches
1888,M'Baye Niang,sn SEN,FW,Rennes,fr Ligue 1,25,1994,9,4,422,4.7,1,0,1,1,0,0,0,0,0.21,0,0.21,0.21,0.21,Matches
1889,Mamor Niang,es ESP,FW,Getafe,es La Liga,18,2002,1,0,22,0.2,0,0,0,0,0,0,0,0,0,0,0,0,0,Matches
1890,Tanguy Nianzou,fr FRA,DF,Bayern Munich,de Bundesliga,18,2002,6,0,118,1.3,0,0,0,0,0,0,1,1,0,0,0,0,0,Matches
1891,Florian Niederlechner,de GER,FW,Augsburg,de Bundesliga,29,1990,28,21,"1,737",19.3,5,4,9,5,0,0,3,1,0.26,0.21,0.47,0.26,0.47,Matches
1892,Nieto,es ESP,FW,Cádiz,es La Liga,22,1998,2,0,14,0.2,0,0,0,0,0,0,0,0,0,0,0,0,0,Matches
1893,Saúl Ñíguez,es ESP,MF,Atlético Madrid,es La Liga,25,1994,33,22,"2,033",22.6,2,1,3,2,0,1,10,0,0.09,0.04,0.13,0.09,0.13,Matches
1894,Joakim Nilsson,se SWE,DF,Arminia,de Bundesliga,26,1994,25,24,"2,162",24,0,0,0,0,0,0,1,0,0,0,0,0,0,Matches
1895,Casimir Ninga,td CHA,"FW,MF",Angers,fr Ligue 1,27,1993,1,0,23,0.3,0,0,0,0,0,0,0,0,0,0,0,0,0,Matches
1896,Nino,es ESP,"FW,MF",Elche,es La Liga,40,1980,16,0,284,3.2,0,0,0,0,0,0,1,0,0,0,0,0,0,Matches
1897,Fernando Niño,es ESP,FW,Villarreal,es La Liga,19,2000,17,8,593,6.6,3,0,3,3,0,0,1,0,0.46,0,0.46,0.46,0.46,Matches
1898,Eddie Nketiah,eng ENG,FW,Arsenal,eng Premier League,21,1999,17,4,423,4.7,2,1,3,2,0,0,0,0,0.43,0.21,0.64,0.43,0.64,Matches
1899,Nicolas Nkoulou,cm CMR,DF,Torino,it Serie A,30,1990,18,16,"1,358",15.1,1,0,1,1,0,0,5,0,0.07,0,0.07,0.07,0.07,Matches
1900,Niels Nkounkou,fr FRA,DF,Everton,eng Premier League,19,2000,2,1,81,0.9,0,0,0,0,0,0,1,0,0,0,0,0,0,Matches
Rk,Player,Nation,Pos,Squad,Comp,Age,Born,MP,Starts,Min,90s,Gls,Ast,G+A,G-PK,PK,PKatt,CrdY,CrdR,Gls,Ast,G+A,G-PK,G+A-PK,Matches
1901,Christopher Nkunku,fr FRA,"MF,FW",RB Leipzig,de Bundesliga,22,1997,28,19,"1,892",21,6,6,12,6,0,0,2,0,0.29,0.29,0.57,0.29,0.57,Matches
1902,Dan Nlundulu,eng ENG,FW,Southampton,eng Premier League,21,1999,13,0,111,1.2,0,0,0,0,0,0,0,0,0,0,0,0,0,Matches
1903,Mark Noble,eng ENG,MF,West Ham,eng Premier League,33,1987,21,8,712,7.9,0,0,0,0,0,0,1,0,0,0,0,0,0,Matches
1904,Nolito,es ESP,"MF,FW",Celta Vigo,es La Liga,33,1986,36,35,"2,597",28.9,7,5,12,7,0,0,7,0,0.24,0.17,0.42,0.24,0.42,Matches
1905,Arnaud Nordin,fr FRA,"MF,FW",Saint-Étienne,fr Ligue 1,22,1998,32,20,"1,771",19.7,4,4,8,4,0,0,1,0,0.2,0.2,0.41,0.2,0.41,Matches
1906,Håvard Nordtveit,no NOR,DF,Hoffenheim,de Bundesliga,30,1990,12,6,700,7.8,0,0,0,0,0,0,1,0,0,0,0,0,0,Matches
1907,Will Norris,eng ENG,GK,Burnley,eng Premier League,26,1993,2,2,180,2,0,0,0,0,0,0,0,0,0,0,0,0,0,Matches
1908,Oliver Norwood,nir NIR,MF,Sheffield United,eng Premier League,29,1991,32,26,"2,220",24.7,0,0,0,0,0,0,6,0,0,0,0,0,0,Matches
1909,Olivier Ntcham,cm CMR,MF,Marseille,fr Ligue 1,24,1996,4,2,120,1.3,0,0,0,0,0,0,0,0,0,0,0,0,0,Matches
1910,Alexander Nübel,de GER,GK,Bayern Munich,de Bundesliga,23,1996,1,1,90,1,0,0,0,0,0,0,0,0,0,0,0,0,0,Matches
1911,Kasim Nuhu,gh GHA,DF,Hoffenheim,de Bundesliga,25,1995,12,11,987,11,0,0,0,0,0,0,0,0,0,0,0,0,0,Matches
1912,Unai Núñez,es ESP,DF,Athletic Club,es La Liga,23,1997,25,23,"2,109",23.4,1,1,2,1,0,0,6,0,0.04,0.04,0.09,0.04,0.09,Matches
1913,Bram Nuytinck,nl NED,DF,Udinese,it Serie A,30,1990,20,19,"1,641",18.2,1,0,1,1,0,0,1,0,0.05,0,0.05,0.05,0.05,Matches
1914,Kelechi Nwakali,ng NGA,MF,Huesca,es La Liga,22,1998,5,1,141,1.6,0,0,0,0,0,0,1,0,0,0,0,0,0,Matches
1915,Simeon Nwankwo,ng NGA,FW,Crotone,it Serie A,28,1992,38,31,"2,943",32.7,20,2,22,12,8,8,1,0,0.61,0.06,0.67,0.37,0.43,Matches
1916,Gerzino Nyamsi,cm CMR,DF,Rennes,fr Ligue 1,23,1997,14,10,871,9.7,1,0,1,1,0,0,2,0,0.1,0,0.1,0.1,0.1,Matches
1917,Allan Nyom,cm CMR,"MF,DF",Getafe,es La Liga,32,1988,31,28,"2,323",25.8,0,2,2,0,0,0,10,1,0,0.08,0.08,0,0.08,Matches
1918,M'Bala Nzola,ao ANG,FW,Spezia,it Serie A,23,1996,25,21,"1,896",21.1,11,3,14,7,4,4,5,0,0.52,0.14,0.66,0.33,0.47,Matches
1919,Steven Nzonzi,fr FRA,MF,Rennes,fr Ligue 1,31,1988,34,33,"2,908",32.3,1,1,2,1,0,0,8,1,0.03,0.03,0.06,0.03,0.06,Matches
1920,Jack O'Connell,eng ENG,DF,Sheffield United,eng Premier League,26,1994,2,2,180,2,0,0,0,0,0,0,0,0,0,0,0,0,0,Matches
1921,Dara O'Shea,ie IRL,DF,West Brom,eng Premier League,21,1999,28,25,"2,102",23.4,0,0,0,0,0,0,3,0,0,0,0,0,0,Matches
1922,Michael Obafemi,ie IRL,FW,Southampton,eng Premier League,20,2000,4,0,61,0.7,0,0,0,0,0,0,0,0,0,0,0,0,0,Matches
1923,Pedro Obiang,gq EQG,MF,Sassuolo,it Serie A,28,1992,33,16,"1,469",16.3,0,1,1,0,0,0,4,1,0,0.06,0.06,0,0.06,Matches
1924,Jan Oblak,si SVN,GK,Atlético Madrid,es La Liga,27,1993,38,38,"3,420",38,0,0,0,0,0,0,0,0,0,0,0,0,0,Matches
1925,Lucas Ocampos,ar ARG,FW,Sevilla,es La Liga,26,1994,34,30,"2,631",29.2,5,4,9,1,4,5,3,0,0.17,0.14,0.31,0.03,0.17,Matches
Rk,Player,Nation,Pos,Squad,Comp,Age,Born,MP,Starts,Min,90s,Gls,Ast,G+A,G-PK,PK,PKatt,CrdY,CrdR,Gls,Ast,G+A,G-PK,G+A-PK,Matches
1926,Bastian Oczipka,de GER,"DF,MF",Schalke 04,de Bundesliga,31,1989,27,20,"1,922",21.4,0,2,2,0,0,0,1,0,0,0.09,0.09,0,0.09,Matches
1927,Brian Oddei,it ITA,FW,Sassuolo,it Serie A,17,2002,5,0,45,0.5,0,2,2,0,0,0,0,0,0,4,4,0,4,Matches
1928,Denis Odoi,gh GHA,DF,Fulham,eng Premier League,32,1988,3,3,270,3,0,0,0,0,0,0,1,0,0,0,0,0,0,Matches
1929,Álvaro Odriozola,es ESP,"DF,MF",Real Madrid,es La Liga,24,1995,13,9,829,9.2,2,0,2,2,0,0,0,0,0.22,0,0.22,0.22,0.22,Matches
1930,Angelo Ogbonna,it ITA,DF,West Ham,eng Premier League,32,1988,28,28,"2,492",27.7,3,0,3,3,0,0,5,0,0.11,0,0.11,0.11,0.11,Matches
1931,Stefano Okaka,it ITA,FW,Udinese,it Serie A,30,1989,22,17,"1,489",16.5,4,1,5,4,0,0,2,0,0.24,0.06,0.3,0.24,0.3,Matches
1932,Shinji Okazaki,jp JPN,FW,Huesca,es La Liga,34,1986,25,14,"1,128",12.5,1,1,2,1,0,0,1,0,0.08,0.08,0.16,0.08,0.16,Matches
1933,Masaya Okugawa,jp JPN,MF,Arminia,de Bundesliga,24,1996,13,11,914,10.2,1,0,1,1,0,0,0,0,0.1,0,0.1,0.1,0.1,Matches
1934,Lucas Olaza,uy URU,DF,Valladolid,es La Liga,26,1994,14,14,"1,260",14,1,1,2,1,0,0,4,0,0.07,0.07,0.14,0.07,0.14,Matches
1935,Lucas Olaza,uy URU,DF,Celta Vigo,es La Liga,26,1994,18,18,"1,615",17.9,0,2,2,0,0,0,4,0,0,0.11,0.11,0,0.11,Matches
1936,Christian Oliva,uy URU,MF,Cagliari,it Serie A,24,1996,10,3,388,4.3,0,1,1,0,0,0,2,0,0,0.23,0.23,0,0.23,Matches
1937,Christian Oliva,uy URU,MF,Valencia,es La Liga,24,1996,9,1,198,2.2,0,2,2,0,0,0,0,0,0,0.91,0.91,0,0.91,Matches
1938,Kiko Olivas,es ESP,DF,Valladolid,es La Liga,31,1988,5,1,177,2,0,0,0,0,0,0,1,0,0,0,0,0,0,Matches
1939,Paulo Oliveira,pt POR,DF,Eibar,es La Liga,28,1992,31,29,"2,641",29.3,0,1,1,0,0,0,4,0,0,0.03,0.03,0,0.03,Matches
1940,Mathías Olivera,uy URU,DF,Getafe,es La Liga,22,1997,31,30,"2,614",29,0,0,0,0,0,0,6,0,0,0,0,0,0,Matches
1941,Maximiliano Olivera,uy URU,DF,Fiorentina,it Serie A,28,1992,2,1,91,1,0,0,0,0,0,0,0,0,0,0,0,0,0,Matches
1942,Dani Olmo,es ESP,MF,RB Leipzig,de Bundesliga,22,1998,32,26,"2,194",24.4,5,9,14,4,1,1,1,0,0.21,0.37,0.57,0.16,0.53,Matches
1943,Robin Olsen,se SWE,GK,Everton,eng Premier League,30,1990,7,7,630,7,0,0,0,0,0,0,1,0,0,0,0,0,0,Matches
1944,Jonas Omlin,ch SUI,GK,Montpellier,fr Ligue 1,26,1994,31,31,"2,673",29.7,0,0,0,0,0,0,0,1,0,0,0,0,0,Matches
1945,Jérôme Onguéné,cm CMR,DF,Genoa,it Serie A,22,1997,4,1,181,2,0,0,0,0,0,0,0,0,0,0,0,0,0,Matches
1946,Karim Onisiwo,at AUT,"FW,MF",Mainz 05,de Bundesliga,28,1992,31,19,"1,843",20.5,4,0,4,4,0,0,2,0,0.2,0,0.2,0.2,0.2,Matches
1947,Josh Onomah,eng ENG,MF,Fulham,eng Premier League,23,1997,11,4,374,4.2,0,0,0,0,0,0,1,0,0,0,0,0,0,Matches
1948,Javier Ontiveros,es ESP,"FW,MF",Huesca,es La Liga,22,1997,20,10,918,10.2,2,1,3,1,1,1,5,0,0.2,0.1,0.29,0.1,0.2,Matches
1949,Henry Onyekuru,ng NGA,FW,Monaco,fr Ligue 1,23,1997,4,2,140,1.6,0,1,1,0,0,0,0,0,0,0.64,0.64,0,0.64,Matches
1950,Willi Orban,hu HUN,DF,RB Leipzig,de Bundesliga,27,1992,29,25,"2,363",26.3,4,1,5,4,0,0,4,0,0.15,0.04,0.19,0.15,0.19,Matches
Rk,Player,Nation,Pos,Squad,Comp,Age,Born,MP,Starts,Min,90s,Gls,Ast,G+A,G-PK,PK,PKatt,CrdY,CrdR,Gls,Ast,G+A,G-PK,G+A-PK,Matches
1951,Fabián Orellana,cl CHI,MF,Valladolid,es La Liga,34,1986,30,27,"2,138",23.8,6,2,8,2,4,4,5,0,0.25,0.08,0.34,0.08,0.17,Matches
1952,Divock Origi,be BEL,FW,Liverpool,eng Premier League,25,1995,9,2,186,2.1,0,0,0,0,0,0,0,0,0,0,0,0,0,Matches
1953,Riccardo Orsolini,it ITA,MF,Bologna,it Serie A,23,1997,34,21,"1,755",19.5,7,3,10,4,3,3,0,0,0.36,0.15,0.51,0.21,0.36,Matches
1954,Stefan Ortega,de GER,GK,Arminia,de Bundesliga,27,1992,34,34,"3,060",34,0,1,1,0,0,0,1,0,0,0.03,0.03,0,0.03,Matches
1955,Yuya Osako,jp JPN,"FW,MF",Werder Bremen,de Bundesliga,30,1990,24,7,762,8.5,0,1,1,0,0,0,3,0,0,0.12,0.12,0,0.12,Matches
1956,Ben Osborn,eng ENG,"MF,FW",Sheffield United,eng Premier League,25,1994,24,17,"1,604",17.8,1,0,1,1,0,0,1,0,0.06,0,0.06,0.06,0.06,Matches
1957,Victor Osimhen,ng NGA,FW,Napoli,it Serie A,21,1998,24,16,"1,573",17.5,10,3,13,10,0,0,4,0,0.57,0.17,0.74,0.57,0.74,Matches
1958,Yordan Osorio,ve VEN,DF,Parma,it Serie A,26,1994,23,21,"1,809",20.1,0,0,0,0,0,0,2,0,0,0,0,0,0,Matches
1959,David Ospina,co COL,GK,Napoli,it Serie A,31,1988,16,16,"1,440",16,0,1,1,0,0,0,2,0,0,0.06,0.06,0,0.06,Matches
1960,Owen Otasowie,us USA,MF,Wolves,eng Premier League,19,2001,6,2,187,2.1,0,1,1,0,0,0,1,0,0,0.48,0.48,0,0.48,Matches
1961,Otávio,br BRA,MF,Bordeaux,fr Ligue 1,26,1994,18,18,"1,559",17.3,1,0,1,1,0,0,6,0,0.06,0,0.06,0.06,0.06,Matches
1962,Paulo Otávio,br BRA,DF,Wolfsburg,de Bundesliga,25,1994,23,19,"1,737",19.3,0,2,2,0,0,0,7,1,0,0.1,0.1,0,0.1,Matches
1963,Remi Oudin,fr FRA,"MF,FW",Bordeaux,fr Ligue 1,23,1996,38,27,"2,420",26.9,4,4,8,4,0,0,2,0,0.15,0.15,0.3,0.15,0.3,Matches
1964,Alexandre Oukidja,dz ALG,GK,Metz,fr Ligue 1,32,1988,34,34,"3,058",34,0,0,0,0,0,0,3,1,0,0,0,0,0,Matches
1965,Zinédine Ould Khaled,fr FRA,MF,Angers,fr Ligue 1,20,2000,3,0,38,0.4,0,0,0,0,0,0,1,0,0,0,0,0,0,Matches
1966,Adam Ounas,dz ALG,FW,Crotone,it Serie A,23,1996,15,15,"1,199",13.3,4,4,8,4,0,0,1,0,0.3,0.3,0.6,0.3,0.6,Matches
1967,Adam Ounas,dz ALG,MF,Cagliari,it Serie A,23,1996,7,3,308,3.4,0,0,0,0,0,0,0,0,0,0,0,0,0,Matches
1968,Thomas Ouwejan,nl NED,MF,Udinese,it Serie A,23,1996,15,3,413,4.6,0,2,2,0,0,0,0,0,0,0.44,0.44,0,0.44,Matches
1969,Reece Oxford,eng ENG,DF,Augsburg,de Bundesliga,21,1998,24,13,"1,358",15.1,0,0,0,0,0,0,2,0,0,0,0,0,0,Matches
1970,Alex Oxlade-Chamberlain,eng ENG,"MF,FW",Liverpool,eng Premier League,26,1993,13,2,253,2.8,1,1,2,1,0,0,0,0,0.36,0.36,0.71,0.36,0.71,Matches
1971,Mikel Oyarzabal,es ESP,"MF,FW",Real Sociedad,es La Liga,23,1997,33,30,"2,408",26.8,11,8,19,5,6,7,1,0,0.41,0.3,0.71,0.19,0.49,Matches
1972,Ambroise Oyongo,cm CMR,"DF,MF",Montpellier,fr Ligue 1,29,1991,13,5,558,6.2,1,1,2,1,0,0,1,0,0.16,0.16,0.32,0.16,0.32,Matches
1973,Salih Özcan,tr TUR,MF,Köln,de Bundesliga,22,1998,28,15,"1,371",15.2,0,1,1,0,0,0,3,0,0,0.07,0.07,0,0.07,Matches
1974,Levin Öztunalı,de GER,"MF,DF",Mainz 05,de Bundesliga,24,1996,17,7,758,8.4,1,2,3,1,0,0,0,0,0.12,0.24,0.36,0.12,0.36,Matches
1975,Pablo,br BRA,DF,Bordeaux,fr Ligue 1,29,1991,13,12,"1,076",12,1,0,1,1,0,0,5,0,0.08,0,0.08,0.08,0.08,Matches
Rk,Player,Nation,Pos,Squad,Comp,Age,Born,MP,Starts,Min,90s,Gls,Ast,G+A,G-PK,PK,PKatt,CrdY,CrdR,Gls,Ast,G+A,G-PK,G+A-PK,Matches
1976,Fernando Pacheco,es ESP,GK,Alavés,es La Liga,28,1992,38,37,"3,349",37.2,0,0,0,0,0,0,1,0,0,0,0,0,0,Matches
1977,Jon Pacheco,es ESP,DF,Real Sociedad,es La Liga,19,2001,1,0,32,0.4,0,0,0,0,0,0,0,0,0,0,0,0,0,Matches
1978,Gonçalo Paciência,pt POR,FW,Schalke 04,de Bundesliga,25,1994,15,9,749,8.3,1,1,2,1,0,0,2,0,0.12,0.12,0.24,0.12,0.24,Matches
1979,Daniele Padelli,it ITA,GK,Inter,it Serie A,34,1985,1,0,45,0.5,0,0,0,0,0,0,0,0,0,0,0,0,0,Matches
1980,Mattia Pagliuca,it ITA,FW,Bologna,it Serie A,18,2002,1,0,13,0.1,0,0,0,0,0,0,0,0,0,0,0,0,0,Matches
1981,Vincent Pajot,fr FRA,MF,Metz,fr Ligue 1,29,1990,12,11,914,10.2,0,0,0,0,0,0,3,0,0,0,0,0,0,Matches
1982,Rodrigo Palacio,ar ARG,FW,Bologna,it Serie A,38,1982,36,28,"2,502",27.8,5,5,10,5,0,0,5,0,0.18,0.18,0.36,0.18,0.36,Matches
1983,Exequiel Palacios,ar ARG,MF,Leverkusen,de Bundesliga,21,1998,9,7,572,6.4,0,0,0,0,0,0,1,0,0,0,0,0,0,Matches
1984,Helibelton Palacios,co COL,DF,Elche,es La Liga,27,1993,11,8,743,8.3,0,0,0,0,0,0,0,0,0,0,0,0,0,Matches
1985,Ante Palaversa,hr CRO,MF,Getafe,es La Liga,20,2000,2,0,9,0.1,0,0,0,0,0,0,0,0,0,0,0,0,0,Matches
1986,Alberto Paleari,it ITA,GK,Genoa,it Serie A,27,1992,3,2,206,2.3,0,0,0,0,0,0,0,0,0,0,0,0,0,Matches
1987,Nicolas Pallois,fr FRA,DF,Nantes,fr Ligue 1,32,1987,32,31,"2,776",30.8,2,0,2,2,0,0,8,1,0.06,0,0.06,0.06,0.06,Matches
1988,Emerson Palmieri,it ITA,"DF,MF",Chelsea,eng Premier League,25,1994,2,0,90,1,0,0,0,0,0,0,0,0,0,0,0,0,0,Matches
1989,Antonio Palumbo,it ITA,MF,Sampdoria,it Serie A,23,1996,1,0,7,0.1,0,0,0,0,0,0,0,0,0,0,0,0,0,Matches
1990,Martin Palumbo,no NOR,MF,Udinese,it Serie A,18,2002,3,1,63,0.7,0,0,0,0,0,0,0,0,0,0,0,0,0,Matches
1991,Goran Pandev,mk MKD,"FW,MF",Genoa,it Serie A,37,1983,29,15,"1,404",15.6,7,3,10,6,1,1,5,0,0.45,0.19,0.64,0.38,0.58,Matches
1992,Ivor Pandur,hr CRO,GK,Hellas Verona,it Serie A,20,2000,4,4,332,3.7,0,0,0,0,0,0,0,0,0,0,0,0,0,Matches
1993,Jonathan Panzo,eng ENG,DF,Dijon,fr Ligue 1,19,2000,22,21,"1,801",20,0,0,0,0,0,0,5,0,0,0,0,0,0,Matches
1994,Merveille Papela,de GER,MF,Mainz 05,de Bundesliga,19,2001,1,0,2,0,0,0,0,0,0,0,0,0,0,0,0,0,0,Matches
1995,Lucas Paquetá,br BRA,MF,Lyon,fr Ligue 1,22,1997,30,27,"2,275",25.3,9,5,14,9,0,0,6,1,0.36,0.2,0.55,0.36,0.55,Matches
1996,Gaëtan Paquiez,fr FRA,DF,Nîmes,fr Ligue 1,26,1994,16,11,"1,046",11.6,0,0,0,0,0,0,1,0,0,0,0,0,0,Matches
1997,Rubén Pardo,es ESP,MF,Bordeaux,fr Ligue 1,27,1992,2,0,23,0.3,0,0,0,0,0,0,0,0,0,0,0,0,0,Matches
1998,Leandro Paredes,ar ARG,MF,PSG,fr Ligue 1,26,1994,21,16,"1,302",14.5,1,2,3,1,0,0,7,1,0.07,0.14,0.21,0.07,0.21,Matches
1999,Daniel Parejo,es ESP,MF,Villarreal,es La Liga,31,1989,36,36,"3,112",34.6,3,5,8,3,0,0,4,0,0.09,0.14,0.23,0.09,0.23,Matches
2000,Vittorio Parigini,it ITA,"FW,MF",Genoa,it Serie A,24,1996,4,0,56,0.6,0,0,0,0,0,0,0,0,0,0,0,0,0,Matches
Rk,Player,Nation,Pos,Squad,Comp,Age,Born,MP,Starts,Min,90s,Gls,Ast,G+A,G-PK,PK,PKatt,CrdY,CrdR,Gls,Ast,G+A,G-PK,G+A-PK,Matches
2001,Marco Parolo,it ITA,"MF,DF",Lazio,it Serie A,35,1985,18,7,653,7.3,0,2,2,0,0,0,5,0,0,0.28,0.28,0,0.28,Matches
2002,Thomas Partey,gh GHA,MF,Arsenal,eng Premier League,27,1993,24,18,"1,534",17,0,2,2,0,0,0,5,0,0,0.12,0.12,0,0.12,Matches
2003,Thomas Partey,gh GHA,MF,Atlético Madrid,es La Liga,27,1993,3,2,200,2.2,0,0,0,0,0,0,1,0,0,0,0,0,0,Matches
2004,Mario Pašalić,hr CRO,MF,Atalanta,it Serie A,25,1995,25,10,"1,122",12.5,6,2,8,6,0,0,2,0,0.48,0.16,0.64,0.48,0.64,Matches
2005,Felix Passlack,de GER,"DF,MF",Dortmund,de Bundesliga,22,1998,7,3,362,4,1,0,1,1,0,0,0,0,0.25,0,0.25,0.25,0.25,Matches
2006,Christian Pastina,it ITA,DF,Benevento,it Serie A,19,2001,3,0,121,1.3,0,1,1,0,0,0,1,0,0,0.74,0.74,0,0.74,Matches
2007,Javier Pastore,ar ARG,MF,Roma,it Serie A,31,1989,5,0,82,0.9,0,0,0,0,0,0,0,0,0,0,0,0,0,Matches
2008,Patric,es ESP,DF,Lazio,it Serie A,27,1993,25,18,"1,595",17.7,0,1,1,0,0,0,8,0,0,0.06,0.06,0,0.06,Matches
2009,Rui Patrício,pt POR,GK,Wolves,eng Premier League,32,1988,37,37,"3,329",37,0,0,0,0,0,0,1,0,0,0,0,0,0,Matches
2010,Paulinho,br BRA,FW,Leverkusen,de Bundesliga,20,2000,1,1,65,0.7,0,0,0,0,0,0,0,0,0,0,0,0,0,Matches
2011,Gabriel Paulista,br BRA,DF,Valencia,es La Liga,29,1990,31,31,"2,716",30.2,4,1,5,4,0,0,6,0,0.13,0.03,0.17,0.13,0.17,Matches
2012,Benjamin Pavard,fr FRA,DF,Bayern Munich,de Bundesliga,24,1996,24,22,"1,943",21.6,0,0,0,0,0,0,3,0,0,0,0,0,0,Matches
2013,Jiří Pavlenka,cz CZE,GK,Werder Bremen,de Bundesliga,28,1992,34,34,"3,060",34,0,0,0,0,0,0,2,0,0,0,0,0,0,Matches
2014,Vasileios Pavlidis,gr GRE,DF,Schalke 04,de Bundesliga,17,2002,1,0,2,0,0,0,0,0,0,0,0,0,0,0,0,0,0,Matches
2015,Mateo Pavlović,ba BIH,DF,Angers,fr Ligue 1,30,1990,14,12,"1,104",12.3,0,1,1,0,0,0,3,0,0,0.08,0.08,0,0.08,Matches
2016,Strahinja Pavlović,rs SRB,DF,Monaco,fr Ligue 1,19,2001,1,0,1,0,0,0,0,0,0,0,0,0,0,0,0,0,0,Matches
2017,Leonardo Pavoletti,it ITA,FW,Cagliari,it Serie A,31,1988,33,17,"1,584",17.6,4,3,7,4,0,0,8,0,0.23,0.17,0.4,0.23,0.4,Matches
2018,Dimitri Payet,fr FRA,"MF,FW",Marseille,fr Ligue 1,33,1987,33,28,"2,417",26.9,7,10,17,7,0,1,4,2,0.26,0.37,0.63,0.26,0.63,Matches
2019,Nehuén Paz,ar ARG,DF,Bologna,it Serie A,27,1993,6,3,363,4,1,0,1,1,0,0,0,0,0.25,0,0.25,0.25,0.25,Matches
2020,Bailey Peacock-Farrell,nir NIR,GK,Burnley,eng Premier League,23,1996,4,4,360,4,0,0,0,0,0,0,0,0,0,0,0,0,0,Matches
2021,Mads Pedersen,dk DEN,"DF,MF",Augsburg,de Bundesliga,23,1996,15,9,887,9.9,0,0,0,0,0,0,1,0,0,0,0,0,0,Matches
2022,Alfonso Pedraza,es ESP,DF,Villarreal,es La Liga,24,1996,29,24,"2,093",23.3,1,2,3,1,0,0,8,0,0.04,0.09,0.13,0.04,0.13,Matches
2023,Pedri,es ESP,MF,Barcelona,es La Liga,17,2002,37,28,"2,415",26.8,3,3,6,3,0,0,2,0,0.11,0.11,0.22,0.11,0.22,Matches
2024,Pedro,es ESP,MF,Roma,it Serie A,33,1987,27,20,"1,591",17.7,5,2,7,5,0,0,5,1,0.28,0.11,0.4,0.28,0.4,Matches
2025,João Pedro,it ITA,"FW,MF",Cagliari,it Serie A,28,1992,37,37,"3,253",36.1,16,3,19,12,4,5,4,0,0.44,0.08,0.53,0.33,0.42,Matches
Rk,Player,Nation,Pos,Squad,Comp,Age,Born,MP,Starts,Min,90s,Gls,Ast,G+A,G-PK,PK,PKatt,CrdY,CrdR,Gls,Ast,G+A,G-PK,G+A-PK,Matches
2026,Gianluca Pegolo,it ITA,GK,Sassuolo,it Serie A,39,1981,1,1,90,1,0,0,0,0,0,0,0,0,0,0,0,0,0,Matches
2027,Peter Pekarík,sk SVK,DF,Hertha BSC,de Bundesliga,33,1986,23,22,"1,692",18.8,3,1,4,3,0,0,4,0,0.16,0.05,0.21,0.16,0.21,Matches
2028,Yohann Pelé,fr FRA,GK,Marseille,fr Ligue 1,37,1982,1,1,90,1,0,0,0,0,0,0,0,0,0,0,0,0,0,Matches
2029,Graziano Pellè,it ITA,FW,Parma,it Serie A,35,1985,13,6,614,6.8,1,2,3,1,0,0,1,0,0.15,0.29,0.44,0.15,0.44,Matches
2030,Pietro Pellegri,it ITA,FW,Monaco,fr Ligue 1,19,2001,16,0,230,2.6,1,0,1,1,0,0,2,1,0.39,0,0.39,0.39,0.39,Matches
2031,Lorenzo Pellegrini,it ITA,MF,Roma,it Serie A,24,1996,34,30,"2,598",28.9,7,6,13,6,1,1,10,0,0.24,0.21,0.45,0.21,0.42,Matches
2032,Luca Pellegrini,it ITA,"MF,DF",Genoa,it Serie A,21,1999,11,7,639,7.1,0,1,1,0,0,0,2,0,0,0.14,0.14,0,0.14,Matches
2033,Facundo Pellistri,uy URU,"MF,FW",Alavés,es La Liga,18,2001,12,5,542,6,0,0,0,0,0,0,0,0,0,0,0,0,0,Matches
2034,Andy Pelmard,mg MAD,DF,Nice,fr Ligue 1,20,2000,19,12,"1,207",13.4,0,0,0,0,0,0,1,0,0,0,0,0,0,Matches
2035,Lee Peltier,eng ENG,DF,West Brom,eng Premier League,33,1986,4,3,229,2.5,0,0,0,0,0,0,1,0,0,0,0,0,0,Matches
2036,Federico Peluso,it ITA,DF,Sassuolo,it Serie A,36,1984,7,2,207,2.3,0,0,0,0,0,0,1,0,0,0,0,0,0,Matches
2037,Timothee Pembele,fr FRA,"DF,MF",PSG,fr Ligue 1,17,2002,6,3,383,4.3,1,0,1,1,0,0,1,0,0.23,0,0.23,0.23,0.23,Matches
2038,Rubén Peña,es ESP,"DF,MF",Villarreal,es La Liga,29,1991,19,12,"1,116",12.4,1,1,2,1,0,0,1,0,0.08,0.08,0.16,0.08,0.16,Matches
2039,Philipp Pentke,de GER,GK,Hoffenheim,de Bundesliga,35,1985,3,3,270,3,0,0,0,0,0,0,0,0,0,0,0,0,0,Matches
2040,Nicolas Pépé,ci CIV,"MF,FW",Arsenal,eng Premier League,25,1995,29,16,"1,616",18,10,1,11,9,1,1,1,1,0.56,0.06,0.61,0.5,0.56,Matches
2041,Alberto Perea,es ESP,MF,Cádiz,es La Liga,29,1990,27,16,"1,549",17.2,2,3,5,2,0,0,0,0,0.12,0.17,0.29,0.12,0.29,Matches
2042,Andreas Pereira,br BRA,"MF,FW",Lazio,it Serie A,24,1996,26,3,543,6,1,2,3,1,0,0,7,1,0.17,0.33,0.5,0.17,0.5,Matches
2043,Danilo Pereira,pt POR,"MF,DF",PSG,fr Ligue 1,28,1991,23,16,"1,430",15.9,2,1,3,2,0,0,3,0,0.13,0.06,0.19,0.13,0.19,Matches
2044,Mathias Pereira Lage,pt POR,MF,Angers,fr Ligue 1,23,1996,28,16,"1,467",16.3,4,1,5,4,0,0,5,0,0.25,0.06,0.31,0.25,0.31,Matches
2045,Matheus Pereira,br BRA,MF,West Brom,eng Premier League,24,1996,33,30,"2,577",28.6,11,6,17,7,4,4,2,1,0.38,0.21,0.59,0.24,0.45,Matches
2046,Pedro Pereira,pt POR,MF,Crotone,it Serie A,22,1998,35,29,"2,549",28.3,0,4,4,0,0,0,6,0,0,0.14,0.14,0,0.14,Matches
2047,Ricardo Pereira,pt POR,"MF,DF",Leicester City,eng Premier League,26,1993,15,10,959,10.7,0,1,1,0,0,0,3,0,0,0.09,0.09,0,0.09,Matches
2048,Gastón Pereiro,uy URU,MF,Cagliari,it Serie A,25,1995,15,2,272,3,2,2,4,2,0,0,0,0,0.66,0.66,1.32,0.66,1.32,Matches
2049,Bruno Peres,br BRA,MF,Roma,it Serie A,30,1990,30,14,"1,427",15.9,1,2,3,1,0,0,6,0,0.06,0.13,0.19,0.06,0.19,Matches
2050,Roberto Pereyra,ar ARG,"MF,FW",Udinese,it Serie A,29,1991,34,34,"2,925",32.5,5,7,12,4,1,1,8,0,0.15,0.22,0.37,0.12,0.34,Matches
Rk,Player,Nation,Pos,Squad,Comp,Age,Born,MP,Starts,Min,90s,Gls,Ast,G+A,G-PK,PK,PKatt,CrdY,CrdR,Gls,Ast,G+A,G-PK,G+A-PK,Matches
2051,Ayoze Pérez,es ESP,"MF,FW",Leicester City,eng Premier League,27,1993,25,15,"1,331",14.8,2,1,3,2,0,0,2,0,0.14,0.07,0.2,0.14,0.2,Matches
2052,Carles Pérez,es ESP,"MF,FW",Roma,it Serie A,22,1998,21,6,773,8.6,2,1,3,2,0,0,0,0,0.23,0.12,0.35,0.23,0.35,Matches
2053,Iñigo Pérez,es ESP,"MF,DF",Osasuna,es La Liga,32,1988,22,16,"1,347",15,0,0,0,0,0,0,4,1,0,0,0,0,0,Matches
2054,Juan Pérez,es ESP,GK,Osasuna,es La Liga,24,1996,3,3,270,3,0,0,0,0,0,0,0,0,0,0,0,0,0,Matches
2055,Kike Pérez,es ESP,MF,Valladolid,es La Liga,23,1997,24,12,"1,159",12.9,0,0,0,0,0,0,3,0,0,0,0,0,0,Matches
2056,Lucas Pérez,es ESP,FW,Alavés,es La Liga,31,1988,28,19,"1,759",19.5,4,4,8,1,3,4,1,0,0.2,0.2,0.41,0.05,0.26,Matches
2057,Luis Pérez,es ESP,DF,Valladolid,es La Liga,25,1995,22,15,"1,297",14.4,0,0,0,0,0,0,1,0,0,0,0,0,0,Matches
2058,Manuel Perez,fr FRA,MF,Lens,fr Ligue 1,29,1991,4,1,128,1.4,0,0,0,0,0,0,1,0,0,0,0,0,0,Matches
2059,Nehuén Pérez,ar ARG,DF,Granada,es La Liga,20,2000,14,9,741,8.2,0,0,0,0,0,0,4,0,0,0,0,0,0,Matches
2060,Mattia Perin,it ITA,GK,Genoa,it Serie A,27,1992,32,32,"2,879",32,0,0,0,0,0,0,1,1,0,0,0,0,0,Matches
2061,Ivan Perišić,hr CRO,MF,Inter,it Serie A,31,1989,32,20,"1,795",19.9,4,3,7,4,0,0,3,0,0.2,0.15,0.35,0.2,0.35,Matches
2062,Romain Perraud,fr FRA,DF,Brest,fr Ligue 1,22,1997,36,35,"3,140",34.9,3,7,10,3,0,0,4,0,0.09,0.2,0.29,0.09,0.29,Matches
2063,Lucas Perrin,fr FRA,DF,Marseille,fr Ligue 1,21,1998,7,3,308,3.4,1,0,1,1,0,0,1,0,0.29,0,0.29,0.29,0.29,Matches
2064,Pavao Pervan,at AUT,GK,Wolfsburg,de Bundesliga,32,1987,2,2,180,2,0,0,0,0,0,0,0,0,0,0,0,0,0,Matches
2065,Matteo Pessina,it ITA,MF,Atalanta,it Serie A,23,1997,28,21,"1,645",18.3,2,2,4,2,0,0,2,0,0.11,0.11,0.22,0.11,0.22,Matches
2066,Andrea Petagna,it ITA,FW,Napoli,it Serie A,25,1995,26,9,964,10.7,4,3,7,4,0,0,0,0,0.37,0.28,0.65,0.37,0.65,Matches
2067,Nils Petersen,de GER,FW,Freiburg,de Bundesliga,31,1988,32,12,"1,301",14.5,8,0,8,7,1,1,0,0,0.55,0,0.55,0.48,0.48,Matches
2068,Lukas Petkov,bg BUL,"FW,MF",Augsburg,de Bundesliga,19,2000,1,0,4,0,0,0,0,0,0,0,0,0,0,0,0,0,0,Matches
2069,Jacopo Petriccione,it ITA,MF,Crotone,it Serie A,25,1995,20,11,958,10.6,0,0,0,0,0,0,5,1,0,0,0,0,0,Matches
2070,Jens Petter Hauge,no NOR,MF,Milan,it Serie A,20,1999,18,3,532,5.9,2,0,2,2,0,0,0,0,0.34,0,0.34,0.34,0.34,Matches
2071,Germán Pezzella,ar ARG,DF,Fiorentina,it Serie A,29,1991,32,32,"2,743",30.5,1,0,1,1,0,0,5,0,0.03,0,0.03,0.03,0.03,Matches
2072,Giuseppe Pezzella,it ITA,DF,Parma,it Serie A,22,1997,24,21,"1,828",20.3,1,4,5,1,0,0,7,0,0.05,0.2,0.25,0.05,0.25,Matches
2073,Maximilian Philipp,de GER,MF,Wolfsburg,de Bundesliga,26,1994,24,13,"1,111",12.3,6,2,8,6,0,0,3,0,0.49,0.16,0.65,0.49,0.65,Matches
2074,Rayan Philippe,fr FRA,FW,Dijon,fr Ligue 1,19,2000,4,1,93,1,0,0,0,0,0,0,0,0,0,0,0,0,0,Matches
2075,Romain Philippoteaux,fr FRA,MF,Nîmes,fr Ligue 1,32,1988,3,3,214,2.4,1,1,2,1,0,0,0,0,0.42,0.42,0.84,0.42,0.84,Matches
Rk,Player,Nation,Pos,Squad,Comp,Age,Born,MP,Starts,Min,90s,Gls,Ast,G+A,G-PK,PK,PKatt,CrdY,CrdR,Gls,Ast,G+A,G-PK,G+A-PK,Matches
2076,Romain Philippoteaux,fr FRA,"MF,FW",Brest,fr Ligue 1,32,1988,17,8,581,6.5,1,0,1,1,0,0,0,0,0.15,0,0.15,0.15,0.15,Matches
2077,Kalvin Phillips,eng ENG,MF,Leeds United,eng Premier League,24,1995,29,28,"2,428",27,1,2,3,1,0,0,10,0,0.04,0.07,0.11,0.04,0.11,Matches
2078,Matt Phillips,sct SCO,MF,West Brom,eng Premier League,29,1991,33,20,"1,828",20.3,2,1,3,2,0,0,1,0,0.1,0.05,0.15,0.1,0.15,Matches
2079,Nathaniel Phillips,eng ENG,DF,Liverpool,eng Premier League,23,1997,17,15,"1,456",16.2,1,1,2,1,0,0,2,0,0.06,0.06,0.12,0.06,0.12,Matches
2080,Jaden Philogene Bidace,eng ENG,"FW,MF",Aston Villa,eng Premier League,18,2002,1,0,1,0,0,0,0,0,0,0,0,0,0,0,0,0,0,Matches
2081,Krzysztof Piątek,pl POL,FW,Hertha BSC,de Bundesliga,25,1995,32,18,"1,630",18.1,7,1,8,7,0,1,4,0,0.39,0.06,0.44,0.39,0.44,Matches
2082,Pablo Piatti,ar ARG,"MF,FW",Elche,es La Liga,31,1989,9,3,361,4,0,0,0,0,0,0,1,0,0,0,0,0,0,Matches
2083,Cristiano Piccini,it ITA,DF,Atalanta,it Serie A,27,1992,1,0,59,0.7,0,0,0,0,0,0,0,0,0,0,0,0,0,Matches
2084,Cristiano Piccini,it ITA,DF,Valencia,es La Liga,27,1992,3,0,67,0.7,0,0,0,0,0,0,0,0,0,0,0,0,0,Matches
2085,Roberto Piccoli,it ITA,FW,Spezia,it Serie A,19,2001,20,8,703,7.8,5,0,5,5,0,0,0,0,0.64,0,0.64,0.64,0.64,Matches
2086,Jordan Pickford,eng ENG,GK,Everton,eng Premier League,26,1994,31,31,"2,742",30.5,0,0,0,0,0,0,1,0,0,0,0,0,0,Matches
2087,Jérémy Pied,fr FRA,DF,Lille,fr Ligue 1,31,1989,6,4,318,3.5,0,0,0,0,0,0,1,0,0,0,0,0,0,Matches
2088,Amos Pieper,de GER,DF,Arminia,de Bundesliga,22,1998,30,30,"2,682",29.8,1,1,2,1,0,0,6,0,0.03,0.03,0.07,0.03,0.07,Matches
2089,Ronaël Pierre-Gabriel,fr FRA,DF,Brest,fr Ligue 1,22,1998,29,28,"2,305",25.6,1,0,1,1,0,0,4,0,0.04,0,0.04,0.04,0.04,Matches
2090,Erik Pieters,nl NED,"DF,MF",Burnley,eng Premier League,31,1988,20,13,"1,266",14.1,0,1,1,0,0,0,1,0,0,0.07,0.07,0,0.07,Matches
2091,Tomás Pina Isla,es ESP,MF,Alavés,es La Liga,32,1987,33,31,"2,575",28.6,1,1,2,1,0,0,12,0,0.03,0.03,0.07,0.03,0.07,Matches
2092,Andrea Pinamonti,it ITA,FW,Inter,it Serie A,21,1999,8,1,169,1.9,1,0,1,1,0,0,0,0,0.53,0,0.53,0.53,0.53,Matches
2093,Yéremy Pino,es ESP,"FW,MF",Villarreal,es La Liga,17,2002,24,6,797,8.9,3,1,4,3,0,0,4,0,0.34,0.11,0.45,0.34,0.45,Matches
2094,Carlo Pinsoglio,it ITA,GK,Juventus,it Serie A,30,1990,1,0,23,0.3,0,0,0,0,0,0,0,1,0,0,0,0,0,Matches
2095,Gerard Piqué,es ESP,DF,Barcelona,es La Liga,33,1987,18,18,"1,481",16.5,0,0,0,0,0,0,4,0,0,0,0,0,0,Matches
2096,Fabio Pisacane,it ITA,DF,Cagliari,it Serie A,34,1986,5,2,228,2.5,0,0,0,0,0,0,1,0,0,0,0,0,0,Matches
2097,Łukasz Piszczek,pl POL,DF,Dortmund,de Bundesliga,35,1985,11,5,455,5.1,0,0,0,0,0,0,0,0,0,0,0,0,0,Matches
2098,Marko Pjaca,hr CRO,"FW,MF",Genoa,it Serie A,25,1995,35,15,"1,418",15.8,3,2,5,3,0,0,0,0,0.19,0.13,0.32,0.19,0.32,Matches
2099,Miralem Pjanić,ba BIH,MF,Barcelona,es La Liga,30,1990,19,6,627,7,0,0,0,0,0,0,1,0,0,0,0,0,0,Matches
2100,Óscar Plano,es ESP,MF,Valladolid,es La Liga,29,1991,36,30,"2,517",28,5,5,10,5,0,0,1,1,0.18,0.18,0.36,0.18,0.36,Matches
Rk,Player,Nation,Pos,Squad,Comp,Age,Born,MP,Starts,Min,90s,Gls,Ast,G+A,G-PK,PK,PKatt,CrdY,CrdR,Gls,Ast,G+A,G-PK,G+A-PK,Matches
2101,Marvin Plattenhardt,de GER,DF,Hertha BSC,de Bundesliga,28,1992,16,12,"1,071",11.9,0,2,2,0,0,0,1,0,0,0.17,0.17,0,0.17,Matches
2102,Alassane Pléa,fr FRA,FW,Gladbach,de Bundesliga,27,1993,29,19,"1,803",20,6,1,7,6,0,0,2,0,0.3,0.05,0.35,0.3,0.35,Matches
2103,Dani Plomer,es ESP,FW,Granada,es La Liga,21,1998,1,0,45,0.5,0,0,0,0,0,0,0,0,0,0,0,0,0,Matches
2104,Tommaso Pobega,it ITA,MF,Spezia,it Serie A,21,1999,20,17,"1,229",13.7,6,0,6,6,0,0,6,0,0.44,0,0.44,0.44,0.44,Matches
2105,Daniel Podence,pt POR,"MF,FW",Wolves,eng Premier League,24,1995,24,22,"1,661",18.5,3,2,5,3,0,0,3,0,0.16,0.11,0.27,0.16,0.27,Matches
2106,Paul Pogba,fr FRA,MF,Manchester Utd,eng Premier League,27,1993,26,21,"1,897",21.1,3,3,6,3,0,0,3,0,0.14,0.14,0.28,0.14,0.28,Matches
2107,Joel Pohjanpalo,fi FIN,FW,Union Berlin,de Bundesliga,25,1994,19,10,851,9.5,6,0,6,6,0,0,0,0,0.63,0,0.63,0.63,0.63,Matches
2108,Joel Pohjanpalo,fi FIN,FW,Leverkusen,de Bundesliga,25,1994,1,0,6,0.1,0,0,0,0,0,0,0,0,0,0,0,0,0,Matches
2109,Andrea Poli,it ITA,MF,Bologna,it Serie A,30,1989,18,4,383,4.3,1,0,1,1,0,0,1,0,0.23,0,0.23,0.23,0.23,Matches
2110,Matteo Politano,it ITA,MF,Napoli,it Serie A,26,1993,37,22,"1,908",21.2,9,4,13,9,0,0,3,0,0.42,0.19,0.61,0.42,0.61,Matches
2111,Jorge Pombo,es ESP,"MF,FW",Cádiz,es La Liga,26,1994,12,5,523,5.8,1,0,1,1,0,0,1,0,0.17,0,0.17,0.17,0.17,Matches
2112,Marin Pongračić,hr CRO,DF,Wolfsburg,de Bundesliga,22,1997,10,7,575,6.4,0,0,0,0,0,0,2,1,0,0,0,0,0,Matches
2113,Pere Pons,es ESP,MF,Alavés,es La Liga,27,1993,22,12,"1,186",13.2,2,0,2,2,0,0,1,0,0.15,0,0.15,0.15,0.15,Matches
2114,Nick Pope,eng ENG,GK,Burnley,eng Premier League,28,1992,32,32,"2,880",32,0,0,0,0,0,0,1,0,0,0,0,0,0,Matches
2115,Manolo Portanova,it ITA,"FW,MF",Genoa,it Serie A,20,2000,3,0,66,0.7,0,0,0,0,0,0,0,0,0,0,0,0,0,Matches
2116,Manolo Portanova,it ITA,MF,Juventus,it Serie A,20,2000,2,1,70,0.8,0,0,0,0,0,0,1,0,0,0,0,0,0,Matches
2117,Francisco Portillo,es ESP,MF,Getafe,es La Liga,30,1990,16,3,418,4.6,0,1,1,0,0,0,1,0,0,0.22,0.22,0,0.22,Matches
2118,Portu,es ESP,"MF,FW",Real Sociedad,es La Liga,28,1992,37,24,"2,184",24.3,8,3,11,8,0,0,3,0,0.33,0.12,0.45,0.33,0.45,Matches
2119,Stefan Posch,at AUT,DF,Hoffenheim,de Bundesliga,23,1997,26,25,"2,119",23.5,0,0,0,0,0,0,11,1,0,0,0,0,0,Matches
2120,Sergio Postigo,es ESP,DF,Levante,es La Liga,31,1988,22,19,"1,623",18,0,0,0,0,0,0,4,0,0,0,0,0,0,Matches
2121,Yussuf Poulsen,dk DEN,FW,RB Leipzig,de Bundesliga,26,1994,27,14,"1,354",15,5,4,9,5,0,0,1,0,0.33,0.27,0.6,0.33,0.6,Matches
2122,Maxime Poundjé,fr FRA,DF,Bordeaux,fr Ligue 1,27,1992,14,4,491,5.5,0,0,0,0,0,0,1,0,0,0,0,0,0,Matches
2123,Darío Poveda,es ESP,FW,Getafe,es La Liga,23,1997,1,0,5,0.1,0,0,0,0,0,0,0,0,0,0,0,0,0,Matches
2124,Ian Poveda,eng ENG,"FW,MF",Leeds United,eng Premier League,20,2000,14,0,355,3.9,0,0,0,0,0,0,0,0,0,0,0,0,0,Matches
2125,Alejandro Pozo Pozo,es ESP,"DF,MF",Eibar,es La Liga,21,1999,30,24,"2,190",24.3,0,0,0,0,0,0,4,0,0,0,0,0,0,Matches
Rk,Player,Nation,Pos,Squad,Comp,Age,Born,MP,Starts,Min,90s,Gls,Ast,G+A,G-PK,PK,PKatt,CrdY,CrdR,Gls,Ast,G+A,G-PK,G+A-PK,Matches
2126,Dennis Praet,be BEL,MF,Leicester City,eng Premier League,26,1994,15,10,718,8,1,1,2,1,0,0,0,0,0.13,0.13,0.25,0.13,0.25,Matches
2127,Sanjin Prcić,ba BIH,MF,Strasbourg,fr Ligue 1,26,1993,14,3,353,3.9,0,1,1,0,0,0,1,0,0,0.25,0.25,0,0.25,Matches
2128,Nicolas de Préville,fr FRA,"MF,FW",Bordeaux,fr Ligue 1,29,1991,33,15,"1,611",17.9,1,2,3,1,0,0,3,0,0.06,0.11,0.17,0.06,0.17,Matches
2129,Manuel Prietl,at AUT,MF,Arminia,de Bundesliga,28,1991,28,28,"2,517",28,1,1,2,1,0,0,3,0,0.04,0.04,0.07,0.04,0.07,Matches
2130,Grischa Prömel,de GER,MF,Union Berlin,de Bundesliga,25,1995,24,21,"1,816",20.2,3,1,4,3,0,0,7,0,0.15,0.05,0.2,0.15,0.2,Matches
2131,Davy Pröpper,nl NED,MF,Brighton,eng Premier League,28,1991,7,2,213,2.4,0,0,0,0,0,0,0,0,0,0,0,0,0,Matches
2132,Ivan Provedel,it ITA,GK,Spezia,it Serie A,26,1994,29,29,"2,610",29,0,0,0,0,0,0,1,0,0,0,0,0,0,Matches
2133,Antonio Puertas,es ESP,MF,Granada,es La Liga,28,1992,35,22,"2,170",24.1,3,5,8,3,0,0,6,0,0.12,0.21,0.33,0.12,0.33,Matches
2134,Riqui Puig,es ESP,MF,Barcelona,es La Liga,20,1999,14,2,292,3.2,1,0,1,1,0,0,1,0,0.31,0,0.31,0.31,0.31,Matches
2135,Erick Pulgar,cl CHI,MF,Fiorentina,it Serie A,26,1994,31,21,"2,002",22.2,1,3,4,1,0,0,8,0,0.04,0.13,0.18,0.04,0.18,Matches
2136,Jorge Pulido,es ESP,DF,Huesca,es La Liga,29,1991,33,32,"2,885",32.1,1,0,1,1,0,0,6,1,0.03,0,0.03,0.03,0.03,Matches
2137,Christian Pulisic,us USA,"MF,FW",Chelsea,eng Premier League,21,1998,27,18,"1,738",19.3,4,2,6,4,0,0,2,0,0.21,0.1,0.31,0.21,0.31,Matches
2138,Ignacio Pussetto,ar ARG,FW,Udinese,it Serie A,24,1995,11,9,754,8.4,3,1,4,3,0,0,2,0,0.36,0.12,0.48,0.36,0.48,Matches
2139,Fabio Quagliarella,it ITA,FW,Sampdoria,it Serie A,37,1983,33,25,"2,204",24.5,13,1,14,11,2,3,1,0,0.53,0.04,0.57,0.45,0.49,Matches
2140,Robin Quaison,se SWE,"MF,FW",Mainz 05,de Bundesliga,26,1993,28,18,"1,476",16.4,6,2,8,5,1,1,1,0,0.37,0.12,0.49,0.3,0.43,Matches
2141,Domingos Quina,pt POR,MF,Granada,es La Liga,20,1999,8,5,341,3.8,2,0,2,2,0,0,1,0,0.53,0,0.53,0.53,0.53,Matches
2142,Quini,es ESP,DF,Granada,es La Liga,30,1989,19,12,"1,191",13.2,1,0,1,1,0,0,5,0,0.08,0,0.08,0.08,0.08,Matches
2143,Quique,es ESP,"FW,MF",Eibar,es La Liga,30,1990,12,0,167,1.9,0,0,0,0,0,0,0,0,0,0,0,0,0,Matches
2144,Dani Raba,es ESP,MF,Villarreal,es La Liga,24,1995,5,1,150,1.7,0,0,0,0,0,0,0,0,0,0,0,0,0,Matches
2145,Simone Rabbi,it ITA,FW,Bologna,it Serie A,18,2001,4,0,35,0.4,0,1,1,0,0,0,0,0,0,2.57,2.57,0,2.57,Matches
2146,Adrien Rabiot,fr FRA,MF,Juventus,it Serie A,25,1995,34,25,"2,313",25.7,4,2,6,4,0,0,7,1,0.16,0.08,0.23,0.16,0.23,Matches
2147,Uroš Račić,rs SRB,MF,Valencia,es La Liga,22,1998,31,25,"2,187",24.3,1,1,2,1,0,0,6,0,0.04,0.04,0.08,0.04,0.08,Matches
2148,Anthony Racioppi,ch SUI,GK,Dijon,fr Ligue 1,21,1998,21,21,"1,890",21,0,0,0,0,0,0,0,0,0,0,0,0,0,Matches
2149,Nemanja Radoja,rs SRB,MF,Levante,es La Liga,27,1993,21,13,"1,121",12.5,0,2,2,0,0,0,1,0,0,0.16,0.16,0,0.16,Matches
2150,Nemanja Radonjić,rs SRB,"MF,FW",Hertha BSC,de Bundesliga,24,1996,12,5,611,6.8,1,2,3,1,0,0,1,0,0.15,0.29,0.44,0.15,0.44,Matches
Rk,Player,Nation,Pos,Squad,Comp,Age,Born,MP,Starts,Min,90s,Gls,Ast,G+A,G-PK,PK,PKatt,CrdY,CrdR,Gls,Ast,G+A,G-PK,G+A-PK,Matches
2151,Nemanja Radonjić,rs SRB,"MF,FW",Marseille,fr Ligue 1,24,1996,12,4,396,4.4,2,1,3,2,0,0,2,0,0.45,0.23,0.68,0.45,0.68,Matches
2152,Aleksandar Radovanović,rs SRB,DF,Lens,fr Ligue 1,26,1993,1,1,90,1,0,0,0,0,0,0,0,0,0,0,0,0,0,Matches
2153,Ivan Radovanović,rs SRB,"DF,MF",Genoa,it Serie A,31,1988,33,24,"2,232",24.8,0,0,0,0,0,0,6,0,0,0,0,0,0,Matches
2154,Ionuț Radu,ro ROU,GK,Inter,it Serie A,23,1997,2,1,135,1.5,0,0,0,0,0,0,0,0,0,0,0,0,0,Matches
2155,Ștefan Radu,ro ROU,DF,Lazio,it Serie A,33,1986,31,30,"2,458",27.3,0,3,3,0,0,0,2,0,0,0.11,0.11,0,0.11,Matches
2156,Rafael,br BRA,GK,Spezia,it Serie A,38,1982,3,2,207,2.3,0,1,1,0,0,0,0,0,0,0.43,0.43,0,0.43,Matches
2157,Rafinha,br BRA,MF,PSG,fr Ligue 1,27,1993,23,15,"1,361",15.1,0,4,4,0,0,0,2,0,0,0.26,0.26,0,0.26,Matches
2158,Antonio Raimondo,it ITA,FW,Bologna,it Serie A,16,2004,1,0,1,0,0,0,0,0,0,0,0,0,0,0,0,0,0,Matches
2159,Predrag Rajković,rs SRB,GK,Reims,fr Ligue 1,24,1995,37,37,"3,285",36.5,0,0,0,0,0,0,2,0,0,0,0,0,0,Matches
2160,Ivan Rakitić,hr CRO,MF,Sevilla,es La Liga,32,1988,37,25,"2,233",24.8,4,2,6,2,2,2,5,0,0.16,0.08,0.24,0.08,0.16,Matches
2161,Jonás Ramalho,es ESP,DF,Osasuna,es La Liga,27,1993,5,3,304,3.4,0,0,0,0,0,0,0,0,0,0,0,0,0,Matches
2162,Benito Raman,be BEL,"MF,FW",Schalke 04,de Bundesliga,25,1994,25,13,"1,246",13.8,2,0,2,2,0,0,2,0,0.14,0,0.14,0.14,0.14,Matches
2163,Gastón Ramírez,uy URU,"FW,MF",Sampdoria,it Serie A,29,1990,25,10,969,10.8,0,4,4,0,0,0,5,0,0,0.37,0.37,0,0.37,Matches
2164,Sandro Ramírez,es ESP,FW,Huesca,es La Liga,25,1995,20,16,"1,285",14.3,5,1,6,5,0,0,2,0,0.35,0.07,0.42,0.35,0.42,Matches
2165,Sergio Ramos,es ESP,DF,Real Madrid,es La Liga,34,1986,15,15,"1,275",14.2,2,0,2,0,2,2,3,0,0.14,0,0.14,0,0,Matches
2166,Aaron Ramsdale,eng ENG,GK,Sheffield United,eng Premier League,22,1998,38,38,"3,420",38,0,0,0,0,0,0,1,0,0,0,0,0,0,Matches
2167,Aaron Ramsey,wls WAL,MF,Juventus,it Serie A,29,1990,22,13,"1,089",12.1,2,4,6,2,0,0,2,0,0.17,0.33,0.5,0.17,0.5,Matches
2168,Jacob Ramsey,eng ENG,MF,Aston Villa,eng Premier League,19,2001,22,6,626,7,0,0,0,0,0,0,0,0,0,0,0,0,0,Matches
2169,Kayne Ramsey,eng ENG,DF,Southampton,eng Premier League,19,2000,1,1,90,1,0,0,0,0,0,0,1,0,0,0,0,0,0,Matches
2170,Darren Randolph,ie IRL,GK,West Ham,eng Premier League,33,1987,3,3,270,3,0,0,0,0,0,0,0,0,0,0,0,0,0,Matches
2171,Andrea Ranocchia,it ITA,DF,Inter,it Serie A,32,1988,8,8,703,7.8,0,1,1,0,0,0,2,0,0,0.13,0.13,0,0.13,Matches
2172,Raphinha,br BRA,MF,Leeds United,eng Premier League,23,1996,30,26,"2,360",26.2,6,9,15,6,0,0,3,0,0.23,0.34,0.57,0.23,0.57,Matches
2173,Raphinha,br BRA,"FW,MF",Rennes,fr Ligue 1,23,1996,6,5,404,4.5,1,2,3,1,0,0,0,0,0.22,0.45,0.67,0.22,0.67,Matches
2174,Marcus Rashford,eng ENG,"MF,FW",Manchester Utd,eng Premier League,22,1997,37,33,"2,920",32.4,11,9,20,11,0,0,4,0,0.34,0.28,0.62,0.34,0.62,Matches
2175,Milot Rashica,xk KVX,"MF,FW",Werder Bremen,de Bundesliga,24,1996,24,14,"1,462",16.2,3,2,5,2,1,1,0,0,0.18,0.12,0.31,0.12,0.25,Matches
Rk,Player,Nation,Pos,Squad,Comp,Age,Born,MP,Starts,Min,90s,Gls,Ast,G+A,G-PK,PK,PKatt,CrdY,CrdR,Gls,Ast,G+A,G-PK,G+A-PK,Matches
2176,Giacomo Raspadori,it ITA,FW,Sassuolo,it Serie A,20,2000,27,13,"1,232",13.7,6,0,6,6,0,0,1,0,0.44,0,0.44,0.44,0.44,Matches
2177,Federico Ravaglia,it ITA,GK,Bologna,it Serie A,20,1999,4,4,360,4,0,0,0,0,0,0,0,0,0,0,0,0,0,Matches
2178,Tim Ream,us USA,DF,Fulham,eng Premier League,32,1987,7,7,630,7,0,0,0,0,0,0,0,0,0,0,0,0,0,Matches
2179,Ante Rebić,hr CRO,"MF,FW",Milan,it Serie A,26,1993,27,20,"1,776",19.7,11,4,15,11,0,0,4,1,0.56,0.2,0.76,0.56,0.76,Matches
2180,Arkadiusz Reca,pl POL,MF,Crotone,it Serie A,25,1995,30,28,"2,313",25.7,2,3,5,2,0,0,7,0,0.08,0.12,0.19,0.08,0.19,Matches
2181,Recio,es ESP,MF,Eibar,es La Liga,29,1991,17,8,734,8.2,1,0,1,0,1,1,5,0,0.12,0,0.12,0,0,Matches
2182,Daishawn Redan,nl NED,FW,Hertha BSC,de Bundesliga,19,2001,7,0,102,1.1,0,0,0,0,0,0,0,0,0,0,0,0,0,Matches
2183,Nathan Redmond,eng ENG,"MF,FW",Southampton,eng Premier League,26,1994,29,17,"1,738",19.3,2,3,5,2,0,0,1,0,0.1,0.16,0.26,0.1,0.26,Matches
2184,Harrison Reed,eng ENG,MF,Fulham,eng Premier League,25,1995,31,26,"2,247",25,0,2,2,0,0,0,5,0,0,0.08,0.08,0,0.08,Matches
2185,Vasco Regini,it ITA,DF,Sampdoria,it Serie A,29,1990,3,1,88,1,0,0,0,0,0,0,0,0,0,0,0,0,0,Matches
2186,Sergio Reguilón,es ESP,"DF,MF",Tottenham,eng Premier League,23,1996,27,26,"2,244",24.9,0,3,3,0,0,0,5,0,0,0.12,0.12,0,0.12,Matches
2187,Pepe Reina,es ESP,GK,Lazio,it Serie A,37,1982,29,29,"2,610",29,0,0,0,0,0,0,1,0,0,0,0,0,0,Matches
2188,Jeff Reine-Adélaïde,fr FRA,"MF,FW",Nice,fr Ligue 1,22,1998,14,12,"1,058",11.8,1,2,3,1,0,0,1,0,0.09,0.17,0.26,0.09,0.26,Matches
2189,Jeff Reine-Adélaïde,fr FRA,"FW,MF",Lyon,fr Ligue 1,22,1998,1,0,24,0.3,0,0,0,0,0,0,0,0,0,0,0,0,0,Matches
2190,Reinier,br BRA,MF,Dortmund,de Bundesliga,18,2002,14,1,257,2.9,1,1,2,1,0,0,0,0,0.35,0.35,0.7,0.35,0.7,Matches
2191,Francisco Reis Ferreira,pt POR,DF,Valencia,es La Liga,23,1997,3,2,181,2,0,0,0,0,0,0,0,0,0,0,0,0,0,Matches
2192,Rocco Reitz,de GER,MF,Gladbach,de Bundesliga,18,2002,2,1,60,0.7,0,0,0,0,0,0,1,0,0,0,0,0,0,Matches
2193,Karim Rekik,nl NED,DF,Sevilla,es La Liga,25,1994,11,6,653,7.3,0,0,0,0,0,0,2,0,0,0,0,0,0,Matches
2194,Álex Remiro,es ESP,GK,Real Sociedad,es La Liga,25,1995,38,38,"3,420",38,0,0,0,0,0,0,0,0,0,0,0,0,0,Matches
2195,Panagiotis Retsos,gr GRE,DF,Saint-Étienne,fr Ligue 1,21,1998,4,4,272,3,0,0,0,0,0,0,2,0,0,0,0,0,0,Matches
2196,Marco Reus,de GER,"MF,FW",Dortmund,de Bundesliga,31,1989,32,27,"2,279",25.3,8,6,14,8,0,2,1,0,0.32,0.24,0.55,0.32,0.55,Matches
2197,Elvis Rexhbeçaj,xk KVX,MF,Köln,de Bundesliga,22,1997,30,20,"1,833",20.4,5,2,7,5,0,0,4,0,0.25,0.1,0.34,0.25,0.34,Matches
2198,Oriol Rey,es ESP,MF,Valladolid,es La Liga,22,1998,1,0,15,0.2,0,0,0,0,0,0,0,0,0,0,0,0,0,Matches
2199,Gio Reyna,us USA,MF,Dortmund,de Bundesliga,17,2002,32,23,"1,976",22,4,5,9,4,0,0,1,0,0.18,0.23,0.41,0.18,0.41,Matches
2200,Baptiste Reynet,fr FRA,GK,Nîmes,fr Ligue 1,29,1990,38,38,"3,420",38,0,0,0,0,0,0,3,0,0,0,0,0,0,Matches
Rk,Player,Nation,Pos,Squad,Comp,Age,Born,MP,Starts,Min,90s,Gls,Ast,G+A,G-PK,PK,PKatt,CrdY,CrdR,Gls,Ast,G+A,G-PK,G+A-PK,Matches
2201,Bryan Reynolds,us USA,"MF,DF",Roma,it Serie A,19,2001,5,3,283,3.1,0,0,0,0,0,0,0,0,0,0,0,0,0,Matches
2202,Franck Ribéry,fr FRA,FW,Fiorentina,it Serie A,37,1983,29,28,"2,149",23.9,2,6,8,2,0,0,6,1,0.08,0.25,0.34,0.08,0.34,Matches
2203,Federico Ricci,it ITA,"FW,MF",Sassuolo,it Serie A,26,1994,1,0,4,0,0,0,0,0,0,0,0,0,0,0,0,0,0,Matches
2204,Giacomo Ricci,it ITA,"DF,MF",Parma,it Serie A,23,1996,3,0,67,0.7,0,0,0,0,0,0,0,0,0,0,0,0,0,Matches
2205,Matteo Ricci,it ITA,MF,Spezia,it Serie A,26,1994,29,26,"2,229",24.8,0,2,2,0,0,0,5,0,0,0.08,0.08,0,0.08,Matches
2206,Declan Rice,eng ENG,MF,West Ham,eng Premier League,21,1999,32,32,"2,879",32,2,1,3,1,1,2,2,0,0.06,0.03,0.09,0.03,0.06,Matches
2207,Chris Richards,us USA,DF,Hoffenheim,de Bundesliga,20,2000,11,11,944,10.5,0,1,1,0,0,0,1,0,0,0.1,0.1,0,0.1,Matches
2208,Chris Richards,us USA,DF,Bayern Munich,de Bundesliga,20,2000,3,1,89,1,0,1,1,0,0,0,0,0,0,1.01,1.01,0,1.01,Matches
2209,Lewis Richardson,eng ENG,"FW,MF",Burnley,eng Premier League,17,2003,2,0,4,0,0,0,0,0,0,0,0,0,0,0,0,0,0,Matches
2210,Richarlison,br BRA,"FW,MF",Everton,eng Premier League,23,1997,34,33,"2,861",31.8,7,3,10,6,1,1,4,1,0.22,0.09,0.31,0.19,0.28,Matches
2211,Marco Richter,de GER,"MF,FW",Augsburg,de Bundesliga,22,1997,29,16,"1,416",15.7,3,1,4,3,0,0,4,1,0.19,0.06,0.25,0.19,0.25,Matches
2212,Mikel Rico,es ESP,MF,Huesca,es La Liga,35,1984,32,27,"2,183",24.3,1,4,5,1,0,0,2,0,0.04,0.16,0.21,0.04,0.21,Matches
2213,Sergio Rico,es ESP,GK,PSG,fr Ligue 1,26,1993,10,8,810,9,0,0,0,0,0,0,0,0,0,0,0,0,0,Matches
2214,Jaïro Riedewald,nl NED,MF,Crystal Palace,eng Premier League,23,1996,33,19,"1,820",20.2,2,0,2,2,0,0,4,0,0.1,0,0.1,0.1,0.1,Matches
2215,Emiliano Rigoni,ar ARG,MF,Elche,es La Liga,27,1993,23,12,"1,139",12.7,1,1,2,1,0,0,5,0,0.08,0.08,0.16,0.08,0.16,Matches
2216,Tomás Rincón,ve VEN,MF,Torino,it Serie A,32,1988,36,33,"2,846",31.6,1,1,2,1,0,0,10,1,0.03,0.03,0.06,0.03,0.06,Matches
2217,Luis Rioja,es ESP,MF,Alavés,es La Liga,26,1993,35,25,"2,090",23.2,4,2,6,4,0,0,4,0,0.17,0.09,0.26,0.17,0.26,Matches
2218,Renaud Ripart,fr FRA,"MF,FW",Nîmes,fr Ligue 1,27,1993,38,35,"3,054",33.9,11,0,11,5,6,7,3,0,0.32,0,0.32,0.15,0.15,Matches
2219,Andrea Rispoli,it ITA,MF,Crotone,it Serie A,31,1988,19,5,652,7.2,0,0,0,0,0,0,4,0,0,0,0,0,0,Matches
2220,Mihailo Ristić,rs SRB,"DF,MF",Montpellier,fr Ligue 1,24,1995,34,26,"2,236",24.8,0,2,2,0,0,0,4,0,0,0.08,0.08,0,0.08,Matches
2221,Matt Ritchie,sct SCO,"DF,MF",Newcastle,eng Premier League,30,1989,18,15,"1,350",15,0,2,2,0,0,0,2,0,0,0.13,0.13,0,0.13,Matches
2222,Maxence Rivera,fr FRA,MF,Saint-Étienne,fr Ligue 1,18,2002,17,1,239,2.7,0,0,0,0,0,0,0,0,0,0,0,0,0,Matches
2223,Emmanuel Rivière,fr FRA,FW,Crotone,it Serie A,30,1990,21,7,640,7.1,1,1,2,1,0,0,2,0,0.14,0.14,0.28,0.14,0.28,Matches
2224,Rober,es ESP,"DF,MF",Levante,es La Liga,25,1995,19,16,"1,425",15.8,0,1,1,0,0,0,3,1,0,0.06,0.06,0,0.06,Matches
2225,Roberto,es ESP,GK,Valladolid,es La Liga,34,1986,13,13,"1,170",13,0,0,0,0,0,0,0,1,0,0,0,0,0,Matches
Rk,Player,Nation,Pos,Squad,Comp,Age,Born,MP,Starts,Min,90s,Gls,Ast,G+A,G-PK,PK,PKatt,CrdY,CrdR,Gls,Ast,G+A,G-PK,G+A-PK,Matches
2226,Sergi Roberto,es ESP,"DF,MF",Barcelona,es La Liga,28,1992,15,9,946,10.5,1,2,3,1,0,0,1,0,0.1,0.19,0.29,0.1,0.29,Matches
2227,Tyler Roberts,wls WAL,MF,Leeds United,eng Premier League,21,1999,27,14,"1,340",14.9,1,2,3,1,0,0,3,0,0.07,0.13,0.2,0.07,0.2,Matches
2228,Andy Robertson,sct SCO,DF,Liverpool,eng Premier League,26,1994,38,38,"3,383",37.6,1,7,8,1,0,0,2,0,0.03,0.19,0.21,0.03,0.21,Matches
2229,Antonee Robinson,us USA,"DF,MF",Fulham,eng Premier League,22,1997,28,24,"2,162",24,0,0,0,0,0,0,4,1,0,0,0,0,0,Matches
2230,Callum Robinson,ie IRL,"FW,MF",West Brom,eng Premier League,25,1995,28,20,"1,560",17.3,5,0,5,5,0,0,0,0,0.29,0,0.29,0.29,0.29,Matches
2231,Jack Robinson,eng ENG,DF,Sheffield United,eng Premier League,26,1993,11,9,877,9.7,0,1,1,0,0,0,3,0,0,0.1,0.1,0,0.1,Matches
2232,Joel Robles,es ESP,GK,Real Betis,es La Liga,30,1990,18,18,"1,620",18,0,0,0,0,0,0,2,0,0,0,0,0,0,Matches
2233,Hal Robson-Kanu,wls WAL,FW,West Brom,eng Premier League,31,1989,19,2,561,6.2,2,0,2,2,0,0,2,0,0.32,0,0.32,0.32,0.32,Matches
2234,Marc Roca,es ESP,MF,Bayern Munich,de Bundesliga,23,1996,6,2,177,2,0,0,0,0,0,0,1,0,0,0,0,0,0,Matches
2235,Christopher Rocchia,fr FRA,DF,Marseille,fr Ligue 1,22,1998,2,0,22,0.2,0,0,0,0,0,0,0,0,0,0,0,0,0,Matches
2236,Rubén Rochina,es ESP,MF,Levante,es La Liga,29,1991,25,17,"1,404",15.6,0,1,1,0,0,0,5,0,0,0.06,0.06,0,0.06,Matches
2237,Marek Rodák,sk SVK,GK,Fulham,eng Premier League,23,1996,2,2,180,2,0,0,0,0,0,0,0,0,0,0,0,0,0,Matches
2238,Sebastian Rode,de GER,MF,Frankfurt,de Bundesliga,29,1990,27,19,"1,625",18.1,1,0,1,1,0,0,10,0,0.06,0,0.06,0.06,0.06,Matches
2239,Joe Rodon,wls WAL,DF,Tottenham,eng Premier League,22,1997,12,8,733,8.1,0,0,0,0,0,0,0,0,0,0,0,0,0,Matches
2240,Rodri,es ESP,MF,Manchester City,eng Premier League,24,1996,34,31,"2,748",30.5,2,2,4,1,1,1,6,0,0.07,0.07,0.13,0.03,0.1,Matches
2241,Rodri,es ESP,MF,Real Betis,es La Liga,20,2000,15,5,537,6,0,0,0,0,0,0,0,0,0,0,0,0,0,Matches
2242,Rodrigo,es ESP,MF,Leeds United,eng Premier League,29,1991,26,14,"1,288",14.3,7,2,9,7,0,0,3,0,0.49,0.14,0.63,0.49,0.63,Matches
2243,Kévin Rodrigues,pt POR,"MF,DF",Eibar,es La Liga,26,1994,22,11,"1,095",12.2,1,1,2,1,0,0,1,0,0.08,0.08,0.16,0.08,0.16,Matches
2244,Ángel Rodríguez,es ESP,FW,Getafe,es La Liga,33,1987,33,12,"1,374",15.3,5,0,5,4,1,2,4,0,0.33,0,0.33,0.26,0.26,Matches
2245,Óscar Rodríguez Arnaiz,es ESP,"FW,MF",Sevilla,es La Liga,22,1998,20,4,511,5.7,0,0,0,0,0,0,1,0,0,0,0,0,0,Matches
2246,Guido Rodríguez,ar ARG,MF,Real Betis,es La Liga,26,1994,35,34,"2,864",31.8,1,0,1,1,0,0,10,0,0.03,0,0.03,0.03,0.03,Matches
2247,James Rodríguez,co COL,"FW,MF",Everton,eng Premier League,29,1991,23,21,"1,764",19.6,6,4,10,6,0,0,4,0,0.31,0.2,0.51,0.31,0.51,Matches
2248,Jay Rodriguez,eng ENG,"FW,MF",Burnley,eng Premier League,31,1989,31,12,"1,265",14.1,1,2,3,1,0,0,3,0,0.07,0.14,0.21,0.07,0.21,Matches
2249,Miguel Rodríguez,es ESP,MF,Celta Vigo,es La Liga,17,2003,4,0,30,0.3,0,0,0,0,0,0,2,0,0,0,0,0,0,Matches
2250,Ricardo Rodríguez,ch SUI,"DF,MF",Torino,it Serie A,27,1992,16,15,"1,238",13.8,0,0,0,0,0,0,1,0,0,0,0,0,0,Matches
Rk,Player,Nation,Pos,Squad,Comp,Age,Born,MP,Starts,Min,90s,Gls,Ast,G+A,G-PK,PK,PKatt,CrdY,CrdR,Gls,Ast,G+A,G-PK,G+A-PK,Matches
2251,Víctor Rodríguez,es ESP,MF,Elche,es La Liga,31,1989,16,2,426,4.7,0,0,0,0,0,0,1,0,0,0,0,0,0,Matches
2252,Rodrygo,br BRA,"FW,MF",Real Madrid,es La Liga,19,2001,22,10,983,10.9,1,6,7,1,0,0,0,0,0.09,0.55,0.64,0.09,0.64,Matches
2253,Marko Rog,hr CRO,MF,Cagliari,it Serie A,25,1995,14,14,"1,165",12.9,0,0,0,0,0,0,2,0,0,0,0,0,0,Matches
2254,Rogério,br BRA,DF,Sassuolo,it Serie A,22,1998,28,21,"1,877",20.9,0,1,1,0,0,0,4,0,0,0.05,0.05,0,0.05,Matches
2255,Luis Rojas,cl CHI,MF,Crotone,it Serie A,18,2002,7,0,104,1.2,0,0,0,0,0,0,1,0,0,0,0,0,0,Matches
2256,Alessio Romagnoli,it ITA,DF,Milan,it Serie A,25,1995,22,21,"1,907",21.2,1,1,2,1,0,0,7,0,0.05,0.05,0.09,0.05,0.09,Matches
2257,Cristian Romero,ar ARG,DF,Atalanta,it Serie A,22,1998,31,29,"2,545",28.3,2,2,4,2,0,0,10,0,0.07,0.07,0.14,0.07,0.14,Matches
2258,Oriol Romeu,es ESP,MF,Southampton,eng Premier League,28,1991,21,20,"1,763",19.6,1,1,2,1,0,0,6,0,0.05,0.05,0.1,0.05,0.1,Matches
2259,Cristiano Ronaldo,pt POR,FW,Juventus,it Serie A,35,1985,33,31,"2,802",31.1,29,2,31,23,6,8,3,0,0.93,0.06,1,0.74,0.8,Matches
2260,Facundo Roncaglia,ar ARG,DF,Osasuna,es La Liga,33,1987,17,14,"1,232",13.7,1,1,2,1,0,0,3,1,0.07,0.07,0.15,0.07,0.15,Matches
2261,Valentin Rongier,fr FRA,MF,Marseille,fr Ligue 1,25,1994,26,21,"1,887",21,1,2,3,1,0,0,8,0,0.05,0.1,0.14,0.05,0.14,Matches
2262,Marten de Roon,nl NED,MF,Atalanta,it Serie A,29,1991,35,33,"3,021",33.6,1,1,2,1,0,0,8,1,0.03,0.03,0.06,0.03,0.06,Matches
2263,Jérôme Roussillon,gp GLP,DF,Wolfsburg,de Bundesliga,27,1993,20,14,"1,229",13.7,0,2,2,0,0,0,0,0,0,0.15,0.15,0,0.15,Matches
2264,Nolan Roux,fr FRA,FW,Nîmes,fr Ligue 1,32,1988,19,6,651,7.2,0,0,0,0,0,0,2,0,0,0,0,0,0,Matches
2265,Nicolò Rovella,it ITA,MF,Genoa,it Serie A,18,2001,20,12,"1,187",13.2,0,2,2,0,0,0,4,0,0,0.15,0.15,0,0.15,Matches
2266,Amir Rrahmani,xk KVX,DF,Napoli,it Serie A,26,1994,16,12,"1,094",12.2,1,0,1,1,0,0,2,0,0.08,0,0.08,0.08,0.08,Matches
2267,Rubén,es ESP,GK,Osasuna,es La Liga,36,1984,3,3,187,2.1,0,0,0,0,0,0,0,1,0,0,0,0,0,Matches
2268,Waldo Rubio,es ESP,MF,Valladolid,es La Liga,24,1995,10,5,375,4.2,1,0,1,0,1,1,1,0,0.24,0,0.24,0,0,Matches
2269,John Ruddy,eng ENG,GK,Wolves,eng Premier League,33,1986,2,1,91,1,0,0,0,0,0,0,0,0,0,0,0,0,0,Matches
2270,Antonio Rüdiger,de GER,DF,Chelsea,eng Premier League,27,1993,19,19,"1,710",19,1,0,1,1,0,0,0,0,0.05,0,0.05,0.05,0.05,Matches
2271,Sebastian Rudy,de GER,MF,Hoffenheim,de Bundesliga,30,1990,25,21,"1,678",18.6,1,3,4,1,0,0,4,0,0.05,0.16,0.21,0.05,0.21,Matches
2272,Sebastian Rudy,de GER,DF,Schalke 04,de Bundesliga,30,1990,2,2,180,2,0,0,0,0,0,0,0,0,0,0,0,0,0,Matches
2273,Kevin Rüegg,ch SUI,MF,Hellas Verona,it Serie A,21,1998,7,1,205,2.3,0,0,0,0,0,0,0,0,0,0,0,0,0,Matches
2274,Daniele Rugani,it ITA,DF,Rennes,fr Ligue 1,26,1994,1,1,90,1,0,0,0,0,0,0,1,0,0,0,0,0,0,Matches
2275,Daniele Rugani,it ITA,DF,Cagliari,it Serie A,26,1994,16,12,"1,001",11.1,1,1,2,1,0,0,2,0,0.09,0.09,0.18,0.09,0.18,Matches
Rk,Player,Nation,Pos,Squad,Comp,Age,Born,MP,Starts,Min,90s,Gls,Ast,G+A,G-PK,PK,PKatt,CrdY,CrdR,Gls,Ast,G+A,G-PK,G+A-PK,Matches
2276,Matteo Ruggeri,it ITA,MF,Atalanta,it Serie A,18,2002,6,3,208,2.3,0,0,0,0,0,0,0,0,0,0,0,0,0,Matches
2277,Mário Rui,pt POR,DF,Napoli,it Serie A,29,1991,27,17,"1,669",18.5,0,2,2,0,0,0,4,0,0,0.11,0.11,0,0.11,Matches
2278,Aitor Ruibal,es ESP,MF,Real Betis,es La Liga,24,1996,28,21,"1,593",17.7,2,2,4,2,0,0,2,0,0.11,0.11,0.23,0.11,0.23,Matches
2279,Isma Ruiz,es ESP,MF,Granada,es La Liga,19,2001,1,1,67,0.7,0,0,0,0,0,0,0,0,0,0,0,0,0,Matches
2280,Kays Ruiz,fr FRA,FW,PSG,fr Ligue 1,17,2002,7,1,186,2.1,0,0,0,0,0,0,1,0,0,0,0,0,0,Matches
2281,Fabián Ruiz Peña,es ESP,MF,Napoli,it Serie A,24,1996,33,29,"2,569",28.5,3,1,4,3,0,0,1,0,0.11,0.04,0.14,0.11,0.14,Matches
2282,Víctor Ruiz,es ESP,DF,Real Betis,es La Liga,31,1989,27,24,"2,157",24,2,0,2,2,0,0,9,0,0.08,0,0.08,0.08,0.08,Matches
2283,Gerónimo Rulli,ar ARG,GK,Villarreal,es La Liga,28,1992,2,2,180,2,0,0,0,0,0,0,0,1,0,0,0,0,0,Matches
2284,Georginio Rutter,fr FRA,FW,Hoffenheim,de Bundesliga,18,2002,9,2,241,2.7,1,0,1,1,0,0,0,0,0.37,0,0.37,0.37,0.37,Matches
2285,Georginio Rutter,fr FRA,"FW,MF",Rennes,fr Ligue 1,18,2002,4,0,44,0.5,0,0,0,0,0,0,0,0,0,0,0,0,0,Matches
2286,Mathew Ryan,au AUS,GK,Arsenal,eng Premier League,28,1992,3,3,270,3,0,0,0,0,0,0,0,0,0,0,0,0,0,Matches
2287,Mathew Ryan,au AUS,GK,Brighton,eng Premier League,28,1992,11,11,990,11,0,0,0,0,0,0,1,0,0,0,0,0,0,Matches
2288,Julian Ryerson,no NOR,"MF,DF",Union Berlin,de Bundesliga,22,1997,24,10,"1,069",11.9,0,2,2,0,0,0,2,0,0,0.17,0.17,0,0.17,Matches
2289,Frederik Rønnow,dk DEN,GK,Schalke 04,de Bundesliga,27,1992,11,10,945,10.5,0,0,0,0,0,0,0,0,0,0,0,0,0,Matches
2290,Roli Pereira de Sa,fr FRA,MF,Nantes,fr Ligue 1,23,1996,6,0,56,0.6,0,0,0,0,0,0,0,0,0,0,0,0,0,Matches
2291,Victor Sá,br BRA,"MF,FW",Wolfsburg,de Bundesliga,26,1994,21,3,469,5.2,1,1,2,1,0,0,0,0,0.19,0.19,0.38,0.19,0.38,Matches
2292,Idriss Saadi,dz ALG,FW,Strasbourg,fr Ligue 1,28,1992,7,0,125,1.4,0,0,0,0,0,0,0,0,0,0,0,0,0,Matches
2293,Youssouf Sabaly,sn SEN,DF,Bordeaux,fr Ligue 1,27,1993,33,33,"2,909",32.3,1,2,3,1,0,0,4,0,0.03,0.06,0.09,0.03,0.09,Matches
2294,Mathys Saban,fr FRA,MF,Saint-Étienne,fr Ligue 1,18,2002,1,0,13,0.1,0,0,0,0,0,0,0,0,0,0,0,0,0,Matches
2295,Marcel Sabitzer,at AUT,MF,RB Leipzig,de Bundesliga,26,1994,27,24,"2,026",22.5,8,3,11,4,4,4,8,0,0.36,0.13,0.49,0.18,0.31,Matches
2296,Alexis Saelemaekers,be BEL,MF,Milan,it Serie A,21,1999,32,27,"2,016",22.4,2,4,6,2,0,0,7,1,0.09,0.18,0.27,0.09,0.27,Matches
2297,Modibo Sagnan,ml MLI,DF,Real Sociedad,es La Liga,21,1999,16,7,622,6.9,0,0,0,0,0,0,3,0,0,0,0,0,0,Matches
2298,Moïse Sahi Dion,ci CIV,FW,Strasbourg,fr Ligue 1,18,2001,6,0,94,1,1,0,1,1,0,0,0,0,0.96,0,0.96,0.96,0.96,Matches
2299,Allan Saint-Maximin,fr FRA,"FW,MF",Newcastle,eng Premier League,23,1997,25,19,"1,560",17.3,3,4,7,3,0,0,0,0,0.17,0.23,0.4,0.17,0.4,Matches
2300,Borja Sainz,es ESP,MF,Alavés,es La Liga,19,2001,21,2,453,5,1,0,1,1,0,0,1,0,0.2,0,0.2,0.2,0.2,Matches
Rk,Player,Nation,Pos,Squad,Comp,Age,Born,MP,Starts,Min,90s,Gls,Ast,G+A,G-PK,PK,PKatt,CrdY,CrdR,Gls,Ast,G+A,G-PK,G+A-PK,Matches
2301,Romain Saïss,ma MAR,"DF,MF",Wolves,eng Premier League,30,1990,27,27,"2,407",26.7,3,0,3,3,0,0,2,0,0.11,0,0.11,0.11,0.11,Matches
2302,Bukayo Saka,eng ENG,MF,Arsenal,eng Premier League,18,2001,32,30,"2,553",28.4,5,3,8,5,0,0,1,0,0.18,0.11,0.28,0.18,0.28,Matches
2303,Hiroki Sakai,jp JPN,DF,Marseille,fr Ligue 1,30,1990,29,26,"2,385",26.5,0,1,1,0,0,0,6,1,0,0.04,0.04,0,0.04,Matches
2304,Moïse Sakava,cm CMR,MF,Reims,fr Ligue 1,19,2000,1,0,8,0.1,0,0,0,0,0,0,0,0,0,0,0,0,0,Matches
2305,Mamadou Sakho,fr FRA,DF,Crystal Palace,eng Premier League,30,1990,4,3,276,3.1,0,0,0,0,0,0,0,0,0,0,0,0,0,Matches
2306,Jacopo Sala,it ITA,DF,Spezia,it Serie A,28,1991,6,4,375,4.2,0,0,0,0,0,0,1,0,0,0,0,0,0,Matches
2307,Mohamed Salah,eg EGY,FW,Liverpool,eng Premier League,28,1992,37,34,"3,078",34.2,22,5,27,16,6,6,0,0,0.64,0.15,0.79,0.47,0.61,Matches
2308,Eddie Salcedo,it ITA,"MF,FW",Hellas Verona,it Serie A,18,2001,21,7,755,8.4,2,0,2,2,0,0,3,0,0.24,0,0.24,0.24,0.24,Matches
2309,William Saliba,fr FRA,DF,Nice,fr Ligue 1,19,2001,20,20,"1,800",20,1,0,1,1,0,0,2,0,0.05,0,0.05,0.05,0.05,Matches
2310,Romain Salin,fr FRA,GK,Rennes,fr Ligue 1,36,1984,15,15,"1,350",15,0,0,0,0,0,0,2,0,0,0,0,0,0,Matches
2311,Mohammed Salisu,gh GHA,DF,Southampton,eng Premier League,21,1999,12,8,844,9.4,0,0,0,0,0,0,1,0,0,0,0,0,0,Matches
2312,Roland Sallai,hu HUN,"MF,FW",Freiburg,de Bundesliga,23,1997,28,22,"1,661",18.5,8,3,11,7,1,1,5,0,0.43,0.16,0.6,0.38,0.54,Matches
2313,Salvi,es ESP,MF,Cádiz,es La Liga,29,1991,28,25,"1,933",21.5,2,0,2,2,0,0,5,0,0.09,0,0.09,0.09,0.09,Matches
2314,Lazar Samardzic,rs SRB,MF,RB Leipzig,de Bundesliga,18,2002,7,2,200,2.2,0,1,1,0,0,0,0,0,0,0.45,0.45,0,0.45,Matches
2315,Diadie Samassékou,ml MLI,MF,Hoffenheim,de Bundesliga,24,1996,31,31,"2,563",28.5,0,2,2,0,0,0,3,0,0,0.07,0.07,0,0.07,Matches
2316,Mama Samba Baldé,gw GNB,"FW,MF",Dijon,fr Ligue 1,24,1995,29,24,"2,161",24,7,0,7,7,0,0,4,0,0.29,0,0.29,0.29,0.29,Matches
2317,Junior Sambia,cf CTA,"DF,MF",Montpellier,fr Ligue 1,23,1996,36,26,"2,448",27.2,1,6,7,1,0,0,2,0,0.04,0.22,0.26,0.04,0.26,Matches
2318,Frédéric Sammaritano,fr FRA,"MF,FW",Dijon,fr Ligue 1,34,1986,30,10,"1,130",12.6,0,2,2,0,0,0,4,1,0,0.16,0.16,0,0.16,Matches
2319,Fede San Emeterio,es ESP,MF,Valladolid,es La Liga,23,1997,24,17,"1,460",16.2,0,0,0,0,0,0,7,0,0,0,0,0,0,Matches
2320,Antonio Sanabria,py PAR,FW,Torino,it Serie A,24,1996,14,12,978,10.9,5,1,6,5,0,0,2,0,0.46,0.09,0.55,0.46,0.55,Matches
2321,Antonio Sanabria,py PAR,FW,Real Betis,es La Liga,24,1996,16,10,932,10.4,3,0,3,3,0,0,2,0,0.29,0,0.29,0.29,0.29,Matches
2322,Oihan Sancet,es ESP,FW,Athletic Club,es La Liga,20,2000,24,11,"1,035",11.5,2,2,4,2,0,0,2,0,0.17,0.17,0.35,0.17,0.35,Matches
2323,Renato Sanches,pt POR,MF,Lille,fr Ligue 1,22,1997,23,14,"1,270",14.1,1,3,4,1,0,0,4,0,0.07,0.21,0.28,0.07,0.28,Matches
2324,Alexis Sánchez,cl CHI,FW,Inter,it Serie A,31,1988,30,12,"1,146",12.7,7,5,12,7,0,1,0,0,0.55,0.39,0.94,0.55,0.94,Matches
2325,Davinson Sánchez,co COL,DF,Tottenham,eng Premier League,24,1996,18,17,"1,486",16.5,0,0,0,0,0,0,1,0,0,0,0,0,0,Matches
Rk,Player,Nation,Pos,Squad,Comp,Age,Born,MP,Starts,Min,90s,Gls,Ast,G+A,G-PK,PK,PKatt,CrdY,CrdR,Gls,Ast,G+A,G-PK,G+A-PK,Matches
2326,Germán Sánchez,es ESP,DF,Granada,es La Liga,33,1986,34,29,"2,638",29.3,3,1,4,3,0,0,11,1,0.1,0.03,0.14,0.1,0.14,Matches
2327,Javi Sánchez,es ESP,DF,Valladolid,es La Liga,23,1997,16,11,921,10.2,0,0,0,0,0,0,3,0,0,0,0,0,0,Matches
2328,Manu Sánchez,es ESP,DF,Osasuna,es La Liga,19,2000,16,10,976,10.8,0,4,4,0,0,0,4,0,0,0.37,0.37,0,0.37,Matches
2329,Manu Sánchez,es ESP,DF,Atlético Madrid,es La Liga,19,2000,1,1,49,0.5,0,1,1,0,0,0,0,0,0,1.84,1.84,0,1.84,Matches
2330,Juan Sánchez Miño,ar ARG,"DF,MF",Elche,es La Liga,30,1990,9,5,495,5.5,0,0,0,0,0,0,2,0,0,0,0,0,0,Matches
2331,Pepe Sánchez,es ESP,DF,Granada,es La Liga,20,2000,3,3,253,2.8,0,0,0,0,0,0,0,0,0,0,0,0,0,Matches
2332,Ricard Sánchez,es ESP,DF,Atlético Madrid,es La Liga,20,2000,1,0,30,0.3,0,0,0,0,0,0,0,0,0,0,0,0,0,Matches
2333,Robert Sánchez,es ESP,GK,Brighton,eng Premier League,22,1997,27,27,"2,430",27,0,0,0,0,0,0,2,0,0,0,0,0,0,Matches
2334,Jadon Sancho,eng ENG,MF,Dortmund,de Bundesliga,20,2000,26,24,"2,062",22.9,8,11,19,7,1,1,0,0,0.35,0.48,0.83,0.31,0.79,Matches
2335,Alex Sandro,br BRA,"DF,MF",Juventus,it Serie A,29,1991,26,20,"1,858",20.6,2,1,3,2,0,0,2,0,0.1,0.05,0.15,0.1,0.15,Matches
2336,Leroy Sané,de GER,MF,Bayern Munich,de Bundesliga,24,1996,32,18,"1,805",20.1,6,9,15,6,0,0,2,0,0.3,0.45,0.75,0.3,0.75,Matches
2337,Salif Sané,sn SEN,DF,Schalke 04,de Bundesliga,29,1990,14,11,"1,071",11.9,0,0,0,0,0,0,5,0,0,0,0,0,0,Matches
2338,Oier Sanjurjo,es ESP,MF,Osasuna,es La Liga,34,1986,32,24,"2,084",23.2,0,2,2,0,0,0,10,0,0,0.09,0.09,0,0.09,Matches
2339,Mohamed Sankoh,nl NED,FW,Stuttgart,de Bundesliga,16,2003,1,0,17,0.2,0,0,0,0,0,0,0,0,0,0,0,0,0,Matches
2340,Siriki Sanogo,ci CIV,FW,Benevento,it Serie A,18,2001,1,0,10,0.1,0,0,0,0,0,0,0,0,0,0,0,0,0,Matches
2341,Morgan Sanson,fr FRA,MF,Marseille,fr Ligue 1,25,1994,12,10,826,9.2,2,3,5,2,0,0,2,0,0.22,0.33,0.54,0.22,0.54,Matches
2342,Morgan Sanson,fr FRA,MF,Aston Villa,eng Premier League,25,1994,9,3,294,3.3,0,0,0,0,0,0,3,0,0,0,0,0,0,Matches
2343,Nicola Sansone,it ITA,MF,Bologna,it Serie A,28,1991,26,11,"1,169",13,2,2,4,2,0,0,2,0,0.15,0.15,0.31,0.15,0.31,Matches
2344,Baptiste Santamaria,fr FRA,MF,Angers,fr Ligue 1,25,1995,3,3,270,3,0,0,0,0,0,0,1,0,0,0,0,0,0,Matches
2345,Baptiste Santamaria,fr FRA,MF,Freiburg,de Bundesliga,25,1995,30,28,"2,209",24.5,1,2,3,1,0,0,5,0,0.04,0.08,0.12,0.04,0.12,Matches
2346,Federico Santander,py PAR,FW,Bologna,it Serie A,29,1991,4,0,37,0.4,0,1,1,0,0,0,0,0,0,2.43,2.43,0,2.43,Matches
2347,Davide Santon,it ITA,"MF,DF",Roma,it Serie A,29,1991,10,7,586,6.5,0,1,1,0,0,0,3,0,0,0.15,0.15,0,0.15,Matches
2348,Samir Santos,br BRA,DF,Udinese,it Serie A,25,1994,30,24,"2,216",24.6,1,0,1,1,0,0,6,0,0.04,0,0.04,0.04,0.04,Matches
2349,Riccardo Saponara,it ITA,"FW,MF",Fiorentina,it Serie A,28,1991,2,0,52,0.6,0,0,0,0,0,0,0,0,0,0,0,0,0,Matches
2350,Riccardo Saponara,it ITA,"FW,MF",Spezia,it Serie A,28,1991,9,5,389,4.3,2,0,2,2,0,0,2,1,0.46,0,0.46,0.46,0.46,Matches
Rk,Player,Nation,Pos,Squad,Comp,Age,Born,MP,Starts,Min,90s,Gls,Ast,G+A,G-PK,PK,PKatt,CrdY,CrdR,Gls,Ast,G+A,G-PK,G+A-PK,Matches
2351,Ivan Šaponjić,rs SRB,FW,Cádiz,es La Liga,22,1997,9,3,388,4.3,1,0,1,0,1,1,2,0,0.23,0,0.23,0,0,Matches
2352,Pablo Sarabia,es ESP,"FW,MF",PSG,fr Ligue 1,28,1992,27,13,"1,320",14.7,6,4,10,6,0,0,2,0,0.41,0.27,0.68,0.41,0.68,Matches
2353,Noah Sarenren Bazee,ng NGA,"FW,MF",Augsburg,de Bundesliga,23,1996,5,0,36,0.4,0,1,1,0,0,0,1,0,0,2.5,2.5,0,2.5,Matches
2354,Josh Sargent,us USA,"FW,MF",Werder Bremen,de Bundesliga,20,2000,32,30,"2,506",27.8,5,2,7,5,0,0,7,0,0.18,0.07,0.25,0.18,0.25,Matches
2355,Bouna Sarr,sn SEN,DF,Bayern Munich,de Bundesliga,28,1992,8,5,452,5,0,1,1,0,0,0,1,0,0,0.2,0.2,0,0.2,Matches
2356,Bouna Sarr,sn SEN,"DF,MF",Marseille,fr Ligue 1,28,1992,2,0,76,0.8,0,0,0,0,0,0,0,0,0,0,0,0,0,Matches
2357,Sidy Sarr,sn SEN,MF,Nîmes,fr Ligue 1,24,1996,9,6,463,5.1,0,0,0,0,0,0,1,0,0,0,0,0,0,Matches
2358,Marco Sau,it ITA,"MF,FW",Benevento,it Serie A,32,1987,24,9,785,8.7,4,2,6,3,1,1,1,1,0.46,0.23,0.69,0.34,0.57,Matches
2359,Téji Savanier,fr FRA,MF,Montpellier,fr Ligue 1,28,1991,27,26,"2,165",24.1,5,5,10,3,2,4,6,1,0.21,0.21,0.42,0.12,0.33,Matches
2360,Stefan Savić,me MNE,DF,Atlético Madrid,es La Liga,29,1991,33,33,"2,953",32.8,1,0,1,1,0,0,14,0,0.03,0,0.03,0.03,0.03,Matches
2361,Romaine Sawyers,kn SKN,MF,West Brom,eng Premier League,28,1991,19,17,"1,487",16.5,0,0,0,0,0,0,2,0,0,0,0,0,0,Matches
2362,Gianluca Scamacca,it ITA,FW,Genoa,it Serie A,21,1999,26,13,"1,352",15,8,2,10,6,2,2,1,0,0.53,0.13,0.67,0.4,0.53,Matches
2363,Dane Scarlett,eng ENG,FW,Tottenham,eng Premier League,16,2004,1,0,1,0,0,0,0,0,0,0,0,0,0,0,0,0,0,Matches
2364,Fabian Schär,ch SUI,DF,Newcastle,eng Premier League,28,1991,18,13,"1,246",13.8,1,0,1,0,1,1,4,1,0.07,0,0.07,0,0,Matches
2365,Aurélien Scheidler,fr FRA,FW,Dijon,fr Ligue 1,22,1998,10,3,342,3.8,1,0,1,1,0,0,1,0,0.26,0,0.26,0.26,0.26,Matches
2366,Nicolás Schiappacasse,uy URU,FW,Sassuolo,it Serie A,21,1999,1,0,15,0.2,0,0,0,0,0,0,0,0,0,0,0,0,0,Matches
2367,Pasquale Schiattarella,it ITA,MF,Benevento,it Serie A,33,1987,29,26,"2,247",25,1,1,2,1,0,0,13,1,0.04,0.04,0.08,0.04,0.08,Matches
2368,Patrik Schick,cz CZE,FW,Leverkusen,de Bundesliga,24,1996,29,20,"1,866",20.7,9,1,10,9,0,0,4,0,0.43,0.05,0.48,0.43,0.48,Matches
2369,Sven Schipplock,de GER,FW,Arminia,de Bundesliga,31,1988,32,5,744,8.3,1,0,1,1,0,0,4,0,0.12,0,0.12,0.12,0.12,Matches
2370,Xaver Schlager,at AUT,MF,Wolfsburg,de Bundesliga,22,1997,32,30,"2,626",29.2,2,4,6,2,0,0,7,0,0.07,0.14,0.21,0.07,0.21,Matches
2371,Keven Schlotterbeck,de GER,DF,Freiburg,de Bundesliga,23,1997,24,18,"1,654",18.4,0,0,0,0,0,0,3,0,0,0,0,0,0,Matches
2372,Nico Schlotterbeck,de GER,DF,Union Berlin,de Bundesliga,20,1999,16,15,"1,285",14.3,1,0,1,1,0,0,4,1,0.07,0,0.07,0.07,0.07,Matches
2373,Jeffrey Schlupp,gh GHA,MF,Crystal Palace,eng Premier League,27,1992,27,15,"1,428",15.9,2,3,5,2,0,0,3,0,0.13,0.19,0.32,0.13,0.32,Matches
2374,Kasper Schmeichel,dk DEN,GK,Leicester City,eng Premier League,33,1986,38,38,"3,420",38,0,0,0,0,0,0,0,0,0,0,0,0,0,Matches
2375,Jonathan Schmid,fr FRA,"MF,DF",Freiburg,de Bundesliga,30,1990,31,27,"2,393",26.6,2,2,4,2,0,0,4,0,0.08,0.08,0.15,0.08,0.15,Matches
Rk,Player,Nation,Pos,Squad,Comp,Age,Born,MP,Starts,Min,90s,Gls,Ast,G+A,G-PK,PK,PKatt,CrdY,CrdR,Gls,Ast,G+A,G-PK,G+A-PK,Matches
2376,Romano Schmid,at AUT,"MF,FW",Werder Bremen,de Bundesliga,20,2000,22,13,"1,177",13.1,0,3,3,0,0,0,2,0,0,0.23,0.23,0,0.23,Matches
2377,Benno Schmitz,de GER,DF,Köln,de Bundesliga,25,1994,12,4,416,4.6,0,1,1,0,0,0,0,0,0,0.22,0.22,0,0.22,Matches
2378,Morgan Schneiderlin,fr FRA,MF,Nice,fr Ligue 1,30,1989,28,24,"2,197",24.4,0,1,1,0,0,0,9,1,0,0.04,0.04,0,0.04,Matches
2379,Alessandro Schöpf,at AUT,MF,Schalke 04,de Bundesliga,26,1994,19,10,942,10.5,0,0,0,0,0,0,0,0,0,0,0,0,0,Matches
2380,Jerdy Schouten,nl NED,MF,Bologna,it Serie A,23,1997,34,28,"2,512",27.9,1,1,2,1,0,0,8,1,0.04,0.04,0.07,0.04,0.07,Matches
2381,Nico Schulz,de GER,"DF,MF",Dortmund,de Bundesliga,27,1993,13,6,610,6.8,0,0,0,0,0,0,1,0,0,0,0,0,0,Matches
2382,Alexander Schwolow,de GER,GK,Hertha BSC,de Bundesliga,28,1992,26,26,"2,340",26,0,0,0,0,0,0,0,0,0,0,0,0,0,Matches
2383,Christopher Scott,de GER,MF,Bayern Munich,de Bundesliga,18,2002,2,0,34,0.4,0,0,0,0,0,0,0,0,0,0,0,0,0,Matches
2384,Matteo Scozzarella,it ITA,MF,Parma,it Serie A,32,1988,3,3,153,1.7,0,0,0,0,0,0,1,0,0,0,0,0,0,Matches
2385,Simone Scuffet,it ITA,GK,Udinese,it Serie A,24,1996,1,1,90,1,0,0,0,0,0,0,0,0,0,0,0,0,0,Matches
2386,Jacopo Segre,it ITA,MF,Torino,it Serie A,23,1997,9,1,191,2.1,0,0,0,0,0,0,1,0,0,0,0,0,0,Matches
2387,Davie Selke,de GER,FW,Werder Bremen,de Bundesliga,25,1995,23,7,813,9,3,1,4,2,1,1,4,0,0.33,0.11,0.44,0.22,0.33,Matches
2388,Malik Sellouki,fr FRA,MF,Nice,fr Ligue 1,20,2000,4,0,66,0.7,1,0,1,1,0,0,1,0,1.36,0,1.36,1.36,1.36,Matches
2389,Matz Sels,be BEL,GK,Strasbourg,fr Ligue 1,28,1992,6,6,540,6,0,0,0,0,0,0,0,0,0,0,0,0,0,Matches
2390,Nélson Semedo,pt POR,"MF,DF",Wolves,eng Premier League,26,1993,34,34,"2,983",33.1,1,1,2,1,0,0,5,0,0.03,0.03,0.06,0.03,0.06,Matches
2391,Léo Sena,br BRA,MF,Spezia,it Serie A,24,1995,16,8,885,9.8,0,0,0,0,0,0,0,0,0,0,0,0,0,Matches
2392,Stefano Sensi,it ITA,MF,Inter,it Serie A,24,1995,18,4,603,6.7,0,0,0,0,0,0,1,1,0,0,0,0,0,Matches
2393,Jaime Seoane,es ESP,MF,Huesca,es La Liga,23,1997,29,23,"2,064",22.9,1,1,2,1,0,0,5,0,0.04,0.04,0.09,0.04,0.09,Matches
2394,Luigi Sepe,it ITA,GK,Parma,it Serie A,29,1991,36,36,"3,240",36,0,0,0,0,0,0,0,0,0,0,0,0,0,Matches
2395,Suat Serdar,de GER,MF,Schalke 04,de Bundesliga,23,1997,25,24,"1,953",21.7,1,3,4,1,0,0,3,0,0.05,0.14,0.18,0.05,0.18,Matches
2396,Jean Seri,ci CIV,MF,Bordeaux,fr Ligue 1,29,1991,12,9,707,7.9,0,0,0,0,0,0,3,0,0,0,0,0,0,Matches
2397,Femi Seriki,eng ENG,DF,Sheffield United,eng Premier League,18,2002,1,0,1,0,0,0,0,0,0,0,0,0,0,0,0,0,0,Matches
2398,Ryan Sessegnon,eng ENG,"DF,MF",Hoffenheim,de Bundesliga,20,2000,23,17,"1,574",17.5,2,3,5,2,0,0,4,0,0.11,0.17,0.29,0.11,0.29,Matches
2399,Nils Seufert,de GER,MF,Arminia,de Bundesliga,23,1997,13,2,343,3.8,0,1,1,0,0,0,1,0,0,0.26,0.26,0,0.26,Matches
2400,Edgar Sevikyan,am ARM,FW,Levante,es La Liga,18,2001,1,0,8,0.1,0,0,0,0,0,0,0,0,0,0,0,0,0,Matches
Rk,Player,Nation,Pos,Squad,Comp,Age,Born,MP,Starts,Min,90s,Gls,Ast,G+A,G-PK,PK,PKatt,CrdY,CrdR,Gls,Ast,G+A,G-PK,G+A-PK,Matches
2401,Stephan El Shaarawy,it ITA,MF,Roma,it Serie A,27,1992,10,6,572,6.4,1,1,2,1,0,0,1,0,0.16,0.16,0.31,0.16,0.31,Matches
2402,Jamie Shackleton,eng ENG,"MF,DF",Leeds United,eng Premier League,20,1999,13,3,461,5.1,0,0,0,0,0,0,0,0,0,0,0,0,0,Matches
2403,Xherdan Shaqiri,ch SUI,"MF,FW",Liverpool,eng Premier League,28,1991,14,5,556,6.2,0,2,2,0,0,0,2,0,0,0.32,0.32,0,0.32,Matches
2404,Billy Sharp,eng ENG,FW,Sheffield United,eng Premier League,34,1986,16,7,735,8.2,3,0,3,1,2,2,1,0,0.37,0,0.37,0.12,0.12,Matches
2405,Luke Shaw,eng ENG,DF,Manchester Utd,eng Premier League,25,1995,32,30,"2,654",29.5,1,5,6,1,0,0,8,0,0.03,0.17,0.2,0.03,0.2,Matches
2406,Jonjo Shelvey,eng ENG,MF,Newcastle,eng Premier League,28,1992,30,29,"2,617",29.1,1,3,4,1,0,0,7,0,0.03,0.1,0.14,0.03,0.14,Matches
2407,Eldor Shomurodov,uz UZB,FW,Genoa,it Serie A,25,1995,31,16,"1,677",18.6,8,1,9,8,0,0,1,0,0.43,0.05,0.48,0.43,0.48,Matches
2408,Shola Shoretire,eng ENG,"FW,MF",Manchester Utd,eng Premier League,16,2004,2,0,11,0.1,0,0,0,0,0,0,0,0,0,0,0,0,0,Matches
2409,Mahame Siby,ml MLI,MF,Strasbourg,fr Ligue 1,24,1996,7,0,21,0.2,0,0,0,0,0,0,0,0,0,0,0,0,0,Matches
2410,Abdoulaye Sidibé,fr FRA,FW,Saint-Étienne,fr Ligue 1,18,2002,1,0,11,0.1,0,0,0,0,0,0,1,0,0,0,0,0,0,Matches
2411,Djibril Sidibé,fr FRA,DF,Monaco,fr Ligue 1,28,1992,30,21,"1,980",22,0,2,2,0,0,0,3,0,0,0.09,0.09,0,0.09,Matches
2412,Sidnei,br BRA,DF,Real Betis,es La Liga,30,1989,11,7,697,7.7,0,0,0,0,0,0,1,0,0,0,0,0,0,Matches
2413,Kaj Sierhuis,nl NED,FW,Reims,fr Ligue 1,22,1998,24,6,652,7.2,0,1,1,0,0,0,2,0,0,0.14,0.14,0,0.14,Matches
2414,Tim Siersleben,de GER,DF,Wolfsburg,de Bundesliga,20,2000,1,0,34,0.4,0,0,0,0,0,0,0,0,0,0,0,0,0,Matches
2415,Gylfi Sigurðsson,is ISL,"MF,FW",Everton,eng Premier League,30,1989,36,24,"2,253",25,6,5,11,3,3,4,2,0,0.24,0.2,0.44,0.12,0.32,Matches
2416,Luca Siligardi,it ITA,"FW,MF",Crotone,it Serie A,32,1988,4,0,49,0.5,0,0,0,0,0,0,0,0,0,0,0,0,0,Matches
2417,Luca Siligardi,it ITA,"FW,MF",Parma,it Serie A,32,1988,2,0,34,0.4,0,0,0,0,0,0,0,0,0,0,0,0,0,Matches
2418,Adrien Silva,pt POR,MF,Sampdoria,it Serie A,31,1989,24,18,"1,599",17.8,1,1,2,1,0,0,8,1,0.06,0.06,0.11,0.06,0.11,Matches
2419,André Silva,pt POR,FW,Frankfurt,de Bundesliga,24,1995,32,32,"2,760",30.7,28,7,35,21,7,7,1,0,0.91,0.23,1.14,0.68,0.91,Matches
2420,Bernardo Silva,pt POR,"MF,FW",Manchester City,eng Premier League,25,1994,26,24,"2,065",22.9,2,6,8,2,0,0,5,0,0.09,0.26,0.35,0.09,0.35,Matches
2421,David Silva,es ESP,MF,Real Sociedad,es La Liga,34,1986,21,17,"1,399",15.5,2,5,7,2,0,0,4,0,0.13,0.32,0.45,0.13,0.45,Matches
2422,Fábio Silva,pt POR,FW,Wolves,eng Premier League,18,2002,32,11,"1,369",15.2,4,3,7,3,1,1,2,0,0.26,0.2,0.46,0.2,0.39,Matches
2423,Florent da Silva,fr FRA,MF,Lyon,fr Ligue 1,17,2003,1,0,3,0,0,0,0,0,0,0,0,0,0,0,0,0,0,Matches
2424,Gabriel Silva,br BRA,DF,Saint-Étienne,fr Ligue 1,29,1991,4,4,355,3.9,0,0,0,0,0,0,1,0,0,0,0,0,0,Matches
2425,Gastón Silva,uy URU,DF,Huesca,es La Liga,26,1994,12,6,600,6.7,0,0,0,0,0,0,2,0,0,0,0,0,0,Matches
Rk,Player,Nation,Pos,Squad,Comp,Age,Born,MP,Starts,Min,90s,Gls,Ast,G+A,G-PK,PK,PKatt,CrdY,CrdR,Gls,Ast,G+A,G-PK,G+A-PK,Matches
2426,Rui Silva,pt POR,GK,Granada,es La Liga,26,1994,32,32,"2,880",32,0,0,0,0,0,0,1,0,0,0,0,0,0,Matches
2427,Thiago Silva,br BRA,DF,Chelsea,eng Premier League,35,1984,23,23,"1,935",21.5,2,0,2,2,0,0,5,1,0.09,0,0.09,0.09,0.09,Matches
2428,Marco Silvestri,it ITA,GK,Hellas Verona,it Serie A,29,1991,34,34,"3,060",34,0,0,0,0,0,0,1,0,0,0,0,0,0,Matches
2429,Mohamed Simakan,fr FRA,"DF,MF",Strasbourg,fr Ligue 1,20,2000,19,19,"1,615",17.9,1,1,2,1,0,0,2,0,0.06,0.06,0.11,0.06,0.11,Matches
2430,Giovanni Simeone,ar ARG,FW,Cagliari,it Serie A,25,1995,33,19,"1,740",19.3,6,2,8,6,0,0,1,0,0.31,0.1,0.41,0.31,0.41,Matches
2431,Moses Simon,ng NGA,"MF,FW",Nantes,fr Ligue 1,25,1995,33,28,"2,324",25.8,6,5,11,5,1,1,2,0,0.23,0.19,0.43,0.19,0.39,Matches
2432,Unai Simón,es ESP,GK,Athletic Club,es La Liga,23,1997,37,37,"3,330",37,0,0,0,0,0,0,1,0,0,0,0,0,0,Matches
2433,Xavi Simons,nl NED,"FW,MF",PSG,fr Ligue 1,17,2003,1,0,2,0,0,0,0,0,0,0,0,0,0,0,0,0,0,Matches
2434,Jóan Símun Edmundsson,fo FRO,"FW,MF",Arminia,de Bundesliga,29,1991,5,0,58,0.6,1,0,1,1,0,0,0,0,1.55,0,1.55,1.55,1.55,Matches
2435,Wilfried Singo,ci CIV,MF,Torino,it Serie A,19,2000,28,20,"1,854",20.6,1,2,3,1,0,0,4,1,0.05,0.1,0.15,0.05,0.15,Matches
2436,Daley Sinkgraven,nl NED,"DF,MF",Leverkusen,de Bundesliga,25,1995,22,19,"1,570",17.4,0,0,0,0,0,0,4,0,0,0,0,0,0,Matches
2437,Dimitris Siovas,gr GRE,DF,Huesca,es La Liga,31,1988,36,34,"3,071",34.1,2,0,2,2,0,0,5,0,0.06,0,0.06,0.06,0.06,Matches
2438,Tobias Sippel,de GER,GK,Gladbach,de Bundesliga,32,1988,4,3,344,3.8,0,0,0,0,0,0,0,0,0,0,0,0,0,Matches
2439,Salvatore Sirigu,it ITA,GK,Torino,it Serie A,33,1987,32,32,"2,880",32,0,0,0,0,0,0,0,0,0,0,0,0,0,Matches
2440,Issouf Sissokho,ml MLI,MF,Bordeaux,fr Ligue 1,18,2002,6,0,78,0.9,1,0,1,1,0,0,2,0,1.15,0,1.15,1.15,1.15,Matches
2441,Alpha Sissoko,ml MLI,"DF,MF",Saint-Étienne,fr Ligue 1,23,1997,9,6,474,5.3,0,0,0,0,0,0,0,0,0,0,0,0,0,Matches
2442,Ibrahima Sissoko,ml MLI,MF,Strasbourg,fr Ligue 1,22,1997,36,29,"2,581",28.7,0,0,0,0,0,0,6,0,0,0,0,0,0,Matches
2443,Moussa Sissoko,fr FRA,MF,Tottenham,eng Premier League,30,1989,25,15,"1,585",17.6,0,0,0,0,0,0,3,0,0,0,0,0,0,Matches
2444,Antonio Sivera,es ESP,GK,Alavés,es La Liga,23,1996,1,1,71,0.8,0,0,0,0,0,0,0,0,0,0,0,0,0,Matches
2445,Jacques Siwe,fr FRA,FW,Dijon,fr Ligue 1,19,2001,5,2,169,1.9,0,0,0,0,0,0,0,0,0,0,0,0,0,Matches
2446,Ellyes Skhiri,tn TUN,MF,Köln,de Bundesliga,25,1995,32,32,"2,785",30.9,5,2,7,5,0,0,5,0,0.16,0.06,0.23,0.16,0.23,Matches
2447,Łukasz Skorupski,pl POL,GK,Bologna,it Serie A,29,1991,28,28,"2,520",28,0,0,0,0,0,0,1,0,0,0,0,0,0,Matches
2448,Andreas Skov Olsen,dk DEN,MF,Bologna,it Serie A,20,1999,26,12,"1,179",13.1,2,3,5,2,0,0,1,0,0.15,0.23,0.38,0.15,0.38,Matches
2449,Robert Skov,dk DEN,"MF,FW",Hoffenheim,de Bundesliga,24,1996,23,12,"1,164",12.9,1,0,1,1,0,0,0,1,0.08,0,0.08,0.08,0.08,Matches
2450,Milan Škriniar,sk SVK,DF,Inter,it Serie A,25,1995,32,31,"2,777",30.9,3,0,3,3,0,0,1,0,0.1,0,0.1,0.1,0.1,Matches
Rk,Player,Nation,Pos,Squad,Comp,Age,Born,MP,Starts,Min,90s,Gls,Ast,G+A,G-PK,PK,PKatt,CrdY,CrdR,Gls,Ast,G+A,G-PK,G+A-PK,Matches
2451,Steven Skrzybski,de GER,"MF,FW",Schalke 04,de Bundesliga,27,1992,13,3,419,4.7,0,0,0,0,0,1,2,0,0,0,0,0,0,Matches
2452,Petar Škuletić,rs SRB,FW,Montpellier,fr Ligue 1,30,1990,19,1,234,2.6,2,0,2,2,0,0,0,0,0.77,0,0.77,0.77,0.77,Matches
2453,Islam Slimani,dz ALG,FW,Leicester City,eng Premier League,32,1988,1,0,20,0.2,0,0,0,0,0,0,0,0,0,0,0,0,0,Matches
2454,Islam Slimani,dz ALG,FW,Lyon,fr Ligue 1,32,1988,18,4,579,6.4,3,1,4,3,0,0,0,1,0.47,0.16,0.62,0.47,0.62,Matches
2455,William Smallbone,ie IRL,MF,Southampton,eng Premier League,20,2000,3,2,172,1.9,0,0,0,0,0,0,0,0,0,0,0,0,0,Matches
2456,Chris Smalling,eng ENG,DF,Roma,it Serie A,30,1989,16,13,"1,111",12.3,0,1,1,0,0,0,3,0,0,0.08,0.08,0,0.08,Matches
2457,Emile Smith Rowe,eng ENG,MF,Arsenal,eng Premier League,20,2000,20,18,"1,440",16,2,4,6,2,0,0,0,0,0.12,0.25,0.37,0.12,0.37,Matches
2458,Robert Snodgrass,sct SCO,MF,West Brom,eng Premier League,32,1987,8,6,526,5.8,0,0,0,0,0,0,2,0,0,0,0,0,0,Matches
2459,Robert Snodgrass,sct SCO,"FW,MF",West Ham,eng Premier League,32,1987,3,0,5,0.1,0,0,0,0,0,0,0,0,0,0,0,0,0,Matches
2460,Cédric Soares,pt POR,DF,Arsenal,eng Premier League,28,1991,10,8,746,8.3,0,1,1,0,0,0,1,0,0,0.12,0.12,0,0.12,Matches
2461,Rafa Soares,pt POR,DF,Eibar,es La Liga,25,1995,19,12,"1,134",12.6,0,1,1,0,0,0,2,0,0,0.08,0.08,0,0.08,Matches
2462,Rubén Sobrino,es ESP,"FW,MF",Valencia,es La Liga,28,1992,5,0,49,0.5,0,0,0,0,0,0,0,0,0,0,0,0,0,Matches
2463,Rubén Sobrino,es ESP,"FW,MF",Cádiz,es La Liga,28,1992,16,11,"1,113",12.4,1,0,1,1,0,0,3,0,0.08,0,0.08,0.08,0.08,Matches
2464,Simon Sohm,ch SUI,"MF,FW",Parma,it Serie A,19,2001,18,8,899,10,1,0,1,1,0,0,1,0,0.1,0,0.1,0.1,0.1,Matches
2465,Augusto Solari,ar ARG,MF,Celta Vigo,es La Liga,28,1992,16,3,486,5.4,2,2,4,2,0,0,2,0,0.37,0.37,0.74,0.37,0.74,Matches
2466,Roberto Soldado,es ESP,FW,Granada,es La Liga,35,1985,29,16,"1,438",16,9,0,9,7,2,2,8,1,0.56,0,0.56,0.44,0.44,Matches
2467,Carlos Soler,es ESP,MF,Valencia,es La Liga,23,1997,32,31,"2,735",30.4,11,8,19,4,7,9,7,0,0.36,0.26,0.63,0.13,0.39,Matches
2468,Yann Sommer,ch SUI,GK,Gladbach,de Bundesliga,31,1988,31,31,"2,712",30.1,0,0,0,0,0,0,1,1,0,0,0,0,0,Matches
2469,Son,es ESP,"DF,MF",Levante,es La Liga,26,1994,28,10,"1,106",12.3,0,0,0,0,0,0,3,0,0,0,0,0,0,Matches
2470,Brandon Soppy,fr FRA,DF,Rennes,fr Ligue 1,18,2002,10,5,559,6.2,0,0,0,0,0,0,1,0,0,0,0,0,0,Matches
2471,David Soria,es ESP,GK,Getafe,es La Liga,27,1993,28,28,"2,520",28,0,0,0,0,0,0,2,0,0,0,0,0,0,Matches
2472,Roberto Soriano,it ITA,MF,Bologna,it Serie A,29,1991,37,37,"3,250",36.1,9,6,15,9,0,0,5,0,0.25,0.17,0.42,0.25,0.42,Matches
2473,Alberto Soro,es ESP,MF,Granada,es La Liga,21,1999,15,3,393,4.4,1,2,3,1,0,0,1,0,0.23,0.46,0.69,0.23,0.69,Matches
2474,Borna Sosa,hr CRO,"MF,DF",Stuttgart,de Bundesliga,22,1998,26,25,"2,042",22.7,0,9,9,0,0,0,2,0,0,0.4,0.4,0,0.4,Matches
2475,Hugo Sotelo,es ESP,MF,Celta Vigo,es La Liga,16,2003,1,0,1,0,0,0,0,0,0,0,0,0,0,0,0,0,0,Matches
Rk,Player,Nation,Pos,Squad,Comp,Age,Born,MP,Starts,Min,90s,Gls,Ast,G+A,G-PK,PK,PKatt,CrdY,CrdR,Gls,Ast,G+A,G-PK,G+A-PK,Matches
2476,Florian Sotoca,fr FRA,FW,Lens,fr Ligue 1,29,1990,33,28,"2,413",26.8,8,3,11,6,2,2,7,0,0.3,0.11,0.41,0.22,0.34,Matches
2477,Riccardo Sottil,it ITA,MF,Cagliari,it Serie A,21,1999,21,12,"1,184",13.2,2,1,3,2,0,0,3,0,0.15,0.08,0.23,0.15,0.23,Matches
2478,Cheick Souaré,fr FRA,MF,Marseille,fr Ligue 1,17,2002,1,0,10,0.1,0,0,0,0,0,0,0,0,0,0,0,0,0,Matches
2479,Tomáš Souček,cz CZE,MF,West Ham,eng Premier League,25,1995,38,38,"3,419",38,10,1,11,10,0,0,7,1,0.26,0.03,0.29,0.26,0.29,Matches
2480,Rayan Souici,fr FRA,MF,Saint-Étienne,fr Ligue 1,22,1998,1,0,5,0.1,0,0,0,0,0,0,0,0,0,0,0,0,0,Matches
2481,Cebio Soukou,bj BEN,"MF,FW",Arminia,de Bundesliga,27,1992,14,5,458,5.1,1,0,1,1,0,0,2,0,0.2,0,0.2,0.2,0.2,Matches
2482,Adama Soumaoro,fr FRA,DF,Bologna,it Serie A,28,1992,20,19,"1,755",19.5,1,0,1,1,0,0,4,0,0.05,0,0.05,0.05,0.05,Matches
2483,Adama Soumaoro,fr FRA,DF,Lille,fr Ligue 1,28,1992,3,1,145,1.6,0,0,0,0,0,0,1,0,0,0,0,0,0,Matches
2484,Boubakary Soumaré,fr FRA,MF,Lille,fr Ligue 1,21,1999,32,21,"1,919",21.3,0,1,1,0,0,0,3,0,0,0.05,0.05,0,0.05,Matches
2485,Yaya Soumaré,fr FRA,FW,Lyon,fr Ligue 1,20,2000,3,0,4,0,0,0,0,0,0,0,0,0,0,0,0,0,0,Matches
2486,Arnaud Souquet,fr FRA,"MF,DF",Montpellier,fr Ligue 1,28,1992,23,14,"1,224",13.6,1,1,2,1,0,0,5,0,0.07,0.07,0.15,0.07,0.15,Matches
2487,Ansou Sow,sn SEN,FW,Lens,fr Ligue 1,20,2000,1,0,6,0.1,0,0,0,0,0,0,0,0,0,0,0,0,0,Matches
2488,Djibril Sow,ch SUI,MF,Frankfurt,de Bundesliga,23,1997,28,25,"2,175",24.2,0,2,2,0,0,0,6,0,0,0.08,0.08,0,0.08,Matches
2489,Saidou Sow,gn GUI,DF,Saint-Étienne,fr Ligue 1,18,2002,15,10,"1,000",11.1,0,0,0,0,0,0,0,0,0,0,0,0,0,Matches
2490,Çağlar Söyüncü,tr TUR,DF,Leicester City,eng Premier League,24,1996,23,19,"1,819",20.2,1,0,1,1,0,0,2,0,0.05,0,0.05,0.05,0.05,Matches
2491,Leonardo Spinazzola,it ITA,"MF,DF",Roma,it Serie A,27,1993,27,25,"2,124",23.6,2,4,6,2,0,0,0,0,0.08,0.17,0.25,0.08,0.25,Matches
2492,Marco Sportiello,it ITA,GK,Atalanta,it Serie A,28,1992,15,13,"1,261",14,0,0,0,0,0,0,0,0,0,0,0,0,0,Matches
2493,Mattia Sprocati,it ITA,"FW,MF",Parma,it Serie A,27,1993,1,0,22,0.2,0,0,0,0,0,0,0,0,0,0,0,0,0,Matches
2494,Jerry St. Juste,nl NED,DF,Mainz 05,de Bundesliga,23,1996,32,32,"2,880",32,0,1,1,0,0,0,4,0,0,0.03,0.03,0,0.03,Matches
2495,Benjamin Stambouli,fr FRA,"DF,MF",Schalke 04,de Bundesliga,29,1990,24,22,"1,956",21.7,0,2,2,0,0,0,5,0,0,0.09,0.09,0,0.09,Matches
2496,Josip Stanišić,hr CRO,DF,Bayern Munich,de Bundesliga,20,2000,1,1,90,1,0,0,0,0,0,0,0,0,0,0,0,0,0,Matches
2497,Niklas Stark,de GER,"DF,MF",Hertha BSC,de Bundesliga,25,1995,33,31,"2,793",31,0,0,0,0,0,0,2,0,0,0,0,0,0,Matches
2498,Renato Steffen,ch SUI,MF,Wolfsburg,de Bundesliga,28,1991,21,19,"1,566",17.4,5,4,9,5,0,0,3,0,0.29,0.23,0.52,0.29,0.52,Matches
2499,Zack Steffen,us USA,GK,Manchester City,eng Premier League,25,1995,1,1,90,1,0,0,0,0,0,0,0,0,0,0,0,0,0,Matches
2500,Pascal Stenzel,de GER,DF,Stuttgart,de Bundesliga,24,1996,23,14,"1,276",14.2,0,1,1,0,0,0,3,1,0,0.07,0.07,0,0.07,Matches
Rk,Player,Nation,Pos,Squad,Comp,Age,Born,MP,Starts,Min,90s,Gls,Ast,G+A,G-PK,PK,PKatt,CrdY,CrdR,Gls,Ast,G+A,G-PK,G+A-PK,Matches
2501,Dale Stephens,eng ENG,MF,Burnley,eng Premier League,31,1989,7,3,261,2.9,0,0,0,0,0,0,1,0,0,0,0,0,0,Matches
2502,Jack Stephens,eng ENG,DF,Southampton,eng Premier League,26,1994,18,17,"1,537",17.1,0,0,0,0,0,0,2,0,0,0,0,0,0,Matches
2503,Raheem Sterling,eng ENG,"FW,MF",Manchester City,eng Premier League,25,1994,31,28,"2,536",28.2,10,7,17,10,0,1,4,0,0.35,0.25,0.6,0.35,0.6,Matches
2504,Enda Stevens,ie IRL,"MF,DF",Sheffield United,eng Premier League,30,1990,30,30,"2,700",30,0,1,1,0,0,0,6,0,0,0.03,0.03,0,0.03,Matches
2505,Lars Stindl,de GER,"MF,FW",Gladbach,de Bundesliga,31,1988,30,23,"1,961",21.8,14,8,22,8,6,7,6,0,0.64,0.37,1.01,0.37,0.73,Matches
2506,Kevin Stöger,at AUT,MF,Mainz 05,de Bundesliga,26,1993,19,4,538,6,3,0,3,3,0,0,3,0,0.5,0,0.5,0.5,0.5,Matches
2507,John Stones,eng ENG,DF,Manchester City,eng Premier League,26,1994,22,22,"1,933",21.5,4,0,4,4,0,0,0,1,0.19,0,0.19,0.19,0.19,Matches
2508,Thomas Strakosha,al ALB,GK,Lazio,it Serie A,25,1995,9,9,810,9,0,0,0,0,0,0,1,0,0,0,0,0,0,Matches
2509,Tobias Strobl,de GER,MF,Augsburg,de Bundesliga,30,1990,29,21,"1,846",20.5,0,0,0,0,0,0,4,0,0,0,0,0,0,Matches
2510,Kevin Strootman,nl NED,MF,Marseille,fr Ligue 1,30,1990,11,1,233,2.6,0,0,0,0,0,0,2,0,0,0,0,0,0,Matches
2511,Kevin Strootman,nl NED,MF,Genoa,it Serie A,30,1990,18,18,"1,314",14.6,0,4,4,0,0,0,7,0,0,0.27,0.27,0,0.27,Matches
2512,Pascal Struijk,nl NED,"DF,MF",Leeds United,eng Premier League,20,1999,27,22,"2,075",23.1,1,0,1,1,0,0,3,0,0.04,0,0.04,0.04,0.04,Matches
2513,Jens Stryger Larsen,dk DEN,MF,Udinese,it Serie A,29,1991,33,30,"2,638",29.3,2,0,2,2,0,0,0,0,0.07,0,0.07,0.07,0.07,Matches
2514,Stefano Sturaro,it ITA,MF,Hellas Verona,it Serie A,27,1993,10,4,423,4.7,0,0,0,0,0,0,5,0,0,0,0,0,0,Matches
2515,Stefano Sturaro,it ITA,"MF,FW",Genoa,it Serie A,27,1993,6,6,445,4.9,1,0,1,1,0,0,1,0,0.2,0,0.2,0.2,0.2,Matches
2516,Damián Suárez,uy URU,DF,Getafe,es La Liga,32,1988,31,28,"2,434",27,1,0,1,1,0,0,13,1,0.04,0,0.04,0.04,0.04,Matches
2517,Denis Suárez,es ESP,MF,Celta Vigo,es La Liga,26,1994,35,34,"2,852",31.7,0,9,9,0,0,0,10,0,0,0.28,0.28,0,0.28,Matches
2518,Luis Suárez,uy URU,FW,Atlético Madrid,es La Liga,33,1987,32,30,"2,508",27.9,21,3,24,18,3,3,6,0,0.75,0.11,0.86,0.65,0.75,Matches
2519,Luis Suárez,co COL,"FW,MF",Granada,es La Liga,22,1997,27,18,"1,666",18.5,5,1,6,5,0,0,6,0,0.27,0.05,0.32,0.27,0.32,Matches
2520,Marek Suchý,cz CZE,DF,Augsburg,de Bundesliga,32,1988,5,3,305,3.4,0,0,0,0,0,0,2,0,0,0,0,0,0,Matches
2521,Niklas Süle,de GER,DF,Bayern Munich,de Bundesliga,24,1995,20,16,"1,505",16.7,1,0,1,1,0,0,1,0,0.06,0,0.06,0.06,0.06,Matches
2522,Suso,es ESP,FW,Sevilla,es La Liga,26,1993,34,28,"2,210",24.6,3,4,7,3,0,0,2,0,0.12,0.16,0.29,0.12,0.29,Matches
2523,Bosko Sutalo,hr CRO,"DF,MF",Atalanta,it Serie A,20,2000,7,3,233,2.6,0,0,0,0,0,0,0,0,0,0,0,0,0,Matches
2524,Mattias Svanberg,se SWE,MF,Bologna,it Serie A,21,1999,34,24,"1,852",20.6,5,2,7,5,0,0,8,1,0.24,0.1,0.34,0.24,0.34,Matches
2525,Abdoulaye Sylla,gn GUI,DF,Nantes,fr Ligue 1,20,2000,2,0,8,0.1,0,0,0,0,0,0,0,0,0,0,0,0,0,Matches
Rk,Player,Nation,Pos,Squad,Comp,Age,Born,MP,Starts,Min,90s,Gls,Ast,G+A,G-PK,PK,PKatt,CrdY,CrdR,Gls,Ast,G+A,G-PK,G+A-PK,Matches
2526,Issiaga Sylla,gn GUI,MF,Lens,fr Ligue 1,26,1994,20,13,"1,116",12.4,1,0,1,1,0,0,0,1,0.08,0,0.08,0.08,0.08,Matches
2527,Eddy Sylvestre,fr FRA,FW,Nice,fr Ligue 1,20,1999,4,1,97,1.1,0,0,0,0,0,0,1,0,0,0,0,0,0,Matches
2528,Ádám Szalai,hu HUN,FW,Mainz 05,de Bundesliga,32,1987,18,8,733,8.1,1,0,1,1,0,0,1,0,0.12,0,0.12,0.12,0.12,Matches
2529,Wojciech Szczęsny,pl POL,GK,Juventus,it Serie A,30,1990,30,30,"2,677",29.7,0,1,1,0,0,0,0,0,0,0.03,0.03,0,0.03,Matches
2530,Frederik Sørensen,dk DEN,DF,Köln,de Bundesliga,28,1992,3,1,99,1.1,0,0,0,0,0,0,2,0,0,0,0,0,0,Matches
2531,Alexander Sørloth,no NOR,FW,RB Leipzig,de Bundesliga,24,1995,29,13,"1,443",16,5,3,8,5,0,1,2,0,0.31,0.19,0.5,0.31,0.5,Matches
2532,Tachi,es ESP,DF,Alavés,es La Liga,22,1997,12,8,850,9.4,0,0,0,0,0,0,5,1,0,0,0,0,0,Matches
2533,Jonathan Tah,de GER,DF,Leverkusen,de Bundesliga,24,1996,27,24,"2,219",24.7,1,0,1,1,0,0,3,0,0.04,0,0.04,0.04,0.04,Matches
2534,Waniss Taibi,fr FRA,MF,Angers,fr Ligue 1,18,2002,2,0,38,0.4,0,0,0,0,0,0,0,0,0,0,0,0,0,Matches
2535,Flavien Tait,fr FRA,MF,Rennes,fr Ligue 1,27,1993,23,16,"1,368",15.2,1,3,4,1,0,0,6,0,0.07,0.2,0.26,0.07,0.26,Matches
2536,Adrien Tameze,cm CMR,MF,Hellas Verona,it Serie A,26,1994,33,28,"2,304",25.6,1,0,1,1,0,0,6,0,0.04,0,0.04,0.04,0.04,Matches
2537,Japhet Tanganga,eng ENG,DF,Tottenham,eng Premier League,21,1999,6,6,487,5.4,0,0,0,0,0,0,2,0,0,0,0,0,0,Matches
2538,Renato Tapia,pe PER,MF,Celta Vigo,es La Liga,25,1995,32,32,"2,701",30,0,1,1,0,0,0,11,0,0,0.03,0.03,0,0.03,Matches
2539,Edmond Tapsoba,bf BFA,DF,Leverkusen,de Bundesliga,21,1999,31,29,"2,652",29.5,1,0,1,1,0,0,5,0,0.03,0,0.03,0.03,0.03,Matches
2540,Matt Targett,eng ENG,DF,Aston Villa,eng Premier League,24,1995,38,38,"3,404",37.8,0,2,2,0,0,0,7,0,0,0.05,0.05,0,0.05,Matches
2541,James Tarkowski,eng ENG,DF,Burnley,eng Premier League,27,1992,36,36,"3,240",36,1,0,1,1,0,0,6,0,0.03,0,0.03,0.03,0.03,Matches
2542,Ciprian Tătărușanu,ro ROU,GK,Milan,it Serie A,34,1986,1,1,90,1,0,0,0,0,0,0,0,0,0,0,0,0,0,Matches
2543,Percy Tau,za RSA,MF,Brighton,eng Premier League,26,1994,3,1,103,1.1,0,1,1,0,0,0,0,0,0,0.87,0.87,0,0.87,Matches
2544,Niklas Tauer,de GER,FW,Mainz 05,de Bundesliga,19,2001,5,0,69,0.8,0,0,0,0,0,0,0,0,0,0,0,0,0,Matches
2545,Heriberto Tavares,cv CPV,"FW,MF",Brest,fr Ligue 1,23,1997,4,0,43,0.5,0,0,0,0,0,0,0,0,0,0,0,0,0,Matches
2546,Sidnei Tavares,,MF,Leicester City,eng Premier League,18,2001,2,1,85,0.9,0,0,0,0,0,0,0,0,0,0,0,0,0,Matches
2547,Tomás Tavares,pt POR,DF,Alavés,es La Liga,19,2001,3,0,65,0.7,0,0,0,0,0,0,0,0,0,0,0,0,0,Matches
2548,Charlie Taylor,eng ENG,DF,Burnley,eng Premier League,26,1993,29,28,"2,426",27,0,1,1,0,0,0,1,0,0,0.04,0.04,0,0.04,Matches
2549,Neil Taylor,wls WAL,"DF,MF",Aston Villa,eng Premier League,31,1989,1,0,16,0.2,0,0,0,0,0,0,1,0,0,0,0,0,0,Matches
2550,Allan Tchaptchet,fr FRA,DF,Southampton,eng Premier League,18,2001,1,0,13,0.1,0,0,0,0,0,0,0,0,0,0,0,0,0,Matches
Rk,Player,Nation,Pos,Squad,Comp,Age,Born,MP,Starts,Min,90s,Gls,Ast,G+A,G-PK,PK,PKatt,CrdY,CrdR,Gls,Ast,G+A,G-PK,G+A-PK,Matches
2551,Warren Tchimbembé,cg CGO,MF,Metz,fr Ligue 1,22,1998,15,4,495,5.5,0,0,0,0,0,0,0,0,0,0,0,0,0,Matches
2552,Aurélien Tchouaméni,fr FRA,MF,Monaco,fr Ligue 1,20,2000,36,36,"3,063",34,2,4,6,2,0,0,9,1,0.06,0.12,0.18,0.06,0.18,Matches
2553,Álvaro Tejero,es ESP,DF,Eibar,es La Liga,24,1996,2,1,110,1.2,0,0,0,0,0,0,1,0,0,0,0,0,0,Matches
2554,Nathan Tella,ng NGA,"FW,MF",Southampton,eng Premier League,21,1999,18,7,745,8.3,1,1,2,1,0,0,2,0,0.12,0.12,0.24,0.12,0.24,Matches
2555,Alex Telles,br BRA,DF,Manchester Utd,eng Premier League,27,1992,9,8,690,7.7,0,2,2,0,0,0,0,0,0,0.26,0.26,0,0.26,Matches
2556,Andrés Tello,co COL,MF,Benevento,it Serie A,23,1996,17,2,413,4.6,1,0,1,1,0,0,3,0,0.22,0,0.22,0.22,0.22,Matches
2557,Cristian Tello,es ESP,MF,Real Betis,es La Liga,28,1991,29,12,"1,283",14.3,5,3,8,5,0,0,2,1,0.35,0.21,0.56,0.35,0.56,Matches
2558,Lino Tempelmann,de GER,MF,Freiburg,de Bundesliga,21,1999,10,2,270,3,0,0,0,0,0,0,2,0,0,0,0,0,0,Matches
2559,Hidde ter Avest,nl NED,MF,Udinese,it Serie A,23,1997,6,4,351,3.9,0,0,0,0,0,0,0,0,0,0,0,0,0,Matches
2560,Marc-André ter Stegen,de GER,GK,Barcelona,es La Liga,28,1992,31,31,"2,790",31,0,0,0,0,0,0,1,0,0,0,0,0,0,Matches
2561,Pietro Terracciano,it ITA,GK,Fiorentina,it Serie A,30,1990,4,2,272,3,0,0,0,0,0,0,0,0,0,0,0,0,0,Matches
2562,Martin Terrier,fr FRA,"FW,MF",Rennes,fr Ligue 1,23,1997,34,30,"2,436",27.1,9,7,16,8,1,1,2,1,0.33,0.26,0.59,0.3,0.55,Matches
2563,Claudio Terzi,it ITA,DF,Spezia,it Serie A,36,1984,25,22,"1,869",20.8,1,1,2,1,0,0,9,1,0.05,0.05,0.1,0.05,0.1,Matches
2564,Kenny Tete,nl NED,DF,Lyon,fr Ligue 1,24,1995,1,0,20,0.2,0,0,0,0,0,0,0,0,0,0,0,0,0,Matches
2565,Kenny Tete,nl NED,"DF,MF",Fulham,eng Premier League,24,1995,22,18,"1,481",16.5,0,1,1,0,0,0,3,0,0,0.06,0.06,0,0.06,Matches
2566,Cedric Teuchert,de GER,"FW,MF",Union Berlin,de Bundesliga,23,1997,24,5,754,8.4,3,1,4,3,0,0,2,0,0.36,0.12,0.48,0.36,0.48,Matches
2567,Florian Thauvin,fr FRA,"MF,FW",Marseille,fr Ligue 1,27,1993,36,33,"2,732",30.4,8,8,16,8,0,2,5,0,0.26,0.26,0.53,0.26,0.53,Matches
2568,Malick Thiaw,de GER,DF,Schalke 04,de Bundesliga,18,2001,19,15,"1,452",16.1,1,0,1,1,0,0,5,1,0.06,0,0.06,0.06,0.06,Matches
2569,Jan Thielmann,de GER,"FW,MF",Köln,de Bundesliga,18,2002,24,9,"1,029",11.4,2,3,5,2,0,0,0,0,0.17,0.26,0.44,0.17,0.44,Matches
2570,Sada Thioub,sn SEN,"MF,FW",Angers,fr Ligue 1,25,1995,27,12,"1,256",14,1,1,2,1,0,0,0,0,0.07,0.07,0.14,0.07,0.14,Matches
2571,Luke Thomas,eng ENG,"MF,DF",Leicester City,eng Premier League,19,2001,14,12,969,10.8,1,0,1,1,0,0,2,0,0.09,0,0.09,0.09,0.09,Matches
2572,Romain Thomas,fr FRA,DF,Angers,fr Ligue 1,32,1988,34,34,"3,024",33.6,4,0,4,4,0,0,5,1,0.12,0,0.12,0.12,0.12,Matches
2573,Adrien Thomasson,fr FRA,"MF,FW",Strasbourg,fr Ligue 1,26,1993,37,31,"2,624",29.2,5,1,6,5,0,0,8,1,0.17,0.03,0.21,0.17,0.21,Matches
2574,Erik Thommy,de GER,"MF,FW",Stuttgart,de Bundesliga,25,1994,8,3,313,3.5,0,2,2,0,0,0,0,0,0,0.58,0.58,0,0.58,Matches
2575,Morten Thorsby,no NOR,MF,Sampdoria,it Serie A,24,1996,33,29,"2,648",29.4,3,1,4,3,0,0,10,0,0.1,0.03,0.14,0.1,0.14,Matches
Rk,Player,Nation,Pos,Squad,Comp,Age,Born,MP,Starts,Min,90s,Gls,Ast,G+A,G-PK,PK,PKatt,CrdY,CrdR,Gls,Ast,G+A,G-PK,G+A-PK,Matches
2576,Khéphren Thuram,fr FRA,MF,Nice,fr Ligue 1,19,2001,29,17,"1,494",16.6,2,0,2,2,0,0,3,0,0.12,0,0.12,0.12,0.12,Matches
2577,Marcus Thuram,fr FRA,"MF,FW",Gladbach,de Bundesliga,22,1997,29,20,"1,731",19.2,8,3,11,8,0,0,3,1,0.42,0.16,0.57,0.42,0.57,Matches
2578,Cheikh Tidiane Sabaly,sn SEN,"FW,MF",Metz,fr Ligue 1,21,1999,1,0,12,0.1,0,0,0,0,0,0,0,0,0,0,0,0,0,Matches
2579,Youri Tielemans,be BEL,MF,Leicester City,eng Premier League,23,1997,38,37,"3,357",37.3,6,4,10,4,2,2,6,0,0.16,0.11,0.27,0.11,0.21,Matches
2580,Kieran Tierney,sct SCO,DF,Arsenal,eng Premier League,23,1997,27,26,"2,299",25.5,1,3,4,1,0,0,4,0,0.04,0.12,0.16,0.04,0.16,Matches
2581,Steffen Tigges,de GER,FW,Dortmund,de Bundesliga,22,1998,6,0,56,0.6,0,0,0,0,0,0,0,0,0,0,0,0,0,Matches
2582,Guus Til,nl NED,FW,Freiburg,de Bundesliga,22,1997,7,1,125,1.4,0,0,0,0,0,0,1,0,0,0,0,0,0,Matches
2583,David Timor,es ESP,"MF,DF",Getafe,es La Liga,30,1989,30,15,"1,395",15.5,0,0,0,0,0,0,5,1,0,0,0,0,0,Matches
2584,Jean-Clair Todibo,fr FRA,DF,Nice,fr Ligue 1,20,1999,15,15,"1,330",14.8,1,0,1,1,0,0,5,0,0.07,0,0.07,0.07,0.07,Matches
2585,Karl Toko Ekambi,cm CMR,"FW,MF",Lyon,fr Ligue 1,27,1992,35,34,"2,811",31.2,14,6,20,14,0,0,3,0,0.45,0.19,0.64,0.45,0.64,Matches
2586,Corentin Tolisso,fr FRA,MF,Bayern Munich,de Bundesliga,25,1994,16,7,781,8.7,1,0,1,1,0,0,1,1,0.12,0,0.12,0.12,0.12,Matches
2587,Jeremy Toljan,de GER,"DF,MF",Sassuolo,it Serie A,25,1994,26,18,"1,490",16.6,0,2,2,0,0,0,2,0,0,0.12,0.12,0,0.12,Matches
2588,Rafael Tolói,it ITA,DF,Atalanta,it Serie A,29,1990,31,29,"2,537",28.2,2,0,2,2,0,0,9,0,0.07,0,0.07,0.07,0.07,Matches
2589,Takehiro Tomiyasu,jp JPN,DF,Bologna,it Serie A,21,1998,31,31,"2,715",30.2,2,0,2,2,0,0,4,0,0.07,0,0.07,0.07,0.07,Matches
2590,James Tomkins,eng ENG,DF,Crystal Palace,eng Premier League,31,1989,8,6,553,6.1,0,0,0,0,0,0,1,0,0,0,0,0,0,Matches
2591,Fikayo Tomori,eng ENG,DF,Chelsea,eng Premier League,22,1997,1,0,45,0.5,0,0,0,0,0,0,0,0,0,0,0,0,0,Matches
2592,Fikayo Tomori,eng ENG,DF,Milan,it Serie A,22,1997,17,16,"1,466",16.3,1,0,1,1,0,0,0,0,0.06,0,0.06,0.06,0.06,Matches
2593,Sandro Tonali,it ITA,MF,Milan,it Serie A,20,2000,25,17,"1,330",14.8,0,0,0,0,0,0,1,1,0,0,0,0,0,Matches
2594,Lorenzo Tonelli,it ITA,DF,Sampdoria,it Serie A,30,1990,23,21,"1,782",19.8,1,0,1,1,0,0,11,0,0.05,0,0.05,0.05,0.05,Matches
2595,Toño,es ESP,"DF,MF",Levante,es La Liga,30,1989,12,9,726,8.1,0,2,2,0,0,0,2,0,0,0.25,0.25,0,0.25,Matches
2596,Ömer Toprak,tr TUR,DF,Werder Bremen,de Bundesliga,31,1989,26,24,"1,940",21.6,2,0,2,2,0,0,1,0,0.09,0,0.09,0.09,0.09,Matches
2597,Tyron Tormin,fr FRA,FW,Saint-Étienne,fr Ligue 1,19,2001,3,0,21,0.2,0,0,0,0,0,0,0,0,0,0,0,0,0,Matches
2598,Ernesto Torregrossa,ve VEN,FW,Sampdoria,it Serie A,28,1992,6,1,170,1.9,1,0,1,1,0,0,0,0,0.53,0,0.53,0.53,0.53,Matches
2599,Lucas Torreira,uy URU,MF,Atlético Madrid,es La Liga,24,1996,19,3,518,5.8,1,0,1,1,0,0,2,0,0.17,0,0.17,0.17,0.17,Matches
2600,Ferran Torres,es ESP,"FW,MF",Manchester City,eng Premier League,20,2000,24,15,"1,306",14.5,7,2,9,7,0,0,1,0,0.48,0.14,0.62,0.48,0.62,Matches
Rk,Player,Nation,Pos,Squad,Comp,Age,Born,MP,Starts,Min,90s,Gls,Ast,G+A,G-PK,PK,PKatt,CrdY,CrdR,Gls,Ast,G+A,G-PK,G+A-PK,Matches
2601,Óliver Torres,es ESP,MF,Sevilla,es La Liga,25,1994,33,15,"1,400",15.6,0,3,3,0,0,0,2,0,0,0.19,0.19,0,0.19,Matches
2602,Pau Torres,es ESP,DF,Villarreal,es La Liga,23,1997,33,33,"2,970",33,2,2,4,2,0,0,2,0,0.06,0.06,0.12,0.06,0.12,Matches
2603,Roberto Torres,es ESP,MF,Osasuna,es La Liga,31,1989,35,19,"1,894",21,7,1,8,3,4,5,0,0,0.33,0.05,0.38,0.14,0.19,Matches
2604,Lucas Torró,es ESP,MF,Osasuna,es La Liga,26,1994,25,17,"1,548",17.2,0,1,1,0,0,0,4,0,0,0.06,0.06,0,0.06,Matches
2605,Jordan Torunarigha,de GER,DF,Hertha BSC,de Bundesliga,22,1997,14,11,969,10.8,0,0,0,0,0,0,5,0,0,0,0,0,0,Matches
2606,Cenk Tosun,tr TUR,"FW,MF",Everton,eng Premier League,29,1991,5,0,48,0.5,0,0,0,0,0,0,1,0,0,0,0,0,0,Matches
2607,Abdoulaye Touré,gn GUI,MF,Nantes,fr Ligue 1,26,1994,29,20,"1,681",18.7,2,2,4,1,1,1,2,0,0.11,0.11,0.21,0.05,0.16,Matches
2608,Almamy Touré,ml MLI,MF,Frankfurt,de Bundesliga,24,1996,17,8,704,7.8,1,1,2,1,0,0,2,0,0.13,0.13,0.26,0.13,0.26,Matches
2609,Lucas Tousart,fr FRA,MF,Hertha BSC,de Bundesliga,23,1997,26,25,"2,090",23.2,1,0,1,1,0,0,7,0,0.04,0,0.04,0.04,0.04,Matches
2610,Andros Townsend,eng ENG,"MF,FW",Crystal Palace,eng Premier League,29,1991,34,25,"2,258",25.1,1,5,6,1,0,0,0,0,0.04,0.2,0.24,0.04,0.24,Matches
2611,Conor Townsend,eng ENG,DF,West Brom,eng Premier League,27,1993,25,25,"2,234",24.8,0,2,2,0,0,0,0,0,0,0.08,0.08,0,0.08,Matches
2612,Mattéo Tramoni,fr FRA,"FW,MF",Cagliari,it Serie A,20,2000,6,0,74,0.8,0,0,0,0,0,0,1,0,0,0,0,0,0,Matches
2613,Adama Traoré,es ESP,"FW,MF",Wolves,eng Premier League,24,1996,37,28,"2,649",29.4,2,2,4,2,0,0,4,0,0.07,0.07,0.14,0.07,0.14,Matches
2614,Amadou Traore,fr FRA,FW,Bordeaux,fr Ligue 1,18,2002,19,0,304,3.4,0,1,1,0,0,0,0,0,0,0.3,0.3,0,0.3,Matches
2615,Bertrand Traoré,bf BFA,"MF,FW",Aston Villa,eng Premier League,24,1995,36,29,"2,317",25.7,7,6,13,7,0,0,1,0,0.27,0.23,0.5,0.27,0.5,Matches
2616,Boubacar Traoré,ml MLI,MF,Metz,fr Ligue 1,18,2001,2,0,54,0.6,1,0,1,1,0,0,0,0,1.67,0,1.67,1.67,1.67,Matches
2617,Chaka Traorè,ci CIV,FW,Parma,it Serie A,15,2004,3,0,18,0.2,0,0,0,0,0,0,0,0,0,0,0,0,0,Matches
2618,Charles Traore,ml MLI,DF,Nantes,fr Ligue 1,28,1992,22,19,"1,700",18.9,1,0,1,1,0,0,6,0,0.05,0,0.05,0.05,0.05,Matches
2619,Cheick Traoré,ml MLI,"DF,MF",Lens,fr Ligue 1,25,1995,2,0,39,0.4,0,0,0,0,0,0,0,0,0,0,0,0,0,Matches
2620,Hamari Traoré,ml MLI,DF,Rennes,fr Ligue 1,28,1992,35,34,"3,000",33.3,1,1,2,1,0,0,4,0,0.03,0.03,0.06,0.03,0.06,Matches
2621,Ibrahima Traoré,gn GUI,MF,Gladbach,de Bundesliga,32,1988,7,1,98,1.1,0,0,0,0,0,0,0,0,0,0,0,0,0,Matches
2622,Ismaël Traoré,ci CIV,DF,Angers,fr Ligue 1,33,1986,34,34,"2,993",33.3,3,3,6,3,0,0,3,0,0.09,0.09,0.18,0.09,0.18,Matches
2623,Kevin Trapp,de GER,GK,Frankfurt,de Bundesliga,30,1990,33,33,"2,970",33,0,0,0,0,0,0,0,0,0,0,0,0,0,Matches
2624,Miguel Trauco,pe PER,DF,Saint-Étienne,fr Ligue 1,27,1992,26,22,"2,035",22.6,0,2,2,0,0,0,1,0,0,0.09,0.09,0,0.09,Matches
2625,Trézéguet,eg EGY,"MF,FW",Aston Villa,eng Premier League,25,1994,21,12,"1,166",13,2,1,3,2,0,0,0,0,0.15,0.08,0.23,0.15,0.23,Matches
Rk,Player,Nation,Pos,Squad,Comp,Age,Born,MP,Starts,Min,90s,Gls,Ast,G+A,G-PK,PK,PKatt,CrdY,CrdR,Gls,Ast,G+A,G-PK,G+A-PK,Matches
2626,Manu Trigueros,es ESP,MF,Villarreal,es La Liga,28,1991,35,30,"2,527",28.1,1,6,7,1,0,0,6,1,0.04,0.21,0.25,0.04,0.25,Matches
2627,Christopher Trimmel,at AUT,"MF,DF",Union Berlin,de Bundesliga,33,1987,31,30,"2,572",28.6,1,9,10,1,0,0,9,0,0.03,0.31,0.35,0.03,0.35,Matches
2628,Francisco Trincão,pt POR,FW,Barcelona,es La Liga,20,1999,28,3,706,7.8,3,2,5,3,0,0,1,0,0.38,0.25,0.64,0.38,0.64,Matches
2629,Alessandro Tripaldelli,it ITA,"DF,MF",Cagliari,it Serie A,21,1999,10,3,300,3.3,0,0,0,0,0,0,1,0,0,0,0,0,0,Matches
2630,Kieran Trippier,eng ENG,"DF,MF",Atlético Madrid,es La Liga,29,1990,28,28,"2,475",27.5,0,6,6,0,0,0,0,0,0,0.22,0.22,0,0.22,Matches
2631,Leandro Trossard,be BEL,"MF,FW",Brighton,eng Premier League,25,1994,35,30,"2,607",29,5,5,10,5,0,0,2,0,0.17,0.17,0.35,0.17,0.35,Matches
2632,Alexis Trouillet,fr FRA,MF,Nice,fr Ligue 1,19,2000,5,1,109,1.2,0,0,0,0,0,0,0,0,0,0,0,0,0,Matches
2633,Adrien Truffert,fr FRA,"DF,MF",Rennes,fr Ligue 1,18,2001,29,23,"1,951",21.7,1,3,4,1,0,0,3,0,0.05,0.14,0.18,0.05,0.18,Matches
2634,Marvin Tshibuabua,fr FRA,DF,Saint-Étienne,fr Ligue 1,18,2002,1,0,43,0.5,0,0,0,0,0,0,0,0,0,0,0,0,0,Matches
2635,Kostas Tsimikas,gr GRE,DF,Liverpool,eng Premier League,24,1996,2,0,7,0.1,0,0,0,0,0,0,0,0,0,0,0,0,0,Matches
2636,Axel Tuanzebe,cd COD,DF,Manchester Utd,eng Premier League,22,1997,9,4,404,4.5,0,0,0,0,0,0,2,0,0,0,0,0,0,Matches
2637,Alessandro Tuia,it ITA,DF,Benevento,it Serie A,30,1990,27,19,"1,765",19.6,1,0,1,1,0,0,6,0,0.05,0,0.05,0.05,0.05,Matches
2638,Ľubomír Tupta,sk SVK,MF,Hellas Verona,it Serie A,22,1998,2,1,50,0.6,0,0,0,0,0,0,0,0,0,0,0,0,0,Matches
2639,Tuta,br BRA,DF,Frankfurt,de Bundesliga,21,1999,19,16,"1,459",16.2,0,0,0,0,0,0,5,0,0,0,0,0,0,Matches
2640,Destiny Udogie,it ITA,"DF,MF",Hellas Verona,it Serie A,17,2002,6,0,170,1.9,0,0,0,0,0,0,1,0,0,0,0,0,0,Matches
2641,Matthieu Udol,fr FRA,"DF,MF",Metz,fr Ligue 1,24,1996,25,19,"1,724",19.2,0,3,3,0,0,0,1,1,0,0.16,0.16,0,0.16,Matches
2642,Naomichi Ueda,jp JPN,DF,Nîmes,fr Ligue 1,25,1994,9,8,711,7.9,0,0,0,0,0,0,0,0,0,0,0,0,0,Matches
2643,Lesley Ugochukwu,fr FRA,MF,Rennes,fr Ligue 1,16,2004,3,1,65,0.7,0,0,0,0,0,0,1,0,0,0,0,0,0,Matches
2644,Hwang Ui-jo,kr KOR,"FW,MF",Bordeaux,fr Ligue 1,27,1992,36,32,"2,503",27.8,12,3,15,9,3,3,1,0,0.43,0.11,0.54,0.32,0.43,Matches
2645,Samir Ujkani,xk KVX,GK,Torino,it Serie A,32,1988,1,1,90,1,0,0,0,0,0,0,0,0,0,0,0,0,0,Matches
2646,Samuel Umtiti,fr FRA,DF,Barcelona,es La Liga,26,1993,13,6,645,7.2,0,0,0,0,0,0,1,0,0,0,0,0,0,Matches
2647,Enes Ünal,tr TUR,FW,Getafe,es La Liga,23,1997,28,15,"1,318",14.6,4,2,6,3,1,1,4,0,0.27,0.14,0.41,0.2,0.34,Matches
2648,Cengiz Ünder,tr TUR,MF,Leicester City,eng Premier League,23,1997,9,1,281,3.1,0,2,2,0,0,0,0,0,0,0.64,0.64,0,0.64,Matches
2649,Dayot Upamecano,fr FRA,DF,RB Leipzig,de Bundesliga,21,1998,29,27,"2,330",25.9,1,0,1,1,0,0,6,0,0.04,0,0.04,0.04,0.04,Matches
2650,Kacper Urbanski,pl POL,MF,Bologna,it Serie A,15,2004,1,0,2,0,0,0,0,0,0,0,0,0,0,0,0,0,0,Matches
Rk,Player,Nation,Pos,Squad,Comp,Age,Born,MP,Starts,Min,90s,Gls,Ast,G+A,G-PK,PK,PKatt,CrdY,CrdR,Gls,Ast,G+A,G-PK,G+A-PK,Matches
2651,Mark Uth,de GER,"FW,MF",Schalke 04,de Bundesliga,28,1991,20,18,"1,494",16.6,3,1,4,3,0,0,5,0,0.18,0.06,0.24,0.18,0.24,Matches
2652,Tomáš Vaclík,cz CZE,GK,Sevilla,es La Liga,31,1989,5,5,450,5,0,0,0,0,0,0,0,0,0,0,0,0,0,Matches
2653,Eugeni Valderrama,es ESP,MF,Huesca,es La Liga,26,1994,3,1,115,1.3,0,0,0,0,0,0,0,0,0,0,0,0,0,Matches
2654,Lautaro Valenti,ar ARG,DF,Parma,it Serie A,21,1999,11,6,499,5.5,0,0,0,0,0,0,0,0,0,0,0,0,0,Matches
2655,Antoine Valerio,fr FRA,MF,Nîmes,fr Ligue 1,20,1999,1,1,70,0.8,0,0,0,0,0,0,0,0,0,0,0,0,0,Matches
2656,Borja Valero,es ESP,"MF,FW",Fiorentina,it Serie A,35,1985,20,4,491,5.5,0,0,0,0,0,0,3,0,0,0,0,0,0,Matches
2657,Yan Valery,tn TUN,DF,Southampton,eng Premier League,21,1999,3,1,103,1.1,0,0,0,0,0,0,0,0,0,0,0,0,0,Matches
2658,Jesús Vallejo,es ESP,DF,Granada,es La Liga,23,1997,21,15,"1,348",15,0,0,0,0,0,0,2,1,0,0,0,0,0,Matches
2659,Manu Vallejo,es ESP,"FW,MF",Valencia,es La Liga,23,1997,30,9,950,10.6,5,0,5,5,0,0,2,0,0.47,0,0.47,0.47,0.47,Matches
2660,Federico Valverde,uy URU,MF,Real Madrid,es La Liga,22,1998,24,15,"1,330",14.8,3,1,4,3,0,0,0,0,0.2,0.07,0.27,0.2,0.27,Matches
2661,Virgil van Dijk,nl NED,DF,Liverpool,eng Premier League,29,1991,5,5,370,4.1,1,0,1,1,0,0,1,0,0.24,0,0.24,0.24,0.24,Matches
2662,Raphaël Varane,fr FRA,DF,Real Madrid,es La Liga,27,1993,31,31,"2,715",30.2,2,0,2,2,0,0,2,0,0.07,0,0.07,0.07,0.07,Matches
2663,Jamie Vardy,eng ENG,FW,Leicester City,eng Premier League,33,1987,34,31,"2,840",31.6,15,9,24,7,8,9,1,0,0.48,0.29,0.76,0.22,0.51,Matches
2664,Ruben Vargas,ch SUI,"MF,FW",Augsburg,de Bundesliga,21,1998,30,18,"1,612",17.9,6,3,9,6,0,0,2,1,0.33,0.17,0.5,0.33,0.5,Matches
2665,Denis Vavro,sk SVK,DF,Lazio,it Serie A,24,1996,1,0,32,0.4,0,0,0,0,0,0,0,0,0,0,0,0,0,Matches
2666,Denis Vavro,sk SVK,DF,Huesca,es La Liga,24,1996,11,9,611,6.8,0,0,0,0,0,0,1,0,0,0,0,0,0,Matches
2667,Franco Vázquez,ar ARG,MF,Sevilla,es La Liga,31,1989,15,1,164,1.8,1,0,1,1,0,0,1,0,0.55,0,0.55,0.55,0.55,Matches
2668,Kevin Vázquez,es ESP,DF,Celta Vigo,es La Liga,27,1993,8,5,562,6.2,0,0,0,0,0,0,3,0,0,0,0,0,0,Matches
2669,Lucas Vázquez,es ESP,"DF,FW",Real Madrid,es La Liga,29,1991,24,21,"1,848",20.5,2,5,7,2,0,0,3,0,0.1,0.24,0.34,0.1,0.34,Matches
2670,Matías Vecino,uy URU,MF,Inter,it Serie A,28,1991,8,3,283,3.1,1,1,2,1,0,0,0,0,0.32,0.32,0.64,0.32,0.64,Matches
2671,Koke Vegas,es ESP,GK,Levante,es La Liga,24,1995,1,1,90,1,0,0,0,0,0,0,1,0,0,0,0,0,0,Matches
2672,Gabriel Veiga,es ESP,MF,Celta Vigo,es La Liga,18,2002,6,1,118,1.3,0,0,0,0,0,0,0,0,0,0,0,0,0,Matches
2673,Miloš Veljković,rs SRB,DF,Werder Bremen,de Bundesliga,24,1995,23,19,"1,723",19.1,0,0,0,0,0,0,1,0,0,0,0,0,0,Matches
2674,Miguel Veloso,pt POR,MF,Hellas Verona,it Serie A,34,1986,21,15,"1,316",14.6,2,2,4,0,2,2,1,0,0.14,0.14,0.27,0,0.14,Matches
2675,Joël Veltman,nl NED,"DF,MF",Brighton,eng Premier League,28,1992,28,25,"2,281",25.3,1,1,2,1,0,0,3,0,0.04,0.04,0.08,0.04,0.08,Matches
Rk,Player,Nation,Pos,Squad,Comp,Age,Born,MP,Starts,Min,90s,Gls,Ast,G+A,G-PK,PK,PKatt,CrdY,CrdR,Gls,Ast,G+A,G-PK,G+A-PK,Matches
2676,Unai Vencedor Paris,es ESP,MF,Athletic Club,es La Liga,19,2000,28,19,"1,701",18.9,0,0,0,0,0,0,6,0,0,0,0,0,0,Matches
2677,Lorenzo Venuti,it ITA,MF,Fiorentina,it Serie A,25,1995,28,21,"1,757",19.5,0,1,1,0,0,0,3,0,0,0.05,0.05,0,0.05,Matches
2678,Daniele Verde,it ITA,FW,Spezia,it Serie A,24,1996,21,12,980,10.9,6,1,7,6,0,0,1,0,0.55,0.09,0.64,0.55,0.64,Matches
2679,Simone Verdi,it ITA,"FW,MF",Torino,it Serie A,28,1992,33,17,"1,620",18,1,5,6,1,0,0,6,0,0.06,0.28,0.33,0.06,0.33,Matches
2680,Gonzalo Verdú,es ESP,DF,Elche,es La Liga,31,1988,33,33,"2,944",32.7,0,2,2,0,0,0,11,0,0,0.06,0.06,0,0.06,Matches
2681,Jordan Veretout,fr FRA,MF,Roma,it Serie A,27,1993,29,25,"2,053",22.8,10,2,12,5,5,5,4,0,0.44,0.09,0.53,0.22,0.31,Matches
2682,Edoardo Vergani,it ITA,FW,Bologna,it Serie A,19,2001,1,0,12,0.1,0,0,0,0,0,0,0,0,0,0,0,0,0,Matches
2683,Marco Verratti,it ITA,MF,PSG,fr Ligue 1,27,1992,21,16,"1,492",16.6,0,2,2,0,0,0,7,0,0,0.12,0.12,0,0.12,Matches
2684,Valerio Verre,it ITA,MF,Sampdoria,it Serie A,26,1994,27,12,998,11.1,3,3,6,3,0,0,3,0,0.27,0.27,0.54,0.27,0.54,Matches
2685,Mikel Vesga,es ESP,MF,Athletic Club,es La Liga,27,1993,30,20,"1,722",19.1,0,1,1,0,0,0,7,0,0,0.05,0.05,0,0.05,Matches
2686,Jannik Vestergaard,dk DEN,DF,Southampton,eng Premier League,27,1992,30,29,"2,574",28.6,3,0,3,3,0,0,3,1,0.1,0,0.1,0.1,0.1,Matches
2687,Rúben Vezo,pt POR,DF,Levante,es La Liga,26,1994,32,25,"2,316",25.7,1,0,1,1,0,0,7,0,0.04,0,0.04,0.04,0.04,Matches
2688,Guglielmo Vicario,it ITA,GK,Cagliari,it Serie A,23,1996,4,4,360,4,0,0,0,0,0,0,0,0,0,0,0,0,0,Matches
2689,Iñigo Vicente,es ESP,MF,Athletic Club,es La Liga,22,1998,3,0,52,0.6,0,0,0,0,0,0,0,0,0,0,0,0,0,Matches
2690,Fede Vico,es ESP,MF,Granada,es La Liga,26,1994,20,9,767,8.5,0,0,0,0,0,0,1,0,0,0,0,0,0,Matches
2691,Aleix Vidal,es ESP,DF,Sevilla,es La Liga,30,1989,12,5,595,6.6,0,1,1,0,0,0,2,0,0,0.15,0.15,0,0.15,Matches
2692,Arturo Vidal,cl CHI,MF,Inter,it Serie A,33,1987,23,14,"1,138",12.6,1,1,2,1,0,0,3,0,0.08,0.08,0.16,0.08,0.16,Matches
2693,Clément Vidal,fr FRA,DF,Montpellier,fr Ligue 1,20,2000,2,1,86,1,0,0,0,0,0,0,0,0,0,0,0,0,0,Matches
2694,Nacho Vidal,es ESP,DF,Osasuna,es La Liga,25,1995,34,25,"2,348",26.1,0,0,0,0,0,0,10,0,0,0,0,0,0,Matches
2695,Ronaldo Vieira,gw GNB,MF,Hellas Verona,it Serie A,22,1998,4,2,226,2.5,0,0,0,0,0,0,1,0,0,0,0,0,0,Matches
2696,Luca Vignali,it ITA,DF,Spezia,it Serie A,24,1996,21,19,"1,590",17.7,0,0,0,0,0,0,4,1,0,0,0,0,0,Matches
2697,Emanuel Vignato,it ITA,MF,Bologna,it Serie A,19,2000,31,11,"1,203",13.4,1,4,5,1,0,0,4,0,0.07,0.3,0.37,0.07,0.37,Matches
2698,Toni Villa,es ESP,"MF,FW",Valladolid,es La Liga,25,1995,21,10,969,10.8,2,0,2,2,0,0,2,0,0.19,0,0.19,0.19,0.19,Matches
2699,Asier Villalibre,es ESP,FW,Athletic Club,es La Liga,22,1997,35,16,"1,589",17.7,4,2,6,4,0,0,1,0,0.23,0.11,0.34,0.23,0.34,Matches
2700,Gonzalo Villar,es ESP,MF,Roma,it Serie A,22,1998,33,21,"1,859",20.7,0,1,1,0,0,0,7,0,0,0.05,0.05,0,0.05,Matches
Rk,Player,Nation,Pos,Squad,Comp,Age,Born,MP,Starts,Min,90s,Gls,Ast,G+A,G-PK,PK,PKatt,CrdY,CrdR,Gls,Ast,G+A,G-PK,G+A-PK,Matches
2701,Iván Villar,es ESP,GK,Celta Vigo,es La Liga,23,1997,21,19,"1,781",19.8,0,0,0,0,0,0,1,0,0,0,0,0,0,Matches
2702,Rúben Vinagre,pt POR,MF,Wolves,eng Premier League,21,1999,2,1,173,1.9,0,0,0,0,0,0,0,0,0,0,0,0,0,Matches
2703,Carlos Vinícius,br BRA,FW,Tottenham,eng Premier League,25,1995,9,3,308,3.4,1,0,1,1,0,0,2,0,0.29,0,0.29,0.29,0.29,Matches
2704,Nicolas Viola,it ITA,MF,Benevento,it Serie A,30,1989,17,12,"1,036",11.5,5,2,7,1,4,4,1,0,0.43,0.17,0.61,0.09,0.26,Matches
2705,João Virgínia,pt POR,GK,Everton,eng Premier League,20,1999,1,0,48,0.5,0,0,0,0,0,0,0,0,0,0,0,0,0,Matches
2706,Vitinha,pt POR,MF,Wolves,eng Premier League,20,2000,19,5,520,5.8,0,1,1,0,0,0,0,0,0,0.17,0.17,0,0.17,Matches
2707,Vitolo,es ESP,MF,Atlético Madrid,es La Liga,30,1989,10,3,298,3.3,0,0,0,0,0,0,2,0,0,0,0,0,0,Matches
2708,Dušan Vlahović,rs SRB,FW,Fiorentina,it Serie A,20,2000,37,34,"2,923",32.5,21,3,24,15,6,6,1,0,0.65,0.09,0.74,0.46,0.55,Matches
2709,Michel Vlap,nl NED,"MF,FW",Arminia,de Bundesliga,23,1997,7,5,371,4.1,1,1,2,1,0,0,0,0,0.24,0.24,0.49,0.24,0.49,Matches
2710,Andreas Voglsammer,de GER,"FW,MF",Arminia,de Bundesliga,28,1992,18,11,"1,000",11.1,2,2,4,2,0,0,1,0,0.18,0.18,0.36,0.18,0.36,Matches
2711,Kevin Vogt,de GER,DF,Hoffenheim,de Bundesliga,28,1991,24,20,"1,841",20.5,0,1,1,0,0,0,6,0,0,0.05,0.05,0,0.05,Matches
2712,Mërgim Vojvoda,xk KVX,"MF,DF",Torino,it Serie A,25,1995,24,17,"1,359",15.1,2,2,4,2,0,0,4,0,0.13,0.13,0.26,0.13,0.26,Matches
2713,Jake Vokins,eng ENG,DF,Southampton,eng Premier League,20,2000,1,1,66,0.7,0,0,0,0,0,0,0,0,0,0,0,0,0,Matches
2714,Kevin Volland,de GER,"FW,MF",Monaco,fr Ligue 1,28,1992,35,34,"2,769",30.8,16,7,23,16,0,0,4,0,0.52,0.23,0.75,0.52,0.75,Matches
2715,Stefan de Vrij,nl NED,DF,Inter,it Serie A,28,1992,32,30,"2,734",30.4,1,0,1,1,0,0,2,0,0.03,0,0.03,0.03,0.03,Matches
2716,Giacomo Vrioni,al ALB,FW,Juventus,it Serie A,21,1998,1,0,1,0,0,0,0,0,0,0,0,0,0,0,0,0,0,Matches
2717,Šime Vrsaljko,hr CRO,MF,Atlético Madrid,es La Liga,28,1992,9,6,519,5.8,0,0,0,0,0,0,2,0,0,0,0,0,0,Matches
2718,Nikola Vukčević,me MNE,MF,Levante,es La Liga,28,1991,13,11,810,9,0,0,0,0,0,0,4,0,0,0,0,0,0,Matches
2719,Miloš Vulić,rs SRB,MF,Crotone,it Serie A,23,1996,25,13,"1,305",14.5,1,1,2,1,0,0,2,0,0.07,0.07,0.14,0.07,0.14,Matches
2720,Matěj Vydra,cz CZE,FW,Burnley,eng Premier League,28,1992,28,15,"1,371",15.2,3,2,5,3,0,0,0,0,0.2,0.13,0.33,0.2,0.33,Matches
2721,Franklin Wadja,cm CMR,MF,Lorient,fr Ligue 1,25,1995,4,0,33,0.4,0,0,0,0,0,0,1,0,0,0,0,0,0,Matches
2722,Elye Wahi,ci CIV,"FW,MF",Montpellier,fr Ligue 1,17,2003,18,3,555,6.2,3,1,4,3,0,0,1,0,0.49,0.16,0.65,0.49,0.65,Matches
2723,Walace,br BRA,MF,Udinese,it Serie A,25,1995,30,23,"2,055",22.8,0,0,0,0,0,0,4,0,0,0,0,0,0,Matches
2724,Theo Walcott,eng ENG,"MF,FW",Southampton,eng Premier League,31,1989,21,20,"1,618",18,3,3,6,3,0,0,0,0,0.17,0.17,0.33,0.17,0.33,Matches
2725,Theo Walcott,eng ENG,"FW,MF",Everton,eng Premier League,31,1989,1,0,13,0.1,0,0,0,0,0,0,0,0,0,0,0,0,0,Matches
Rk,Player,Nation,Pos,Squad,Comp,Age,Born,MP,Starts,Min,90s,Gls,Ast,G+A,G-PK,PK,PKatt,CrdY,CrdR,Gls,Ast,G+A,G-PK,G+A-PK,Matches
2726,Kyle Walker,eng ENG,DF,Manchester City,eng Premier League,30,1990,24,22,"1,946",21.6,1,1,2,1,0,0,1,0,0.05,0.05,0.09,0.05,0.09,Matches
2727,Kyle Walker-Peters,eng ENG,DF,Southampton,eng Premier League,23,1997,30,30,"2,645",29.4,0,2,2,0,0,0,4,0,0,0.07,0.07,0,0.07,Matches
2728,Sebastian Walukiewicz,pl POL,DF,Cagliari,it Serie A,20,2000,19,18,"1,618",18,0,1,1,0,0,0,1,0,0,0.06,0.06,0,0.06,Matches
2729,Aaron Wan-Bissaka,cd COD,DF,Manchester Utd,eng Premier League,22,1997,34,34,"3,060",34,2,4,6,2,0,0,3,0,0.06,0.12,0.18,0.06,0.18,Matches
2730,Joel Ward,eng ENG,DF,Crystal Palace,eng Premier League,30,1989,26,25,"2,256",25.1,0,1,1,0,0,0,5,0,0,0.04,0.04,0,0.04,Matches
2731,James Ward-Prowse,eng ENG,MF,Southampton,eng Premier League,25,1994,38,38,"3,420",38,8,7,15,5,3,4,5,0,0.21,0.18,0.39,0.13,0.32,Matches
2732,Daniel Wass,dk DEN,"MF,DF",Valencia,es La Liga,31,1989,35,35,"2,979",33.1,4,1,5,3,1,1,8,0,0.12,0.03,0.15,0.09,0.12,Matches
2733,Ollie Watkins,eng ENG,FW,Aston Villa,eng Premier League,24,1995,37,37,"3,328",37,14,5,19,13,1,2,4,1,0.38,0.14,0.51,0.35,0.49,Matches
2734,Caleb Watts,au AUS,MF,Southampton,eng Premier League,18,2002,3,0,39,0.4,0,0,0,0,0,0,1,0,0,0,0,0,0,Matches
2735,Timothy Weah,us USA,"MF,FW",Lille,fr Ligue 1,20,2000,28,7,878,9.8,3,0,3,3,0,0,1,0,0.31,0,0.31,0.31,0.31,Matches
2736,Adam Webster,eng ENG,DF,Brighton,eng Premier League,25,1995,29,29,"2,594",28.8,1,0,1,1,0,0,4,0,0.03,0,0.03,0.03,0.03,Matches
2737,Wout Weghorst,nl NED,FW,Wolfsburg,de Bundesliga,27,1992,34,33,"2,941",32.7,20,8,28,18,2,3,3,0,0.61,0.24,0.86,0.55,0.8,Matches
2738,Mitchell Weiser,de GER,DF,Leverkusen,de Bundesliga,26,1994,5,2,226,2.5,1,0,1,1,0,0,0,0,0.4,0,0.4,0.4,0.4,Matches
2739,Shon Weissman,il ISR,FW,Valladolid,es La Liga,24,1996,32,24,"2,133",23.7,6,1,7,6,0,0,3,0,0.25,0.04,0.3,0.25,0.3,Matches
2740,Danny Welbeck,eng ENG,FW,Brighton,eng Premier League,29,1990,24,17,"1,545",17.2,6,1,7,6,0,1,0,0,0.35,0.06,0.41,0.35,0.41,Matches
2741,Wendell,br BRA,"DF,MF",Leverkusen,de Bundesliga,27,1993,22,15,"1,457",16.2,0,0,0,0,0,0,3,0,0,0,0,0,0,Matches
2742,Oscar Wendt,se SWE,"DF,MF",Gladbach,de Bundesliga,34,1985,22,15,"1,254",13.9,1,1,2,1,0,0,3,0,0.07,0.07,0.14,0.07,0.14,Matches
2743,Timo Werner,de GER,"FW,MF",Chelsea,eng Premier League,24,1996,35,29,"2,602",28.9,6,8,14,6,0,0,2,0,0.21,0.28,0.48,0.21,0.48,Matches
2744,Ashley Westwood,eng ENG,MF,Burnley,eng Premier League,30,1990,38,38,"3,410",37.9,3,3,6,3,0,0,7,0,0.08,0.08,0.16,0.08,0.16,Matches
2745,Ben White,eng ENG,"DF,MF",Brighton,eng Premier League,22,1997,36,36,"3,191",35.5,0,0,0,0,0,0,5,1,0,0,0,0,0,Matches
2746,Georginio Wijnaldum,nl NED,MF,Liverpool,eng Premier League,29,1990,38,34,"2,941",32.7,2,0,2,2,0,0,1,0,0.06,0,0.06,0.06,0.06,Matches
2747,William,br BRA,"DF,MF",Wolfsburg,de Bundesliga,25,1995,2,0,2,0,0,0,0,0,0,0,0,0,0,0,0,0,0,Matches
2748,William,br BRA,"MF,FW",Schalke 04,de Bundesliga,25,1995,8,7,474,5.3,0,0,0,0,0,0,2,0,0,0,0,0,0,Matches
2749,Brandon Williams,eng ENG,DF,Manchester Utd,eng Premier League,19,2000,4,2,188,2.1,0,0,0,0,0,0,0,0,0,0,0,0,0,Matches
2750,Iñaki Williams,gh GHA,"FW,MF",Athletic Club,es La Liga,26,1994,38,27,"2,387",26.5,6,6,12,5,1,1,1,0,0.23,0.23,0.45,0.19,0.41,Matches
Rk,Player,Nation,Pos,Squad,Comp,Age,Born,MP,Starts,Min,90s,Gls,Ast,G+A,G-PK,PK,PKatt,CrdY,CrdR,Gls,Ast,G+A,G-PK,G+A-PK,Matches
2751,Neco Williams,wls WAL,DF,Liverpool,eng Premier League,19,2001,6,3,249,2.8,0,0,0,0,0,0,1,0,0,0,0,0,0,Matches
2752,Nico Williams,es ESP,MF,Athletic Club,es La Liga,18,2002,2,0,57,0.6,0,0,0,0,0,0,0,0,0,0,0,0,0,Matches
2753,Rhys Williams,eng ENG,DF,Liverpool,eng Premier League,19,2001,9,7,661,7.3,0,0,0,0,0,0,0,0,0,0,0,0,0,Matches
2754,Willian,br BRA,"MF,FW",Arsenal,eng Premier League,31,1988,25,16,"1,406",15.6,1,5,6,1,0,0,0,0,0.06,0.32,0.38,0.06,0.38,Matches
2755,Joe Willock,eng ENG,MF,Arsenal,eng Premier League,20,1999,7,2,238,2.6,0,0,0,0,0,0,1,0,0,0,0,0,0,Matches
2756,Joe Willock,eng ENG,MF,Newcastle,eng Premier League,20,1999,14,11,978,10.9,8,0,8,8,0,1,0,0,0.74,0,0.74,0.74,0.74,Matches
2757,Callum Wilson,eng ENG,FW,Newcastle,eng Premier League,28,1992,26,23,"2,084",23.2,12,5,17,8,4,4,2,0,0.52,0.22,0.73,0.35,0.56,Matches
2758,Marten Winkler,de GER,MF,Hertha BSC,de Bundesliga,17,2002,1,0,1,0,0,0,0,0,0,0,0,0,0,0,0,0,0,Matches
2759,Harry Winks,eng ENG,MF,Tottenham,eng Premier League,24,1996,15,9,861,9.6,0,0,0,0,0,0,5,0,0,0,0,0,0,Matches
2760,Florian Wirtz,de GER,MF,Leverkusen,de Bundesliga,17,2003,29,25,"2,224",24.7,5,6,11,5,0,0,1,0,0.2,0.24,0.45,0.2,0.45,Matches
2761,Yoane Wissa,cd COD,"MF,FW",Lorient,fr Ligue 1,23,1996,38,30,"2,674",29.7,10,4,14,6,4,5,2,0,0.34,0.13,0.47,0.2,0.34,Matches
2762,Axel Witsel,be BEL,MF,Dortmund,de Bundesliga,31,1989,15,13,"1,130",12.6,0,0,0,0,0,0,4,0,0,0,0,0,0,Matches
2763,Hannes Wolf,at AUT,MF,Gladbach,de Bundesliga,21,1999,32,14,"1,378",15.3,3,2,5,3,0,0,2,0,0.2,0.13,0.33,0.2,0.33,Matches
2764,Marius Wolf,de GER,"MF,DF",Köln,de Bundesliga,25,1995,31,29,"2,551",28.3,2,2,4,2,0,0,3,0,0.07,0.07,0.14,0.07,0.14,Matches
2765,Nick Woltemade,de GER,MF,Werder Bremen,de Bundesliga,18,2002,6,1,147,1.6,0,1,1,0,0,0,1,0,0,0.61,0.61,0,0.61,Matches
2766,Jeong Woo-yeong,kr KOR,"FW,MF",Freiburg,de Bundesliga,20,1999,26,7,823,9.1,4,0,4,4,0,0,0,0,0.44,0,0.44,0.44,0.44,Matches
2767,Chris Wood,nz NZL,FW,Burnley,eng Premier League,28,1991,33,32,"2,741",30.5,12,3,15,10,2,2,0,0,0.39,0.1,0.49,0.33,0.43,Matches
2768,Joscha Wosz,de GER,MF,RB Leipzig,de Bundesliga,18,2002,2,0,34,0.4,0,0,0,0,0,0,0,0,0,0,0,0,0,Matches
2769,Xeka,pt POR,MF,Lille,fr Ligue 1,25,1994,33,11,"1,200",13.3,1,2,3,1,0,0,6,0,0.07,0.15,0.23,0.07,0.23,Matches
2770,Granit Xhaka,ch SUI,"MF,DF",Arsenal,eng Premier League,27,1992,31,29,"2,522",28,1,2,3,1,0,0,7,1,0.04,0.07,0.11,0.04,0.11,Matches
2771,Reinhold Yabo,de GER,MF,Arminia,de Bundesliga,28,1992,13,8,647,7.2,1,0,1,1,0,0,1,0,0.14,0,0.14,0.14,0.14,Matches
2772,Jawad El Yamiq,ma MAR,DF,Valladolid,es La Liga,28,1992,19,15,"1,379",15.3,0,1,1,0,0,0,6,0,0,0.07,0.07,0,0.07,Matches
2773,Rubén Yáñez,es ESP,GK,Getafe,es La Liga,26,1993,10,10,900,10,0,0,0,0,0,0,2,0,0,0,0,0,0,Matches
2774,Andriy Yarmolenko,ua UKR,MF,West Ham,eng Premier League,30,1989,15,1,375,4.2,0,1,1,0,0,0,3,0,0,0.24,0.24,0,0.24,Matches
2775,Yusuf Yazıcı,tr TUR,"FW,MF",Lille,fr Ligue 1,23,1997,32,10,"1,086",12.1,7,4,11,7,0,0,1,0,0.58,0.33,0.91,0.58,0.91,Matches
Rk,Player,Nation,Pos,Squad,Comp,Age,Born,MP,Starts,Min,90s,Gls,Ast,G+A,G-PK,PK,PKatt,CrdY,CrdR,Gls,Ast,G+A,G-PK,G+A-PK,Matches
2776,DeAndre Yedlin,us USA,DF,Newcastle,eng Premier League,27,1993,6,5,436,4.8,0,0,0,0,0,0,0,0,0,0,0,0,0,Matches
2777,Burak Yılmaz,tr TUR,FW,Lille,fr Ligue 1,35,1985,28,23,"2,051",22.8,16,5,21,12,4,4,6,0,0.7,0.22,0.92,0.53,0.75,Matches
2778,Yoel,es ESP,GK,Eibar,es La Liga,31,1988,4,3,300,3.3,0,0,0,0,0,0,0,0,0,0,0,0,0,Matches
2779,Okay Yokuşlu,tr TUR,MF,West Brom,eng Premier League,26,1994,16,15,"1,317",14.6,0,1,1,0,0,0,4,0,0,0.07,0.07,0,0.07,Matches
2780,Okay Yokuşlu,tr TUR,MF,Celta Vigo,es La Liga,26,1994,12,3,462,5.1,0,0,0,0,0,0,4,1,0,0,0,0,0,Matches
2781,Maya Yoshida,jp JPN,DF,Sampdoria,it Serie A,31,1988,32,25,"2,274",25.3,1,2,3,1,0,0,5,0,0.04,0.08,0.12,0.04,0.12,Matches
2782,Amin Younes,de GER,MF,Frankfurt,de Bundesliga,26,1993,26,16,"1,391",15.5,3,3,6,3,0,0,5,0,0.19,0.19,0.39,0.19,0.39,Matches
2783,Ashley Young,eng ENG,MF,Inter,it Serie A,35,1985,26,16,"1,425",15.8,1,4,5,1,0,0,4,0,0.06,0.25,0.32,0.06,0.32,Matches
2784,Wilitty Younoussa,cm CMR,MF,Dijon,fr Ligue 1,18,2001,3,1,77,0.9,0,0,0,0,0,0,0,0,0,0,0,0,0,Matches
2785,Zaydou Youssouf,km COM,MF,Saint-Étienne,fr Ligue 1,21,1999,29,14,"1,229",13.7,1,1,2,1,0,0,2,0,0.07,0.07,0.15,0.07,0.15,Matches
2786,Mattia Zaccagni,it ITA,MF,Hellas Verona,it Serie A,25,1995,36,33,"2,609",29,5,5,10,4,1,1,6,0,0.17,0.17,0.34,0.14,0.31,Matches
2787,Dan-Axel Zagadou,fr FRA,DF,Dortmund,de Bundesliga,21,1999,9,3,276,3.1,0,0,0,0,0,0,0,0,0,0,0,0,0,Matches
2788,Vasilios Zagaritis,gr GRE,DF,Parma,it Serie A,19,2001,2,0,65,0.7,0,0,0,0,0,0,0,0,0,0,0,0,0,Matches
2789,Arthur Zagre,bf BFA,DF,Dijon,fr Ligue 1,18,2001,3,1,122,1.4,0,0,0,0,0,0,0,0,0,0,0,0,0,Matches
2790,Wilfried Zaha,ci CIV,FW,Crystal Palace,eng Premier League,27,1992,30,29,"2,612",29,11,2,13,9,2,2,6,0,0.38,0.07,0.45,0.31,0.38,Matches
2791,Miha Zajc,si SVN,MF,Genoa,it Serie A,26,1994,31,22,"1,863",20.7,1,3,4,1,0,0,4,0,0.05,0.14,0.19,0.05,0.19,Matches
2792,Denis Zakaria,ch SUI,"MF,DF",Gladbach,de Bundesliga,23,1996,25,15,"1,419",15.8,1,1,2,1,0,0,5,0,0.06,0.06,0.13,0.06,0.13,Matches
2793,Joseba Zaldúa,es ESP,DF,Real Sociedad,es La Liga,28,1992,12,6,639,7.1,0,0,0,0,0,0,3,0,0,0,0,0,0,Matches
2794,Nicola Zalewski,pl POL,MF,Roma,it Serie A,18,2002,1,0,11,0.1,0,1,1,0,0,0,0,0,0,8.18,8.18,0,8.18,Matches
2795,Niccolò Zanellato,it ITA,MF,Crotone,it Serie A,22,1998,27,18,"1,637",18.2,1,1,2,1,0,0,3,0,0.05,0.05,0.11,0.05,0.11,Matches
2796,Cristián Zapata,co COL,DF,Genoa,it Serie A,33,1986,12,12,968,10.8,0,0,0,0,0,0,2,0,0,0,0,0,0,Matches
2797,Duván Zapata,co COL,FW,Atalanta,it Serie A,29,1991,37,29,"2,379",26.4,15,9,24,14,1,1,0,0,0.57,0.34,0.91,0.53,0.87,Matches
2798,Gabriele Zappa,it ITA,"DF,MF",Cagliari,it Serie A,20,1999,34,27,"2,395",26.6,0,4,4,0,0,0,3,0,0,0.15,0.15,0,0.15,Matches
2799,Davide Zappacosta,it ITA,MF,Genoa,it Serie A,28,1992,25,23,"2,045",22.7,4,2,6,4,0,0,3,0,0.18,0.09,0.26,0.18,0.26,Matches
2800,Oier Zarraga,es ESP,MF,Athletic Club,es La Liga,21,1999,5,1,100,1.1,0,0,0,0,0,0,0,0,0,0,0,0,0,Matches
Rk,Player,Nation,Pos,Squad,Comp,Age,Born,MP,Starts,Min,90s,Gls,Ast,G+A,G-PK,PK,PKatt,CrdY,CrdR,Gls,Ast,G+A,G-PK,G+A-PK,Matches
2801,Simone Zaza,it ITA,FW,Torino,it Serie A,29,1991,29,15,"1,491",16.6,6,0,6,6,0,0,4,0,0.36,0,0.36,0.36,0.36,Matches
2802,Deyovaisio Zeefuik,nl NED,"MF,DF",Hertha BSC,de Bundesliga,22,1998,22,10,905,10.1,1,0,1,1,0,0,4,1,0.1,0,0.1,0.1,0.1,Matches
2803,Marvin Zeegelaar,nl NED,"MF,DF",Udinese,it Serie A,29,1990,24,23,"1,740",19.3,1,0,1,1,0,0,6,0,0.05,0,0.05,0.05,0.05,Matches
2804,Arber Zeneli,xk KVX,MF,Reims,fr Ligue 1,25,1995,28,14,"1,289",14.3,3,3,6,3,0,0,1,0,0.21,0.21,0.42,0.21,0.42,Matches
2805,Robin Zentner,de GER,GK,Mainz 05,de Bundesliga,25,1994,31,31,"2,790",31,0,0,0,0,0,0,2,0,0,0,0,0,0,Matches
2806,Andi Zeqiri,ch SUI,FW,Brighton,eng Premier League,21,1999,9,0,171,1.9,0,0,0,0,0,0,0,0,0,0,0,0,0,Matches
2807,Mehdi Zerkane,dz ALG,"MF,FW",Bordeaux,fr Ligue 1,21,1999,27,15,"1,187",13.2,1,1,2,1,0,0,3,1,0.08,0.08,0.15,0.08,0.15,Matches
2808,Ron-Robert Zieler,de GER,GK,Köln,de Bundesliga,31,1989,1,0,51,0.6,0,0,0,0,0,0,0,0,0,0,0,0,0,Matches
2809,Piotr Zieliński,pl POL,MF,Napoli,it Serie A,26,1994,36,32,"2,523",28,8,10,18,8,0,0,2,0,0.29,0.36,0.64,0.29,0.64,Matches
2810,Oleksandr Zinchenko,ua UKR,DF,Manchester City,eng Premier League,23,1996,20,15,"1,478",16.4,0,0,0,0,0,0,0,0,0,0,0,0,0,Matches
2811,Joshua Zirkzee,nl NED,FW,Bayern Munich,de Bundesliga,19,2001,3,1,92,1,0,0,0,0,0,0,0,0,0,0,0,0,0,Matches
2812,Joshua Zirkzee,nl NED,FW,Parma,it Serie A,19,2001,4,0,113,1.3,0,0,0,0,0,0,0,0,0,0,0,0,0,Matches
2813,Hakim Ziyech,ma MAR,"FW,MF",Chelsea,eng Premier League,27,1993,23,15,"1,172",13,2,3,5,2,0,0,3,0,0.15,0.23,0.38,0.15,0.38,Matches
2814,Jeroen Zoet,nl NED,GK,Spezia,it Serie A,29,1991,7,7,603,6.7,0,0,0,0,0,0,1,0,0,0,0,0,0,Matches
2815,Kévin Zohi,ml MLI,MF,Strasbourg,fr Ligue 1,23,1996,23,2,436,4.8,2,0,2,2,0,0,0,0,0.41,0,0.41,0.41,0.41,Matches
2816,Kurt Zouma,fr FRA,DF,Chelsea,eng Premier League,25,1994,24,22,"2,029",22.5,5,0,5,5,0,0,3,0,0.22,0,0.22,0.22,0.22,Matches
2817,Igor Zubeldia,es ESP,DF,Real Sociedad,es La Liga,23,1997,24,21,"1,959",21.8,1,1,2,1,0,0,5,0,0.05,0.05,0.09,0.05,0.09,Matches
2818,Steven Zuber,ch SUI,MF,Frankfurt,de Bundesliga,28,1991,20,6,585,6.5,0,3,3,0,0,0,1,0,0,0.46,0.46,0,0.46,Matches
2819,Martín Zubimendi,es ESP,MF,Real Sociedad,es La Liga,21,1999,31,17,"1,882",20.9,0,0,0,0,0,0,6,0,0,0,0,0,0,Matches
2820,Martin Ødegaard,no NOR,MF,Arsenal,eng Premier League,21,1998,14,9,866,9.6,1,2,3,1,0,0,0,0,0.1,0.21,0.31,0.1,0.31,Matches
2821,Martin Ødegaard,no NOR,MF,Real Madrid,es La Liga,21,1998,7,3,234,2.6,0,0,0,0,0,0,0,0,0,0,0,0,0,Matches
2822,Filip Đuričić,rs SRB,MF,Sassuolo,it Serie A,28,1992,32,27,"2,079",23.1,5,4,9,4,1,1,5,0,0.22,0.17,0.39,0.17,0.35,Matches