Rk,Player,Nation,Pos,Squad,Comp,Age,Born,MP,Starts,Min,90s,Gls,Ast,G+A,G-PK,PK,PKatt,CrdY,CrdR,Gls,Ast,G+A,G-PK,G+A-PK,Matches
1,Max Aarons,eng ENG,DF,Bournemouth,eng Premier League,23,2000,20,13,"1,237",13.7,0,1,1,0,0,0,1,0,0,0.07,0.07,0,0.07,Matches
2,Brenden Aaronson,us USA,"MF,FW",Union Berlin,de Bundesliga,22,2000,30,14,"1,267",14.1,2,2,4,2,0,0,3,1,0.14,0.14,0.28,0.14,0.28,Matches
3,Paxten Aaronson,us USA,MF,Frankfurt,de Bundesliga,19,2003,7,1,101,1.1,0,1,1,0,0,0,0,0,0,0.89,0.89,0,0.89,Matches
4,Keyliane Abdallah,fr FRA,FW,Marseille,fr Ligue 1,17,2006,1,0,4,0,0,0,0,0,0,0,0,0,0,0,0,0,0,Matches
5,Yunis Abdelhamid,ma MAR,DF,Reims,fr Ligue 1,35,1987,31,31,"2,781",30.9,4,0,4,3,1,1,5,0,0.13,0,0.13,0.1,0.1,Matches
6,Salis Abdul Samed,gh GHA,MF,Lens,fr Ligue 1,23,2000,27,17,"1,519",16.9,0,0,0,0,0,0,2,0,0,0,0,0,0,Matches
7,Nabil Aberdin,fr FRA,DF,Getafe,es La Liga,20,2002,2,2,180,2,0,0,0,0,0,0,0,0,0,0,0,0,0,Matches
8,Laurent Abergel,fr FRA,MF,Lorient,fr Ligue 1,30,1993,33,32,"2,860",31.8,2,1,3,2,0,0,4,0,0.06,0.03,0.09,0.06,0.09,Matches
9,Matthis Abline,fr FRA,"FW,MF",Nantes,fr Ligue 1,20,2003,22,12,"1,044",11.6,5,0,5,5,0,0,1,0,0.43,0,0.43,0.43,0.43,Matches
10,Abner,br BRA,DF,Real Betis,es La Liga,23,2000,23,15,"1,400",15.6,0,1,1,0,0,0,3,0,0,0.06,0.06,0,0.06,Matches
11,Zakaria Aboukhlal,ma MAR,"FW,MF",Toulouse,fr Ligue 1,23,2000,13,9,754,8.4,3,0,3,2,1,1,2,0,0.36,0,0.36,0.24,0.24,Matches
12,Abdel Abqar,ma MAR,DF,Alavés,es La Liga,24,1999,27,27,"2,312",25.7,0,0,0,0,0,0,10,0,0,0,0,0,0,Matches
13,Tammy Abraham,eng ENG,FW,Roma,it Serie A,25,1997,8,2,242,2.7,1,0,1,1,0,0,1,0,0.37,0,0.37,0.37,0.37,Matches
14,Francesco Acerbi,it ITA,DF,Inter,it Serie A,35,1988,29,26,"2,388",26.5,3,1,4,3,0,0,1,0,0.11,0.04,0.15,0.11,0.15,Matches
15,Joshua Acheampong,eng ENG,DF,Chelsea,eng Premier League,17,2006,1,0,6,0.1,0,0,0,0,0,0,0,0,0,0,0,0,0,Matches
16,Marcos Acuña,ar ARG,"DF,MF",Sevilla,es La Liga,31,1991,21,18,"1,292",14.4,1,2,3,1,0,0,7,0,0.07,0.14,0.21,0.07,0.21,Matches
17,Akor Adams,ng NGA,FW,Montpellier,fr Ligue 1,23,2000,32,27,"2,252",25,8,1,9,8,0,0,2,0,0.32,0.04,0.36,0.32,0.36,Matches
18,Tyler Adams,us USA,MF,Bournemouth,eng Premier League,24,1999,3,1,121,1.3,0,0,0,0,0,0,0,0,0,0,0,0,0,Matches
19,Junior Adamu,at AUT,FW,Freiburg,de Bundesliga,22,2001,15,0,105,1.2,0,0,0,0,0,0,0,0,0,0,0,0,0,Matches
20,Sargis Adamyan,am ARM,"FW,MF",Köln,de Bundesliga,30,1993,20,8,801,8.9,1,2,3,1,0,0,2,0,0.11,0.22,0.34,0.11,0.34,Matches
21,Tosin Adarabioyo,eng ENG,DF,Fulham,eng Premier League,25,1997,20,18,"1,617",18,2,0,2,2,0,0,2,0,0.11,0,0.11,0.11,0.11,Matches
22,Elijah Adebayo,eng ENG,FW,Luton Town,eng Premier League,25,1998,27,16,"1,419",15.8,10,0,10,10,0,0,1,0,0.63,0,0.63,0.63,0.63,Matches
23,Karim Adeyemi,de GER,"FW,MF",Dortmund,de Bundesliga,21,2002,21,10,913,10.1,3,1,4,3,0,0,6,1,0.3,0.1,0.39,0.3,0.39,Matches
24,Simon Adingra,ci CIV,MF,Brighton,eng Premier League,21,2002,31,25,"2,222",24.7,6,1,7,6,0,0,3,0,0.24,0.04,0.28,0.24,0.28,Matches
25,Nathaniel Adjei,gh GHA,DF,Lorient,fr Ligue 1,20,2002,15,14,"1,243",13.8,0,0,0,0,0,0,2,0,0,0,0,0,0,Matches
Rk,Player,Nation,Pos,Squad,Comp,Age,Born,MP,Starts,Min,90s,Gls,Ast,G+A,G-PK,PK,PKatt,CrdY,CrdR,Gls,Ast,G+A,G-PK,G+A-PK,Matches
26,Amine Adli,ma MAR,"MF,FW",Leverkusen,de Bundesliga,23,2000,23,8,898,10,4,6,10,4,0,0,5,0,0.4,0.6,1,0.4,1,Matches
27,Yacine Adli,fr FRA,MF,Milan,it Serie A,23,2000,24,17,"1,407",15.6,1,2,3,1,0,0,3,0,0.06,0.13,0.19,0.06,0.19,Matches
28,Adryelson,br BRA,DF,Lyon,fr Ligue 1,25,1998,2,0,6,0.1,0,0,0,0,0,0,0,0,0,0,0,0,0,Matches
29,Adson,br BRA,MF,Nantes,fr Ligue 1,22,2000,8,2,238,2.6,0,0,0,0,0,0,0,0,0,0,0,0,0,Matches
30,Michel Aebischer,ch SUI,MF,Bologna,it Serie A,26,1997,36,26,"2,230",24.8,0,1,1,0,0,0,8,0,0,0.04,0.04,0,0.04,Matches
31,Emmanuel Agbadou,ci CIV,DF,Reims,fr Ligue 1,26,1997,32,29,"2,596",28.8,1,1,2,1,0,0,1,0,0.03,0.03,0.07,0.03,0.07,Matches
32,Julen Agirrezabala,es ESP,GK,Athletic Club,es La Liga,22,2000,4,2,238,2.6,0,0,0,0,0,0,0,0,0,0,0,0,0,Matches
33,Lucien Agoume,fr FRA,MF,Sevilla,es La Liga,21,2002,12,9,777,8.6,0,0,0,0,0,0,3,0,0,0,0,0,0,Matches
34,Lucien Agoume,fr FRA,MF,Inter,it Serie A,21,2002,1,0,5,0.1,0,0,0,0,0,0,0,0,0,0,0,0,0,Matches
35,Felix Agu,ng NGA,MF,Werder Bremen,de Bundesliga,23,1999,24,19,"1,614",17.9,0,0,0,0,0,0,2,0,0,0,0,0,0,Matches
36,Nayef Aguerd,ma MAR,DF,West Ham,eng Premier League,27,1996,21,21,"1,857",20.6,1,0,1,1,0,0,3,1,0.05,0,0.05,0.05,0.05,Matches
37,Ruben Aguilar,fr FRA,"MF,DF",Lens,fr Ligue 1,30,1993,25,22,"1,922",21.4,1,3,4,1,0,0,3,0,0.05,0.14,0.19,0.05,0.19,Matches
38,Brandon Aguilera,cr CRC,MF,Nottingham,eng Premier League,20,2003,1,0,5,0.1,0,0,0,0,0,0,0,0,0,0,0,0,0,Matches
39,Naouirou Ahamada,fr FRA,MF,Crystal Palace,eng Premier League,21,2002,20,0,349,3.9,0,0,0,0,0,0,4,1,0,0,0,0,0,Matches
40,Anel Ahmedhodžić,ba BIH,DF,Sheffield United,eng Premier League,24,1999,31,29,"2,649",29.4,2,0,2,2,0,0,11,1,0.07,0,0.07,0.07,0.07,Matches
41,Joseph Aidoo,gh GHA,DF,Celta Vigo,es La Liga,27,1995,6,4,407,4.5,0,0,0,0,0,0,0,0,0,0,0,0,0,Matches
42,Ola Aina,ng NGA,"DF,MF",Nottingham,eng Premier League,26,1996,22,20,"1,692",18.8,1,1,2,1,0,0,3,0,0.05,0.05,0.11,0.05,0.11,Matches
43,Rayan Aït-Nouri,dz ALG,"MF,DF",Wolves,eng Premier League,22,2001,33,29,"2,329",25.9,2,1,3,2,0,0,7,0,0.08,0.04,0.12,0.08,0.12,Matches
44,Tosin Aiyegun,bj BEN,"MF,FW",Lorient,fr Ligue 1,25,1998,19,10,902,10,2,0,2,2,0,0,0,1,0.2,0,0.2,0.2,0.2,Matches
45,Kristoffer Ajer,no NOR,DF,Brentford,eng Premier League,25,1998,28,21,"1,832",20.4,2,1,3,2,0,0,5,0,0.1,0.05,0.15,0.1,0.15,Matches
46,Ludovic Ajorque,fr FRA,FW,Mainz 05,de Bundesliga,29,1994,26,15,"1,360",15.1,2,0,2,2,0,2,4,0,0.13,0,0.13,0.13,0.13,Matches
47,Manuel Akanji,ch SUI,"DF,MF",Manchester City,eng Premier League,28,1995,30,28,"2,511",27.9,2,0,2,2,0,0,4,1,0.07,0,0.07,0.07,0.07,Matches
48,Marley Aké,fr FRA,"FW,MF",Udinese,it Serie A,22,2001,1,0,10,0.1,0,0,0,0,0,0,0,0,0,0,0,0,0,Matches
49,Nathan Aké,nl NED,DF,Manchester City,eng Premier League,28,1995,29,24,"2,042",22.7,2,2,4,2,0,0,0,0,0.09,0.09,0.18,0.09,0.18,Matches
50,Ilias Akhomach,ma MAR,MF,Villarreal,es La Liga,19,2004,31,17,"1,511",16.8,2,2,4,2,0,0,4,0,0.12,0.12,0.24,0.12,0.24,Matches
Rk,Player,Nation,Pos,Squad,Comp,Age,Born,MP,Starts,Min,90s,Gls,Ast,G+A,G-PK,PK,PKatt,CrdY,CrdR,Gls,Ast,G+A,G-PK,G+A-PK,Matches
51,Sergio Akieme,es ESP,"DF,MF",Almería,es La Liga,25,1997,19,19,"1,675",18.6,2,0,2,2,0,0,2,0,0.11,0,0.11,0.11,0.11,Matches
52,Sergio Akieme,es ESP,"DF,MF",Reims,fr Ligue 1,25,1997,13,8,818,9.1,2,0,2,2,0,0,2,0,0.22,0,0.22,0.22,0.22,Matches
53,Ebenezer Akinsanmiro,ng NGA,MF,Inter,it Serie A,18,2004,1,0,15,0.2,0,0,0,0,0,0,0,0,0,0,0,0,0,Matches
54,Maghnes Akliouche,fr FRA,MF,Monaco,fr Ligue 1,21,2002,28,18,"1,613",17.9,7,4,11,7,0,0,5,0,0.39,0.22,0.61,0.39,0.61,Matches
55,Paul Akouokou,ci CIV,MF,Lyon,fr Ligue 1,25,1997,8,4,307,3.4,0,0,0,0,0,0,1,0,0,0,0,0,0,Matches
56,Paul Akouokou,ci CIV,MF,Real Betis,es La Liga,25,1997,2,0,27,0.3,0,0,0,0,0,0,0,0,0,0,0,0,0,Matches
57,Jean-Daniel Akpa-Akpro,ci CIV,"MF,DF",Monza,it Serie A,30,1992,19,8,705,7.8,0,0,0,0,0,0,5,0,0,0,0,0,0,Matches
58,David Akpan Ankeye,ng NGA,FW,Genoa,it Serie A,21,2002,6,0,57,0.6,0,0,0,0,0,0,0,0,0,0,0,0,0,Matches
59,Kevin Akpoguma,ng NGA,DF,Hoffenheim,de Bundesliga,28,1995,17,11,"1,097",12.2,0,0,0,0,0,0,7,0,0,0,0,0,0,Matches
60,David Alaba,at AUT,DF,Real Madrid,es La Liga,31,1992,14,14,"1,154",12.8,0,1,1,0,0,0,2,0,0,0.08,0.08,0,0.08,Matches
61,Luis Alberto,es ESP,MF,Lazio,it Serie A,30,1992,33,29,"2,311",25.7,5,7,12,5,0,0,7,0,0.19,0.27,0.47,0.19,0.47,Matches
62,Raúl Albiol,es ESP,DF,Villarreal,es La Liga,37,1985,26,24,"2,031",22.6,0,1,1,0,0,0,6,0,0,0.04,0.04,0,0.04,Matches
63,Thiago Alcántara,es ESP,MF,Liverpool,eng Premier League,32,1991,1,0,6,0.1,0,0,0,0,0,0,0,0,0,0,0,0,0,Matches
64,Carlos Alcaraz,ar ARG,MF,Juventus,it Serie A,20,2002,10,3,380,4.2,0,1,1,0,0,0,0,0,0,0.24,0.24,0,0.24,Matches
65,Rubén Alcaraz,es ESP,MF,Cádiz,es La Liga,32,1991,36,36,"3,134",34.8,3,1,4,1,2,2,14,0,0.09,0.03,0.11,0.03,0.06,Matches
66,Omar Alderete,py PAR,DF,Getafe,es La Liga,26,1996,31,24,"2,195",24.4,0,1,1,0,0,0,8,1,0,0.04,0.04,0,0.04,Matches
67,Iván Alejo,es ESP,MF,Cádiz,es La Liga,28,1995,30,21,"1,692",18.8,0,2,2,0,0,0,17,0,0,0.11,0.11,0,0.11,Matches
68,Carles Aleñá,es ESP,MF,Getafe,es La Liga,25,1998,29,10,"1,020",11.3,1,1,2,1,0,0,6,0,0.09,0.09,0.18,0.09,0.18,Matches
69,Trent Alexander-Arnold,eng ENG,DF,Liverpool,eng Premier League,24,1998,28,25,"2,155",23.9,3,4,7,3,0,0,6,0,0.13,0.17,0.29,0.13,0.29,Matches
70,Aboubacar Ali,km COM,FW,Strasbourg,fr Ligue 1,17,2006,9,1,130,1.4,0,1,1,0,0,0,0,0,0,0.69,0.69,0,0.69,Matches
71,Mohamed Ali Cho,fr FRA,FW,Nice,fr Ligue 1,19,2004,17,11,861,9.6,1,2,3,1,0,0,2,0,0.1,0.21,0.31,0.1,0.31,Matches
72,Mohamed Ali Cho,fr FRA,FW,Real Sociedad,es La Liga,19,2004,11,1,249,2.8,0,0,0,0,0,0,0,0,0,0,0,0,0,Matches
73,Faride Alidou,de GER,"MF,FW",Köln,de Bundesliga,22,2001,26,14,"1,282",14.2,4,0,4,4,0,0,4,0,0.28,0,0.28,0.28,0.28,Matches
74,Nabil Alioui,fr FRA,"MF,FW",Le Havre,fr Ligue 1,24,1999,18,12,"1,009",11.2,4,1,5,4,0,0,1,0,0.36,0.09,0.45,0.36,0.45,Matches
75,Alisson,br BRA,GK,Liverpool,eng Premier League,30,1992,28,28,"2,520",28,0,0,0,0,0,0,1,0,0,0,0,0,0,Matches
Rk,Player,Nation,Pos,Squad,Comp,Age,Born,MP,Starts,Min,90s,Gls,Ast,G+A,G-PK,PK,PKatt,CrdY,CrdR,Gls,Ast,G+A,G-PK,G+A-PK,Matches
76,Tadeo Allende,ar ARG,MF,Celta Vigo,es La Liga,24,1999,10,2,336,3.7,1,0,1,1,0,0,1,0,0.27,0,0.27,0.27,0.27,Matches
77,Jim Allevinah,ga GAB,MF,Clermont Foot,fr Ligue 1,28,1995,29,22,"1,861",20.7,2,1,3,2,0,0,1,0,0.1,0.05,0.15,0.1,0.15,Matches
78,André Almeida,pt POR,"FW,MF",Valencia,es La Liga,23,2000,18,12,965,10.7,2,1,3,2,0,0,0,0,0.19,0.09,0.28,0.19,0.28,Matches
79,Miguel Almirón,py PAR,FW,Newcastle,eng Premier League,29,1994,33,23,"1,937",21.5,3,1,4,3,0,0,2,0,0.14,0.05,0.19,0.14,0.19,Matches
80,Pontus Almqvist,se SWE,"FW,MF",Lecce,it Serie A,24,1999,30,25,"2,107",23.4,2,1,3,2,0,0,5,0,0.09,0.04,0.13,0.09,0.13,Matches
81,Marcos Alonso,es ESP,DF,Barcelona,es La Liga,32,1990,5,3,252,2.8,0,0,0,0,0,0,0,0,0,0,0,0,0,Matches
82,Adrià Altimira,es ESP,"DF,MF",Villarreal,es La Liga,22,2001,11,10,775,8.6,0,0,0,0,0,0,3,0,0,0,0,0,0,Matches
83,Sergi Altimira,es ESP,MF,Real Betis,es La Liga,21,2001,14,6,568,6.3,1,0,1,1,0,0,1,0,0.16,0,0.16,0.16,0.16,Matches
84,Edson Álvarez,mx MEX,MF,West Ham,eng Premier League,25,1997,31,28,"2,377",26.4,1,1,2,1,0,0,11,0,0.04,0.04,0.08,0.04,0.08,Matches
85,Gastón Álvarez,uy URU,DF,Getafe,es La Liga,23,2000,34,29,"2,537",28.2,2,0,2,2,0,0,7,0,0.07,0,0.07,0.07,0.07,Matches
86,Hugo Álvarez,es ESP,"MF,FW",Celta Vigo,es La Liga,20,2003,12,8,762,8.5,1,1,2,1,0,0,1,0,0.12,0.12,0.24,0.12,0.24,Matches
87,Julián Álvarez,ar ARG,"MF,FW",Manchester City,eng Premier League,23,2000,36,31,"2,647",29.4,11,8,19,9,2,2,2,0,0.37,0.27,0.65,0.31,0.58,Matches
88,Yeray Álvarez,es ESP,DF,Athletic Club,es La Liga,28,1995,19,14,"1,152",12.8,0,0,0,0,0,0,1,1,0,0,0,0,0,Matches
89,Skelly Alvero,fr FRA,MF,Werder Bremen,de Bundesliga,21,2002,6,1,123,1.4,1,0,1,1,0,0,1,0,0.73,0,0.73,0.73,0.73,Matches
90,Skelly Alvero,fr FRA,MF,Lyon,fr Ligue 1,21,2002,8,6,426,4.7,1,0,1,1,0,0,2,0,0.21,0,0.21,0.21,0.21,Matches
91,Papa Amadou Diallo,sn SEN,"MF,FW",Metz,fr Ligue 1,19,2004,16,9,889,9.9,2,1,3,2,0,0,1,0,0.2,0.1,0.3,0.2,0.3,Matches
92,Selim Amallah,ma MAR,"MF,FW",Valencia,es La Liga,26,1996,20,7,604,6.7,0,1,1,0,0,0,5,1,0,0.15,0.15,0,0.15,Matches
93,Amath,sn SEN,"FW,MF",Mallorca,es La Liga,27,1996,15,3,394,4.4,0,0,0,0,0,0,2,0,0,0,0,0,0,Matches
94,Lorenzo Amatucci,it ITA,MF,Fiorentina,it Serie A,19,2004,2,0,22,0.2,0,0,0,0,0,0,0,0,0,0,0,0,0,Matches
95,Jordan Amavi,fr FRA,DF,Brest,fr Ligue 1,29,1994,2,1,91,1,1,0,1,1,0,0,1,0,0.99,0,0.99,0.99,0.99,Matches
96,Zeki Amdouni,ch SUI,FW,Burnley,eng Premier League,22,2000,34,27,"1,953",21.7,5,1,6,4,1,1,2,0,0.23,0.05,0.28,0.18,0.23,Matches
97,Kelvin Amian,fr FRA,DF,Nantes,fr Ligue 1,25,1998,12,11,798,8.9,0,1,1,0,0,0,2,0,0,0.11,0.11,0,0.11,Matches
98,Bruno Amione,ar ARG,DF,Hellas Verona,it Serie A,21,2002,10,7,579,6.4,0,0,0,0,0,0,2,0,0,0,0,0,0,Matches
99,Michael Amir Murillo,pa PAN,"DF,MF",Marseille,fr Ligue 1,27,1996,16,10,997,11.1,3,2,5,3,0,0,3,0,0.27,0.18,0.45,0.27,0.45,Matches
100,Nadiem Amiri,de GER,MF,Mainz 05,de Bundesliga,26,1996,15,15,"1,315",14.6,1,4,5,1,0,1,5,0,0.07,0.27,0.34,0.07,0.34,Matches
Rk,Player,Nation,Pos,Squad,Comp,Age,Born,MP,Starts,Min,90s,Gls,Ast,G+A,G-PK,PK,PKatt,CrdY,CrdR,Gls,Ast,G+A,G-PK,G+A-PK,Matches
101,Nadiem Amiri,de GER,MF,Leverkusen,de Bundesliga,26,1996,8,1,86,1,0,0,0,0,0,0,0,0,0,0,0,0,0,Matches
102,Kofi Amoako,de GER,MF,Wolfsburg,de Bundesliga,18,2005,2,0,2,0,0,0,0,0,0,0,0,0,0,0,0,0,0,Matches
103,Sofyan Amrabat,ma MAR,"MF,DF",Manchester Utd,eng Premier League,26,1996,21,10,938,10.4,0,0,0,0,0,0,6,0,0,0,0,0,0,Matches
104,Joachim Andersen,dk DEN,DF,Crystal Palace,eng Premier League,27,1996,38,38,"3,415",37.9,2,3,5,2,0,0,7,0,0.05,0.08,0.13,0.05,0.13,Matches
105,Elliot Anderson,eng ENG,"MF,FW",Newcastle,eng Premier League,20,2002,21,10,"1,027",11.4,0,2,2,0,0,0,3,0,0,0.18,0.18,0,0.18,Matches
106,Felipe Anderson,br BRA,"FW,MF",Lazio,it Serie A,30,1993,38,33,"2,770",30.8,5,6,11,5,0,0,3,0,0.16,0.19,0.36,0.16,0.36,Matches
107,Benjamin André,fr FRA,MF,Lille,fr Ligue 1,32,1990,30,29,"2,570",28.6,4,0,4,4,0,0,8,0,0.14,0,0.14,0.14,0.14,Matches
108,Komnen Andrić,rs SRB,FW,Clermont Foot,fr Ligue 1,28,1995,7,1,169,1.9,0,0,0,0,0,0,0,0,0,0,0,0,0,Matches
109,Robert Andrich,de GER,"MF,DF",Leverkusen,de Bundesliga,28,1994,28,18,"1,690",18.8,4,2,6,4,0,0,4,0,0.21,0.11,0.32,0.21,0.32,Matches
110,Miguel Ángel Rubio,es ESP,DF,Granada,es La Liga,25,1998,19,17,"1,560",17.3,1,0,1,1,0,0,5,0,0.06,0,0.06,0.06,0.06,Matches
111,Angeliño,es ESP,"DF,MF",Roma,it Serie A,26,1997,16,14,"1,141",12.7,0,1,1,0,0,0,2,0,0,0.08,0.08,0,0.08,Matches
112,Ângelo,br BRA,"MF,FW",Strasbourg,fr Ligue 1,18,2004,21,11,"1,094",12.2,0,3,3,0,0,0,1,0,0,0.25,0.25,0,0.25,Matches
113,Fabrizio Angileri,ar ARG,DF,Getafe,es La Liga,29,1994,11,2,164,1.8,0,0,0,0,0,0,2,1,0,0,0,0,0,Matches
114,Frank Anguissa,cm CMR,MF,Napoli,it Serie A,27,1995,34,32,"2,786",31,0,2,2,0,0,0,2,0,0,0.06,0.06,0,0.06,Matches
115,Jaidon Anthony,eng ENG,MF,Bournemouth,eng Premier League,23,1999,3,2,152,1.7,0,0,0,0,0,0,1,0,0,0,0,0,0,Matches
116,Waldemar Anton,de GER,DF,Stuttgart,de Bundesliga,27,1996,33,32,"2,886",32.1,0,3,3,0,0,0,7,0,0,0.09,0.09,0,0.09,Matches
117,Michail Antonio,jm JAM,FW,West Ham,eng Premier League,33,1990,26,21,"1,695",18.8,6,2,8,6,0,0,6,0,0.32,0.11,0.42,0.32,0.42,Matches
118,Antony,br BRA,MF,Manchester Utd,eng Premier League,23,2000,29,15,"1,324",14.7,1,1,2,1,0,0,5,0,0.07,0.07,0.14,0.07,0.14,Matches
119,Christopher Antwi-Adjei,gh GHA,"FW,MF",Bochum,de Bundesliga,29,1994,25,11,"1,216",13.5,2,2,4,2,0,0,5,0,0.15,0.15,0.3,0.15,0.3,Matches
120,Houssem Aouar,dz ALG,"MF,FW",Roma,it Serie A,25,1998,16,9,756,8.4,4,0,4,4,0,0,3,0,0.48,0,0.48,0.48,0.48,Matches
121,Stredair Appuah,fr FRA,FW,Nantes,fr Ligue 1,19,2004,4,0,84,0.9,0,0,0,0,0,0,0,0,0,0,0,0,0,Matches
122,Mauro Arambarri,uy URU,MF,Getafe,es La Liga,27,1995,7,3,339,3.8,0,0,0,0,0,0,2,0,0,0,0,0,0,Matches
123,Jon Aramburu,ve VEN,"DF,MF",Real Sociedad,es La Liga,21,2002,11,5,543,6,0,0,0,0,0,0,3,0,0,0,0,0,0,Matches
124,Asaf Arania,il ISR,FW,Darmstadt 98,de Bundesliga,17,2005,1,0,6,0.1,0,0,0,0,0,0,0,0,0,0,0,0,0,Matches
125,Julian Araujo,mx MEX,DF,Las Palmas,es La Liga,21,2001,25,15,"1,462",16.2,1,0,1,1,0,0,5,0,0.06,0,0.06,0.06,0.06,Matches
Rk,Player,Nation,Pos,Squad,Comp,Age,Born,MP,Starts,Min,90s,Gls,Ast,G+A,G-PK,PK,PKatt,CrdY,CrdR,Gls,Ast,G+A,G-PK,G+A-PK,Matches
126,Ronald Araújo,uy URU,DF,Barcelona,es La Liga,24,1999,25,21,"1,997",22.2,1,2,3,1,0,0,6,0,0.05,0.09,0.14,0.05,0.14,Matches
127,Oliver Arblaster,eng ENG,MF,Sheffield United,eng Premier League,19,2004,12,11,943,10.5,0,0,0,0,0,0,2,0,0,0,0,0,0,Matches
128,Cameron Archer,eng ENG,"FW,MF",Sheffield United,eng Premier League,22,2001,29,21,"1,832",20.4,4,1,5,4,0,0,1,0,0.2,0.05,0.25,0.2,0.25,Matches
129,Cameron Archer,eng ENG,"FW,MF",Aston Villa,eng Premier League,22,2001,1,0,6,0.1,0,0,0,0,0,0,1,0,0,0,0,0,0,Matches
130,Alphonse Areola,fr FRA,GK,West Ham,eng Premier League,30,1993,31,31,"2,699",30,0,0,0,0,0,0,1,0,0,0,0,0,0,Matches
131,Adu Ares,es ESP,MF,Athletic Club,es La Liga,21,2001,12,2,265,2.9,0,0,0,0,0,0,2,0,0,0,0,0,0,Matches
132,Jesús Areso,es ESP,"DF,MF",Osasuna,es La Liga,24,1999,37,29,"2,660",29.6,1,6,7,1,0,0,3,0,0.03,0.2,0.24,0.03,0.24,Matches
133,Simone Aresti,it ITA,GK,Cagliari,it Serie A,37,1986,1,0,1,0,0,0,0,0,0,0,0,0,0,0,0,0,0,Matches
134,Matias Arezo,uy URU,FW,Granada,es La Liga,20,2002,14,3,369,4.1,0,0,0,0,0,0,1,0,0,0,0,0,0,Matches
135,Iñigo Arguibide,es ESP,FW,Osasuna,es La Liga,18,2005,1,0,17,0.2,0,0,0,0,0,0,0,0,0,0,0,0,0,Matches
136,Yoël Armougom,fr FRA,"MF,DF",Clermont Foot,fr Ligue 1,25,1998,5,2,234,2.6,0,0,0,0,0,0,1,0,0,0,0,0,0,Matches
137,José Arnaiz,es ESP,"FW,MF",Osasuna,es La Liga,28,1995,26,9,929,10.3,2,1,3,2,0,0,3,0,0.19,0.1,0.29,0.19,0.29,Matches
138,Marko Arnautović,at AUT,FW,Inter,it Serie A,34,1989,27,5,801,8.9,5,3,8,5,0,0,0,0,0.56,0.34,0.9,0.56,0.9,Matches
139,Maximilian Arnold,de GER,MF,Wolfsburg,de Bundesliga,29,1994,30,27,"2,506",27.8,2,1,3,2,0,0,9,0,0.07,0.04,0.11,0.07,0.11,Matches
140,Mohamed El Arouch,fr FRA,MF,Lyon,fr Ligue 1,19,2004,1,0,2,0,0,0,0,0,0,0,0,0,0,0,0,0,0,Matches
141,Sergio Arribas,es ESP,"MF,FW",Almería,es La Liga,21,2001,34,22,"2,047",22.7,9,4,13,9,0,0,1,0,0.4,0.18,0.57,0.4,0.57,Matches
142,Kepa Arrizabalaga,es ESP,GK,Real Madrid,es La Liga,28,1994,14,13,"1,198",13.3,0,0,0,0,0,0,1,0,0,0,0,0,0,Matches
143,Arthur,br BRA,MF,Leverkusen,de Bundesliga,20,2003,4,2,184,2,0,2,2,0,0,0,0,0,0,0.98,0.98,0,0.98,Matches
144,Takuma Asano,jp JPN,"FW,MF",Bochum,de Bundesliga,28,1994,29,26,"1,986",22.1,6,1,7,6,0,0,2,0,0.27,0.05,0.32,0.27,0.32,Matches
145,Marco Asensio,es ESP,"MF,FW",PSG,fr Ligue 1,27,1996,19,13,"1,113",12.4,4,5,9,4,0,0,0,0,0.32,0.4,0.73,0.32,0.73,Matches
146,Kristjan Asllani,al ALB,MF,Inter,it Serie A,21,2002,23,6,787,8.7,1,2,3,1,0,0,1,0,0.11,0.23,0.34,0.11,0.34,Matches
147,Joel Asoro,se SWE,"MF,FW",Metz,fr Ligue 1,24,1999,20,10,848,9.4,2,1,3,2,0,0,2,0,0.21,0.11,0.32,0.21,0.32,Matches
148,Jonathan Asp Jensen,dk DEN,FW,Bayern Munich,de Bundesliga,17,2006,1,0,1,0,0,0,0,0,0,0,0,0,0,0,0,0,0,Matches
149,Iago Aspas,es ESP,FW,Celta Vigo,es La Liga,35,1987,35,31,"2,707",30.1,9,10,19,6,3,5,6,1,0.3,0.33,0.63,0.2,0.53,Matches
150,Lorenz Assignon,tg TOG,DF,Burnley,eng Premier League,23,2000,15,15,"1,234",13.7,1,2,3,1,0,0,5,1,0.07,0.15,0.22,0.07,0.22,Matches
Rk,Player,Nation,Pos,Squad,Comp,Age,Born,MP,Starts,Min,90s,Gls,Ast,G+A,G-PK,PK,PKatt,CrdY,CrdR,Gls,Ast,G+A,G-PK,G+A-PK,Matches
151,Lorenz Assignon,tg TOG,DF,Rennes,fr Ligue 1,23,2000,14,12,"1,011",11.2,1,1,2,1,0,0,4,0,0.09,0.09,0.18,0.09,0.18,Matches
152,Youcef Atal,dz ALG,DF,Nice,fr Ligue 1,27,1996,6,5,359,4,1,0,1,1,0,0,2,0,0.25,0,0.25,0.25,0.25,Matches
153,Valentin Atangana Edoa,fr FRA,MF,Reims,fr Ligue 1,17,2005,15,7,555,6.2,0,0,0,0,0,0,0,0,0,0,0,0,0,Matches
154,Arthur Atta,fr FRA,MF,Metz,fr Ligue 1,20,2003,21,10,924,10.3,1,2,3,1,0,0,0,0,0.1,0.19,0.29,0.1,0.29,Matches
155,Noah Atubolu,de GER,GK,Freiburg,de Bundesliga,21,2002,34,34,"3,060",34,0,0,0,0,0,0,0,0,0,0,0,0,0,Matches
156,Pierre-Emerick Aubameyang,ga GAB,FW,Marseille,fr Ligue 1,34,1989,34,30,"2,622",29.1,17,8,25,13,4,4,4,0,0.58,0.27,0.86,0.45,0.72,Matches
157,Emil Audero,id IDN,GK,Inter,it Serie A,26,1997,4,4,337,3.7,0,0,0,0,0,0,0,0,0,0,0,0,0,Matches
158,Tommaso Augello,it ITA,"DF,MF",Cagliari,it Serie A,28,1994,32,28,"2,418",26.9,1,1,2,1,0,0,5,0,0.04,0.04,0.07,0.04,0.07,Matches
159,Carlos Augusto,br BRA,"MF,DF",Inter,it Serie A,24,1999,37,14,"1,725",19.2,0,3,3,0,0,0,1,0,0,0.16,0.16,0,0.16,Matches
160,Yann Aurel Bisseck,de GER,DF,Inter,it Serie A,22,2000,16,9,904,10,2,0,2,2,0,0,0,0,0.2,0,0.2,0.2,0.2,Matches
161,Serge Aurier,ci CIV,"DF,MF",Nottingham,eng Premier League,30,1992,12,10,833,9.3,0,2,2,0,0,0,2,0,0,0.22,0.22,0,0.22,Matches
162,Ezequiel Ávila,ar ARG,"FW,MF",Osasuna,es La Liga,29,1994,17,10,864,9.6,1,3,4,1,0,0,3,2,0.1,0.31,0.42,0.1,0.42,Matches
163,Ezequiel Ávila,ar ARG,"MF,FW",Real Betis,es La Liga,29,1994,6,4,298,3.3,1,0,1,1,0,0,4,1,0.3,0,0.3,0.3,0.3,Matches
164,Taiwo Awoniyi,ng NGA,FW,Nottingham,eng Premier League,25,1997,20,12,"1,042",11.6,6,3,9,6,0,0,2,0,0.52,0.26,0.78,0.52,0.78,Matches
165,André Ayew,gh GHA,"FW,MF",Le Havre,fr Ligue 1,33,1989,19,12,"1,104",12.3,5,0,5,5,0,0,2,1,0.41,0,0.41,0.41,0.41,Matches
166,Jordan Ayew,gh GHA,"MF,FW",Crystal Palace,eng Premier League,31,1991,35,30,"2,543",28.3,4,7,11,4,0,0,9,1,0.14,0.25,0.39,0.14,0.39,Matches
167,Neil El Aynaoui,ma MAR,MF,Lens,fr Ligue 1,22,2001,25,17,"1,566",17.4,1,2,3,1,0,0,1,0,0.06,0.11,0.17,0.06,0.17,Matches
168,Sardar Azmoun,ir IRN,"FW,MF",Roma,it Serie A,28,1995,23,3,585,6.5,3,0,3,3,0,0,4,0,0.46,0,0.46,0.46,0.46,Matches
169,César Azpilicueta,es ESP,"DF,MF",Atlético Madrid,es La Liga,33,1989,25,14,"1,423",15.8,0,2,2,0,0,0,4,0,0,0.13,0.13,0,0.13,Matches
170,Paulo Azzi,br BRA,"MF,DF",Cagliari,it Serie A,29,1994,25,9,950,10.6,0,0,0,0,0,0,1,0,0,0,0,0,0,Matches
171,Oussama El Azzouzi,ma MAR,MF,Bologna,it Serie A,22,2001,18,5,547,6.1,2,2,4,2,0,0,4,0,0.33,0.33,0.66,0.33,0.66,Matches
172,Abdellah Baallal,ma MAR,MF,Clermont Foot,fr Ligue 1,18,2004,1,0,4,0,0,0,0,0,0,0,0,0,0,0,0,0,0,Matches
173,Iddrisu Baba,gh GHA,MF,Almería,es La Liga,27,1996,25,14,"1,430",15.9,0,0,0,0,0,0,5,0,0,0,0,0,0,Matches
174,Srđan Babić,rs SRB,DF,Almería,es La Liga,27,1996,1,1,90,1,0,0,0,0,0,0,0,0,0,0,0,0,0,Matches
175,Shavy Babicka,ga GAB,"MF,FW",Toulouse,fr Ligue 1,23,2000,12,4,373,4.1,1,0,1,1,0,0,0,0,0.24,0,0.24,0.24,0.24,Matches
Rk,Player,Nation,Pos,Squad,Comp,Age,Born,MP,Starts,Min,90s,Gls,Ast,G+A,G-PK,PK,PKatt,CrdY,CrdR,Gls,Ast,G+A,G-PK,G+A-PK,Matches
176,Aliou Badara Baldé,gn GUI,FW,Nice,fr Ligue 1,20,2002,7,0,69,0.8,0,0,0,0,0,0,0,0,0,0,0,0,0,Matches
177,Loïc Bade,fr FRA,DF,Sevilla,es La Liga,23,2000,28,27,"2,277",25.3,0,1,1,0,0,0,5,1,0,0.04,0.04,0,0.04,Matches
178,Milan Badelj,hr CRO,MF,Genoa,it Serie A,34,1989,33,32,"2,535",28.2,1,3,4,1,0,0,6,0,0.04,0.11,0.14,0.04,0.14,Matches
179,Matthias Bader,de GER,"MF,DF",Darmstadt 98,de Bundesliga,26,1997,24,21,"1,802",20,1,2,3,1,0,0,1,0,0.05,0.1,0.15,0.05,0.15,Matches
180,Benoît Badiashile,fr FRA,DF,Chelsea,eng Premier League,22,2001,18,15,"1,338",14.9,0,1,1,0,0,0,3,0,0,0.07,0.07,0,0.07,Matches
181,Álex Baena,es ESP,"MF,FW",Villarreal,es La Liga,22,2001,34,33,"2,579",28.7,2,14,16,2,0,1,11,1,0.07,0.49,0.56,0.07,0.56,Matches
182,Jaime Báez,uy URU,"MF,FW",Frosinone,it Serie A,28,1995,11,6,500,5.6,1,0,1,1,0,0,1,0,0.18,0,0.18,0.18,0.18,Matches
183,Nicola Bagnolini,it ITA,GK,Bologna,it Serie A,19,2004,1,0,5,0.1,0,0,0,0,0,0,0,0,0,0,0,0,0,Matches
184,Leon Bailey,jm JAM,MF,Aston Villa,eng Premier League,25,1997,35,22,"2,068",23,10,9,19,10,0,0,5,0,0.44,0.39,0.83,0.44,0.83,Matches
185,Eric Bailly,ci CIV,DF,Villarreal,es La Liga,29,1994,10,9,839,9.3,0,0,0,0,0,0,4,0,0,0,0,0,0,Matches
186,Stefan Bajcetic,es ESP,MF,Liverpool,eng Premier League,18,2004,1,0,26,0.3,0,0,0,0,0,0,0,0,0,0,0,0,0,Matches
187,Nedim Bajrami,al ALB,"MF,FW",Sassuolo,it Serie A,24,1999,28,15,"1,310",14.6,2,2,4,2,0,0,0,0,0.14,0.14,0.27,0.14,0.27,Matches
188,Cédric Bakambu,cd COD,FW,Real Betis,es La Liga,32,1991,4,2,194,2.2,0,0,0,0,0,0,1,0,0,0,0,0,0,Matches
189,Tiemoué Bakayoko,fr FRA,MF,Lorient,fr Ligue 1,28,1994,20,15,"1,314",14.6,2,1,3,2,0,0,5,0,0.14,0.07,0.21,0.14,0.21,Matches
190,Mitchel Bakker,nl NED,MF,Atalanta,it Serie A,23,2000,14,3,382,4.2,1,0,1,1,0,0,1,0,0.24,0,0.24,0.24,0.24,Matches
191,Ridle Baku,de GER,"MF,DF",Wolfsburg,de Bundesliga,25,1998,33,22,"2,013",22.4,1,0,1,1,0,0,4,0,0.04,0,0.04,0.04,0.04,Matches
192,Dilane Bakwa,fr FRA,"MF,FW",Strasbourg,fr Ligue 1,20,2002,31,25,"2,177",24.2,3,6,9,3,0,0,4,1,0.12,0.25,0.37,0.12,0.37,Matches
193,Tommaso Baldanzi,it ITA,"MF,FW",Empoli,it Serie A,20,2003,14,8,745,8.3,2,0,2,2,0,0,1,0,0.24,0,0.24,0.24,0.24,Matches
194,Tommaso Baldanzi,it ITA,"MF,FW",Roma,it Serie A,20,2003,13,6,518,5.8,0,0,0,0,0,0,2,0,0,0,0,0,0,Matches
195,Alejandro Balde,es ESP,"DF,MF",Barcelona,es La Liga,19,2003,18,15,"1,378",15.3,0,1,1,0,0,0,1,0,0,0.07,0.07,0,0.07,Matches
196,George Baldock,gr GRE,"DF,MF",Sheffield United,eng Premier League,30,1993,13,11,969,10.8,0,1,1,0,0,0,4,0,0,0.09,0.09,0,0.09,Matches
197,Carlos Baleba,cm CMR,MF,Lille,fr Ligue 1,19,2004,2,1,61,0.7,0,0,0,0,0,0,0,0,0,0,0,0,0,Matches
198,Carlos Baleba,cm CMR,MF,Brighton,eng Premier League,19,2004,27,15,"1,325",14.7,0,0,0,0,0,0,7,0,0,0,0,0,0,Matches
199,Leonardo Balerdi,ar ARG,DF,Marseille,fr Ligue 1,24,1999,27,26,"2,271",25.2,2,0,2,2,0,0,6,1,0.08,0,0.08,0.08,0.08,Matches
200,Iván Balliu,al ALB,DF,Rayo Vallecano,es La Liga,31,1992,33,32,"2,873",31.9,0,1,1,0,0,0,4,0,0,0.03,0.03,0,0.03,Matches
Rk,Player,Nation,Pos,Squad,Comp,Age,Born,MP,Starts,Min,90s,Gls,Ast,G+A,G-PK,PK,PKatt,CrdY,CrdR,Gls,Ast,G+A,G-PK,G+A-PK,Matches
201,Fodé Ballo-Touré,sn SEN,"DF,MF",Fulham,eng Premier League,26,1997,6,0,71,0.8,0,0,0,0,0,0,1,0,0,0,0,0,0,Matches
202,Folarin Balogun,us USA,FW,Monaco,fr Ligue 1,22,2001,29,19,"1,692",18.8,7,5,12,7,0,3,1,0,0.37,0.27,0.64,0.37,0.64,Matches
203,Jonathan Bamba,ci CIV,"MF,FW",Celta Vigo,es La Liga,27,1996,27,24,"1,981",22,3,2,5,3,0,0,0,0,0.14,0.09,0.23,0.14,0.23,Matches
204,Mohamed Bamba,ci CIV,FW,Lorient,fr Ligue 1,21,2001,16,14,"1,138",12.6,8,3,11,7,1,1,3,0,0.63,0.24,0.87,0.55,0.79,Matches
205,Samuel Bamba,de GER,FW,Dortmund,de Bundesliga,19,2004,2,0,47,0.5,0,0,0,0,0,0,0,0,0,0,0,0,0,Matches
206,Lameck Banda,zm ZAM,"FW,MF",Lecce,it Serie A,22,2001,21,17,"1,350",15,2,4,6,2,0,0,5,1,0.13,0.27,0.4,0.13,0.4,Matches
207,Daniel Bandeira,pt POR,MF,Hellas Verona,it Serie A,23,2000,14,3,446,5,0,0,0,0,0,0,2,0,0,0,0,0,0,Matches
208,Mamady Bangré,bf BFA,MF,Toulouse,fr Ligue 1,22,2001,8,0,101,1.1,0,1,1,0,0,0,2,0,0,0.89,0.89,0,0.89,Matches
209,Mattia Bani,it ITA,DF,Genoa,it Serie A,29,1993,27,27,"2,306",25.6,2,0,2,2,0,0,9,0,0.08,0,0.08,0.08,0.08,Matches
210,Léo Baptistão,br BRA,"FW,MF",Almería,es La Liga,30,1992,32,22,"1,837",20.4,6,0,6,6,0,0,6,1,0.29,0,0.29,0.29,0.29,Matches
211,Shandon Baptiste,gd GRN,MF,Brentford,eng Premier League,25,1998,10,2,229,2.5,1,1,2,1,0,0,1,0,0.39,0.39,0.79,0.39,0.79,Matches
212,Antonín Barák,cz CZE,"MF,FW",Fiorentina,it Serie A,28,1994,21,8,808,9,2,3,5,2,0,0,2,0,0.22,0.33,0.56,0.22,0.56,Matches
213,Valentín Barco,ar ARG,DF,Brighton,eng Premier League,19,2004,6,3,307,3.4,0,0,0,0,0,0,1,0,0,0,0,0,0,Matches
214,Bradley Barcola,fr FRA,MF,Lyon,fr Ligue 1,20,2002,3,3,270,3,0,0,0,0,0,0,1,0,0,0,0,0,0,Matches
215,Bradley Barcola,fr FRA,"FW,MF",PSG,fr Ligue 1,20,2002,25,18,"1,370",15.2,4,7,11,4,0,0,3,1,0.26,0.46,0.72,0.26,0.72,Matches
216,Melvin Bard,fr FRA,DF,Nice,fr Ligue 1,22,2000,32,31,"2,654",29.5,1,2,3,1,0,0,7,1,0.03,0.07,0.1,0.03,0.1,Matches
217,Nicolò Barella,it ITA,MF,Inter,it Serie A,26,1997,37,34,"2,846",31.6,2,3,5,2,0,0,7,0,0.06,0.09,0.16,0.06,0.16,Matches
218,Kike Barja,es ESP,"FW,MF",Osasuna,es La Liga,26,1997,16,3,303,3.4,0,0,0,0,0,0,3,0,0,0,0,0,0,Matches
219,Ross Barkley,eng ENG,MF,Luton Town,eng Premier League,29,1993,32,30,"2,618",29.1,5,4,9,5,0,0,6,0,0.17,0.14,0.31,0.17,0.31,Matches
220,Aymen Barkok,ma MAR,MF,Mainz 05,de Bundesliga,25,1998,13,1,321,3.6,1,0,1,1,0,1,2,0,0.28,0,0.28,0.28,0.28,Matches
221,Harvey Barnes,eng ENG,"FW,MF",Newcastle,eng Premier League,25,1997,21,7,802,8.9,5,3,8,5,0,0,2,0,0.56,0.34,0.9,0.56,0.9,Matches
222,Leandro Barreiro Martins,lu LUX,MF,Mainz 05,de Bundesliga,23,2000,31,29,"2,606",29,4,1,5,4,0,0,8,0,0.14,0.03,0.17,0.14,0.17,Matches
223,Enzo Barrenechea,ar ARG,MF,Frosinone,it Serie A,22,2001,36,32,"2,811",31.2,0,1,1,0,0,0,10,0,0,0.03,0.03,0,0.03,Matches
224,Ander Barrenetxea,es ESP,"MF,FW",Real Sociedad,es La Liga,21,2001,29,20,"1,427",15.9,4,1,5,4,0,0,1,0,0.25,0.06,0.32,0.25,0.32,Matches
225,Pablo Barrios,es ESP,MF,Atlético Madrid,es La Liga,20,2003,24,17,"1,555",17.3,0,1,1,0,0,0,5,0,0,0.06,0.06,0,0.06,Matches
Rk,Player,Nation,Pos,Squad,Comp,Age,Born,MP,Starts,Min,90s,Gls,Ast,G+A,G-PK,PK,PKatt,CrdY,CrdR,Gls,Ast,G+A,G-PK,G+A-PK,Matches
226,Davide Bartesaghi,it ITA,MF,Milan,it Serie A,17,2005,6,0,79,0.9,0,0,0,0,0,0,0,0,0,0,0,0,0,Matches
227,Marc Bartra,es ESP,DF,Real Betis,es La Liga,32,1991,3,3,225,2.5,0,0,0,0,0,0,1,0,0,0,0,0,0,Matches
228,Federico Baschirotto,it ITA,DF,Lecce,it Serie A,26,1996,37,37,"3,294",36.6,0,1,1,0,0,0,3,1,0,0.03,0.03,0,0.03,Matches
229,Steven Baseya,fr FRA,DF,Strasbourg,fr Ligue 1,18,2005,2,0,6,0.1,0,0,0,0,0,0,0,0,0,0,0,0,0,Matches
230,Chris Basham,eng ENG,"DF,MF",Sheffield United,eng Premier League,35,1988,8,3,321,3.6,0,0,0,0,0,0,1,0,0,0,0,0,0,Matches
231,Toma Bašić,hr CRO,MF,Salernitana,it Serie A,26,1996,15,14,"1,162",12.9,0,0,0,0,0,0,5,0,0,0,0,0,0,Matches
232,Calvin Bassey,ng NGA,DF,Fulham,eng Premier League,23,1999,29,25,"2,303",25.6,1,0,1,1,0,0,6,1,0.04,0,0.04,0.04,0.04,Matches
233,Alessandro Bastoni,it ITA,DF,Inter,it Serie A,24,1999,28,28,"2,268",25.2,1,3,4,1,0,0,5,0,0.04,0.12,0.16,0.04,0.16,Matches
234,Simone Bastoni,it ITA,"MF,DF",Empoli,it Serie A,26,1996,16,9,745,8.3,1,0,1,1,0,0,3,0,0.12,0,0.12,0.12,0.12,Matches
235,Augusto Batalla,ar ARG,GK,Granada,es La Liga,27,1996,17,17,"1,530",17,0,0,0,0,0,0,3,0,0,0,0,0,0,Matches
236,Daniel Batz,de GER,GK,Mainz 05,de Bundesliga,32,1991,4,4,360,4,0,0,0,0,0,0,0,0,0,0,0,0,0,Matches
237,Maximilian Bauer,de GER,DF,Augsburg,de Bundesliga,23,2000,14,9,810,9,1,0,1,1,0,0,3,0,0.11,0,0.11,0.11,0.11,Matches
238,Elias Baum,de GER,DF,Frankfurt,de Bundesliga,17,2005,4,0,28,0.3,0,0,0,0,0,0,0,0,0,0,0,0,0,Matches
239,Oliver Baumann,de GER,GK,Hoffenheim,de Bundesliga,33,1990,34,34,"3,060",34,0,1,1,0,0,0,1,0,0,0.03,0.03,0,0.03,Matches
240,Christoph Baumgartner,at AUT,"MF,FW",RB Leipzig,de Bundesliga,23,1999,32,11,"1,158",12.9,5,1,6,5,0,0,3,0,0.39,0.08,0.47,0.39,0.47,Matches
241,Bebé,cv CPV,"FW,MF",Rayo Vallecano,es La Liga,33,1990,19,0,212,2.4,2,0,2,1,1,1,1,0,0.85,0,0.85,0.42,0.42,Matches
242,Ihlas Bebou,tg TOG,"FW,MF",Hoffenheim,de Bundesliga,29,1994,32,16,"1,636",18.2,7,5,12,7,0,0,3,0,0.39,0.28,0.66,0.39,0.66,Matches
243,Mohamed Bechikh,fr FRA,FW,Strasbourg,fr Ligue 1,18,2005,2,0,14,0.2,0,0,0,0,0,0,0,0,0,0,0,0,0,Matches
244,Adrian Beck,de GER,MF,Heidenheim,de Bundesliga,26,1997,23,11,974,10.8,1,1,2,1,0,0,1,0,0.09,0.09,0.18,0.09,0.18,Matches
245,Owen Beck,wls WAL,"DF,MF",Liverpool,eng Premier League,20,2002,1,0,8,0.1,0,0,0,0,0,0,0,0,0,0,0,0,0,Matches
246,Sheraldo Becker,sr SUR,"FW,MF",Union Berlin,de Bundesliga,28,1995,11,7,645,7.2,0,1,1,0,0,0,0,0,0,0.14,0.14,0,0.14,Matches
247,Sheraldo Becker,sr SUR,"FW,MF",Real Sociedad,es La Liga,28,1995,15,8,771,8.6,2,2,4,2,0,0,1,0,0.23,0.23,0.47,0.23,0.47,Matches
248,Chris Bedia,ci CIV,FW,Union Berlin,de Bundesliga,27,1996,7,0,145,1.6,1,0,1,1,0,0,0,0,0.62,0,0.62,0.62,0.62,Matches
249,Donny van de Beek,nl NED,MF,Manchester Utd,eng Premier League,26,1997,1,0,3,0,0,0,0,0,0,0,0,0,0,0,0,0,0,Matches
250,Donny van de Beek,nl NED,"MF,FW",Frankfurt,de Bundesliga,26,1997,8,4,357,4,0,0,0,0,0,0,1,0,0,0,0,0,0,Matches
Rk,Player,Nation,Pos,Squad,Comp,Age,Born,MP,Starts,Min,90s,Gls,Ast,G+A,G-PK,PK,PKatt,CrdY,CrdR,Gls,Ast,G+A,G-PK,G+A-PK,Matches
251,Yanis Begraoui,ma MAR,"FW,MF",Toulouse,fr Ligue 1,22,2001,14,3,300,3.3,0,0,0,0,0,0,0,0,0,0,0,0,0,Matches
252,Kevin Behrens,de GER,FW,Wolfsburg,de Bundesliga,32,1991,13,7,616,6.8,1,1,2,1,0,0,1,0,0.15,0.15,0.29,0.15,0.29,Matches
253,Kevin Behrens,de GER,FW,Union Berlin,de Bundesliga,32,1991,18,14,"1,262",14,4,0,4,4,0,0,3,0,0.29,0,0.29,0.29,0.29,Matches
254,Maximilian Beier,de GER,"FW,MF",Hoffenheim,de Bundesliga,20,2002,33,29,"2,420",26.9,16,1,17,16,0,0,0,0,0.6,0.04,0.63,0.6,0.63,Matches
255,Jérémie Bela,ao ANG,MF,Clermont Foot,fr Ligue 1,30,1993,12,1,203,2.3,0,0,0,0,0,0,0,0,0,0,0,0,0,Matches
256,Reda Belahyane,ma MAR,MF,Hellas Verona,it Serie A,19,2004,2,1,90,1,0,0,0,0,0,0,0,0,0,0,0,0,0,Matches
257,Reda Belahyane,ma MAR,MF,Nice,fr Ligue 1,19,2004,1,0,27,0.3,0,0,0,0,0,0,0,0,0,0,0,0,0,Matches
258,Amari'i Bell,jm JAM,DF,Luton Town,eng Premier League,29,1994,21,21,"1,720",19.1,0,0,0,0,0,0,0,0,0,0,0,0,0,Matches
259,Stefan Bell,de GER,DF,Mainz 05,de Bundesliga,31,1991,10,8,666,7.4,0,0,0,0,0,0,3,0,0,0,0,0,0,Matches
260,Alaa Bellaarouch,ma MAR,GK,Strasbourg,fr Ligue 1,21,2002,15,15,"1,350",15,0,0,0,0,0,0,1,0,0,0,0,0,0,Matches
261,Raoul Bellanova,it ITA,MF,Torino,it Serie A,23,2000,37,36,"3,046",33.8,1,7,8,1,0,0,5,0,0.03,0.21,0.24,0.03,0.24,Matches
262,Jean-Ricner Bellegarde,ht HAI,"MF,FW",Wolves,eng Premier League,25,1998,22,10,958,10.6,2,1,3,2,0,0,0,1,0.19,0.09,0.28,0.19,0.28,Matches
263,Jean-Ricner Bellegarde,ht HAI,"MF,FW",Strasbourg,fr Ligue 1,25,1998,3,3,269,3,2,2,4,2,0,0,2,0,0.67,0.67,1.34,0.67,1.34,Matches
264,Héctor Bellerín,es ESP,DF,Real Betis,es La Liga,28,1995,23,20,"1,711",19,0,1,1,0,0,0,0,1,0,0.05,0.05,0,0.05,Matches
265,Jude Bellingham,eng ENG,"MF,FW",Real Madrid,es La Liga,20,2003,28,27,"2,315",25.7,19,6,25,18,1,1,5,1,0.74,0.23,0.97,0.7,0.93,Matches
266,Jeanuël Belocian,fr FRA,DF,Rennes,fr Ligue 1,18,2005,23,16,"1,448",16.1,0,1,1,0,0,0,0,0,0,0.06,0.06,0,0.06,Matches
267,Andrea Belotti,it ITA,FW,Fiorentina,it Serie A,29,1993,15,11,949,10.5,3,0,3,3,0,0,0,0,0.28,0,0.28,0.28,0.28,Matches
268,Andrea Belotti,it ITA,FW,Roma,it Serie A,29,1993,14,6,679,7.5,3,2,5,3,0,0,1,0,0.4,0.27,0.66,0.4,0.66,Matches
269,Fran Beltrán,es ESP,MF,Celta Vigo,es La Liga,24,1999,33,28,"2,428",27,0,0,0,0,0,0,2,0,0,0,0,0,0,Matches
270,Lucas Beltrán,ar ARG,"FW,MF",Fiorentina,it Serie A,22,2001,32,21,"1,692",18.8,6,2,8,5,1,1,6,0,0.32,0.11,0.43,0.27,0.37,Matches
271,Eliesse Ben Seghir,ma MAR,"MF,FW",Monaco,fr Ligue 1,18,2005,13,4,428,4.8,2,1,3,2,0,0,0,1,0.42,0.21,0.63,0.42,0.63,Matches
272,Anis Ben Slimane,tn TUN,MF,Sheffield United,eng Premier League,22,2001,15,4,419,4.7,0,0,0,0,0,0,2,0,0,0,0,0,0,Matches
273,Wissam Ben Yedder,fr FRA,FW,Monaco,fr Ligue 1,32,1990,32,26,"2,316",25.7,16,2,18,15,1,1,2,0,0.62,0.08,0.7,0.58,0.66,Matches
274,Carlos Benavídez,uy URU,MF,Alavés,es La Liga,25,1998,29,10,"1,136",12.6,3,1,4,3,0,0,5,0,0.24,0.08,0.32,0.24,0.32,Matches
275,Ismaël Bennacer,dz ALG,MF,Milan,it Serie A,25,1997,20,13,"1,151",12.8,2,2,4,1,1,1,2,0,0.16,0.16,0.31,0.08,0.23,Matches
Rk,Player,Nation,Pos,Squad,Comp,Age,Born,MP,Starts,Min,90s,Gls,Ast,G+A,G-PK,PK,PKatt,CrdY,CrdR,Gls,Ast,G+A,G-PK,G+A-PK,Matches
276,Saïd Benrahma,dz ALG,MF,West Ham,eng Premier League,27,1995,13,5,620,6.9,0,1,1,0,0,1,1,0,0,0.15,0.15,0,0.15,Matches
277,Saïd Benrahma,dz ALG,"FW,MF",Lyon,fr Ligue 1,27,1995,12,10,770,8.6,3,3,6,3,0,0,2,0,0.35,0.35,0.7,0.35,0.7,Matches
278,Ramy Bensebaini,dz ALG,DF,Dortmund,de Bundesliga,28,1995,17,11,"1,033",11.5,0,0,0,0,0,0,4,1,0,0,0,0,0,Matches
279,Nabil Bentaleb,dz ALG,MF,Lille,fr Ligue 1,28,1994,26,23,"1,967",21.9,0,3,3,0,0,0,7,0,0,0.14,0.14,0,0.14,Matches
280,Rodrigo Bentancur,uy URU,MF,Tottenham,eng Premier League,26,1997,23,13,"1,005",11.2,1,1,2,1,0,0,7,0,0.09,0.09,0.18,0.09,0.18,Matches
281,Daniel Bentley,eng ENG,GK,Wolves,eng Premier League,30,1993,5,3,383,4.3,0,0,0,0,0,0,0,0,0,0,0,0,0,Matches
282,Lucas Beraldo,br BRA,DF,PSG,fr Ligue 1,19,2003,13,12,"1,008",11.2,1,0,1,1,0,0,4,1,0.09,0,0.09,0.09,0.09,Matches
283,Domenico Berardi,it ITA,"MF,FW",Sassuolo,it Serie A,28,1994,17,17,"1,431",15.9,9,3,12,4,5,5,6,0,0.57,0.19,0.75,0.25,0.44,Matches
284,Yuri Berchiche,es ESP,DF,Athletic Club,es La Liga,33,1990,27,22,"1,930",21.4,3,1,4,3,0,0,5,0,0.14,0.05,0.19,0.14,0.19,Matches
285,Álex Berenguer,es ESP,MF,Athletic Club,es La Liga,28,1995,35,15,"1,592",17.7,7,3,10,6,1,1,4,0,0.4,0.17,0.57,0.34,0.51,Matches
286,Bartosz Bereszyński,pl POL,DF,Empoli,it Serie A,31,1992,24,22,"1,762",19.6,0,1,1,0,0,0,3,0,0,0.05,0.05,0,0.05,Matches
287,Jóhann Berg Guðmundsson,is ISL,MF,Burnley,eng Premier League,32,1990,26,12,"1,192",13.2,1,3,4,1,0,0,2,0,0.08,0.23,0.3,0.08,0.3,Matches
288,Sander Berge,no NOR,MF,Burnley,eng Premier League,25,1998,37,34,"3,005",33.4,1,2,3,1,0,0,10,1,0.03,0.06,0.09,0.03,0.09,Matches
289,Etrit Berisha,al ALB,GK,Empoli,it Serie A,34,1989,14,14,"1,260",14,0,0,0,0,0,0,0,0,0,0,0,0,0,Matches
290,Medon Berisha,al ALB,MF,Lecce,it Serie A,19,2003,6,2,205,2.3,0,0,0,0,0,0,0,0,0,0,0,0,0,Matches
291,Mergim Berisha,de GER,FW,Hoffenheim,de Bundesliga,25,1998,6,0,144,1.6,0,0,0,0,0,0,0,0,0,0,0,0,0,Matches
292,Mergim Berisha,de GER,FW,Augsburg,de Bundesliga,25,1998,2,2,122,1.4,0,0,0,0,0,0,0,0,0,0,0,0,0,Matches
293,Bernardo,br BRA,DF,Bochum,de Bundesliga,28,1995,33,33,"2,924",32.5,1,0,1,1,0,0,9,0,0.03,0,0.03,0.03,0.03,Matches
294,Victor Bernth Kristiansen,dk DEN,DF,Bologna,it Serie A,20,2002,32,26,"2,307",25.6,0,3,3,0,0,0,4,0,0,0.12,0.12,0,0.12,Matches
295,Matúš Bero,sk SVK,"MF,FW",Bochum,de Bundesliga,27,1995,24,20,"1,661",18.5,1,1,2,1,0,0,6,0,0.05,0.05,0.11,0.05,0.11,Matches
296,Luke Berry,eng ENG,MF,Luton Town,eng Premier League,31,1992,17,2,323,3.6,2,1,3,2,0,0,1,0,0.56,0.28,0.84,0.56,0.84,Matches
297,Dimitry Bertaud,cd COD,GK,Montpellier,fr Ligue 1,25,1998,4,4,360,4,0,0,0,0,0,0,0,0,0,0,0,0,0,Matches
298,Jan-Niklas Beste,de GER,MF,Heidenheim,de Bundesliga,24,1999,31,31,"2,603",28.9,8,11,19,8,0,1,4,0,0.28,0.38,0.66,0.28,0.66,Matches
299,Beto,gw GNB,FW,Udinese,it Serie A,25,1998,1,1,74,0.8,0,0,0,0,0,0,0,0,0,0,0,0,0,Matches
300,Beto,gw GNB,FW,Everton,eng Premier League,25,1998,30,9,951,10.6,3,0,3,3,0,1,2,0,0.28,0,0.28,0.28,0.28,Matches
Rk,Player,Nation,Pos,Squad,Comp,Age,Born,MP,Starts,Min,90s,Gls,Ast,G+A,G-PK,PK,PKatt,CrdY,CrdR,Gls,Ast,G+A,G-PK,G+A-PK,Matches
301,Davide Bettella,it ITA,DF,Monza,it Serie A,23,2000,1,0,3,0,0,0,0,0,0,0,0,0,0,0,0,0,0,Matches
302,Sam Beukema,nl NED,DF,Bologna,it Serie A,24,1998,30,29,"2,547",28.3,1,1,2,1,0,0,6,1,0.04,0.04,0.07,0.04,0.07,Matches
303,Jordan Beyer,de GER,DF,Burnley,eng Premier League,23,2000,15,15,"1,234",13.7,0,1,1,0,0,0,6,0,0,0.07,0.07,0,0.07,Matches
304,Pep Biel,es ESP,"FW,MF",Augsburg,de Bundesliga,26,1996,11,0,285,3.2,0,0,0,0,0,0,1,0,0,0,0,0,0,Matches
305,Jaka Bijol,si SVN,DF,Udinese,it Serie A,24,1999,24,23,"2,084",23.2,0,0,0,0,0,0,4,0,0,0,0,0,0,Matches
306,El Bilal Touré,ml MLI,FW,Atalanta,it Serie A,21,2001,11,3,394,4.4,2,0,2,2,0,0,2,0,0.46,0,0.46,0.46,0.46,Matches
307,Philip Billing,dk DEN,MF,Bournemouth,eng Premier League,27,1996,29,13,"1,398",15.5,2,2,4,2,0,0,3,1,0.13,0.13,0.26,0.13,0.26,Matches
308,Cristiano Biraghi,it ITA,DF,Fiorentina,it Serie A,30,1992,29,27,"2,356",26.2,2,5,7,2,0,1,8,0,0.08,0.19,0.27,0.08,0.27,Matches
309,Davide Biraschi,it ITA,DF,Genoa,it Serie A,29,1994,1,1,90,1,1,0,1,1,0,0,0,0,1,0,1,1,1,Matches
310,Samuele Birindelli,it ITA,"MF,DF",Monza,it Serie A,24,1999,35,22,"2,013",22.4,0,2,2,0,0,0,7,0,0,0.09,0.09,0,0.09,Matches
311,Tom Bischof,de GER,MF,Hoffenheim,de Bundesliga,18,2005,13,1,178,2,0,2,2,0,0,0,0,0,0,1.01,1.01,0,1.01,Matches
312,Yves Bissouma,ml MLI,MF,Tottenham,eng Premier League,26,1996,28,26,"2,068",23,0,0,0,0,0,0,10,2,0,0,0,0,0,Matches
313,Leonardo Bittencourt,de GER,MF,Werder Bremen,de Bundesliga,29,1993,29,19,"1,578",17.5,1,2,3,1,0,0,9,0,0.06,0.11,0.17,0.06,0.17,Matches
314,Marco Bizot,nl NED,GK,Brest,fr Ligue 1,32,1991,32,32,"2,876",32,0,0,0,0,0,0,3,1,0,0,0,0,0,Matches
315,Antonio Blanco,es ESP,MF,Alavés,es La Liga,23,2000,33,29,"2,426",27,0,1,1,0,0,0,5,1,0,0.04,0.04,0,0.04,Matches
316,Rubén Blanco,es ESP,GK,Marseille,fr Ligue 1,28,1995,2,1,121,1.3,0,0,0,0,0,0,0,0,0,0,0,0,0,Matches
317,Hendry Blank,de GER,DF,Dortmund,de Bundesliga,18,2004,1,0,45,0.5,0,0,0,0,0,0,0,0,0,0,0,0,0,Matches
318,Ludovic Blas,fr FRA,"MF,FW",Rennes,fr Ligue 1,25,1997,29,18,"1,563",17.4,4,1,5,3,1,2,3,0,0.23,0.06,0.29,0.17,0.23,Matches
319,Janis Blaswich,de GER,GK,RB Leipzig,de Bundesliga,32,1991,21,21,"1,890",21,0,0,0,0,0,0,0,0,0,0,0,0,0,Matches
320,Alexis Blin,fr FRA,MF,Lecce,it Serie A,26,1996,31,16,"1,642",18.2,0,2,2,0,0,0,4,0,0,0.11,0.11,0,0.11,Matches
321,Daley Blind,nl NED,DF,Girona,es La Liga,33,1990,34,33,"2,972",33,1,2,3,1,0,0,6,0,0.03,0.06,0.09,0.03,0.09,Matches
322,Myron Boadu,nl NED,FW,Monaco,fr Ligue 1,22,2001,9,0,85,0.9,1,0,1,1,0,0,0,0,1.06,0,1.06,1.06,1.06,Matches
323,Benicio Boaitey,eng ENG,FW,Brighton,eng Premier League,19,2004,5,0,40,0.4,0,0,0,0,0,0,1,0,0,0,0,0,0,Matches
324,Jérôme Boateng,de GER,DF,Salernitana,it Serie A,34,1988,7,4,238,2.6,0,0,0,0,0,0,0,0,0,0,0,0,0,Matches
325,Oscar Bobb,no NOR,MF,Manchester City,eng Premier League,20,2003,14,2,302,3.4,1,1,2,1,0,0,0,0,0.3,0.3,0.6,0.3,0.6,Matches
Rk,Player,Nation,Pos,Squad,Comp,Age,Born,MP,Starts,Min,90s,Gls,Ast,G+A,G-PK,PK,PKatt,CrdY,CrdR,Gls,Ast,G+A,G-PK,G+A-PK,Matches
326,Sacha Boey,fr FRA,MF,Bayern Munich,de Bundesliga,22,2000,2,1,109,1.2,0,0,0,0,0,0,1,0,0,0,0,0,0,Matches
327,Jeremie Boga,ci CIV,"FW,MF",Nice,fr Ligue 1,26,1997,28,24,"1,998",22.2,6,6,12,6,0,0,1,0,0.27,0.27,0.54,0.27,0.54,Matches
328,Jayden Bogle,eng ENG,"MF,DF",Sheffield United,eng Premier League,23,2000,34,32,"2,788",31,3,0,3,3,0,0,9,0,0.1,0,0.1,0.1,0.1,Matches
329,Emil Bohinen,no NOR,MF,Genoa,it Serie A,24,1999,5,0,56,0.6,0,0,0,0,0,0,0,0,0,0,0,0,0,Matches
330,Emil Bohinen,no NOR,MF,Salernitana,it Serie A,24,1999,12,7,535,5.9,0,0,0,0,0,0,1,0,0,0,0,0,0,Matches
331,Adama Bojang,gm GAM,FW,Reims,fr Ligue 1,19,2004,9,0,83,0.9,0,0,0,0,0,0,1,0,0,0,0,0,0,Matches
332,Daniel Boloca,ro ROU,MF,Sassuolo,it Serie A,24,1998,30,23,"2,022",22.5,1,0,1,1,0,0,6,1,0.04,0,0.04,0.04,0.04,Matches
333,Willy Boly,ci CIV,DF,Nottingham,eng Premier League,32,1991,20,18,"1,438",16,2,1,3,2,0,0,3,1,0.13,0.06,0.19,0.13,0.19,Matches
334,Giacomo Bonaventura,it ITA,MF,Fiorentina,it Serie A,33,1989,31,27,"2,277",25.3,8,3,11,8,0,1,6,0,0.32,0.12,0.43,0.32,0.43,Matches
335,Federico Bonazzoli,it ITA,FW,Hellas Verona,it Serie A,26,1997,24,10,"1,016",11.3,3,1,4,3,0,0,2,0,0.27,0.09,0.35,0.27,0.35,Matches
336,Warren Bondo,fr FRA,MF,Monza,it Serie A,19,2003,25,14,"1,475",16.4,1,1,2,1,0,0,9,0,0.06,0.06,0.12,0.06,0.12,Matches
337,Giovanni Bonfanti,it ITA,DF,Atalanta,it Serie A,20,2003,2,1,89,1,0,0,0,0,0,0,0,0,0,0,0,0,0,Matches
338,Victor Boniface,ng NGA,FW,Leverkusen,de Bundesliga,22,2000,23,18,"1,546",17.2,14,8,22,10,4,4,2,0,0.82,0.47,1.28,0.58,1.05,Matches
339,Kevin Bonifazi,it ITA,DF,Bologna,it Serie A,27,1996,1,1,90,1,0,0,0,0,0,0,0,0,0,0,0,0,0,Matches
340,Kevin Bonifazi,it ITA,DF,Frosinone,it Serie A,27,1996,6,3,309,3.4,0,0,0,0,0,0,0,0,0,0,0,0,0,Matches
341,Leonardo Bonucci,it ITA,DF,Union Berlin,de Bundesliga,36,1987,7,6,460,5.1,1,0,1,0,1,1,0,0,0.2,0,0.2,0,0,Matches
342,Neto Borges,br BRA,"MF,DF",Clermont Foot,fr Ligue 1,26,1996,28,28,"2,516",28,0,1,1,0,0,0,3,1,0,0.04,0.04,0,0.04,Matches
343,Yvandro Borges Sanches,lu LUX,MF,Gladbach,de Bundesliga,19,2004,3,0,18,0.2,0,0,0,0,0,0,0,0,0,0,0,0,0,Matches
344,Sebastiaan Bornauw,be BEL,DF,Wolfsburg,de Bundesliga,24,1999,20,16,"1,431",15.9,0,0,0,0,0,0,5,0,0,0,0,0,0,Matches
345,Rafael Borré,co COL,FW,Werder Bremen,de Bundesliga,27,1995,19,11,991,11,4,0,4,4,0,0,0,0,0.36,0,0.36,0.36,0.36,Matches
346,Gennaro Borrelli,it ITA,FW,Frosinone,it Serie A,23,2000,1,0,24,0.3,0,0,0,0,0,0,0,0,0,0,0,0,0,Matches
347,Adri Bosch,es ESP,DF,Granada,es La Liga,22,2001,1,0,26,0.3,0,0,0,0,0,0,0,0,0,0,0,0,0,Matches
348,Erik Botheim,no NOR,"FW,MF",Salernitana,it Serie A,23,2000,7,4,316,3.5,0,0,0,0,0,0,1,0,0,0,0,0,0,Matches
349,Sven Botman,nl NED,DF,Newcastle,eng Premier League,23,2000,17,15,"1,377",15.3,2,2,4,2,0,0,2,0,0.13,0.13,0.26,0.13,0.26,Matches
350,Saïmon Bouabré,fr FRA,MF,Monaco,fr Ligue 1,17,2006,1,0,45,0.5,0,0,0,0,0,0,0,0,0,0,0,0,0,Matches
Rk,Player,Nation,Pos,Squad,Comp,Age,Born,MP,Starts,Min,90s,Gls,Ast,G+A,G-PK,PK,PKatt,CrdY,CrdR,Gls,Ast,G+A,G-PK,G+A-PK,Matches
351,Ayyoub Bouaddi,ma MAR,MF,Lille,fr Ligue 1,15,2007,9,1,131,1.5,0,0,0,0,0,0,3,1,0,0,0,0,0,Matches
352,Badredine Bouanani,dz ALG,FW,Nice,fr Ligue 1,18,2004,7,1,161,1.8,0,0,0,0,0,0,0,0,0,0,0,0,0,Matches
353,Badredine Bouanani,dz ALG,MF,Lorient,fr Ligue 1,18,2004,11,4,443,4.9,1,0,1,1,0,0,0,0,0.2,0,0.2,0.2,0.2,Matches
354,Mohamed Bouchenna,fr FRA,FW,Clermont Foot,fr Ligue 1,17,2006,2,0,29,0.3,0,0,0,0,0,0,1,0,0,0,0,0,0,Matches
355,Hicham Boudaoui,dz ALG,MF,Nice,fr Ligue 1,23,1999,29,17,"1,613",17.9,2,0,2,2,0,0,5,0,0.11,0,0.11,0.11,0.11,Matches
356,Yassine Bounou,ma MAR,GK,Sevilla,es La Liga,32,1991,1,1,90,1,0,0,0,0,0,0,0,0,0,0,0,0,0,Matches
357,Mehdi Bourabia,ma MAR,MF,Frosinone,it Serie A,31,1991,10,3,200,2.2,0,0,0,0,0,0,1,0,0,0,0,0,0,Matches
358,Benjamin Bourigeaud,fr FRA,MF,Rennes,fr Ligue 1,29,1994,32,29,"2,425",26.9,9,6,15,2,7,7,1,0,0.33,0.22,0.56,0.07,0.3,Matches
359,Bilal Boutobba,fr FRA,"MF,FW",Clermont Foot,fr Ligue 1,24,1998,27,10,926,10.3,1,1,2,1,0,0,1,0,0.1,0.1,0.19,0.1,0.19,Matches
360,Hugo Boutsingkham,fr FRA,DF,Nantes,fr Ligue 1,20,2003,2,0,11,0.1,0,0,0,0,0,0,0,0,0,0,0,0,0,Matches
361,Edoardo Bove,it ITA,MF,Roma,it Serie A,21,2002,31,18,"1,780",19.8,0,2,2,0,0,0,2,0,0,0.1,0.1,0,0.1,Matches
362,Jarrod Bowen,eng ENG,"MF,FW",West Ham,eng Premier League,26,1996,34,34,"3,019",33.5,16,6,22,16,0,0,2,0,0.48,0.18,0.66,0.48,0.66,Matches
363,Lucas Boyé,ar ARG,FW,Granada,es La Liga,27,1996,31,30,"2,541",28.2,6,3,9,6,0,0,8,1,0.21,0.11,0.32,0.21,0.32,Matches
364,Domagoj Bradarić,hr CRO,"MF,DF",Salernitana,it Serie A,23,1999,34,30,"2,749",30.5,0,3,3,0,0,0,5,0,0,0.1,0.1,0,0.1,Matches
365,Conor Bradley,nir NIR,DF,Liverpool,eng Premier League,20,2003,11,10,753,8.4,1,3,4,1,0,0,2,0,0.12,0.36,0.48,0.12,0.48,Matches
366,Bilal Brahimi,dz ALG,"FW,MF",Nice,fr Ligue 1,23,2000,2,0,11,0.1,0,0,0,0,0,0,0,0,0,0,0,0,0,Matches
367,Bilal Brahimi,dz ALG,FW,Brest,fr Ligue 1,23,2000,18,1,221,2.5,0,0,0,0,0,0,1,1,0,0,0,0,0,Matches
368,Julian Brandt,de GER,MF,Dortmund,de Bundesliga,27,1996,32,26,"2,223",24.7,7,11,18,7,0,0,2,0,0.28,0.45,0.73,0.28,0.73,Matches
369,Jarrad Branthwaite,eng ENG,DF,Everton,eng Premier League,21,2002,35,35,"3,116",34.6,3,0,3,3,0,0,8,0,0.09,0,0.09,0.09,0.09,Matches
370,Darko Brašanac,rs SRB,MF,Osasuna,es La Liga,31,1992,2,0,48,0.5,0,0,0,0,0,0,0,0,0,0,0,0,0,Matches
371,Lilian Brassier,fr FRA,DF,Brest,fr Ligue 1,23,1999,30,30,"2,677",29.7,3,0,3,3,0,0,11,1,0.1,0,0.1,0.1,0.1,Matches
372,Brau,es ESP,DF,Granada,es La Liga,21,2001,1,0,31,0.3,0,0,0,0,0,0,0,0,0,0,0,0,0,Matches
373,Claudio Bravo,cl CHI,GK,Real Betis,es La Liga,40,1983,7,7,630,7,0,0,0,0,0,0,0,0,0,0,0,0,0,Matches
374,Fabian Bredlow,de GER,GK,Stuttgart,de Bundesliga,28,1995,4,4,360,4,0,0,0,0,0,0,0,0,0,0,0,0,0,Matches
375,Tim Breithaupt,de GER,MF,Augsburg,de Bundesliga,21,2002,16,6,629,7,0,0,0,0,0,0,3,0,0,0,0,0,0,Matches
Rk,Player,Nation,Pos,Squad,Comp,Age,Born,MP,Starts,Min,90s,Gls,Ast,G+A,G-PK,PK,PKatt,CrdY,CrdR,Gls,Ast,G+A,G-PK,G+A-PK,Matches
376,Josip Brekalo,hr CRO,MF,Fiorentina,it Serie A,25,1998,11,8,652,7.2,1,0,1,1,0,0,0,0,0.14,0,0.14,0.14,0.14,Matches
377,Gleison Bremer,br BRA,DF,Juventus,it Serie A,26,1997,36,36,"3,233",35.9,3,0,3,3,0,0,9,0,0.08,0,0.08,0.08,0.08,Matches
378,Brenner,br BRA,"MF,FW",Udinese,it Serie A,23,2000,8,2,189,2.1,0,0,0,0,0,0,0,0,0,0,0,0,0,Matches
379,Ben Brereton,cl CHI,"FW,MF",Sheffield United,eng Premier League,24,1999,14,14,"1,105",12.3,6,1,7,5,1,1,3,0,0.49,0.08,0.57,0.41,0.49,Matches
380,Ben Brereton,cl CHI,"MF,FW",Villarreal,es La Liga,24,1999,14,2,270,3,0,0,0,0,0,0,2,0,0,0,0,0,0,Matches
381,Marco Brescianini,it ITA,MF,Frosinone,it Serie A,23,2000,36,24,"2,321",25.8,4,2,6,4,0,0,1,0,0.16,0.08,0.23,0.16,0.23,Matches
382,Maximilian Breunig,de GER,FW,Freiburg,de Bundesliga,22,2000,2,0,9,0.1,0,0,0,0,0,0,0,0,0,0,0,0,0,Matches
383,Rhian Brewster,eng ENG,FW,Sheffield United,eng Premier League,23,2000,13,3,346,3.8,0,0,0,0,0,0,0,1,0,0,0,0,0,Matches
384,Bennit Bröger,de GER,MF,Wolfsburg,de Bundesliga,17,2006,1,0,11,0.1,0,0,0,0,0,0,0,0,0,0,0,0,0,Matches
385,Armando Broja,al ALB,FW,Chelsea,eng Premier League,21,2001,13,6,454,5,1,0,1,1,0,0,0,0,0.2,0,0.2,0.2,0.2,Matches
386,Armando Broja,al ALB,FW,Fulham,eng Premier League,21,2001,8,0,88,1,0,1,1,0,0,0,0,0,0,1.02,1.02,0,1.02,Matches
387,Dylan Bronn,tn TUN,DF,Salernitana,it Serie A,28,1995,4,0,52,0.6,0,0,0,0,0,0,0,0,0,0,0,0,0,Matches
388,Andre Brooks,jm JAM,MF,Sheffield United,eng Premier League,19,2003,20,12,938,10.4,0,0,0,0,0,0,1,0,0,0,0,0,0,Matches
389,David Brooks,wls WAL,MF,Bournemouth,eng Premier League,26,1997,13,2,282,3.1,1,1,2,1,0,0,1,0,0.32,0.32,0.64,0.32,0.64,Matches
390,John Brooks,us USA,DF,Hoffenheim,de Bundesliga,30,1993,21,18,"1,539",17.1,2,0,2,2,0,0,6,1,0.12,0,0.12,0.12,0.12,Matches
391,Moritz Broschinski,de GER,"FW,MF",Bochum,de Bundesliga,22,2000,26,14,"1,247",13.9,2,3,5,2,0,0,4,0,0.14,0.22,0.36,0.14,0.36,Matches
392,Jacob Brown,sct SCO,"MF,FW",Luton Town,eng Premier League,25,1998,19,12,"1,019",11.3,2,0,2,2,0,0,4,0,0.18,0,0.18,0.18,0.18,Matches
393,Josh Brownhill,eng ENG,MF,Burnley,eng Premier League,27,1995,33,23,"2,252",25,4,2,6,4,0,0,4,1,0.16,0.08,0.24,0.16,0.24,Matches
394,Alexander Brunst,de GER,GK,Darmstadt 98,de Bundesliga,28,1995,3,3,270,3,0,0,0,0,0,0,2,0,0,0,0,0,0,Matches
395,Jacob Bruun Larsen,dk DEN,MF,Burnley,eng Premier League,24,1998,32,16,"1,249",13.9,6,0,6,5,1,1,1,0,0.43,0,0.43,0.36,0.36,Matches
396,Tajon Buchanan,ca CAN,"DF,MF",Inter,it Serie A,24,1999,10,0,161,1.8,1,0,1,1,0,0,0,0,0.56,0,0.56,0.56,0.56,Matches
397,Ante Budimir,hr CRO,FW,Osasuna,es La Liga,32,1991,33,29,"2,435",27.1,17,2,19,14,3,4,4,0,0.63,0.07,0.7,0.52,0.59,Matches
398,Hugo Bueno,es ESP,"MF,DF",Wolves,eng Premier League,20,2002,22,7,741,8.2,0,0,0,0,0,0,1,0,0,0,0,0,0,Matches
399,Manu Bueno,es ESP,MF,Sevilla,es La Liga,19,2004,4,1,117,1.3,0,0,0,0,0,0,1,0,0,0,0,0,0,Matches
400,Santiago Bueno,uy URU,DF,Wolves,eng Premier League,24,1998,12,9,822,9.1,0,0,0,0,0,0,1,0,0,0,0,0,0,Matches
Rk,Player,Nation,Pos,Squad,Comp,Age,Born,MP,Starts,Min,90s,Gls,Ast,G+A,G-PK,PK,PKatt,CrdY,CrdR,Gls,Ast,G+A,G-PK,G+A-PK,Matches
401,Marius Bülter,de GER,MF,Hoffenheim,de Bundesliga,30,1993,30,15,"1,351",15,1,4,5,1,0,0,3,1,0.07,0.27,0.33,0.07,0.33,Matches
402,Facundo Buonanotte,ar ARG,"MF,FW",Brighton,eng Premier League,18,2004,27,17,"1,364",15.2,3,1,4,3,0,0,7,0,0.2,0.07,0.26,0.2,0.26,Matches
403,Alessandro Buongiorno,it ITA,DF,Torino,it Serie A,24,1999,29,29,"2,527",28.1,3,0,3,3,0,0,7,0,0.11,0,0.11,0.11,0.11,Matches
404,Jonathan Burkardt,de GER,"FW,MF",Mainz 05,de Bundesliga,23,2000,21,18,"1,538",17.1,8,2,10,7,1,1,2,0,0.47,0.12,0.59,0.41,0.53,Matches
405,Oliver Burke,sct SCO,"FW,MF",Werder Bremen,de Bundesliga,26,1997,1,0,32,0.4,0,0,0,0,0,0,0,0,0,0,0,0,0,Matches
406,Reece Burke,eng ENG,DF,Luton Town,eng Premier League,26,1996,22,20,"1,660",18.4,0,4,4,0,0,0,5,0,0,0.22,0.22,0,0.22,Matches
407,Dan Burn,eng ENG,DF,Newcastle,eng Premier League,31,1992,33,32,"2,726",30.3,2,2,4,2,0,0,4,0,0.07,0.07,0.13,0.07,0.13,Matches
408,Rareș-Cătălin Burnete,ro ROU,FW,Lecce,it Serie A,19,2004,1,0,8,0.1,0,1,1,0,0,0,0,0,0,11.25,11.25,0,11.25,Matches
409,Mason Burstow,eng ENG,FW,Chelsea,eng Premier League,19,2003,2,0,9,0.1,0,0,0,0,0,0,0,0,0,0,0,0,0,Matches
410,Marnon Busch,de GER,DF,Heidenheim,de Bundesliga,28,1994,16,5,595,6.6,0,0,0,0,0,0,1,0,0,0,0,0,0,Matches
411,Maxime Busi,be BEL,MF,Reims,fr Ligue 1,23,1999,5,1,162,1.8,0,0,0,0,0,0,1,0,0,0,0,0,0,Matches
412,Pablo Busto,es ESP,DF,Real Betis,es La Liga,17,2005,2,0,44,0.5,0,0,0,0,0,0,0,0,0,0,0,0,0,Matches
413,Aurélio Buta,pt POR,"MF,DF",Frankfurt,de Bundesliga,26,1997,30,20,"1,744",19.4,1,1,2,1,0,0,5,0,0.05,0.05,0.1,0.05,0.1,Matches
414,Marcin Bułka,pl POL,GK,Nice,fr Ligue 1,23,1999,34,34,"3,060",34,0,0,0,0,0,0,2,0,0,0,0,0,0,Matches
415,Rémy Cabella,fr FRA,"MF,FW",Lille,fr Ligue 1,33,1990,30,14,"1,477",16.4,2,2,4,2,0,0,0,0,0.12,0.12,0.24,0.12,0.24,Matches
416,Jovane Cabral,cv CPV,"MF,FW",Salernitana,it Serie A,25,1998,12,8,678,7.5,1,0,1,1,0,0,1,0,0.13,0,0.13,0.13,0.13,Matches
417,Liberato Cacace,nz NZL,"DF,MF",Empoli,it Serie A,22,2000,31,18,"1,912",21.2,0,1,1,0,0,0,6,0,0,0.05,0.05,0,0.05,Matches
418,Anthony Caci,fr FRA,"MF,DF",Mainz 05,de Bundesliga,26,1997,31,29,"2,486",27.6,2,3,5,2,0,0,8,0,0.07,0.11,0.18,0.07,0.18,Matches
419,Moisés Caicedo,ec ECU,MF,Chelsea,eng Premier League,21,2001,35,33,"2,866",31.8,1,3,4,1,0,0,11,0,0.03,0.09,0.13,0.03,0.13,Matches
420,Tom Cairney,sct SCO,MF,Fulham,eng Premier League,32,1991,34,14,"1,488",16.5,1,4,5,1,0,0,3,0,0.06,0.24,0.3,0.06,0.3,Matches
421,Jens Cajuste,se SWE,MF,Napoli,it Serie A,23,1999,26,11,"1,016",11.3,0,2,2,0,0,0,7,0,0,0.18,0.18,0,0.18,Matches
422,Davide Calabria,it ITA,DF,Milan,it Serie A,26,1996,29,26,"2,185",24.3,1,3,4,1,0,0,5,2,0.04,0.12,0.16,0.04,0.16,Matches
423,Riccardo Calafiori,it ITA,DF,Bologna,it Serie A,21,2002,30,26,"2,349",26.1,2,5,7,2,0,0,4,0,0.08,0.19,0.27,0.08,0.27,Matches
424,Mattia Caldara,it ITA,DF,Milan,it Serie A,29,1994,1,0,33,0.4,0,0,0,0,0,0,0,0,0,0,0,0,0,Matches
425,Luca Caldirola,it ITA,DF,Monza,it Serie A,32,1991,29,23,"2,141",23.8,1,1,2,1,0,0,7,1,0.04,0.04,0.08,0.04,0.08,Matches
Rk,Player,Nation,Pos,Squad,Comp,Age,Born,MP,Starts,Min,90s,Gls,Ast,G+A,G-PK,PK,PKatt,CrdY,CrdR,Gls,Ast,G+A,G-PK,G+A-PK,Matches
426,Duje Ćaleta-Car,hr CRO,DF,Lyon,fr Ligue 1,26,1996,24,22,"1,993",22.1,0,0,0,0,0,0,2,1,0,0,0,0,0,Matches
427,Hakan Çalhanoğlu,tr TUR,MF,Inter,it Serie A,29,1994,32,32,"2,556",28.4,13,3,16,3,10,10,5,0,0.46,0.11,0.56,0.11,0.21,Matches
428,José Callejón,es ESP,"MF,FW",Granada,es La Liga,36,1987,25,7,803,8.9,0,1,1,0,0,0,2,0,0,0.11,0.11,0,0.11,Matches
429,Dominic Calvert-Lewin,eng ENG,FW,Everton,eng Premier League,26,1997,32,26,"2,171",24.1,7,2,9,5,2,2,2,0,0.29,0.08,0.37,0.21,0.29,Matches
430,Lamine Camara,sn SEN,MF,Metz,fr Ligue 1,19,2004,31,26,"2,255",25.1,1,4,5,1,0,1,3,0,0.04,0.16,0.2,0.04,0.2,Matches
431,Mahdi Camara,fr FRA,MF,Brest,fr Ligue 1,25,1998,32,26,"2,020",22.4,7,3,10,6,1,1,7,0,0.31,0.13,0.45,0.27,0.4,Matches
432,Mohamed Camara,ml MLI,MF,Monaco,fr Ligue 1,23,2000,20,14,"1,035",11.5,1,2,3,0,1,1,4,0,0.09,0.17,0.26,0,0.17,Matches
433,Francesco Camarda,it ITA,FW,Milan,it Serie A,15,2008,2,0,14,0.2,0,0,0,0,0,0,0,0,0,0,0,0,0,Matches
434,Eduardo Camavinga,fr FRA,MF,Real Madrid,es La Liga,20,2002,31,21,"1,817",20.2,0,2,2,0,0,0,9,0,0,0.1,0.1,0,0.1,Matches
435,Nicolò Cambiaghi,it ITA,"FW,MF",Empoli,it Serie A,22,2000,37,29,"2,553",28.4,1,1,2,1,0,0,3,0,0.04,0.04,0.07,0.04,0.07,Matches
436,Andrea Cambiaso,it ITA,MF,Juventus,it Serie A,23,2000,34,28,"2,372",26.4,2,3,5,2,0,0,10,0,0.08,0.11,0.19,0.08,0.19,Matches
437,Axel Camblan,fr FRA,FW,Brest,fr Ligue 1,19,2003,7,0,90,1,0,0,0,0,0,0,2,0,0,0,0,0,0,Matches
438,Sergio Camello,es ESP,FW,Rayo Vallecano,es La Liga,22,2001,31,20,"1,661",18.5,3,1,4,3,0,0,3,0,0.16,0.05,0.22,0.16,0.22,Matches
439,José Campaña,es ESP,MF,Las Palmas,es La Liga,30,1993,8,1,171,1.9,0,0,0,0,0,0,0,0,0,0,0,0,0,Matches
440,Emre Can,de GER,MF,Dortmund,de Bundesliga,29,1994,25,22,"1,953",21.7,2,2,4,0,2,2,5,0,0.09,0.09,0.18,0,0.09,Matches
441,Matteo Cancellieri,it ITA,"FW,MF",Empoli,it Serie A,21,2002,36,18,"1,788",19.9,4,3,7,4,0,0,7,0,0.2,0.15,0.35,0.2,0.35,Matches
442,João Cancelo,pt POR,DF,Barcelona,es La Liga,29,1994,32,29,"2,503",27.8,2,4,6,2,0,0,7,0,0.07,0.14,0.22,0.07,0.22,Matches
443,Fali Candé,gw GNB,DF,Metz,fr Ligue 1,25,1998,25,20,"1,849",20.5,0,1,1,0,0,0,4,0,0,0.05,0.05,0,0.05,Matches
444,Antonio Candreva,it ITA,MF,Salernitana,it Serie A,36,1987,34,32,"2,750",30.6,6,6,12,5,1,1,5,0,0.2,0.2,0.39,0.16,0.36,Matches
445,Tom Cannon,ie IRL,FW,Everton,eng Premier League,20,2002,1,0,1,0,0,0,0,0,0,0,0,0,0,0,0,0,0,Matches
446,Sergi Canós,es ESP,MF,Valencia,es La Liga,26,1997,27,15,"1,229",13.7,1,2,3,1,0,0,1,0,0.07,0.15,0.22,0.07,0.22,Matches
447,Luigi Canotto,it ITA,"FW,MF",Frosinone,it Serie A,29,1994,1,0,16,0.2,0,0,0,0,0,0,0,0,0,0,0,0,0,Matches
448,Gino Caoki,fr FRA,FW,Lorient,fr Ligue 1,19,2004,1,0,7,0.1,0,0,0,0,0,0,0,0,0,0,0,0,0,Matches
449,Étienne Capoue,fr FRA,MF,Villarreal,es La Liga,35,1988,32,15,"1,455",16.2,1,1,2,1,0,0,8,0,0.06,0.06,0.12,0.06,0.12,Matches
450,Gianluca Caprari,it ITA,"MF,FW",Monza,it Serie A,30,1993,6,4,285,3.2,0,0,0,0,0,0,0,0,0,0,0,0,0,Matches
Rk,Player,Nation,Pos,Squad,Comp,Age,Born,MP,Starts,Min,90s,Gls,Ast,G+A,G-PK,PK,PKatt,CrdY,CrdR,Gls,Ast,G+A,G-PK,G+A-PK,Matches
451,Elia Caprile,it ITA,GK,Empoli,it Serie A,21,2001,23,23,"2,070",23,0,0,0,0,0,0,0,0,0,0,0,0,0,Matches
452,Francesco Caputo,it ITA,FW,Empoli,it Serie A,35,1987,20,15,"1,268",14.1,3,0,3,2,1,1,0,0,0.21,0,0.21,0.14,0.14,Matches
453,Maxence Caqueret,fr FRA,MF,Lyon,fr Ligue 1,23,2000,34,34,"3,022",33.6,1,3,4,1,0,0,1,0,0.03,0.09,0.12,0.03,0.12,Matches
454,Andrea Carboni,it ITA,DF,Monza,it Serie A,22,2001,21,16,"1,487",16.5,1,0,1,1,0,0,1,0,0.06,0,0.06,0.06,0.06,Matches
455,Valentin Carboni,ar ARG,MF,Monza,it Serie A,18,2005,31,10,"1,169",13,2,3,5,2,0,0,2,0,0.15,0.23,0.38,0.15,0.38,Matches
456,Isaac Carcelen,es ESP,DF,Cádiz,es La Liga,30,1993,35,29,"2,611",29,0,0,0,0,0,0,2,0,0,0,0,0,0,Matches
457,Dani Cárdenas,es ESP,GK,Rayo Vallecano,es La Liga,26,1997,1,1,90,1,0,0,0,0,0,0,0,0,0,0,0,0,0,Matches
458,Irvin Cardona,mt MLT,"FW,MF",Augsburg,de Bundesliga,25,1997,3,0,54,0.6,0,0,0,0,0,0,1,0,0,0,0,0,0,Matches
459,Marc Cardona,es ESP,FW,Las Palmas,es La Liga,28,1995,26,6,737,8.2,4,1,5,3,1,1,4,0,0.49,0.12,0.61,0.37,0.49,Matches
460,Sergi Cardona,es ESP,DF,Las Palmas,es La Liga,24,1999,35,30,"2,814",31.3,1,2,3,1,0,0,11,0,0.03,0.06,0.1,0.03,0.1,Matches
461,Johnny Cardoso,us USA,MF,Real Betis,es La Liga,21,2001,17,15,"1,328",14.8,1,2,3,1,0,0,3,0,0.07,0.14,0.2,0.07,0.2,Matches
462,Igor Carioca,br BRA,"MF,DF",Lorient,fr Ligue 1,26,1996,5,2,262,2.9,0,0,0,0,0,0,2,0,0,0,0,0,0,Matches
463,Diego Carlos,br BRA,DF,Aston Villa,eng Premier League,30,1993,27,20,"1,816",20.2,0,0,0,0,0,0,4,0,0,0,0,0,0,Matches
464,Carmona,es ESP,"MF,DF",Getafe,es La Liga,21,2002,30,15,"1,313",14.6,1,1,2,1,0,0,8,0,0.07,0.07,0.14,0.07,0.14,Matches
465,Marco Carnesecchi,it ITA,GK,Atalanta,it Serie A,23,2000,27,27,"2,425",26.9,0,0,0,0,0,0,0,0,0,0,0,0,0,Matches
466,Yannick Carrasco,be BEL,"DF,MF",Atlético Madrid,es La Liga,29,1993,3,3,221,2.5,0,1,1,0,0,0,0,0,0,0.41,0.41,0,0.41,Matches
467,Álvaro Carreras,es ESP,"MF,FW",Granada,es La Liga,20,2003,13,5,475,5.3,0,0,0,0,0,0,1,0,0,0,0,0,0,Matches
468,Rasmus Carstensen,dk DEN,"DF,MF",Köln,de Bundesliga,22,2000,23,18,"1,659",18.4,0,0,0,0,0,0,2,1,0,0,0,0,0,Matches
469,Antonin Cartillier,fr FRA,DF,Monaco,fr Ligue 1,19,2004,1,0,8,0.1,0,0,0,0,0,0,0,0,0,0,0,0,0,Matches
470,Dani Carvajal,es ESP,DF,Real Madrid,es La Liga,31,1992,28,25,"2,171",24.1,4,3,7,4,0,0,5,1,0.17,0.12,0.29,0.17,0.29,Matches
471,Fabio Carvalho,pt POR,MF,RB Leipzig,de Bundesliga,20,2002,9,1,165,1.8,0,0,0,0,0,0,0,0,0,0,0,0,0,Matches
472,William Carvalho,pt POR,MF,Real Betis,es La Liga,31,1992,22,4,680,7.6,1,3,4,1,0,0,2,0,0.13,0.4,0.53,0.13,0.53,Matches
473,Cesare Casadei,it ITA,MF,Chelsea,eng Premier League,20,2003,11,0,79,0.9,0,0,0,0,0,0,0,0,0,0,0,0,0,Matches
474,Marc Casado,es ESP,MF,Barcelona,es La Liga,19,2003,2,0,15,0.2,0,0,0,0,0,0,0,0,0,0,0,0,0,Matches
475,Nicolò Casale,it ITA,DF,Lazio,it Serie A,25,1998,20,16,"1,559",17.3,0,0,0,0,0,0,5,0,0,0,0,0,0,Matches
Rk,Player,Nation,Pos,Squad,Comp,Age,Born,MP,Starts,Min,90s,Gls,Ast,G+A,G-PK,PK,PKatt,CrdY,CrdR,Gls,Ast,G+A,G-PK,G+A-PK,Matches
476,Casemiro,br BRA,"MF,DF",Manchester Utd,eng Premier League,31,1992,25,24,"1,982",22,1,2,3,1,0,0,7,0,0.05,0.09,0.14,0.05,0.14,Matches
477,Kaelan Casey,eng ENG,DF,West Ham,eng Premier League,18,2004,1,0,1,0,0,0,0,0,0,0,0,0,0,0,0,0,0,Matches
478,Matty Cash,pl POL,"DF,MF",Aston Villa,eng Premier League,25,1997,29,23,"2,142",23.8,2,2,4,2,0,0,8,0,0.08,0.08,0.17,0.08,0.17,Matches
479,Josué Casimir,ht HAI,"MF,FW",Le Havre,fr Ligue 1,21,2001,30,25,"2,016",22.4,0,5,5,0,0,0,6,0,0,0.22,0.22,0,0.22,Matches
480,Giuseppe Caso,it ITA,FW,Frosinone,it Serie A,24,1998,14,2,417,4.6,0,0,0,0,0,0,2,0,0,0,0,0,0,Matches
481,Cristian Cásseres Jr.,ve VEN,MF,Toulouse,fr Ligue 1,23,2000,32,23,"1,946",21.6,1,3,4,1,0,0,1,0,0.05,0.14,0.18,0.05,0.18,Matches
482,Timothy Castagne,be BEL,DF,Fulham,eng Premier League,27,1995,34,29,"2,634",29.3,1,3,4,1,0,0,3,0,0.03,0.1,0.14,0.03,0.14,Matches
483,Koen Casteels,be BEL,GK,Wolfsburg,de Bundesliga,31,1992,25,25,"2,250",25,0,0,0,0,0,0,2,0,0,0,0,0,0,Matches
484,Valentín Castellanos,ar ARG,FW,Lazio,it Serie A,24,1998,35,16,"1,682",18.7,4,3,7,4,0,0,2,0,0.21,0.16,0.37,0.21,0.37,Matches
485,Jean-Charles Castelletto,cm CMR,DF,Nantes,fr Ligue 1,28,1995,28,28,"2,464",27.4,2,0,2,2,0,0,5,0,0.07,0,0.07,0.07,0.07,Matches
486,Samu Castillejo,es ESP,"MF,FW",Sassuolo,it Serie A,28,1995,17,6,536,6,0,0,0,0,0,0,2,0,0,0,0,0,0,Matches
487,Jonny Castro,es ESP,"DF,MF",Wolves,eng Premier League,29,1994,1,0,5,0.1,0,0,0,0,0,0,0,0,0,0,0,0,0,Matches
488,Santiago Castro,ar ARG,FW,Bologna,it Serie A,18,2004,8,2,242,2.7,1,1,2,1,0,0,1,0,0.37,0.37,0.74,0.37,0.74,Matches
489,Gaetano Castrovilli,it ITA,MF,Fiorentina,it Serie A,26,1997,6,5,367,4.1,1,2,3,1,0,0,0,0,0.25,0.49,0.74,0.25,0.74,Matches
490,Danilo Cataldi,it ITA,MF,Lazio,it Serie A,28,1994,28,15,"1,361",15.1,1,0,1,1,0,0,8,0,0.07,0,0.07,0.07,0.07,Matches
491,Catena,es ESP,DF,Osasuna,es La Liga,28,1994,30,28,"2,534",28.2,1,3,4,1,0,0,8,1,0.04,0.11,0.14,0.04,0.14,Matches
492,Maximiliano Caufriez,be BEL,DF,Clermont Foot,fr Ligue 1,26,1997,20,20,"1,659",18.4,0,1,1,0,0,0,6,3,0,0.05,0.05,0,0.05,Matches
493,Ivan Cavaleiro,pt POR,"MF,FW",Lille,fr Ligue 1,29,1993,17,9,770,8.6,1,1,2,1,0,0,1,0,0.12,0.12,0.23,0.12,0.23,Matches
494,Dani Ceballos,es ESP,MF,Real Madrid,es La Liga,26,1996,20,5,598,6.6,0,2,2,0,0,0,2,0,0,0.3,0.3,0,0.3,Matches
495,Emil Ceide,no NOR,"FW,MF",Sassuolo,it Serie A,21,2001,11,0,176,2,0,0,0,0,0,0,0,0,0,0,0,0,0,Matches
496,Zeki Çelik,tr TUR,"DF,MF",Roma,it Serie A,26,1997,17,6,671,7.5,0,0,0,0,0,0,1,0,0,0,0,0,0,Matches
497,Álex Centelles,es ESP,DF,Almería,es La Liga,25,1997,14,11,980,10.9,0,1,1,0,0,0,2,0,0,0.09,0.09,0,0.09,Matches
498,Fabien Centonze,fr FRA,DF,Hellas Verona,it Serie A,27,1996,10,7,676,7.5,0,1,1,0,0,0,2,0,0,0.13,0.13,0,0.13,Matches
499,Fabien Centonze,fr FRA,MF,Nantes,fr Ligue 1,27,1996,3,1,94,1,0,0,0,0,0,0,1,0,0,0,0,0,0,Matches
500,Václav Černý,cz CZE,"MF,FW",Wolfsburg,de Bundesliga,25,1997,22,12,921,10.2,4,1,5,4,0,0,2,0,0.39,0.1,0.49,0.39,0.49,Matches
Rk,Player,Nation,Pos,Squad,Comp,Age,Born,MP,Starts,Min,90s,Gls,Ast,G+A,G-PK,PK,PKatt,CrdY,CrdR,Gls,Ast,G+A,G-PK,G+A-PK,Matches
501,Michele Cerofolini,it ITA,GK,Frosinone,it Serie A,24,1999,8,7,675,7.5,0,0,0,0,0,0,1,0,0,0,0,0,0,Matches
502,Alberto Cerri,it ITA,FW,Empoli,it Serie A,27,1996,12,10,545,6.1,1,0,1,1,0,0,2,0,0.17,0,0.17,0.17,0.17,Matches
503,Leonardo Cerri,it ITA,FW,Juventus,it Serie A,20,2003,1,0,7,0.1,0,0,0,0,0,0,0,0,0,0,0,0,0,Matches
504,Franco Cervi,ar ARG,"MF,DF",Celta Vigo,es La Liga,29,1994,17,5,546,6.1,0,1,1,0,0,0,2,0,0,0.16,0.16,0,0.16,Matches
505,Julian Chabot,de GER,DF,Köln,de Bundesliga,25,1998,32,32,"2,703",30,0,0,0,0,0,0,9,1,0,0,0,0,0,Matches
506,El Chadaille Bitshiabu,fr FRA,DF,RB Leipzig,de Bundesliga,18,2005,6,0,34,0.4,0,0,0,0,0,0,0,0,0,0,0,0,0,Matches
507,Fares Chaïbi,dz ALG,"FW,MF",Toulouse,fr Ligue 1,20,2002,2,0,58,0.6,0,1,1,0,0,0,1,0,0,1.55,1.55,0,1.55,Matches
508,Fares Chaïbi,dz ALG,"MF,FW",Frankfurt,de Bundesliga,20,2002,28,21,"1,912",21.2,2,4,6,2,0,0,2,0,0.09,0.19,0.28,0.09,0.28,Matches
509,Trevoh Chalobah,eng ENG,DF,Chelsea,eng Premier League,24,1999,13,10,952,10.6,1,0,1,1,0,0,1,0,0.09,0,0.09,0.09,0.09,Matches
510,Muhammed Cham,at AUT,"MF,FW",Clermont Foot,fr Ligue 1,22,2000,33,29,"2,554",28.4,8,4,12,4,4,5,4,0,0.28,0.14,0.42,0.14,0.28,Matches
511,Calum Chambers,eng ENG,MF,Aston Villa,eng Premier League,28,1995,5,1,152,1.7,0,1,1,0,0,0,1,0,0,0.59,0.59,0,0.59,Matches
512,Timothy Chandler,us USA,"DF,MF",Frankfurt,de Bundesliga,33,1990,6,0,18,0.2,0,1,1,0,0,0,0,0,0,5,5,0,5,Matches
513,Brendan Chardonnet,fr FRA,DF,Brest,fr Ligue 1,28,1994,33,33,"2,970",33,1,1,2,1,0,0,4,0,0.03,0.03,0.06,0.03,0.06,Matches
514,Charlys,br BRA,MF,Hellas Verona,it Serie A,19,2004,2,0,25,0.3,0,0,0,0,0,0,0,0,0,0,0,0,0,Matches
515,Pep Chavarría,es ESP,"DF,MF",Rayo Vallecano,es La Liga,25,1998,22,12,"1,167",13,1,1,2,1,0,0,6,1,0.08,0.08,0.15,0.08,0.15,Matches
516,Jhoanner Chávez,ec ECU,"MF,DF",Lens,fr Ligue 1,21,2002,8,6,481,5.3,0,0,0,0,0,0,1,0,0,0,0,0,0,Matches
517,Walid Cheddira,ma MAR,FW,Frosinone,it Serie A,25,1998,36,24,"2,120",23.6,7,1,8,6,1,1,0,0,0.3,0.04,0.34,0.25,0.3,Matches
518,Rayan Cherki,fr FRA,"MF,FW",Lyon,fr Ligue 1,19,2003,33,19,"1,719",19.1,1,6,7,1,0,0,0,0,0.05,0.31,0.37,0.05,0.37,Matches
519,Youssef Chermiti,pt POR,FW,Everton,eng Premier League,19,2004,18,1,208,2.3,0,0,0,0,0,0,3,0,0,0,0,0,0,Matches
520,Lucas Chevalier,fr FRA,GK,Lille,fr Ligue 1,21,2001,33,33,"2,969",33,0,0,0,0,0,0,1,0,0,0,0,0,0,Matches
521,Fabio Chiarodia,it ITA,DF,Gladbach,de Bundesliga,18,2005,7,1,152,1.7,0,0,0,0,0,0,0,0,0,0,0,0,0,Matches
522,Federico Chiesa,it ITA,FW,Juventus,it Serie A,25,1997,33,25,"2,197",24.4,9,2,11,8,1,1,1,0,0.37,0.08,0.45,0.33,0.41,Matches
523,Ben Chilwell,eng ENG,"MF,DF",Chelsea,eng Premier League,26,1996,13,9,756,8.4,0,1,1,0,0,0,5,0,0,0.12,0.12,0,0.12,Matches
524,Tawanda Chirewa,zw ZIM,FW,Wolves,eng Premier League,19,2003,8,1,145,1.6,0,0,0,0,0,0,1,0,0,0,0,0,0,Matches
525,Pedro Chirivella,es ESP,MF,Nantes,fr Ligue 1,26,1997,32,31,"2,594",28.8,1,1,2,1,0,0,5,0,0.03,0.03,0.07,0.03,0.07,Matches
Rk,Player,Nation,Pos,Squad,Comp,Age,Born,MP,Starts,Min,90s,Gls,Ast,G+A,G-PK,PK,PKatt,CrdY,CrdR,Gls,Ast,G+A,G-PK,G+A-PK,Matches
526,Leon Chiwome,eng ENG,FW,Wolves,eng Premier League,17,2006,3,2,174,1.9,0,0,0,0,0,0,0,0,0,0,0,0,0,Matches
527,Tahith Chong,cw CUW,"MF,FW",Luton Town,eng Premier League,23,1999,33,20,"1,982",22,4,0,4,4,0,0,4,0,0.18,0,0.18,0.18,0.18,Matches
528,Joris Chotard,fr FRA,MF,Montpellier,fr Ligue 1,21,2001,31,30,"2,587",28.7,0,3,3,0,0,0,5,0,0,0.1,0.1,0,0.1,Matches
529,Andreas Christensen,dk DEN,"DF,MF",Barcelona,es La Liga,27,1996,30,27,"1,979",22,2,2,4,2,0,0,4,0,0.09,0.09,0.18,0.09,0.18,Matches
530,Jacob Christensen,dk DEN,MF,Köln,de Bundesliga,22,2001,7,2,219,2.4,0,0,0,0,0,0,1,0,0,0,0,0,0,Matches
531,Oliver Christensen,dk DEN,GK,Fiorentina,it Serie A,24,1999,4,4,360,4,0,0,0,0,0,0,0,0,0,0,0,0,0,Matches
532,Ryan Christie,sct SCO,MF,Bournemouth,eng Premier League,28,1995,37,35,"2,907",32.3,0,5,5,0,0,0,6,0,0,0.15,0.15,0,0.15,Matches
533,Carney Chukwuemeka,at AUT,MF,Chelsea,eng Premier League,19,2003,9,2,227,2.5,1,1,2,1,0,0,2,0,0.4,0.4,0.79,0.4,0.79,Matches
534,Samuel Chukwueze,ng NGA,"MF,FW",Milan,it Serie A,24,1999,24,12,"1,017",11.3,1,3,4,1,0,0,1,0,0.09,0.27,0.35,0.09,0.35,Matches
535,Chumi,es ESP,DF,Almería,es La Liga,24,1999,31,26,"2,434",27,0,1,1,0,0,0,4,0,0,0.04,0.04,0,0.04,Matches
536,Víctor Chust,es ESP,DF,Cádiz,es La Liga,23,2000,22,22,"1,864",20.7,0,1,1,0,0,0,3,2,0,0.05,0.05,0,0.05,Matches
537,Pathé Ciss,sn SEN,MF,Rayo Vallecano,es La Liga,29,1994,31,16,"1,664",18.5,1,0,1,1,0,0,10,0,0.05,0,0.05,0.05,0.05,Matches
538,Alphadjo Cissè,it ITA,MF,Hellas Verona,it Serie A,16,2006,1,0,8,0.1,0,0,0,0,0,0,0,0,0,0,0,0,0,Matches
539,Djaoui Cissé,fr FRA,MF,Rennes,fr Ligue 1,19,2004,2,0,4,0,0,0,0,0,0,0,0,0,0,0,0,0,0,Matches
540,Ibrahim Cissoko,nl NED,MF,Toulouse,fr Ligue 1,20,2003,11,2,241,2.7,1,1,2,1,0,0,1,0,0.37,0.37,0.75,0.37,0.75,Matches
541,Giorgio Cittadini,it ITA,DF,Monza,it Serie A,21,2002,1,0,15,0.2,0,0,0,0,0,0,1,0,0,0,0,0,0,Matches
542,Giorgio Cittadini,it ITA,DF,Genoa,it Serie A,21,2002,5,1,106,1.2,0,0,0,0,0,0,0,0,0,0,0,0,0,Matches
543,Patrick Ciurria,it ITA,MF,Monza,it Serie A,28,1995,22,18,"1,598",17.8,0,1,1,0,0,0,2,0,0,0.06,0.06,0,0.06,Matches
544,Bobby Clark,eng ENG,MF,Liverpool,eng Premier League,18,2005,5,1,89,1,0,0,0,0,0,0,0,0,0,0,0,0,0,Matches
545,Jordan Clark,eng ENG,MF,Luton Town,eng Premier League,29,1993,23,14,"1,304",14.5,1,1,2,1,0,0,4,0,0.07,0.07,0.14,0.07,0.14,Matches
546,Alexis Claude-Maurice,fr FRA,MF,Nice,fr Ligue 1,25,1998,18,4,504,5.6,0,0,0,0,0,0,1,0,0,0,0,0,0,Matches
547,Jonathan Clauss,fr FRA,"DF,MF",Marseille,fr Ligue 1,30,1992,27,25,"2,068",23,3,4,7,3,0,0,2,1,0.13,0.17,0.3,0.13,0.3,Matches
548,Silvi Clúa,es ESP,MF,Girona,es La Liga,18,2005,1,0,1,0,0,0,0,0,0,0,0,0,0,0,0,0,0,Matches
549,Nathaniel Clyne,eng ENG,DF,Crystal Palace,eng Premier League,32,1991,19,14,"1,338",14.9,0,0,0,0,0,0,0,0,0,0,0,0,0,Matches
550,Marcus Coco,fr FRA,"MF,DF",Nantes,fr Ligue 1,27,1996,28,18,"1,481",16.5,1,0,1,1,0,0,2,0,0.06,0,0.06,0.06,0.06,Matches
Rk,Player,Nation,Pos,Squad,Comp,Age,Born,MP,Starts,Min,90s,Gls,Ast,G+A,G-PK,PK,PKatt,CrdY,CrdR,Gls,Ast,G+A,G-PK,G+A-PK,Matches
551,Saúl Coco,gq EQG,DF,Las Palmas,es La Liga,24,1999,30,26,"2,295",25.5,1,0,1,1,0,0,6,1,0.04,0,0.04,0.04,0.04,Matches
552,Séamus Coleman,ie IRL,DF,Everton,eng Premier League,34,1988,12,7,665,7.4,0,0,0,0,0,0,0,0,0,0,0,0,0,Matches
553,Maxime Colin,fr FRA,DF,Metz,fr Ligue 1,31,1991,22,22,"1,832",20.4,0,0,0,0,0,0,3,0,0,0,0,0,0,Matches
554,Nathan Collins,ie IRL,DF,Brentford,eng Premier League,22,2001,32,29,"2,652",29.5,1,1,2,1,0,0,3,0,0.03,0.03,0.07,0.03,0.07,Matches
555,Nnamdi Collins,de GER,DF,Frankfurt,de Bundesliga,19,2004,2,1,90,1,0,0,0,0,0,0,0,0,0,0,0,0,0,Matches
556,Lorenzo Colombo,it ITA,FW,Monza,it Serie A,21,2002,25,16,"1,359",15.1,4,1,5,4,0,0,3,0,0.26,0.07,0.33,0.26,0.33,Matches
557,Andrea Colpani,it ITA,MF,Monza,it Serie A,24,1999,38,36,"2,657",29.5,8,4,12,8,0,0,1,0,0.27,0.14,0.41,0.27,0.41,Matches
558,Levi Colwill,eng ENG,DF,Chelsea,eng Premier League,20,2003,23,20,"1,797",20,1,1,2,1,0,0,2,0,0.05,0.05,0.1,0.05,0.1,Matches
559,Kingsley Coman,fr FRA,MF,Bayern Munich,de Bundesliga,27,1996,17,15,"1,113",12.4,3,3,6,3,0,0,1,0,0.24,0.24,0.49,0.24,0.49,Matches
560,Eray Cömert,ch SUI,DF,Nantes,fr Ligue 1,25,1998,25,23,"1,995",22.2,2,0,2,2,0,0,5,0,0.09,0,0.09,0.09,0.09,Matches
561,Santi Comesaña,es ESP,MF,Villarreal,es La Liga,26,1996,27,20,"1,653",18.4,2,0,2,2,0,0,8,2,0.11,0,0.11,0.11,0.11,Matches
562,Pietro Comuzzo,it ITA,DF,Fiorentina,it Serie A,18,2005,4,0,43,0.5,0,0,0,0,0,0,1,0,0,0,0,0,0,Matches
563,Alois Confais,fr FRA,"DF,MF",Le Havre,fr Ligue 1,26,1996,2,0,7,0.1,0,0,0,0,0,0,0,0,0,0,0,0,0,Matches
564,Andrea Consigli,it ITA,GK,Sassuolo,it Serie A,36,1987,35,35,"3,150",35,0,0,0,0,0,0,1,0,0,0,0,0,0,Matches
565,Bambasé Conté,de GER,MF,Hoffenheim,de Bundesliga,20,2003,7,0,48,0.5,0,0,0,0,0,0,0,0,0,0,0,0,0,Matches
566,Nikita Contini,it ITA,GK,Napoli,it Serie A,27,1996,1,0,17,0.2,0,0,0,0,0,0,0,0,0,0,0,0,0,Matches
567,Lewis Cook,eng ENG,MF,Bournemouth,eng Premier League,26,1997,33,32,"2,786",31,0,3,3,0,0,0,5,1,0,0.1,0.1,0,0.1,Matches
568,Copete,es ESP,DF,Mallorca,es La Liga,23,1999,19,17,"1,333",14.8,1,1,2,1,0,0,7,0,0.07,0.07,0.14,0.07,0.14,Matches
569,Diego Coppola,it ITA,DF,Hellas Verona,it Serie A,19,2003,24,18,"1,634",18.2,2,0,2,2,0,0,9,0,0.11,0,0.11,0.11,0.11,Matches
570,Francis Coquelin,fr FRA,MF,Villarreal,es La Liga,32,1991,17,10,910,10.1,0,0,0,0,0,0,4,0,0,0,0,0,0,Matches
571,Tommaso Corazza,it ITA,DF,Bologna,it Serie A,19,2004,9,1,195,2.2,0,0,0,0,0,0,1,0,0,0,0,0,0,Matches
572,Theo Corbeanu,ca CAN,MF,Granada,es La Liga,21,2002,9,2,182,2,1,0,1,1,0,0,2,0,0.49,0,0.49,0.49,0.49,Matches
573,Jeppe Corfitzen,dk DEN,FW,Lecce,it Serie A,18,2004,1,0,9,0.1,0,0,0,0,0,0,0,0,0,0,0,0,0,Matches
574,Jack Cork,eng ENG,"DF,MF",Burnley,eng Premier League,34,1989,4,0,27,0.3,0,0,0,0,0,0,0,0,0,0,0,0,0,Matches
575,Maxwel Cornet,ci CIV,MF,West Ham,eng Premier League,26,1996,7,1,112,1.2,1,0,1,1,0,0,0,0,0.8,0,0.8,0.8,0.8,Matches
Rk,Player,Nation,Pos,Squad,Comp,Age,Born,MP,Starts,Min,90s,Gls,Ast,G+A,G-PK,PK,PKatt,CrdY,CrdR,Gls,Ast,G+A,G-PK,G+A-PK,Matches
576,Giacomo Corona,it ITA,FW,Empoli,it Serie A,19,2004,1,0,5,0.1,0,0,0,0,0,0,0,0,0,0,0,0,0,Matches
577,Jesús Corona,mx MEX,"DF,FW",Sevilla,es La Liga,30,1993,2,0,17,0.2,0,0,0,0,0,0,0,0,0,0,0,0,0,Matches
578,Ángel Correa,ar ARG,"FW,MF",Atlético Madrid,es La Liga,28,1995,32,14,"1,528",17,9,2,11,9,0,0,3,0,0.53,0.12,0.65,0.53,0.65,Matches
579,Joaquín Correa,ar ARG,"MF,FW",Marseille,fr Ligue 1,28,1994,12,6,430,4.8,0,0,0,0,0,0,2,0,0,0,0,0,0,Matches
580,Thierry Correia,pt POR,DF,Valencia,es La Liga,24,1999,31,25,"2,154",23.9,0,2,2,0,0,0,4,1,0,0.08,0.08,0,0.08,Matches
581,Oscar Cortés,co COL,MF,Lens,fr Ligue 1,19,2003,4,0,44,0.5,1,1,2,1,0,0,0,0,2.05,2.05,4.09,2.05,4.09,Matches
582,Danny da Costa,de GER,"MF,DF",Mainz 05,de Bundesliga,30,1993,19,9,830,9.2,0,1,1,0,0,0,1,0,0,0.11,0.11,0,0.11,Matches
583,David Costa,pt POR,MF,Lens,fr Ligue 1,22,2001,25,17,"1,494",16.6,4,2,6,4,0,0,3,0,0.24,0.12,0.36,0.24,0.36,Matches
584,Jaume Costa,es ESP,"DF,MF",Mallorca,es La Liga,35,1988,30,19,"1,682",18.7,0,1,1,0,0,0,7,0,0,0.05,0.05,0,0.05,Matches
585,João Costa,br BRA,MF,Roma,it Serie A,18,2005,3,0,14,0.2,0,0,0,0,0,0,1,0,0,0,0,0,0,Matches
586,Logan Costa,cv CPV,DF,Toulouse,fr Ligue 1,22,2001,31,29,"2,650",29.4,1,1,2,1,0,0,6,0,0.03,0.03,0.07,0.03,0.07,Matches
587,Samu Costa,pt POR,MF,Mallorca,es La Liga,22,2000,34,26,"2,303",25.6,1,1,2,1,0,0,8,0,0.04,0.04,0.08,0.04,0.08,Matches
588,Benoît Costil,fr FRA,GK,Salernitana,it Serie A,36,1987,13,13,"1,170",13,0,0,0,0,0,0,0,0,0,0,0,0,0,Matches
589,Grégoire Coudert,fr FRA,GK,Brest,fr Ligue 1,24,1999,3,2,181,2,0,0,0,0,0,0,0,0,0,0,0,0,0,Matches
590,Vladimír Coufal,cz CZE,DF,West Ham,eng Premier League,30,1992,36,36,"3,132",34.8,0,7,7,0,0,0,7,1,0,0.2,0.2,0,0.2,Matches
591,Lassana Coulibaly,ml MLI,MF,Salernitana,it Serie A,27,1996,28,25,"2,082",23.1,0,1,1,0,0,0,5,0,0,0.04,0.04,0,0.04,Matches
592,Mamadou Coulibaly,sn SEN,MF,Salernitana,it Serie A,24,1999,1,0,3,0,0,0,0,0,0,0,0,0,0,0,0,0,0,Matches
593,Mamadou Coulibaly,fr FRA,MF,Monaco,fr Ligue 1,19,2004,5,1,118,1.3,0,0,0,0,0,0,0,0,0,0,0,0,0,Matches
594,Tanguy Coulibaly,fr FRA,"MF,FW",Montpellier,fr Ligue 1,22,2001,16,7,623,6.9,1,0,1,1,0,0,2,0,0.14,0,0.14,0.14,0.14,Matches
595,Thibaut Courtois,be BEL,GK,Real Madrid,es La Liga,31,1992,4,4,332,3.7,0,0,0,0,0,0,0,0,0,0,0,0,0,Matches
596,Philippe Coutinho,br BRA,"FW,MF",Aston Villa,eng Premier League,31,1992,2,0,25,0.3,0,0,0,0,0,0,0,0,0,0,0,0,0,Matches
597,Yan Couto,br BRA,"MF,DF",Girona,es La Liga,21,2002,34,24,"2,245",24.9,1,8,9,1,0,0,8,0,0.04,0.32,0.36,0.04,0.36,Matches
598,Nicolas Cozza,fr FRA,DF,Wolfsburg,de Bundesliga,24,1999,6,3,276,3.1,0,0,0,0,0,0,1,0,0,0,0,0,0,Matches
599,Nicolas Cozza,fr FRA,"DF,MF",Nantes,fr Ligue 1,24,1999,13,10,895,9.9,0,0,0,0,0,0,2,0,0,0,0,0,0,Matches
600,Alessio Cragno,it ITA,GK,Sassuolo,it Serie A,29,1994,3,3,270,3,0,0,0,0,0,0,0,0,0,0,0,0,0,Matches
Rk,Player,Nation,Pos,Squad,Comp,Age,Born,MP,Starts,Min,90s,Gls,Ast,G+A,G-PK,PK,PKatt,CrdY,CrdR,Gls,Ast,G+A,G-PK,G+A-PK,Matches
601,Crespo,pt POR,MF,Rayo Vallecano,es La Liga,26,1996,15,4,527,5.9,0,0,0,0,0,0,4,0,0,0,0,0,0,Matches
602,Aaron Cresswell,eng ENG,DF,West Ham,eng Premier League,33,1989,11,4,436,4.8,0,0,0,0,0,0,1,0,0,0,0,0,0,Matches
603,Bryan Cristante,it ITA,MF,Roma,it Serie A,28,1995,37,37,"3,289",36.5,3,4,7,3,0,0,8,0,0.08,0.11,0.19,0.08,0.19,Matches
604,Cristian,es ESP,GK,Valencia,es La Liga,25,1998,1,0,57,0.6,0,0,0,0,0,0,0,0,0,0,0,0,0,Matches
605,Juan Cruz Armada,es ESP,DF,Osasuna,es La Liga,31,1992,26,18,"1,667",18.5,0,1,1,0,0,0,3,0,0,0.05,0.05,0,0.05,Matches
606,Juan Cruz,ar ARG,FW,Hellas Verona,it Serie A,24,1999,4,1,109,1.2,0,0,0,0,0,0,0,0,0,0,0,0,0,Matches
607,Juan Cruz,es ESP,MF,Real Betis,es La Liga,23,2000,5,0,76,0.8,0,0,0,0,0,0,0,0,0,0,0,0,0,Matches
608,Juan Cuadrado,co COL,"DF,FW",Inter,it Serie A,35,1988,10,0,267,3,0,2,2,0,0,0,1,0,0,0.67,0.67,0,0.67,Matches
609,Pau Cubarsí,es ESP,DF,Barcelona,es La Liga,16,2007,19,18,"1,558",17.3,0,0,0,0,0,0,4,0,0,0,0,0,0,Matches
610,Marc Cucurella,es ESP,DF,Chelsea,eng Premier League,25,1998,21,20,"1,782",19.8,0,2,2,0,0,0,10,0,0,0.1,0.1,0,0.1,Matches
611,Iván Cuéllar,es ESP,GK,Mallorca,es La Liga,39,1984,1,1,90,1,0,0,0,0,0,0,0,0,0,0,0,0,0,Matches
612,Jorge Cuenca,es ESP,DF,Villarreal,es La Liga,23,1999,29,21,"1,963",21.8,3,1,4,3,0,0,7,0,0.14,0.05,0.18,0.14,0.18,Matches
613,Josh Cullen,ie IRL,MF,Burnley,eng Premier League,27,1996,25,23,"2,057",22.9,2,3,5,2,0,0,9,0,0.09,0.13,0.22,0.09,0.22,Matches
614,Matheus Cunha,br BRA,"FW,MF",Wolves,eng Premier League,24,1999,32,29,"2,440",27.1,12,7,19,11,1,1,9,0,0.44,0.26,0.7,0.41,0.66,Matches
615,Marvin Cuni,al ALB,FW,Frosinone,it Serie A,22,2001,22,6,534,5.9,1,0,1,1,0,0,0,0,0.17,0,0.17,0.17,0.17,Matches
616,Eric Curbelo,es ESP,DF,Las Palmas,es La Liga,29,1994,2,1,102,1.1,0,0,0,0,0,0,0,0,0,0,0,0,0,Matches
617,Sam Curtis,ie IRL,DF,Sheffield United,eng Premier League,17,2005,1,0,28,0.3,0,0,0,0,0,0,0,0,0,0,0,0,0,Matches
618,Tomáš Čvančara,cz CZE,"FW,MF",Gladbach,de Bundesliga,22,2000,21,7,896,10,4,1,5,3,1,2,4,0,0.4,0.1,0.5,0.3,0.4,Matches
619,Danilo D'Ambrosio,it ITA,DF,Monza,it Serie A,34,1988,24,16,"1,536",17.1,0,0,0,0,0,0,5,1,0,0,0,0,0,Matches
620,Alberto Dadie,es ESP,DF,Real Sociedad,es La Liga,21,2002,1,0,28,0.3,0,0,0,0,0,0,0,0,0,0,0,0,0,Matches
621,Trévis Dago,ci CIV,FW,Lille,fr Ligue 1,18,2005,4,0,23,0.3,0,1,1,0,0,0,1,0,0,3.91,3.91,0,3.91,Matches
622,Finn Dahmen,de GER,GK,Augsburg,de Bundesliga,25,1998,31,31,"2,790",31,0,0,0,0,0,0,4,0,0,0,0,0,0,Matches
623,Mahmoud Dahoud,de GER,MF,Stuttgart,de Bundesliga,27,1996,13,1,227,2.5,1,0,1,1,0,0,0,0,0.4,0,0.4,0.4,0.4,Matches
624,Mahmoud Dahoud,de GER,MF,Brighton,eng Premier League,27,1996,9,6,452,5,0,1,1,0,0,0,1,1,0,0.2,0.2,0,0.2,Matches
625,Ameen Al-Dakhil,be BEL,DF,Burnley,eng Premier League,21,2002,13,12,"1,056",11.7,1,0,1,1,0,0,1,0,0.09,0,0.09,0.09,0.09,Matches
Rk,Player,Nation,Pos,Squad,Comp,Age,Born,MP,Starts,Min,90s,Gls,Ast,G+A,G-PK,PK,PKatt,CrdY,CrdR,Gls,Ast,G+A,G-PK,G+A-PK,Matches
626,Thijs Dallinga,nl NED,FW,Toulouse,fr Ligue 1,22,2000,33,28,"2,510",27.9,14,2,16,13,1,3,6,0,0.5,0.07,0.57,0.47,0.54,Matches
627,Diogo Dalot,pt POR,DF,Manchester Utd,eng Premier League,24,1999,36,35,"3,174",35.3,2,3,5,2,0,0,6,1,0.06,0.09,0.14,0.06,0.14,Matches
628,Mikkel Damsgaard,dk DEN,MF,Brentford,eng Premier League,23,2000,23,7,842,9.4,0,2,2,0,0,0,2,0,0,0.21,0.21,0,0.21,Matches
629,Flavius Daniliuc,at AUT,DF,Salernitana,it Serie A,22,2001,14,8,744,8.3,0,0,0,0,0,0,2,0,0,0,0,0,0,Matches
630,Danilo,br BRA,DF,Juventus,it Serie A,32,1991,29,27,"2,452",27.2,1,1,2,1,0,0,7,0,0.04,0.04,0.07,0.04,0.07,Matches
631,Arnaut Danjuma,nl NED,"MF,FW",Everton,eng Premier League,26,1997,14,5,595,6.6,1,0,1,1,0,0,0,0,0.15,0,0.15,0.15,0.15,Matches
632,Jayden Danns,eng ENG,FW,Liverpool,eng Premier League,17,2006,2,0,9,0.1,0,0,0,0,0,0,1,0,0,0,0,0,0,Matches
633,Kevin Danso,at AUT,DF,Lens,fr Ligue 1,24,1998,30,30,"2,655",29.5,1,0,1,1,0,0,6,0,0.03,0,0.03,0.03,0.03,Matches
634,Dante,br BRA,DF,Nice,fr Ligue 1,39,1983,32,32,"2,843",31.6,1,1,2,1,0,0,5,1,0.03,0.03,0.06,0.03,0.06,Matches
635,Raimane Daou,km COM,DF,Marseille,fr Ligue 1,18,2004,1,0,25,0.3,0,0,0,0,0,0,0,0,0,0,0,0,0,Matches
636,Mohamed Daramy,dk DEN,"FW,MF",Reims,fr Ligue 1,21,2002,25,19,"1,648",18.3,4,5,9,3,1,1,0,0,0.22,0.27,0.49,0.16,0.44,Matches
637,Sergi Darder,es ESP,MF,Mallorca,es La Liga,29,1993,36,21,"2,157",24,2,5,7,2,0,0,4,0,0.08,0.21,0.29,0.08,0.29,Matches
638,Achraf Dari,ma MAR,DF,Brest,fr Ligue 1,24,1999,4,1,121,1.3,0,0,0,0,0,0,0,0,0,0,0,0,0,Matches
639,Matteo Darmian,it ITA,"MF,DF",Inter,it Serie A,33,1989,33,27,"2,404",26.7,2,1,3,2,0,0,2,0,0.07,0.04,0.11,0.07,0.11,Matches
640,Lukas Daschner,de GER,"FW,MF",Bochum,de Bundesliga,24,1998,20,3,536,6,1,1,2,1,0,0,2,0,0.17,0.17,0.34,0.17,0.34,Matches
641,Josh Dasilva,eng ENG,MF,Brentford,eng Premier League,24,1998,3,0,24,0.3,0,0,0,0,0,0,0,0,0,0,0,0,0,Matches
642,David Datro Fofana,ci CIV,"FW,MF",Union Berlin,de Bundesliga,20,2002,12,8,682,7.6,1,0,1,1,0,0,0,0,0.13,0,0.13,0.13,0.13,Matches
643,David Datro Fofana,ci CIV,FW,Burnley,eng Premier League,20,2002,15,10,879,9.8,4,1,5,4,0,0,1,0,0.41,0.1,0.51,0.41,0.51,Matches
644,Juan David Cabal,co COL,DF,Hellas Verona,it Serie A,22,2001,22,17,"1,497",16.6,0,0,0,0,0,0,6,0,0,0,0,0,0,Matches
645,Jonathan David,ca CAN,FW,Lille,fr Ligue 1,23,2000,34,30,"2,629",29.2,19,4,23,17,2,3,4,0,0.65,0.14,0.79,0.58,0.72,Matches
646,Alphonso Davies,ca CAN,DF,Bayern Munich,de Bundesliga,22,2000,29,24,"2,065",22.9,2,5,7,2,0,0,0,0,0.09,0.22,0.31,0.09,0.31,Matches
647,Ben Davies,wls WAL,DF,Tottenham,eng Premier League,30,1993,17,12,"1,090",12.1,1,0,1,1,0,0,2,0,0.08,0,0.08,0.08,0.08,Matches
648,Tom Davies,eng ENG,MF,Sheffield United,eng Premier League,25,1998,9,2,221,2.5,0,0,0,0,0,0,2,0,0,0,0,0,0,Matches
649,Keinan Davis,eng ENG,FW,Udinese,it Serie A,25,1998,8,0,186,2.1,1,0,1,1,0,0,2,0,0.48,0,0.48,0.48,0.48,Matches
650,Paweł Dawidowicz,pl POL,DF,Hellas Verona,it Serie A,28,1995,28,25,"2,143",23.8,0,0,0,0,0,0,5,0,0,0,0,0,0,Matches
Rk,Player,Nation,Pos,Squad,Comp,Age,Born,MP,Starts,Min,90s,Gls,Ast,G+A,G-PK,PK,PKatt,CrdY,CrdR,Gls,Ast,G+A,G-PK,G+A-PK,Matches
651,Craig Dawson,eng ENG,DF,Wolves,eng Premier League,33,1990,25,25,"2,209",24.5,1,1,2,1,0,0,7,0,0.04,0.04,0.08,0.04,0.08,Matches
652,Kevin De Bruyne,be BEL,MF,Manchester City,eng Premier League,32,1991,18,15,"1,221",13.6,4,10,14,4,0,0,2,0,0.29,0.74,1.03,0.29,1.03,Matches
653,Bobby De Cordova-Reid,jm JAM,"MF,FW",Fulham,eng Premier League,30,1993,33,17,"1,423",15.8,6,2,8,6,0,0,4,0,0.38,0.13,0.51,0.38,0.51,Matches
654,Charles De Ketelaere,be BEL,"FW,MF",Atalanta,it Serie A,22,2001,35,25,"2,026",22.5,10,8,18,9,1,1,1,0,0.44,0.36,0.8,0.4,0.76,Matches
655,Rodrigo De Paul,ar ARG,MF,Atlético Madrid,es La Liga,29,1994,34,25,"2,075",23.1,3,5,8,3,0,0,7,0,0.13,0.22,0.35,0.13,0.35,Matches
656,Mattia De Sciglio,it ITA,DF,Juventus,it Serie A,30,1992,1,1,45,0.5,0,0,0,0,0,0,0,0,0,0,0,0,0,Matches
657,Lorenzo De Silvestri,it ITA,DF,Bologna,it Serie A,35,1988,15,7,674,7.5,2,0,2,2,0,0,0,0,0.27,0,0.27,0.27,0.27,Matches
658,Thibault De Smet,be BEL,"DF,MF",Reims,fr Ligue 1,25,1998,27,22,"1,831",20.3,0,0,0,0,0,0,7,1,0,0,0,0,0,Matches
659,Koni De Winter,be BEL,DF,Genoa,it Serie A,21,2002,29,26,"2,380",26.4,0,1,1,0,0,0,8,1,0,0.04,0.04,0,0.04,Matches
660,Grégoire Defrel,mq MTQ,"MF,FW",Sassuolo,it Serie A,32,1991,20,7,757,8.4,1,2,3,1,0,0,0,0,0.12,0.24,0.36,0.12,0.36,Matches
661,Alessandro Deiola,it ITA,MF,Cagliari,it Serie A,27,1995,27,19,"1,608",17.9,1,0,1,1,0,0,7,0,0.06,0,0.06,0.06,0.06,Matches
662,Romain Del Castillo,fr FRA,"MF,FW",Brest,fr Ligue 1,27,1996,33,30,"2,497",27.7,8,8,16,5,3,3,4,0,0.29,0.29,0.58,0.18,0.47,Matches
663,Thomas Delaine,fr FRA,"MF,DF",Strasbourg,fr Ligue 1,31,1992,27,24,"2,044",22.7,1,1,2,1,0,0,5,0,0.04,0.04,0.09,0.04,0.09,Matches
664,Sacha Delaye,fr FRA,MF,Montpellier,fr Ligue 1,21,2002,9,0,130,1.4,0,0,0,0,0,0,1,0,0,0,0,0,0,Matches
665,Hannes Delcroix,ht HAI,DF,Burnley,eng Premier League,24,1999,12,5,589,6.5,0,0,0,0,0,0,2,0,0,0,0,0,0,Matches
666,Alessandro Dellavalle,it ITA,DF,Torino,it Serie A,19,2004,1,0,15,0.2,0,0,0,0,0,0,0,0,0,0,0,0,0,Matches
667,Olivier Deman,be BEL,MF,Werder Bremen,de Bundesliga,23,2000,29,14,"1,365",15.2,2,1,3,2,0,0,5,0,0.13,0.07,0.2,0.13,0.2,Matches
668,Karamoko Dembélé,eng ENG,"FW,MF",Brest,fr Ligue 1,20,2003,1,0,16,0.2,0,0,0,0,0,0,0,0,0,0,0,0,0,Matches
669,Ousmane Dembélé,fr FRA,"FW,MF",PSG,fr Ligue 1,26,1997,26,17,"1,506",16.7,3,8,11,3,0,0,0,0,0.18,0.48,0.66,0.18,0.66,Matches
670,Jessy Deminguet,fr FRA,"MF,FW",Strasbourg,fr Ligue 1,25,1998,18,9,690,7.7,0,0,0,0,0,0,1,0,0,0,0,0,0,Matches
671,Ermedin Demirović,ba BIH,"FW,MF",Augsburg,de Bundesliga,25,1998,33,33,"2,873",31.9,15,9,24,12,3,4,7,0,0.47,0.28,0.75,0.38,0.66,Matches
672,Diego Demme,de GER,MF,Napoli,it Serie A,31,1991,2,1,73,0.8,0,0,0,0,0,0,1,0,0,0,0,0,0,Matches
673,Sepp van den Berg,nl NED,DF,Mainz 05,de Bundesliga,21,2001,33,31,"2,839",31.5,3,0,3,3,0,0,9,0,0.1,0,0.1,0.1,0.1,Matches
674,Leander Dendoncker,be BEL,MF,Aston Villa,eng Premier League,28,1995,8,1,119,1.3,1,0,1,1,0,0,0,0,0.76,0,0.76,0.76,0.76,Matches
675,Leander Dendoncker,be BEL,"DF,MF",Napoli,it Serie A,28,1995,3,0,24,0.3,0,0,0,0,0,0,0,0,0,0,0,0,0,Matches
Rk,Player,Nation,Pos,Squad,Comp,Age,Born,MP,Starts,Min,90s,Gls,Ast,G+A,G-PK,PK,PKatt,CrdY,CrdR,Gls,Ast,G+A,G-PK,G+A-PK,Matches
676,Rémy Descamps,fr FRA,GK,Nantes,fr Ligue 1,27,1996,6,6,540,6,0,0,0,0,0,0,1,0,0,0,0,0,0,Matches
677,Mikkel Desler,dk DEN,"DF,MF",Toulouse,fr Ligue 1,28,1995,24,19,"1,544",17.2,0,1,1,0,0,0,2,0,0,0.06,0.06,0,0.06,Matches
678,Arthur Desmas,fr FRA,GK,Le Havre,fr Ligue 1,29,1994,33,33,"2,970",33,0,0,0,0,0,0,2,0,0,0,0,0,0,Matches
679,Mattia Destro,it ITA,FW,Empoli,it Serie A,32,1991,15,3,366,4.1,0,0,0,0,0,0,2,0,0,0,0,0,0,Matches
680,Samuele Di Benedetto,de GER,MF,Stuttgart,de Bundesliga,18,2005,1,0,7,0.1,0,0,0,0,0,0,0,0,0,0,0,0,0,Matches
681,Federico Di Francesco,it ITA,"FW,MF",Lecce,it Serie A,29,1994,2,0,15,0.2,1,0,1,1,0,0,0,0,6,0,6,6,6,Matches
682,Raffaele Di Gennaro,it ITA,GK,Inter,it Serie A,29,1993,1,0,23,0.3,0,0,0,0,0,0,0,0,0,0,0,0,0,Matches
683,Michele Di Gregorio,it ITA,GK,Monza,it Serie A,26,1997,33,33,"2,872",31.9,0,0,0,0,0,0,0,0,0,0,0,0,0,Matches
684,Giovanni Di Lorenzo,it ITA,DF,Napoli,it Serie A,29,1993,36,36,"3,234",35.9,1,6,7,1,0,0,6,0,0.03,0.17,0.19,0.03,0.19,Matches
685,Alessandro Di Pardo,it ITA,"MF,DF",Cagliari,it Serie A,24,1999,15,2,359,4,0,0,0,0,0,0,0,0,0,0,0,0,0,Matches
686,Boulaye Dia,sn SEN,"FW,MF",Salernitana,it Serie A,26,1996,17,12,"1,143",12.7,4,0,4,3,1,1,1,0,0.31,0,0.31,0.24,0.24,Matches
687,Moussa Diaby,fr FRA,"MF,FW",Aston Villa,eng Premier League,24,1999,38,25,"2,174",24.2,6,8,14,6,0,0,1,0,0.25,0.33,0.58,0.25,0.58,Matches
688,Lamine Diack,sn SEN,MF,Nantes,fr Ligue 1,22,2000,1,0,1,0,0,0,0,0,0,0,0,0,0,0,0,0,0,Matches
689,Mouctar Diakhaby,gn GUI,"DF,MF",Valencia,es La Liga,26,1996,14,12,"1,073",11.9,1,0,1,1,0,0,6,0,0.08,0,0.08,0.08,0.08,Matches
690,Mamadou Diakhon,sn SEN,FW,Reims,fr Ligue 1,17,2005,11,1,209,2.3,0,0,0,0,0,0,0,0,0,0,0,0,0,Matches
691,Bafodé Diakité,fr FRA,DF,Lille,fr Ligue 1,22,2001,21,19,"1,696",18.8,5,2,7,5,0,0,4,0,0.27,0.11,0.37,0.27,0.37,Matches
692,Ibrahim Diakité,gn GUI,DF,Reims,fr Ligue 1,19,2003,5,1,109,1.2,0,0,0,0,0,0,0,0,0,0,0,0,0,Matches
693,Moussa Diakité,ml MLI,MF,Cádiz,es La Liga,19,2003,1,0,1,0,0,0,0,0,0,0,0,0,0,0,0,0,0,Matches
694,Oumar Diakité,ci CIV,FW,Reims,fr Ligue 1,19,2003,28,18,"1,585",17.6,5,1,6,5,0,1,4,0,0.28,0.06,0.34,0.28,0.34,Matches
695,Amad Diallo,ci CIV,MF,Manchester Utd,eng Premier League,21,2002,9,3,390,4.3,1,1,2,1,0,0,1,0,0.23,0.23,0.46,0.23,0.46,Matches
696,Amadou Diallo,eng ENG,FW,Newcastle,eng Premier League,20,2003,1,0,1,0,0,0,0,0,0,0,0,0,0,0,0,0,0,Matches
697,Assane Diao,sn SEN,MF,Real Betis,es La Liga,17,2005,18,13,"1,048",11.6,2,0,2,2,0,0,4,0,0.17,0,0.17,0.17,0.17,Matches
698,Habib Diarra,sn SEN,"MF,FW",Strasbourg,fr Ligue 1,19,2004,31,28,"2,305",25.6,3,1,4,2,1,1,3,0,0.12,0.04,0.16,0.08,0.12,Matches
699,Moussa Diarra,ml MLI,DF,Toulouse,fr Ligue 1,22,2000,22,15,"1,397",15.5,1,2,3,1,0,0,5,0,0.06,0.13,0.19,0.06,0.19,Matches
700,Rúben Dias,pt POR,"DF,MF",Manchester City,eng Premier League,26,1997,30,28,"2,559",28.4,0,0,0,0,0,0,0,0,0,0,0,0,0,Matches
Rk,Player,Nation,Pos,Squad,Comp,Age,Born,MP,Starts,Min,90s,Gls,Ast,G+A,G-PK,PK,PKatt,CrdY,CrdR,Gls,Ast,G+A,G-PK,G+A-PK,Matches
701,Krépin Diatta,sn SEN,"MF,DF",Monaco,fr Ligue 1,24,1999,26,12,"1,206",13.4,0,2,2,0,0,0,2,0,0,0.15,0.15,0,0.15,Matches
702,Mory Diaw,sn SEN,GK,Clermont Foot,fr Ligue 1,30,1993,30,30,"2,700",30,0,0,0,0,0,0,3,0,0,0,0,0,0,Matches
703,Mahamadou Diawara,fr FRA,MF,Lyon,fr Ligue 1,18,2005,11,4,358,4,0,0,0,0,0,0,2,0,0,0,0,0,0,Matches
704,Brahim Díaz,ma MAR,"MF,FW",Real Madrid,es La Liga,23,1999,31,18,"1,545",17.2,8,6,14,8,0,0,0,0,0.47,0.35,0.82,0.47,0.82,Matches
705,Luis Díaz,co COL,FW,Liverpool,eng Premier League,26,1997,37,32,"2,629",29.2,8,5,13,8,0,0,3,0,0.27,0.17,0.45,0.27,0.45,Matches
706,Víctor Díaz,es ESP,DF,Granada,es La Liga,35,1988,4,2,162,1.8,0,0,0,0,0,0,1,0,0,0,0,0,0,Matches
707,Famara Diedhiou,sn SEN,FW,Granada,es La Liga,30,1992,8,0,89,1,0,1,1,0,0,0,1,0,0,1.01,1.01,0,1.01,Matches
708,Justin Diehl,de GER,MF,Köln,de Bundesliga,18,2004,7,1,168,1.9,0,0,0,0,0,0,0,0,0,0,0,0,0,Matches
709,Bamba Dieng,sn SEN,FW,Lorient,fr Ligue 1,23,2000,16,5,549,6.1,4,1,5,4,0,0,3,0,0.66,0.16,0.82,0.66,0.82,Matches
710,Eric Dier,eng ENG,DF,Bayern Munich,de Bundesliga,29,1994,15,13,"1,166",13,0,0,0,0,0,0,1,0,0,0,0,0,0,Matches
711,Eric Dier,eng ENG,DF,Tottenham,eng Premier League,29,1994,4,1,201,2.2,0,0,0,0,0,0,0,0,0,0,0,0,0,Matches
712,Guillaume Dietsch,fr FRA,GK,Metz,fr Ligue 1,22,2001,1,0,73,0.8,0,0,0,0,0,0,0,0,0,0,0,0,0,Matches
713,Florian Dietz,de GER,FW,Köln,de Bundesliga,24,1998,5,0,70,0.8,0,0,0,0,0,0,0,0,0,0,0,0,0,Matches
714,Lucas Digne,fr FRA,DF,Aston Villa,eng Premier League,30,1993,33,27,"2,410",26.8,1,3,4,1,0,0,7,0,0.04,0.11,0.15,0.04,0.15,Matches
715,Federico Dimarco,it ITA,MF,Inter,it Serie A,25,1997,30,29,"2,077",23.1,5,6,11,5,0,0,0,0,0.22,0.26,0.48,0.22,0.48,Matches
716,Stole Dimitrievski,mk MKD,GK,Rayo Vallecano,es La Liga,29,1993,37,37,"3,330",37,0,0,0,0,0,0,2,0,0,0,0,0,0,Matches
717,Junior Dina Ebimbe,cm CMR,MF,Frankfurt,de Bundesliga,22,2000,31,25,"1,956",21.7,5,3,8,5,0,0,5,0,0.23,0.14,0.37,0.23,0.37,Matches
718,Eren Dinkçi,de GER,MF,Heidenheim,de Bundesliga,21,2001,33,33,"2,650",29.4,10,5,15,10,0,0,8,0,0.34,0.17,0.51,0.34,0.51,Matches
719,Sinaly Diomande,ci CIV,DF,Lyon,fr Ligue 1,22,2001,10,10,889,9.9,0,0,0,0,0,0,2,0,0,0,0,0,0,Matches
720,Edan Diop,fr FRA,MF,Monaco,fr Ligue 1,18,2004,10,0,163,1.8,0,0,0,0,0,0,3,0,0,0,0,0,0,Matches
721,Issa Diop,ma MAR,DF,Fulham,eng Premier League,26,1997,18,16,"1,424",15.8,0,0,0,0,0,0,4,1,0,0,0,0,0,Matches
722,Sofiane Diop,ma MAR,"FW,MF",Nice,fr Ligue 1,23,2000,10,6,499,5.5,0,0,0,0,0,0,0,0,0,0,0,0,0,Matches
723,Andy Diouf,fr FRA,MF,Lens,fr Ligue 1,20,2003,25,16,"1,314",14.6,1,0,1,1,0,0,2,0,0.07,0,0.07,0.07,0.07,Matches
724,Yehvann Diouf,sn SEN,GK,Reims,fr Ligue 1,23,1999,34,34,"3,060",34,0,0,0,0,0,0,1,0,0,0,0,0,0,Matches
725,Axel Disasi,fr FRA,DF,Chelsea,eng Premier League,25,1998,31,29,"2,579",28.7,2,0,2,2,0,0,6,0,0.07,0,0.07,0.07,0.07,Matches
Rk,Player,Nation,Pos,Squad,Comp,Age,Born,MP,Starts,Min,90s,Gls,Ast,G+A,G-PK,PK,PKatt,CrdY,CrdR,Gls,Ast,G+A,G-PK,G+A-PK,Matches
726,Tiago Djaló,pt POR,DF,Juventus,it Serie A,23,2000,1,0,17,0.2,0,0,0,0,0,0,0,0,0,0,0,0,0,Matches
727,Chaim El Djebali,tn TUN,MF,Lyon,fr Ligue 1,19,2004,1,0,12,0.1,0,0,0,0,0,0,0,0,0,0,0,0,0,Matches
728,Djené,tg TOG,"DF,MF",Getafe,es La Liga,31,1991,33,30,"2,484",27.6,0,0,0,0,0,0,14,1,0,0,0,0,0,Matches
729,Koffi Djidji,ci CIV,DF,Torino,it Serie A,30,1992,13,8,759,8.4,0,0,0,0,0,0,2,0,0,0,0,0,0,Matches
730,Berat Djimsiti,al ALB,DF,Atalanta,it Serie A,30,1993,37,32,"2,832",31.5,0,1,1,0,0,0,5,0,0,0.03,0.03,0,0.03,Matches
731,Marko Dmitrović,rs SRB,GK,Sevilla,es La Liga,31,1992,13,13,"1,170",13,0,0,0,0,0,0,1,0,0,0,0,0,0,Matches
732,Ritsu Doan,jp JPN,MF,Freiburg,de Bundesliga,25,1998,30,26,"2,246",25,7,2,9,7,0,0,2,0,0.28,0.08,0.36,0.28,0.36,Matches
733,Lewis Dobbin,eng ENG,MF,Everton,eng Premier League,20,2003,12,1,232,2.6,1,0,1,1,0,0,1,0,0.39,0,0.39,0.39,0.39,Matches
734,Dodô,br BRA,DF,Fiorentina,it Serie A,24,1998,9,7,523,5.8,0,0,0,0,0,0,0,0,0,0,0,0,0,Matches
735,Danilho Doekhi,nl NED,DF,Union Berlin,de Bundesliga,25,1998,24,24,"2,160",24,2,0,2,2,0,0,2,0,0.08,0,0.08,0.08,0.08,Matches
736,Matt Doherty,ie IRL,"MF,DF",Wolves,eng Premier League,31,1992,30,9,"1,150",12.8,1,0,1,1,0,0,2,0,0.08,0,0.08,0.08,0.08,Matches
737,Josh Doig,sct SCO,"MF,DF",Hellas Verona,it Serie A,21,2002,12,11,830,9.2,0,0,0,0,0,0,2,0,0,0,0,0,0,Matches
738,Josh Doig,sct SCO,"DF,MF",Sassuolo,it Serie A,21,2002,16,15,"1,343",14.9,0,2,2,0,0,0,5,0,0,0.13,0.13,0,0.13,Matches
739,Jeremy Doku,be BEL,FW,Rennes,fr Ligue 1,21,2002,2,1,111,1.2,1,0,1,1,0,0,0,0,0.81,0,0.81,0.81,0.81,Matches
740,Jeremy Doku,be BEL,"MF,FW",Manchester City,eng Premier League,21,2002,29,18,"1,595",17.7,3,8,11,3,0,0,3,0,0.17,0.45,0.62,0.17,0.62,Matches
741,Jaume Doménech,es ESP,GK,Valencia,es La Liga,32,1990,2,1,79,0.9,0,0,0,0,0,0,0,0,0,0,0,0,0,Matches
742,Carlos Dominguez,es ESP,DF,Celta Vigo,es La Liga,22,2001,22,18,"1,584",17.6,0,0,0,0,0,0,2,0,0,0,0,0,0,Matches
743,Mario Dominguez,es ESP,MF,Valencia,es La Liga,19,2004,3,0,25,0.3,0,0,0,0,0,0,0,0,0,0,0,0,0,Matches
744,Nicolás Domínguez,ar ARG,MF,Bologna,it Serie A,25,1998,2,1,102,1.1,0,0,0,0,0,0,0,0,0,0,0,0,0,Matches
745,Nicolás Domínguez,ar ARG,MF,Nottingham,eng Premier League,25,1998,26,19,"1,495",16.6,2,2,4,2,0,0,4,0,0.12,0.12,0.24,0.12,0.24,Matches
746,Giulio Donati,it ITA,DF,Monza,it Serie A,33,1990,4,0,36,0.4,0,0,0,0,0,0,2,0,0,0,0,0,0,Matches
747,Jamie Donley,nir NIR,MF,Tottenham,eng Premier League,18,2005,3,0,3,0,0,0,0,0,0,0,1,0,0,0,0,0,0,Matches
748,Gianluigi Donnarumma,it ITA,GK,PSG,fr Ligue 1,24,1999,25,25,"2,169",24.1,0,0,0,0,0,0,3,1,0,0,0,0,0,Matches
749,Patrick Dorgu,dk DEN,"MF,DF",Lecce,it Serie A,18,2004,32,17,"1,564",17.4,2,0,2,2,0,0,6,0,0.12,0,0.12,0.12,0.12,Matches
750,Niklas Dorsch,de GER,MF,Augsburg,de Bundesliga,25,1998,21,16,"1,386",15.4,0,0,0,0,0,0,5,0,0,0,0,0,0,Matches
Rk,Player,Nation,Pos,Squad,Comp,Age,Born,MP,Starts,Min,90s,Gls,Ast,G+A,G-PK,PK,PKatt,CrdY,CrdR,Gls,Ast,G+A,G-PK,G+A-PK,Matches
751,Alberto Dossena,it ITA,DF,Cagliari,it Serie A,24,1998,35,33,"2,977",33.1,2,4,6,2,0,0,5,0,0.06,0.12,0.18,0.06,0.18,Matches
752,Carlos Dotor,es ESP,MF,Celta Vigo,es La Liga,22,2001,17,7,708,7.9,0,0,0,0,0,0,2,0,0,0,0,0,0,Matches
753,Abdoulaye Doucouré,ml MLI,MF,Everton,eng Premier League,30,1993,32,32,"2,629",29.2,7,1,8,7,0,0,7,0,0.24,0.03,0.27,0.24,0.27,Matches
754,Cheick Doucouré,ml MLI,MF,Crystal Palace,eng Premier League,23,2000,11,11,919,10.2,0,0,0,0,0,0,2,0,0,0,0,0,0,Matches
755,Siriné Doucouré,ml MLI,FW,Lorient,fr Ligue 1,21,2002,11,5,423,4.7,1,3,4,1,0,0,2,0,0.21,0.64,0.85,0.21,0.85,Matches
756,Désiré Doué,fr FRA,MF,Rennes,fr Ligue 1,18,2005,31,17,"1,626",18.1,4,4,8,4,0,0,3,0,0.22,0.22,0.44,0.22,0.44,Matches
757,Guéla Doué,ci CIV,DF,Rennes,fr Ligue 1,20,2002,24,13,"1,234",13.7,0,2,2,0,0,0,1,1,0,0.15,0.15,0,0.15,Matches
758,Alfie Doughty,eng ENG,"MF,DF",Luton Town,eng Premier League,23,1999,37,34,"2,925",32.5,2,8,10,2,0,0,5,0,0.06,0.25,0.31,0.06,0.31,Matches
759,Douglas,br BRA,MF,Nantes,fr Ligue 1,26,1997,25,22,"1,772",19.7,0,0,0,0,0,0,7,0,0,0,0,0,0,Matches
760,Ismaël Doukouré,fr FRA,"MF,DF",Strasbourg,fr Ligue 1,20,2003,22,19,"1,656",18.4,0,0,0,0,0,0,4,0,0,0,0,0,0,Matches
761,Kamory Doumbia,ml MLI,MF,Brest,fr Ligue 1,20,2003,25,7,879,9.8,6,5,11,6,0,0,1,0,0.61,0.51,1.13,0.61,1.13,Matches
762,Anastasios Douvikas,gr GRE,FW,Celta Vigo,es La Liga,23,1999,32,7,905,10.1,7,1,8,7,0,0,2,0,0.7,0.1,0.8,0.7,0.8,Matches
763,Artem Dovbyk,ua UKR,FW,Girona,es La Liga,26,1997,36,32,"2,587",28.7,24,8,32,17,7,8,2,0,0.83,0.28,1.11,0.59,0.87,Matches
764,Nikola Dovedan,at AUT,MF,Heidenheim,de Bundesliga,29,1994,21,5,656,7.3,3,1,4,3,0,0,0,1,0.41,0.14,0.55,0.41,0.55,Matches
765,Damion Downs,us USA,FW,Köln,de Bundesliga,19,2004,10,0,181,2,2,0,2,2,0,0,0,0,0.99,0,0.99,0.99,0.99,Matches
766,Tommy Doyle,eng ENG,MF,Wolves,eng Premier League,21,2001,26,11,"1,222",13.6,0,0,0,0,0,0,2,0,0,0,0,0,0,Matches
767,Radu Drăgușin,ro ROU,DF,Tottenham,eng Premier League,21,2002,9,4,429,4.8,0,0,0,0,0,0,1,0,0,0,0,0,0,Matches
768,Radu Drăgușin,ro ROU,DF,Genoa,it Serie A,21,2002,19,19,"1,710",19,2,1,3,2,0,0,1,0,0.11,0.05,0.16,0.11,0.16,Matches
769,Dion Drena Beljo,hr CRO,"FW,MF",Augsburg,de Bundesliga,21,2002,26,3,581,6.5,2,0,2,2,0,0,2,0,0.31,0,0.31,0.31,0.31,Matches
770,Tim Drexler,de GER,DF,Hoffenheim,de Bundesliga,18,2005,8,6,573,6.4,0,0,0,0,0,0,1,0,0,0,0,0,0,Matches
771,Domingos Duarte,pt POR,DF,Getafe,es La Liga,28,1995,15,11,907,10.1,0,0,0,0,0,0,5,2,0,0,0,0,0,Matches
772,Rubén Duarte,es ESP,DF,Alavés,es La Liga,27,1995,28,21,"1,878",20.9,2,1,3,2,0,0,7,0,0.1,0.05,0.14,0.1,0.14,Matches
773,Martin Dúbravka,sk SVK,GK,Newcastle,eng Premier League,34,1989,23,22,"1,985",22.1,0,0,0,0,0,0,1,0,0,0,0,0,0,Matches
774,Marvin Ducksch,de GER,FW,Werder Bremen,de Bundesliga,29,1994,33,32,"2,696",30,12,9,21,7,5,6,9,0,0.4,0.3,0.7,0.23,0.53,Matches
775,Ondrej Duda,sk SVK,MF,Hellas Verona,it Serie A,28,1994,32,29,"2,456",27.3,1,4,5,1,0,1,14,2,0.04,0.15,0.18,0.04,0.18,Matches
Rk,Player,Nation,Pos,Squad,Comp,Age,Born,MP,Starts,Min,90s,Gls,Ast,G+A,G-PK,PK,PKatt,CrdY,CrdR,Gls,Ast,G+A,G-PK,G+A-PK,Matches
776,Denzel Dumfries,nl NED,MF,Inter,it Serie A,27,1996,31,19,"1,639",18.2,4,4,8,4,0,0,2,1,0.22,0.22,0.44,0.22,0.44,Matches
777,Paul Dummett,wls WAL,DF,Newcastle,eng Premier League,31,1991,5,0,20,0.2,0,0,0,0,0,0,0,0,0,0,0,0,0,Matches
778,Alfred Duncan,gh GHA,MF,Fiorentina,it Serie A,30,1993,30,24,"1,888",21,2,5,7,2,0,0,2,0,0.1,0.24,0.33,0.1,0.33,Matches
779,Lewis Dunk,eng ENG,DF,Brighton,eng Premier League,31,1991,33,33,"2,869",31.9,3,1,4,3,0,0,7,1,0.09,0.03,0.13,0.09,0.13,Matches
780,Jáder Durán,co COL,FW,Aston Villa,eng Premier League,19,2003,23,3,475,5.3,5,0,5,5,0,0,5,0,0.95,0,0.95,0.95,0.95,Matches
781,Julien Duranville,be BEL,FW,Dortmund,de Bundesliga,17,2006,2,0,12,0.1,0,0,0,0,0,0,0,0,0,0,0,0,0,Matches
782,Hugo Duro,es ESP,FW,Valencia,es La Liga,23,1999,37,35,"2,976",33.1,13,2,15,13,0,0,4,0,0.39,0.06,0.45,0.39,0.45,Matches
783,Jean-Kevin Duverne,ht HAI,DF,Nantes,fr Ligue 1,26,1997,19,15,"1,348",15,0,0,0,0,0,0,5,0,0,0,0,0,0,Matches
784,Paulo Dybala,ar ARG,"FW,MF",Roma,it Serie A,29,1993,28,25,"1,959",21.8,13,9,22,6,7,7,3,0,0.6,0.41,1.01,0.28,0.69,Matches
785,Aron Dønnum,no NOR,"MF,FW",Toulouse,fr Ligue 1,25,1998,27,19,"1,595",17.7,0,1,1,0,0,0,8,0,0,0.06,0.06,0,0.06,Matches
786,George Earthy,eng ENG,MF,West Ham,eng Premier League,18,2004,3,0,34,0.4,1,0,1,1,0,0,0,0,2.65,0,2.65,2.65,2.65,Matches
787,Simon Ebonog,cm CMR,MF,Le Havre,fr Ligue 1,18,2004,4,0,20,0.2,0,0,0,0,0,0,0,0,0,0,0,0,0,Matches
788,Festy Ebosele,ie IRL,MF,Udinese,it Serie A,20,2002,31,20,"1,700",18.9,0,0,0,0,0,0,6,1,0,0,0,0,0,Matches
789,Enzo Ebosse,cm CMR,DF,Udinese,it Serie A,24,1999,1,0,8,0.1,0,0,0,0,0,0,0,0,0,0,0,0,0,Matches
790,Tyronne Ebuehi,ng NGA,DF,Empoli,it Serie A,27,1995,15,11,"1,099",12.2,0,1,1,0,0,0,0,0,0,0.08,0.08,0,0.08,Matches
791,Odsonne Édouard,fr FRA,"FW,MF",Crystal Palace,eng Premier League,25,1998,30,17,"1,555",17.3,7,0,7,7,0,0,4,0,0.41,0,0.41,0.41,0.41,Matches
792,John Egan,ie IRL,DF,Sheffield United,eng Premier League,30,1992,6,6,482,5.4,0,0,0,0,0,0,2,0,0,0,0,0,0,Matches
793,Maximilian Eggestein,de GER,MF,Freiburg,de Bundesliga,26,1996,33,33,"2,914",32.4,1,2,3,1,0,0,6,0,0.03,0.06,0.09,0.03,0.09,Matches
794,Lilian Egloff,de GER,MF,Stuttgart,de Bundesliga,20,2002,5,1,106,1.2,0,0,0,0,0,0,1,0,0,0,0,0,0,Matches
795,Kingsley Ehizibue,nl NED,MF,Udinese,it Serie A,28,1995,23,11,955,10.6,0,1,1,0,0,0,4,0,0,0.09,0.09,0,0.09,Matches
796,Hjalmar Ekdal,se SWE,DF,Burnley,eng Premier League,24,1998,8,5,437,4.9,0,0,0,0,0,0,2,0,0,0,0,0,0,Matches
797,Hugo Ekitike,fr FRA,FW,PSG,fr Ligue 1,21,2002,1,0,9,0.1,0,0,0,0,0,0,0,0,0,0,0,0,0,Matches
798,Hugo Ekitike,fr FRA,FW,Frankfurt,de Bundesliga,21,2002,14,7,716,8,4,2,6,4,0,0,3,0,0.5,0.25,0.75,0.5,0.75,Matches
799,Emmanuel Ekong,se SWE,FW,Empoli,it Serie A,21,2002,1,0,5,0.1,0,0,0,0,0,0,0,0,0,0,0,0,0,Matches
800,Caleb Ekuban,gh GHA,FW,Genoa,it Serie A,29,1994,29,10,"1,131",12.6,4,1,5,4,0,0,0,0,0.32,0.08,0.4,0.32,0.4,Matches
Rk,Player,Nation,Pos,Squad,Comp,Age,Born,MP,Starts,Min,90s,Gls,Ast,G+A,G-PK,PK,PKatt,CrdY,CrdR,Gls,Ast,G+A,G-PK,G+A-PK,Matches
801,Anthony Elanga,se SWE,"MF,FW",Nottingham,eng Premier League,21,2002,36,25,"2,433",27,5,9,14,5,0,0,1,0,0.18,0.33,0.52,0.18,0.52,Matches
802,Simon Elisor,fr FRA,FW,Metz,fr Ligue 1,24,1999,14,9,767,8.5,1,0,1,1,0,1,1,0,0.12,0,0.12,0.12,0.12,Matches
803,Harvey Elliott,eng ENG,"MF,FW",Liverpool,eng Premier League,20,2003,34,11,"1,352",15,3,6,9,3,0,0,2,0,0.2,0.4,0.6,0.2,0.6,Matches
804,Elif Elmas,mk MKD,MF,RB Leipzig,de Bundesliga,23,1999,14,2,266,3,0,0,0,0,0,0,0,0,0,0,0,0,0,Matches
805,Elif Elmas,mk MKD,"MF,FW",Napoli,it Serie A,23,1999,11,4,339,3.8,2,0,2,2,0,0,2,0,0.53,0,0.53,0.53,0.53,Matches
806,Mohamed Elneny,eg EGY,MF,Arsenal,eng Premier League,31,1992,3,0,28,0.3,0,0,0,0,0,0,0,0,0,0,0,0,0,Matches
807,Aritz Elustondo,es ESP,DF,Real Sociedad,es La Liga,29,1994,15,7,812,9,0,1,1,0,0,0,2,0,0,0.11,0.11,0,0.11,Matches
808,Nico Elvedi,ch SUI,DF,Gladbach,de Bundesliga,26,1996,30,28,"2,482",27.6,2,1,3,2,0,0,5,0,0.07,0.04,0.11,0.07,0.11,Matches
809,Adri Embarba,es ESP,"MF,FW",Almería,es La Liga,31,1992,36,29,"2,476",27.5,3,2,5,2,1,1,5,0,0.11,0.07,0.18,0.07,0.15,Matches
810,Breel Embolo,ch SUI,FW,Monaco,fr Ligue 1,26,1997,5,2,182,2,1,0,1,1,0,0,0,0,0.49,0,0.49,0.49,0.49,Matches
811,Emanuel Emegha,nl NED,FW,Strasbourg,fr Ligue 1,20,2003,28,23,"2,078",23.1,8,1,9,8,0,1,3,0,0.35,0.04,0.39,0.35,0.39,Matches
812,Emerson,br BRA,DF,Tottenham,eng Premier League,24,1999,22,11,"1,161",12.9,1,0,1,1,0,0,4,0,0.08,0,0.08,0.08,0.08,Matches
813,Youssef En-Nesyri,ma MAR,FW,Sevilla,es La Liga,26,1997,33,28,"2,570",28.6,16,2,18,15,1,1,4,0,0.56,0.07,0.63,0.53,0.6,Matches
814,Julio Enciso,py PAR,MF,Brighton,eng Premier League,19,2004,12,5,475,5.3,0,2,2,0,0,0,2,0,0,0.38,0.38,0,0.38,Matches
815,Wataru Endo,jp JPN,MF,Liverpool,eng Premier League,30,1993,29,20,"1,722",19.1,1,0,1,1,0,0,10,0,0.05,0,0.05,0.05,0.05,Matches
816,Arne Engels,be BEL,"MF,DF",Augsburg,de Bundesliga,19,2003,32,13,"1,405",15.6,3,2,5,3,0,0,1,1,0.19,0.13,0.32,0.19,0.32,Matches
817,Christian Eriksen,dk DEN,MF,Manchester Utd,eng Premier League,31,1992,22,12,"1,141",12.7,1,2,3,1,0,0,1,0,0.08,0.16,0.24,0.08,0.24,Matches
818,Martin Erlić,hr CRO,DF,Sassuolo,it Serie A,25,1998,32,31,"2,618",29.1,1,0,1,1,0,0,5,0,0.03,0,0.03,0.03,0.03,Matches
819,Gonzalo Escalante,ar ARG,MF,Cádiz,es La Liga,30,1993,25,18,"1,697",18.9,1,2,3,1,0,0,2,1,0.05,0.11,0.16,0.05,0.16,Matches
820,Aarón Escandell,es ESP,GK,Las Palmas,es La Liga,27,1995,2,1,153,1.7,0,0,0,0,0,0,0,1,0,0,0,0,0,Matches
821,Alfonso Espino,uy URU,DF,Rayo Vallecano,es La Liga,31,1992,31,29,"2,507",27.9,0,1,1,0,0,0,9,0,0,0.04,0.04,0,0.04,Matches
822,Bernardo Espinosa,co COL,DF,Girona,es La Liga,34,1989,2,0,2,0,0,0,0,0,0,0,0,0,0,0,0,0,0,Matches
823,Maxime Estève,fr FRA,DF,Montpellier,fr Ligue 1,21,2002,12,12,995,11.1,1,1,2,1,0,0,2,0,0.09,0.09,0.18,0.09,0.18,Matches
824,Maxime Estève,fr FRA,DF,Burnley,eng Premier League,21,2002,16,15,"1,309",14.5,0,0,0,0,0,0,6,0,0,0,0,0,0,Matches
825,Oscar Estupiñan,co COL,FW,Metz,fr Ligue 1,26,1996,6,4,260,2.9,0,0,0,0,0,0,0,0,0,0,0,0,0,Matches
Rk,Player,Nation,Pos,Squad,Comp,Age,Born,MP,Starts,Min,90s,Gls,Ast,G+A,G-PK,PK,PKatt,CrdY,CrdR,Gls,Ast,G+A,G-PK,G+A-PK,Matches
826,Pervis Estupiñán,ec ECU,"DF,MF",Brighton,eng Premier League,25,1998,19,15,"1,243",13.8,2,3,5,2,0,0,4,0,0.14,0.22,0.36,0.14,0.36,Matches
827,Karl Etta Eyong,cm CMR,FW,Cádiz,es La Liga,19,2003,1,0,21,0.2,0,0,0,0,0,0,0,0,0,0,0,0,0,Matches
828,Jonny Evans,nir NIR,DF,Manchester Utd,eng Premier League,35,1988,23,15,"1,392",15.5,0,1,1,0,0,0,2,0,0,0.06,0.06,0,0.06,Matches
829,Eberechi Eze,eng ENG,"MF,FW",Crystal Palace,eng Premier League,25,1998,27,24,"2,055",22.8,11,4,15,10,1,1,3,0,0.48,0.18,0.66,0.44,0.61,Matches
830,Abde Ezzalzouli,ma MAR,"FW,MF",Barcelona,es La Liga,21,2001,2,0,68,0.8,0,0,0,0,0,0,0,0,0,0,0,0,0,Matches
831,Abde Ezzalzouli,ma MAR,MF,Real Betis,es La Liga,21,2001,26,6,865,9.6,1,0,1,1,0,1,1,0,0.1,0,0.1,0.1,0.1,Matches
832,Giovanni Fabbian,it ITA,MF,Bologna,it Serie A,20,2003,27,11,"1,057",11.7,5,2,7,5,0,0,4,0,0.43,0.17,0.6,0.43,0.6,Matches
833,Łukasz Fabiański,pl POL,GK,West Ham,eng Premier League,38,1985,10,7,721,8,0,0,0,0,0,0,0,0,0,0,0,0,0,Matches
834,Nicolò Fagioli,it ITA,MF,Juventus,it Serie A,22,2001,8,4,437,4.9,0,2,2,0,0,0,1,0,0,0.41,0.41,0,0.41,Matches
835,Romain Faivre,fr FRA,MF,Bournemouth,eng Premier League,25,1998,5,0,41,0.5,0,0,0,0,0,0,1,0,0,0,0,0,0,Matches
836,Romain Faivre,fr FRA,MF,Lorient,fr Ligue 1,25,1998,17,16,"1,453",16.1,5,1,6,5,0,0,1,0,0.31,0.06,0.37,0.31,0.37,Matches
837,Ilhan Fakili,fr FRA,MF,Clermont Foot,fr Ligue 1,17,2006,3,1,94,1,0,0,0,0,0,0,0,0,0,0,0,0,0,Matches
838,Radamel Falcao,co COL,FW,Rayo Vallecano,es La Liga,37,1986,22,2,407,4.5,1,0,1,0,1,1,4,0,0.22,0,0.22,0,0,Matches
839,Wladimiro Falcone,it ITA,GK,Lecce,it Serie A,28,1995,38,38,"3,420",38,0,0,0,0,0,0,0,0,0,0,0,0,0,Matches
840,Fali,es ESP,DF,Cádiz,es La Liga,29,1993,30,30,"2,547",28.3,0,0,0,0,0,0,12,0,0,0,0,0,0,Matches
841,Davide Faraoni,it ITA,MF,Hellas Verona,it Serie A,31,1991,11,7,602,6.7,0,1,1,0,0,0,5,0,0,0.15,0.15,0,0.15,Matches
842,Davide Faraoni,it ITA,DF,Fiorentina,it Serie A,31,1991,8,4,392,4.4,0,1,1,0,0,0,0,0,0,0.23,0.23,0,0.23,Matches
843,Ansu Fati,es ESP,"FW,MF",Barcelona,es La Liga,20,2002,3,0,50,0.6,0,0,0,0,0,0,0,0,0,0,0,0,0,Matches
844,Ansu Fati,es ESP,"MF,FW",Brighton,eng Premier League,20,2002,19,3,521,5.8,2,0,2,2,0,0,2,0,0.35,0,0.35,0.35,0.35,Matches
845,Khalil Fayad,fr FRA,MF,Montpellier,fr Ligue 1,19,2004,23,11,"1,025",11.4,3,0,3,3,0,0,2,0,0.26,0,0.26,0.26,0.26,Matches
846,Federico Fazio,ar ARG,DF,Salernitana,it Serie A,36,1987,17,15,"1,355",15.1,1,0,1,1,0,0,3,1,0.07,0,0.07,0.07,0.07,Matches
847,Jacopo Fazzini,it ITA,MF,Empoli,it Serie A,20,2003,31,14,"1,232",13.7,1,1,2,1,0,0,6,0,0.07,0.07,0.15,0.07,0.15,Matches
848,Nabil Fekir,fr FRA,"MF,FW",Real Betis,es La Liga,30,1993,19,10,"1,049",11.7,1,2,3,1,0,0,1,0,0.09,0.17,0.26,0.09,0.26,Matches
849,Felipe,br BRA,DF,Nottingham,eng Premier League,34,1989,7,4,375,4.2,0,0,0,0,0,0,4,0,0,0,0,0,0,Matches
850,Luiz Felipe,it ITA,DF,Real Betis,es La Liga,26,1997,4,4,360,4,0,0,0,0,0,0,1,0,0,0,0,0,0,Matches
Rk,Player,Nation,Pos,Squad,Comp,Age,Born,MP,Starts,Min,90s,Gls,Ast,G+A,G-PK,PK,PKatt,CrdY,CrdR,Gls,Ast,G+A,G-PK,G+A-PK,Matches
851,João Félix,pt POR,FW,Barcelona,es La Liga,23,1999,30,18,"1,540",17.1,7,3,10,7,0,0,3,0,0.41,0.18,0.58,0.41,0.58,Matches
852,Ohis Felix Uduokhai,de GER,DF,Augsburg,de Bundesliga,25,1997,33,33,"2,921",32.5,2,0,2,2,0,0,5,1,0.06,0,0.06,0.06,0.06,Matches
853,Kiko Femenía,es ESP,DF,Villarreal,es La Liga,32,1991,23,16,"1,583",17.6,0,0,0,0,0,0,8,1,0,0,0,0,0,Matches
854,Evan Ferguson,ie IRL,FW,Brighton,eng Premier League,18,2004,27,15,"1,367",15.2,6,0,6,6,0,0,1,0,0.4,0,0.4,0.4,0.4,Matches
855,Lewis Ferguson,sct SCO,MF,Bologna,it Serie A,23,1999,31,31,"2,712",30.1,6,3,9,6,0,0,8,0,0.2,0.1,0.3,0.2,0.3,Matches
856,Bruno Fernandes,pt POR,MF,Manchester Utd,eng Premier League,28,1994,35,35,"3,118",34.6,10,8,18,6,4,5,9,0,0.29,0.23,0.52,0.17,0.4,Matches
857,Edimilson Fernandes,ch SUI,DF,Mainz 05,de Bundesliga,27,1996,21,13,"1,290",14.3,0,2,2,0,0,0,4,0,0,0.14,0.14,0,0.14,Matches
858,Aitor Fernández,es ESP,GK,Osasuna,es La Liga,32,1991,7,6,551,6.1,0,0,0,0,0,0,2,0,0,0,0,0,0,Matches
859,Álex Fernández,es ESP,MF,Cádiz,es La Liga,30,1992,26,14,"1,285",14.3,0,1,1,0,0,0,3,0,0,0.07,0.07,0,0.07,Matches
860,Carlos Fernández,es ESP,FW,Real Sociedad,es La Liga,27,1996,10,5,408,4.5,2,1,3,1,1,1,3,0,0.44,0.22,0.66,0.22,0.44,Matches
861,Enzo Fernández,ar ARG,MF,Chelsea,eng Premier League,22,2001,28,26,"2,209",24.5,3,2,5,2,1,2,7,0,0.12,0.08,0.2,0.08,0.16,Matches
862,Raúl Fernández,es ESP,GK,Granada,es La Liga,35,1988,4,4,280,3.1,0,0,0,0,0,0,0,0,0,0,0,0,0,Matches
863,Valery Fernández,es ESP,MF,Girona,es La Liga,23,1999,27,2,506,5.6,2,0,2,2,0,0,1,0,0.36,0,0.36,0.36,0.36,Matches
864,Fernando,br BRA,MF,Sevilla,es La Liga,36,1987,8,5,459,5.1,0,0,0,0,0,0,0,0,0,0,0,0,0,Matches
865,Fernando,es ESP,GK,Almería,es La Liga,33,1990,4,4,360,4,0,0,0,0,0,0,0,0,0,0,0,0,0,Matches
866,Ichem Ferrah,fr FRA,FW,Lille,fr Ligue 1,17,2005,1,0,3,0,0,0,0,0,0,0,0,0,0,0,0,0,0,Matches
867,Andrea Ferraris,it ITA,FW,Monza,it Serie A,20,2003,1,0,10,0.1,0,0,0,0,0,0,0,0,0,0,0,0,0,Matches
868,André Ferreira,pt POR,GK,Granada,es La Liga,27,1996,15,14,"1,340",14.9,0,0,0,0,0,0,1,0,0,0,0,0,0,Matches
869,João Ferreira,pt POR,"DF,MF",Udinese,it Serie A,22,2001,35,18,"1,822",20.2,0,1,1,0,0,0,9,0,0,0.05,0.05,0,0.05,Matches
870,Jordan Ferri,fr FRA,MF,Montpellier,fr Ligue 1,31,1992,30,23,"2,031",22.6,1,1,2,1,0,0,6,0,0.04,0.04,0.09,0.04,0.09,Matches
871,Nacho Ferri,es ESP,FW,Frankfurt,de Bundesliga,18,2004,8,0,74,0.8,1,0,1,1,0,0,0,0,1.22,0,1.22,1.22,1.22,Matches
872,Rachad Fettal,ma MAR,FW,Almería,es La Liga,18,2005,1,0,17,0.2,0,0,0,0,0,0,0,0,0,0,0,0,0,Matches
873,Seydou Fini,it ITA,FW,Genoa,it Serie A,17,2006,3,0,35,0.4,0,0,0,0,0,0,0,0,0,0,0,0,0,Matches
874,Max Finkgräfe,de GER,DF,Köln,de Bundesliga,19,2004,24,18,"1,756",19.5,1,0,1,1,0,0,4,0,0.05,0,0.05,0.05,0.05,Matches
875,Vincenzo Fiorillo,it ITA,GK,Salernitana,it Serie A,33,1990,4,4,360,4,0,0,0,0,0,0,1,1,0,0,0,0,0,Matches
Rk,Player,Nation,Pos,Squad,Comp,Age,Born,MP,Starts,Min,90s,Gls,Ast,G+A,G-PK,PK,PKatt,CrdY,CrdR,Gls,Ast,G+A,G-PK,G+A-PK,Matches
876,Kilian Fischer,de GER,"MF,DF",Wolfsburg,de Bundesliga,22,2000,6,4,291,3.2,0,0,0,0,0,0,1,0,0,0,0,0,0,Matches
877,John Fleck,sct SCO,MF,Sheffield United,eng Premier League,31,1991,4,1,92,1,0,0,0,0,0,0,1,0,0,0,0,0,0,Matches
878,Mark Flekken,nl NED,GK,Brentford,eng Premier League,30,1993,37,37,"3,285",36.5,0,1,1,0,0,0,3,0,0,0.03,0.03,0,0.03,Matches
879,Alessandro Florenzi,it ITA,"DF,MF",Milan,it Serie A,32,1991,31,19,"1,732",19.2,1,4,5,1,0,0,5,0,0.05,0.21,0.26,0.05,0.26,Matches
880,Phil Foden,eng ENG,MF,Manchester City,eng Premier League,23,2000,35,33,"2,857",31.7,19,8,27,19,0,0,2,0,0.6,0.25,0.85,0.6,0.85,Matches
881,Wes Foderingham,eng ENG,GK,Sheffield United,eng Premier League,32,1991,30,29,"2,649",29.4,0,0,0,0,0,0,2,0,0,0,0,0,0,Matches
882,Malick Fofana,be BEL,"FW,MF",Lyon,fr Ligue 1,18,2005,17,4,559,6.2,3,0,3,3,0,0,0,0,0.48,0,0.48,0.48,0.48,Matches
883,Youssouf Fofana,fr FRA,MF,Monaco,fr Ligue 1,24,1999,32,31,"2,697",30,4,4,8,4,0,0,3,0,0.13,0.13,0.27,0.13,0.27,Matches
884,Jonas Föhrenbach,de GER,DF,Heidenheim,de Bundesliga,27,1996,33,32,"2,788",31,0,0,0,0,0,0,2,0,0,0,0,0,0,Matches
885,Thomas Foket,be BEL,"DF,MF",Reims,fr Ligue 1,28,1994,27,22,"1,833",20.4,0,1,1,0,0,0,9,1,0,0.05,0.05,0,0.05,Matches
886,Michael Folorunsho,it ITA,MF,Hellas Verona,it Serie A,25,1998,34,33,"2,781",30.9,5,1,6,5,0,0,5,0,0.16,0.03,0.19,0.16,0.19,Matches
887,Tiago Fonseca Morais,pt POR,"FW,MF",Lille,fr Ligue 1,19,2003,3,0,46,0.5,0,0,0,0,0,0,0,0,0,0,0,0,0,Matches
888,Pablo Fornals,es ESP,MF,West Ham,eng Premier League,27,1996,15,4,426,4.7,0,0,0,0,0,0,0,0,0,0,0,0,0,Matches
889,Pablo Fornals,es ESP,MF,Real Betis,es La Liga,27,1996,15,14,"1,148",12.8,3,2,5,3,0,0,2,0,0.24,0.16,0.39,0.24,0.39,Matches
890,Emil Forsberg,se SWE,MF,RB Leipzig,de Bundesliga,31,1991,14,5,464,5.2,2,1,3,2,0,1,0,0,0.39,0.19,0.58,0.39,0.58,Matches
891,Omari Forson,eng ENG,MF,Manchester Utd,eng Premier League,19,2004,4,1,70,0.8,0,1,1,0,0,0,0,0,0,1.29,1.29,0,1.29,Matches
892,Philipp Förster,de GER,MF,Bochum,de Bundesliga,28,1995,13,3,385,4.3,0,0,0,0,0,0,1,0,0,0,0,0,0,Matches
893,Héctor Fort,es ESP,DF,Barcelona,es La Liga,16,2006,7,4,318,3.5,0,2,2,0,0,0,0,0,0,0.57,0.57,0,0.57,Matches
894,Lyle Foster,za RSA,"FW,MF",Burnley,eng Premier League,22,2000,24,22,"1,899",21.1,5,3,8,5,0,0,0,1,0.24,0.14,0.38,0.24,0.38,Matches
895,Dimitri Foulquier,fr FRA,"DF,MF",Valencia,es La Liga,30,1993,33,19,"1,842",20.5,0,0,0,0,0,0,3,0,0,0,0,0,0,Matches
896,Juan Foyth,ar ARG,DF,Villarreal,es La Liga,25,1998,12,12,"1,062",11.8,1,1,2,1,0,0,1,0,0.08,0.08,0.17,0.08,0.17,Matches
897,Matheus França,br BRA,MF,Crystal Palace,eng Premier League,19,2004,10,1,232,2.6,0,1,1,0,0,0,1,0,0,0.39,0.39,0,0.39,Matches
898,Bartol Franjić,hr CRO,MF,Darmstadt 98,de Bundesliga,23,2000,20,14,"1,229",13.7,0,1,1,0,0,0,5,0,0,0.07,0.07,0,0.07,Matches
899,Przemysław Frankowski,pl POL,MF,Lens,fr Ligue 1,28,1995,30,24,"2,192",24.4,3,2,5,2,1,2,4,0,0.12,0.08,0.21,0.08,0.16,Matches
900,Nathan Fraser,ie IRL,FW,Wolves,eng Premier League,18,2005,7,1,186,2.1,0,0,0,0,0,0,1,0,0,0,0,0,0,Matches
Rk,Player,Nation,Pos,Squad,Comp,Age,Born,MP,Starts,Min,90s,Gls,Ast,G+A,G-PK,PK,PKatt,CrdY,CrdR,Gls,Ast,G+A,G-PK,G+A-PK,Matches
901,Davide Frattesi,it ITA,MF,Inter,it Serie A,23,1999,32,6,955,10.6,6,3,9,6,0,0,1,0,0.57,0.28,0.85,0.57,0.85,Matches
902,Morten Frendrup,dk DEN,MF,Genoa,it Serie A,22,2001,37,36,"3,145",34.9,2,5,7,2,0,0,6,0,0.06,0.14,0.2,0.06,0.2,Matches
903,Remo Freuler,ch SUI,MF,Bologna,it Serie A,31,1992,32,30,"2,624",29.2,1,1,2,1,0,0,9,0,0.03,0.03,0.07,0.03,0.07,Matches
904,Marco Friedl,at AUT,DF,Werder Bremen,de Bundesliga,25,1998,25,25,"2,197",24.4,1,0,1,1,0,0,6,0,0.04,0,0.04,0.04,0.04,Matches
905,Marvin Friedrich,de GER,DF,Gladbach,de Bundesliga,27,1995,24,17,"1,566",17.4,0,0,0,0,0,0,1,0,0,0,0,0,0,Matches
906,Jeremie Frimpong,nl NED,MF,Leverkusen,de Bundesliga,22,2000,31,27,"2,251",25,9,7,16,9,0,0,6,0,0.36,0.28,0.64,0.36,0.64,Matches
907,Jorge de Frutos,es ESP,MF,Rayo Vallecano,es La Liga,26,1997,36,14,"1,549",17.2,2,0,2,2,0,0,1,0,0.12,0,0.12,0.12,0.12,Matches
908,Chris Führich,de GER,MF,Stuttgart,de Bundesliga,25,1998,34,33,"2,567",28.5,8,7,15,8,0,1,2,0,0.28,0.25,0.53,0.28,0.53,Matches
909,Shiō Fukuda,jp JPN,FW,Gladbach,de Bundesliga,19,2004,5,0,36,0.4,0,0,0,0,0,0,0,0,0,0,0,0,0,Matches
910,Angelo Fulgini,nc NCL,MF,Lens,fr Ligue 1,26,1996,29,16,"1,376",15.3,1,2,3,1,0,0,1,0,0.07,0.13,0.2,0.07,0.2,Matches
911,Niclas Füllkrug,de GER,FW,Werder Bremen,de Bundesliga,30,1993,2,2,180,2,0,0,0,0,0,0,0,0,0,0,0,0,0,Matches
912,Niclas Füllkrug,de GER,FW,Dortmund,de Bundesliga,30,1993,29,27,"2,212",24.6,12,8,20,9,3,3,1,0,0.49,0.33,0.81,0.37,0.69,Matches
913,Gerardo Fusco,it ITA,FW,Salernitana,it Serie A,18,2005,1,0,15,0.2,0,0,0,0,0,0,0,0,0,0,0,0,0,Matches
914,Daniel Fuzato,br BRA,GK,Getafe,es La Liga,26,1997,1,0,7,0.1,0,0,0,0,0,0,0,0,0,0,0,0,0,Matches
915,Matteo Gabbia,it ITA,DF,Villarreal,es La Liga,23,1999,7,6,477,5.3,0,0,0,0,0,0,2,0,0,0,0,0,0,Matches
916,Matteo Gabbia,it ITA,DF,Milan,it Serie A,23,1999,18,14,"1,275",14.2,2,1,3,2,0,0,5,0,0.14,0.07,0.21,0.14,0.21,Matches
917,Gianluca Gaetano,it ITA,"MF,FW",Cagliari,it Serie A,23,2000,11,10,745,8.3,4,1,5,3,1,1,1,1,0.48,0.12,0.6,0.36,0.48,Matches
918,Gianluca Gaetano,it ITA,MF,Napoli,it Serie A,23,2000,9,1,161,1.8,1,0,1,1,0,0,1,0,0.56,0,0.56,0.56,0.56,Matches
919,Roberto Gagliardini,it ITA,"MF,DF",Monza,it Serie A,29,1994,33,29,"2,360",26.2,1,2,3,1,0,0,5,0,0.04,0.08,0.11,0.04,0.11,Matches
920,Cody Gakpo,nl NED,"FW,MF",Liverpool,eng Premier League,24,1999,35,17,"1,649",18.3,8,5,13,8,0,0,1,0,0.44,0.27,0.71,0.44,0.71,Matches
921,Javi Galán,es ESP,"DF,MF",Atlético Madrid,es La Liga,28,1994,5,0,88,1,0,0,0,0,0,0,1,0,0,0,0,0,0,Matches
922,Javi Galán,es ESP,DF,Real Sociedad,es La Liga,28,1994,14,13,"1,075",11.9,0,1,1,0,0,0,3,0,0,0.08,0.08,0,0.08,Matches
923,Iñigo Ruiz de Galarreta,es ESP,MF,Athletic Club,es La Liga,29,1993,29,25,"2,091",23.2,1,1,2,1,0,0,7,0,0.04,0.04,0.09,0.04,0.09,Matches
924,Pablo Galdames Millán,cl CHI,MF,Genoa,it Serie A,26,1996,2,0,11,0.1,0,0,0,0,0,0,0,0,0,0,0,0,0,Matches
925,Conor Gallagher,eng ENG,MF,Chelsea,eng Premier League,23,2000,37,37,"3,128",34.8,5,7,12,5,0,0,9,1,0.14,0.2,0.35,0.14,0.35,Matches
Rk,Player,Nation,Pos,Squad,Comp,Age,Born,MP,Starts,Min,90s,Gls,Ast,G+A,G-PK,PK,PKatt,CrdY,CrdR,Gls,Ast,G+A,G-PK,G+A-PK,Matches
926,Antonino Gallo,it ITA,DF,Lecce,it Serie A,23,2000,35,30,"2,490",27.7,0,3,3,0,0,0,2,0,0,0.11,0.11,0,0.11,Matches
927,Cristian Gamboa,cr CRC,"DF,MF",Bochum,de Bundesliga,33,1989,22,12,"1,187",13.2,0,1,1,0,0,0,6,0,0,0.08,0.08,0,0.08,Matches
928,Kévin Gameiro,fr FRA,"FW,MF",Strasbourg,fr Ligue 1,36,1987,27,15,"1,346",15,4,2,6,2,2,2,0,0,0.27,0.13,0.4,0.13,0.27,Matches
929,Ignatius Ganago,cm CMR,"MF,FW",Nantes,fr Ligue 1,24,1999,6,2,184,2,0,0,0,0,0,0,0,0,0,0,0,0,0,Matches
930,Ben Gannon-Doak,sct SCO,MF,Liverpool,eng Premier League,17,2005,1,0,14,0.2,0,0,0,0,0,0,0,0,0,0,0,0,0,Matches
931,Aleix García,es ESP,MF,Girona,es La Liga,26,1997,37,36,"3,199",35.5,3,6,9,3,0,0,4,1,0.08,0.17,0.25,0.08,0.25,Matches
932,Álvaro García,es ESP,MF,Rayo Vallecano,es La Liga,30,1992,32,30,"2,475",27.5,6,1,7,6,0,0,8,1,0.22,0.04,0.25,0.22,0.25,Matches
933,Dani García,es ESP,MF,Athletic Club,es La Liga,33,1990,17,7,745,8.3,1,0,1,1,0,0,4,0,0.12,0,0.12,0.12,0.12,Matches
934,David García,es ESP,DF,Osasuna,es La Liga,29,1994,27,27,"2,334",25.9,0,1,1,0,0,0,5,0,0,0.04,0.04,0,0.04,Matches
935,Eric García,es ESP,"DF,MF",Barcelona,es La Liga,22,2001,2,0,57,0.6,0,0,0,0,0,0,1,0,0,0,0,0,0,Matches
936,Eric García,es ESP,DF,Girona,es La Liga,22,2001,30,30,"2,637",29.3,5,0,5,5,0,0,4,0,0.17,0,0.17,0.17,0.17,Matches
937,Fran Garcia,es ESP,DF,Real Madrid,es La Liga,23,1999,25,15,"1,398",15.5,1,5,6,1,0,0,2,0,0.06,0.32,0.39,0.06,0.39,Matches
938,Gonzalo García,es ESP,FW,Real Madrid,es La Liga,19,2004,2,0,19,0.2,0,0,0,0,0,0,0,0,0,0,0,0,0,Matches
939,Jastin García,es ESP,FW,Girona,es La Liga,19,2004,3,0,32,0.4,0,0,0,0,0,0,0,0,0,0,0,0,0,Matches
940,Raúl García,es ESP,FW,Athletic Club,es La Liga,37,1986,20,1,420,4.7,1,0,1,1,0,0,3,0,0.21,0,0.21,0.21,0.21,Matches
941,Rubén García,es ESP,"FW,MF",Osasuna,es La Liga,30,1993,30,19,"1,547",17.2,3,2,5,3,0,0,1,0,0.17,0.12,0.29,0.17,0.29,Matches
942,Santiago García,es ESP,MF,Getafe,es La Liga,21,2001,1,0,25,0.3,0,0,0,0,0,0,0,0,0,0,0,0,0,Matches
943,Ulisses Garcia,ch SUI,"DF,MF",Marseille,fr Ligue 1,27,1996,13,10,906,10.1,0,0,0,0,0,0,0,0,0,0,0,0,0,Matches
944,Unai García,es ESP,DF,Osasuna,es La Liga,31,1992,9,6,560,6.2,1,0,1,1,0,0,6,1,0.16,0,0.16,0.16,0.16,Matches
945,Alejandro Garnacho,ar ARG,MF,Manchester Utd,eng Premier League,19,2004,36,30,"2,565",28.5,7,4,11,7,0,0,4,0,0.25,0.14,0.39,0.25,0.39,Matches
946,James Garner,eng ENG,MF,Everton,eng Premier League,22,2001,37,34,"3,004",33.4,1,2,3,1,0,0,7,0,0.03,0.06,0.09,0.03,0.09,Matches
947,Luca Garritano,it ITA,MF,Frosinone,it Serie A,29,1994,12,5,485,5.4,0,0,0,0,0,0,1,0,0,0,0,0,0,Matches
948,Yarek Gasiorowski,es ESP,DF,Valencia,es La Liga,18,2005,14,7,735,8.2,0,0,0,0,0,0,1,0,0,0,0,0,0,Matches
949,Johan Gastien,fr FRA,MF,Clermont Foot,fr Ligue 1,35,1988,28,28,"2,260",25.1,0,0,0,0,0,0,7,0,0,0,0,0,0,Matches
950,Federico Gatti,it ITA,DF,Juventus,it Serie A,25,1998,32,30,"2,637",29.3,4,0,4,4,0,0,7,0,0.14,0,0.14,0.14,0.14,Matches
Rk,Player,Nation,Pos,Squad,Comp,Age,Born,MP,Starts,Min,90s,Gls,Ast,G+A,G-PK,PK,PKatt,CrdY,CrdR,Gls,Ast,G+A,G-PK,G+A-PK,Matches
951,Federico Gattoni,ar ARG,DF,Sevilla,es La Liga,24,1999,2,0,10,0.1,0,0,0,0,0,0,0,0,0,0,0,0,0,Matches
952,Gavi,es ESP,"MF,FW",Barcelona,es La Liga,18,2004,12,10,944,10.5,1,1,2,1,0,0,5,0,0.1,0.1,0.19,0.1,0.19,Matches
953,Paulo Gazzaniga,ar ARG,GK,Girona,es La Liga,31,1992,38,38,"3,420",38,0,0,0,0,0,0,2,0,0,0,0,0,0,Matches
954,Yann Gboho,fr FRA,"MF,FW",Toulouse,fr Ligue 1,22,2001,16,13,"1,193",13.3,3,2,5,3,0,0,1,0,0.23,0.15,0.38,0.23,0.38,Matches
955,Dennis Geiger,de GER,MF,Hoffenheim,de Bundesliga,25,1998,3,0,64,0.7,0,0,0,0,0,0,1,0,0,0,0,0,0,Matches
956,Gelabert,es ESP,"MF,FW",Toulouse,fr Ligue 1,22,2000,16,10,754,8.4,1,2,3,1,0,0,1,0,0.12,0.24,0.36,0.12,0.36,Matches
957,Francesco Gelli,it ITA,"MF,DF",Frosinone,it Serie A,26,1996,27,16,"1,561",17.3,0,0,0,0,0,0,3,0,0,0,0,0,0,Matches
958,Luca Gemello,it ITA,GK,Torino,it Serie A,23,2000,2,2,180,2,0,0,0,0,0,0,0,0,0,0,0,0,0,Matches
959,Valentin Gendrey,fr FRA,DF,Lecce,it Serie A,23,2000,37,35,"3,044",33.8,2,3,5,2,0,0,5,0,0.06,0.09,0.15,0.06,0.15,Matches
960,Denis Genreau,au AUS,MF,Toulouse,fr Ligue 1,24,1999,9,5,464,5.2,0,0,0,0,0,0,0,0,0,0,0,0,0,Matches
961,Yannick Gerhardt,de GER,MF,Wolfsburg,de Bundesliga,29,1994,25,18,"1,630",18.1,2,1,3,2,0,0,5,0,0.11,0.06,0.17,0.11,0.17,Matches
962,Anwar El Ghazi,nl NED,"FW,MF",Mainz 05,de Bundesliga,28,1995,3,0,54,0.6,0,1,1,0,0,0,0,0,0,1.67,1.67,0,1.67,Matches
963,Farés Ghedjemis,dz ALG,FW,Frosinone,it Serie A,20,2002,6,1,182,2,0,0,0,0,0,0,1,0,0,0,0,0,0,Matches
964,Saman Ghoddos,ir IRN,"DF,MF",Brentford,eng Premier League,29,1993,19,7,739,8.2,1,0,1,1,0,0,5,0,0.12,0,0.12,0.12,0.12,Matches
965,Lautaro Gianetti,ar ARG,DF,Udinese,it Serie A,29,1993,7,7,630,7,1,0,1,1,0,0,4,0,0.14,0,0.14,0.14,0.14,Matches
966,Morgan Gibbs-White,eng ENG,"MF,FW",Nottingham,eng Premier League,23,2000,37,35,"3,156",35.1,5,10,15,4,1,1,9,0,0.14,0.29,0.43,0.11,0.4,Matches
967,Samuel Gigot,fr FRA,DF,Marseille,fr Ligue 1,29,1993,21,20,"1,726",19.2,3,0,3,3,0,0,7,1,0.16,0,0.16,0.16,0.16,Matches
968,Bryan Gil,es ESP,MF,Tottenham,eng Premier League,22,2001,11,2,209,2.3,0,0,0,0,0,0,0,0,0,0,0,0,0,Matches
969,David Gil,es ESP,GK,Cádiz,es La Liga,29,1994,5,4,372,4.1,0,0,0,0,0,0,1,0,0,0,0,0,0,Matches
970,Mario Gila,es ESP,DF,Lazio,it Serie A,22,2000,21,21,"1,809",20.1,0,0,0,0,0,0,4,1,0,0,0,0,0,Matches
971,Alfie Gilchrist,eng ENG,DF,Chelsea,eng Premier League,19,2003,11,2,207,2.3,1,0,1,1,0,0,1,0,0.43,0,0.43,0.43,0.43,Matches
972,Ryan Giles,eng ENG,"MF,DF",Luton Town,eng Premier League,23,2000,11,5,503,5.6,0,0,0,0,0,0,0,0,0,0,0,0,0,Matches
973,Billy Gilmour,sct SCO,MF,Brighton,eng Premier League,22,2001,30,24,"2,120",23.6,0,1,1,0,0,0,8,1,0,0.04,0.04,0,0.04,Matches
974,Benedikt Gimber,de GER,DF,Heidenheim,de Bundesliga,26,1997,24,24,"2,021",22.5,1,1,2,1,0,0,9,0,0.04,0.04,0.09,0.04,0.09,Matches
975,Gvidas Gineitis,lt LTU,MF,Torino,it Serie A,19,2004,14,4,538,6,0,0,0,0,0,0,2,0,0,0,0,0,0,Matches
Rk,Player,Nation,Pos,Squad,Comp,Age,Born,MP,Starts,Min,90s,Gls,Ast,G+A,G-PK,PK,PKatt,CrdY,CrdR,Gls,Ast,G+A,G-PK,G+A-PK,Matches
976,Matthias Ginter,de GER,DF,Freiburg,de Bundesliga,29,1994,23,22,"1,913",21.3,0,2,2,0,0,0,3,0,0,0.09,0.09,0,0.09,Matches
977,Olivier Giroud,fr FRA,FW,Milan,it Serie A,36,1986,35,28,"2,363",26.3,15,8,23,11,4,5,1,1,0.57,0.3,0.88,0.42,0.72,Matches
978,Jamie Gittens,eng ENG,"MF,FW",Dortmund,de Bundesliga,18,2004,25,14,"1,058",11.8,1,4,5,1,0,0,1,0,0.09,0.34,0.43,0.09,0.43,Matches
979,Klaus Gjasula,al ALB,"DF,MF",Darmstadt 98,de Bundesliga,33,1989,22,17,"1,363",15.1,0,0,0,0,0,0,7,1,0,0,0,0,0,Matches
980,Serge Gnabry,de GER,MF,Bayern Munich,de Bundesliga,28,1995,10,5,432,4.8,3,1,4,3,0,0,0,0,0.62,0.21,0.83,0.62,0.83,Matches
981,Ben Godfrey,eng ENG,DF,Everton,eng Premier League,25,1998,15,13,"1,120",12.4,0,0,0,0,0,0,2,0,0,0,0,0,0,Matches
982,Edoardo Goldaniga,it ITA,DF,Cagliari,it Serie A,29,1993,13,12,"1,011",11.2,0,0,0,0,0,0,3,0,0,0,0,0,0,Matches
983,Pierluigi Gollini,it ITA,GK,Napoli,it Serie A,28,1995,7,7,630,7,0,0,0,0,0,0,0,0,0,0,0,0,0,Matches
984,Aleksandr Golovin,ru RUS,MF,Monaco,fr Ligue 1,27,1996,25,25,"2,147",23.9,6,6,12,6,0,0,8,1,0.25,0.25,0.5,0.25,0.5,Matches
985,André Gomes,pt POR,MF,Everton,eng Premier League,30,1993,12,3,508,5.6,1,0,1,1,0,0,4,0,0.18,0,0.18,0.18,0.18,Matches
986,Angel Gomes,eng ENG,MF,Lille,fr Ligue 1,22,2000,31,29,"2,571",28.6,0,8,8,0,0,0,5,0,0,0.28,0.28,0,0.28,Matches
987,João Gomes,br BRA,MF,Wolves,eng Premier League,22,2001,34,32,"2,649",29.4,2,1,3,2,0,0,11,0,0.07,0.03,0.1,0.07,0.1,Matches
988,Toti Gomes,pt POR,DF,Wolves,eng Premier League,24,1999,35,31,"2,772",30.8,1,3,4,1,0,0,7,0,0.03,0.1,0.13,0.03,0.13,Matches
989,Joe Gomez,eng ENG,DF,Liverpool,eng Premier League,26,1997,32,17,"1,786",19.8,0,1,1,0,0,0,5,0,0,0.05,0.05,0,0.05,Matches
990,Maxi Gómez,uy URU,FW,Cádiz,es La Liga,26,1996,31,12,"1,163",12.9,0,0,0,0,0,0,2,0,0,0,0,0,0,Matches
991,Moi Gómez,es ESP,"MF,FW",Osasuna,es La Liga,29,1994,28,23,"2,006",22.3,3,0,3,3,0,0,3,0,0.13,0,0.13,0.13,0.13,Matches
992,Papu Gómez,ar ARG,"FW,MF",Monza,it Serie A,35,1988,2,0,41,0.5,0,0,0,0,0,0,0,0,0,0,0,0,0,Matches
993,Sergio Gómez,es ESP,"DF,MF",Manchester City,eng Premier League,22,2000,6,0,53,0.6,0,1,1,0,0,0,0,0,0,1.7,1.7,0,1.7,Matches
994,Unai Gómez,es ESP,MF,Athletic Club,es La Liga,20,2003,25,9,875,9.7,2,0,2,2,0,0,1,0,0.21,0,0.21,0.21,0.21,Matches
995,Iron Gomis,fr FRA,MF,Salernitana,it Serie A,23,1999,5,1,134,1.5,0,0,0,0,0,0,0,0,0,0,0,0,0,Matches
996,Maxime Gonalons,fr FRA,MF,Clermont Foot,fr Ligue 1,34,1989,21,17,"1,296",14.4,1,0,1,1,0,0,4,0,0.07,0,0.07,0.07,0.07,Matches
997,Édgar González,es ESP,"DF,MF",Almería,es La Liga,26,1997,31,30,"2,522",28,2,0,2,2,0,0,7,1,0.07,0,0.07,0.07,0.07,Matches
998,Enso Gonzalez,py PAR,FW,Wolves,eng Premier League,18,2005,1,0,1,0,0,0,0,0,0,0,0,0,0,0,0,0,0,Matches
999,Fabio González,es ESP,MF,Las Palmas,es La Liga,26,1997,6,1,123,1.4,0,0,0,0,0,0,1,0,0,0,0,0,0,Matches
1000,Giovanni González,uy URU,DF,Mallorca,es La Liga,28,1994,34,27,"2,464",27.4,1,1,2,1,0,0,6,0,0.04,0.04,0.07,0.04,0.07,Matches
Rk,Player,Nation,Pos,Squad,Comp,Age,Born,MP,Starts,Min,90s,Gls,Ast,G+A,G-PK,PK,PKatt,CrdY,CrdR,Gls,Ast,G+A,G-PK,G+A-PK,Matches
1001,Hugo González,es ESP,FW,Valencia,es La Liga,20,2003,9,0,87,1,0,1,1,0,0,0,0,0,0,1.03,1.03,0,1.03,Matches
1002,Iñaki González,es ESP,MF,Las Palmas,es La Liga,19,2004,1,0,5,0.1,0,0,0,0,0,0,0,0,0,0,0,0,0,Matches
1003,Joan Gonzàlez,es ESP,MF,Lecce,it Serie A,21,2002,29,13,"1,291",14.3,1,1,2,1,0,0,6,0,0.07,0.07,0.14,0.07,0.14,Matches
1004,Nicolás González,ar ARG,MF,Fiorentina,it Serie A,25,1998,29,21,"1,913",21.3,12,2,14,11,1,3,1,0,0.56,0.09,0.66,0.52,0.61,Matches
1005,Peter González,do DOM,MF,Valencia,es La Liga,21,2002,15,5,649,7.2,0,0,0,0,0,0,1,0,0,0,0,0,0,Matches
1006,Urko González,es ESP,MF,Real Sociedad,es La Liga,22,2001,5,2,156,1.7,0,0,0,0,0,0,1,0,0,0,0,0,0,Matches
1007,Anthony Gordon,eng ENG,FW,Newcastle,eng Premier League,22,2001,35,34,"2,890",32.1,11,10,21,10,1,1,12,1,0.34,0.31,0.65,0.31,0.62,Matches
1008,Kaide Gordon,eng ENG,FW,Liverpool,eng Premier League,18,2004,1,0,1,0,0,0,0,0,0,0,0,0,0,0,0,0,0,Matches
1009,Daniel Gore,eng ENG,MF,Manchester Utd,eng Premier League,18,2004,1,0,1,0,0,0,0,0,0,0,0,0,0,0,0,0,0,Matches
1010,Leon Goretzka,de GER,MF,Bayern Munich,de Bundesliga,28,1995,30,25,"2,241",24.9,6,7,13,6,0,0,3,0,0.24,0.28,0.52,0.24,0.52,Matches
1011,Mathieu Gorgelin,fr FRA,GK,Le Havre,fr Ligue 1,32,1990,1,1,90,1,0,0,0,0,0,0,1,0,0,0,0,0,0,Matches
1012,Andoni Gorosabel,es ESP,DF,Alavés,es La Liga,26,1996,36,33,"2,854",31.7,1,0,1,1,0,0,6,0,0.03,0,0.03,0.03,0.03,Matches
1013,Robin Gosens,de GER,"MF,DF",Union Berlin,de Bundesliga,29,1994,30,27,"2,283",25.4,6,3,9,6,0,0,9,1,0.24,0.12,0.35,0.24,0.35,Matches
1014,Mario Götze,de GER,MF,Frankfurt,de Bundesliga,31,1992,30,23,"2,068",23,3,2,5,3,0,0,5,1,0.13,0.09,0.22,0.13,0.22,Matches
1015,Amine Gouiri,dz ALG,"FW,MF",Rennes,fr Ligue 1,23,2000,31,24,"2,067",23,7,3,10,7,0,0,2,0,0.3,0.13,0.44,0.3,0.44,Matches
1016,Jeffrey Gouweleeuw,nl NED,DF,Augsburg,de Bundesliga,32,1991,30,29,"2,593",28.8,1,0,1,1,0,0,7,0,0.03,0,0.03,0.03,0.03,Matches
1017,Pablo Gozalbez,es ESP,MF,Valencia,es La Liga,22,2001,5,1,103,1.1,0,0,0,0,0,0,0,0,0,0,0,0,0,Matches
1018,Jonathan Gradit,fr FRA,DF,Lens,fr Ligue 1,30,1992,26,26,"2,112",23.5,1,0,1,1,0,0,9,1,0.04,0,0.04,0.04,0.04,Matches
1019,Jens Grahl,de GER,GK,Frankfurt,de Bundesliga,34,1988,2,2,180,2,0,1,1,0,0,0,0,0,0,0.5,0.5,0,0.5,Matches
1020,Samuel Grandsir,fr FRA,MF,Le Havre,fr Ligue 1,26,1996,23,4,606,6.7,1,1,2,1,0,1,4,2,0.15,0.15,0.3,0.15,0.3,Matches
1021,Alberto Grassi,it ITA,MF,Empoli,it Serie A,28,1995,27,22,"1,807",20.1,0,1,1,0,0,0,6,1,0,0.05,0.05,0,0.05,Matches
1022,Ryan Gravenberch,nl NED,MF,Bayern Munich,de Bundesliga,21,2002,1,0,10,0.1,0,0,0,0,0,0,1,0,0,0,0,0,0,Matches
1023,Ryan Gravenberch,nl NED,MF,Liverpool,eng Premier League,21,2002,26,12,"1,121",12.5,1,0,1,1,0,0,0,0,0.08,0,0.08,0.08,0.08,Matches
1024,Adrian Grbić,at AUT,"FW,MF",Lorient,fr Ligue 1,26,1996,1,0,31,0.3,0,0,0,0,0,0,0,0,0,0,0,0,0,Matches
1025,Ivo Grbić,hr CRO,GK,Sheffield United,eng Premier League,27,1996,9,9,771,8.6,0,0,0,0,0,0,1,0,0,0,0,0,0,Matches
Rk,Player,Nation,Pos,Squad,Comp,Age,Born,MP,Starts,Min,90s,Gls,Ast,G+A,G-PK,PK,PKatt,CrdY,CrdR,Gls,Ast,G+A,G-PK,G+A-PK,Matches
1026,Jack Grealish,eng ENG,"MF,FW",Manchester City,eng Premier League,27,1995,20,10,"1,009",11.2,3,1,4,3,0,0,6,0,0.27,0.09,0.36,0.27,0.36,Matches
1027,Mason Greenwood,eng ENG,"MF,FW",Getafe,es La Liga,21,2001,33,30,"2,662",29.6,8,6,14,6,2,3,6,1,0.27,0.2,0.47,0.2,0.41,Matches
1028,Michael Gregoritsch,at AUT,FW,Freiburg,de Bundesliga,29,1994,32,19,"1,682",18.7,7,4,11,7,0,0,2,0,0.37,0.21,0.59,0.37,0.59,Matches
1029,Dominik Greif,sk SVK,GK,Mallorca,es La Liga,26,1997,1,1,90,1,0,0,0,0,0,0,0,0,0,0,0,0,0,Matches
1030,Antoine Griezmann,fr FRA,"FW,MF",Atlético Madrid,es La Liga,32,1991,33,31,"2,644",29.4,16,6,22,12,4,4,5,0,0.54,0.2,0.75,0.41,0.61,Matches
1031,Vincenzo Grifo,it ITA,MF,Freiburg,de Bundesliga,30,1993,32,29,"2,325",25.8,8,8,16,2,6,6,3,0,0.31,0.31,0.62,0.08,0.39,Matches
1032,Florian Grillitsch,at AUT,"DF,MF",Hoffenheim,de Bundesliga,27,1995,30,25,"2,295",25.5,1,6,7,1,0,0,8,0,0.04,0.24,0.27,0.04,0.27,Matches
1033,Álex Grimaldo,es ESP,MF,Leverkusen,de Bundesliga,27,1995,33,31,"2,784",30.9,10,13,23,10,0,0,1,0,0.32,0.42,0.74,0.32,0.74,Matches
1034,Christian Groß,de GER,"DF,MF",Werder Bremen,de Bundesliga,34,1989,20,8,797,8.9,0,1,1,0,0,0,1,0,0,0.11,0.11,0,0.11,Matches
1035,Pascal Groß,de GER,"MF,DF",Brighton,eng Premier League,32,1991,36,34,"3,114",34.6,4,10,14,3,1,1,6,0,0.12,0.29,0.4,0.09,0.38,Matches
1036,Brajan Gruda,de GER,"MF,FW",Mainz 05,de Bundesliga,19,2004,28,19,"1,641",18.2,4,3,7,4,0,0,5,0,0.22,0.16,0.38,0.22,0.38,Matches
1037,Ilia Gruev,bg BUL,MF,Werder Bremen,de Bundesliga,23,2000,1,0,4,0,0,0,0,0,0,0,0,0,0,0,0,0,0,Matches
1038,Vicente Guaita,es ESP,GK,Celta Vigo,es La Liga,36,1987,27,26,"2,403",26.7,0,0,0,0,0,0,2,0,0,0,0,0,0,Matches
1039,Andrés Guardado,mx MEX,MF,Real Betis,es La Liga,36,1986,12,4,447,5,0,0,0,0,0,0,2,0,0,0,0,0,0,Matches
1040,Sergi Guardiola,es ESP,FW,Cádiz,es La Liga,32,1991,22,1,495,5.5,1,1,2,1,0,0,1,0,0.18,0.18,0.36,0.18,0.36,Matches
1041,Nemanja Gudelj,rs SRB,"DF,MF",Sevilla,es La Liga,31,1991,22,20,"1,742",19.4,1,1,2,1,0,0,7,0,0.05,0.05,0.1,0.05,0.1,Matches
1042,Gabriel Gudmundsson,se SWE,"MF,DF",Lille,fr Ligue 1,24,1999,25,14,"1,267",14.1,1,0,1,1,0,0,2,0,0.07,0,0.07,0.07,0.07,Matches
1043,Gonçalo Guedes,pt POR,"FW,MF",Villarreal,es La Liga,26,1996,17,9,951,10.6,3,2,5,3,0,0,0,0,0.28,0.19,0.47,0.28,0.47,Matches
1044,Axel Gueguin,fr FRA,DF,Montpellier,fr Ligue 1,18,2005,3,1,132,1.5,0,0,0,0,0,0,0,0,0,0,0,0,0,Matches
1045,Marc Guéhi,eng ENG,DF,Crystal Palace,eng Premier League,23,2000,25,23,"2,021",22.5,0,1,1,0,0,0,2,0,0,0.04,0.04,0,0.04,Matches
1046,Mattéo Guendouzi,fr FRA,MF,Marseille,fr Ligue 1,24,1999,2,0,19,0.2,0,0,0,0,0,0,0,0,0,0,0,0,0,Matches
1047,Mattéo Guendouzi,fr FRA,MF,Lazio,it Serie A,24,1999,33,27,"2,367",26.3,2,3,5,2,0,0,3,1,0.08,0.11,0.19,0.08,0.19,Matches
1048,Javier Guerra,es ESP,MF,Valencia,es La Liga,20,2003,36,28,"2,498",27.8,4,1,5,4,0,0,3,1,0.14,0.04,0.18,0.14,0.18,Matches
1049,Raphaël Guerreiro,pt POR,"MF,DF",Bayern Munich,de Bundesliga,29,1993,20,13,"1,191",13.2,3,0,3,3,0,0,2,0,0.23,0,0.23,0.23,0.23,Matches
1050,Axel Guessand,fr FRA,DF,Udinese,it Serie A,18,2004,1,0,45,0.5,0,0,0,0,0,0,0,0,0,0,0,0,0,Matches
Rk,Player,Nation,Pos,Squad,Comp,Age,Born,MP,Starts,Min,90s,Gls,Ast,G+A,G-PK,PK,PKatt,CrdY,CrdR,Gls,Ast,G+A,G-PK,G+A-PK,Matches
1051,Evann Guessand,ci CIV,FW,Nice,fr Ligue 1,22,2001,34,14,"1,553",17.3,6,0,6,4,2,2,1,0,0.35,0,0.35,0.23,0.23,Matches
1052,Ander Guevara,es ESP,MF,Alavés,es La Liga,26,1997,37,33,"2,932",32.6,1,0,1,1,0,0,7,0,0.03,0,0.03,0.03,0.03,Matches
1053,Idrissa Gueye,sn SEN,MF,Everton,eng Premier League,33,1989,25,24,"1,884",20.9,4,0,4,4,0,0,8,0,0.19,0,0.19,0.19,0.19,Matches
1054,Pape Gueye,sn SEN,"MF,DF",Marseille,fr Ligue 1,24,1999,15,9,765,8.5,1,0,1,1,0,0,2,0,0.12,0,0.12,0.12,0.12,Matches
1055,Josuha Guilavogui,fr FRA,DF,Mainz 05,de Bundesliga,32,1990,11,5,409,4.5,0,1,1,0,0,0,1,0,0,0.22,0.22,0,0.22,Matches
1056,Morgan Guilavogui,gn GUI,FW,Lens,fr Ligue 1,25,1998,23,2,566,6.3,2,0,2,2,0,0,1,0,0.32,0,0.32,0.32,0.32,Matches
1057,Frederic Guilbert,fr FRA,"DF,MF",Strasbourg,fr Ligue 1,28,1994,32,29,"2,490",27.7,2,0,2,2,0,0,3,0,0.07,0,0.07,0.07,0.07,Matches
1058,Hugo Guillamón,es ESP,MF,Valencia,es La Liga,23,2000,26,12,"1,315",14.6,1,0,1,1,0,0,7,0,0.07,0,0.07,0.07,0.07,Matches
1059,Bruno Guimarães,br BRA,MF,Newcastle,eng Premier League,25,1997,37,37,"3,263",36.3,7,8,15,7,0,0,9,0,0.19,0.22,0.41,0.19,0.41,Matches
1060,Serhou Guirassy,gn GUI,FW,Stuttgart,de Bundesliga,27,1996,28,25,"2,208",24.5,28,3,31,24,4,4,0,0,1.14,0.12,1.26,0.98,1.1,Matches
1061,Marc Guiu,es ESP,FW,Barcelona,es La Liga,17,2006,3,1,74,0.8,1,0,1,1,0,0,1,0,1.22,0,1.22,1.22,1.22,Matches
1062,Péter Gulácsi,hu HUN,GK,RB Leipzig,de Bundesliga,33,1990,13,13,"1,170",13,0,0,0,0,0,0,0,0,0,0,0,0,0,Matches
1063,Manuel Gulde,de GER,DF,Freiburg,de Bundesliga,32,1991,27,23,"2,047",22.7,1,0,1,1,0,0,5,1,0.04,0,0.04,0.04,0.04,Matches
1064,Arda Güler,tr TUR,"MF,FW",Real Madrid,es La Liga,18,2005,10,4,377,4.2,6,0,6,6,0,0,1,0,1.43,0,1.43,1.43,1.43,Matches
1065,Gerard Gumbau,es ESP,MF,Granada,es La Liga,28,1994,35,31,"2,674",29.7,0,3,3,0,0,0,12,0,0,0.1,0.1,0,0.1,Matches
1066,Robert Gumny,pl POL,"DF,MF",Augsburg,de Bundesliga,25,1998,13,6,481,5.3,0,0,0,0,0,0,3,0,0,0,0,0,0,Matches
1067,İlkay Gündoğan,de GER,MF,Barcelona,es La Liga,32,1990,36,33,"2,994",33.3,5,9,14,4,1,2,5,0,0.15,0.27,0.42,0.12,0.39,Matches
1068,Christian Günter,de GER,"MF,DF",Freiburg,de Bundesliga,30,1993,15,13,"1,060",11.8,1,2,3,1,0,0,1,0,0.08,0.17,0.25,0.08,0.25,Matches
1069,Jon Guridi,es ESP,MF,Alavés,es La Liga,28,1995,36,34,"2,678",29.8,3,4,7,3,0,0,2,0,0.1,0.13,0.24,0.1,0.24,Matches
1070,Gorka Guruzeta,es ESP,FW,Athletic Club,es La Liga,26,1996,32,30,"2,217",24.6,14,5,19,14,0,1,2,0,0.57,0.2,0.77,0.57,0.77,Matches
1071,Malo Gusto,fr FRA,"DF,MF",Chelsea,eng Premier League,20,2003,27,19,"1,751",19.5,0,6,6,0,0,0,7,1,0,0.31,0.31,0,0.31,Matches
1072,Miguel Gutiérrez,es ESP,"DF,MF",Girona,es La Liga,22,2001,35,35,"3,032",33.7,2,7,9,2,0,0,4,0,0.06,0.21,0.27,0.06,0.27,Matches
1073,Albert Guðmundsson,is ISL,"FW,MF",Genoa,it Serie A,26,1997,35,34,"3,016",33.5,14,4,18,10,4,5,4,0,0.42,0.12,0.54,0.3,0.42,Matches
1074,Joško Gvardiol,hr CRO,DF,Manchester City,eng Premier League,21,2002,28,26,"2,328",25.9,4,1,5,4,0,0,3,0,0.15,0.04,0.19,0.15,0.19,Matches
1075,Emmanuel Gyasi,gh GHA,MF,Empoli,it Serie A,29,1994,33,21,"1,879",20.9,1,2,3,1,0,0,8,0,0.05,0.1,0.14,0.05,0.14,Matches
Rk,Player,Nation,Pos,Squad,Comp,Age,Born,MP,Starts,Min,90s,Gls,Ast,G+A,G-PK,PK,PKatt,CrdY,CrdR,Gls,Ast,G+A,G-PK,G+A-PK,Matches
1076,Norbert Gyömbér,sk SVK,DF,Salernitana,it Serie A,31,1992,22,20,"1,760",19.6,0,0,0,0,0,0,9,0,0,0,0,0,0,Matches
1077,Erling Haaland,no NOR,"FW,MF",Manchester City,eng Premier League,23,2000,31,29,"2,552",28.4,27,5,32,20,7,8,1,0,0.95,0.18,1.13,0.71,0.88,Matches
1078,Nicolas Haas,ch SUI,MF,Empoli,it Serie A,27,1996,1,1,90,1,0,0,0,0,0,0,1,0,0,0,0,0,0,Matches
1079,Janik Haberer,de GER,MF,Union Berlin,de Bundesliga,29,1994,21,14,"1,221",13.6,1,1,2,1,0,0,7,0,0.07,0.07,0.15,0.07,0.15,Matches
1080,Robin Hack,de GER,"FW,MF",Gladbach,de Bundesliga,24,1998,29,14,"1,348",15,10,2,12,10,0,0,2,0,0.67,0.13,0.8,0.67,0.8,Matches
1081,Antwoine Hackford,eng ENG,FW,Sheffield United,eng Premier League,19,2004,2,0,13,0.1,0,0,0,0,0,0,0,0,0,0,0,0,0,Matches
1082,Munir El Haddadi,ma MAR,"MF,FW",Las Palmas,es La Liga,27,1995,38,32,"2,449",27.2,3,2,5,3,0,1,3,0,0.11,0.07,0.18,0.11,0.18,Matches
1083,Jaouen Hadjam,dz ALG,DF,Nantes,fr Ligue 1,20,2003,8,0,112,1.2,0,0,0,0,0,0,0,0,0,0,0,0,0,Matches
1084,Ianis Hagi,ro ROU,MF,Alavés,es La Liga,24,1998,22,8,804,8.9,0,2,2,0,0,1,3,0,0,0.22,0.22,0,0.22,Matches
1085,Amadou Haidara,ml MLI,MF,RB Leipzig,de Bundesliga,25,1998,21,19,"1,526",17,2,1,3,2,0,0,5,0,0.12,0.06,0.18,0.12,0.18,Matches
1086,Massadio Haïdara,ml MLI,"DF,MF",Lens,fr Ligue 1,30,1992,18,7,741,8.2,0,1,1,0,0,0,1,0,0,0.12,0.12,0,0.12,Matches
1087,Oualid El Hajjam,ma MAR,"DF,MF",Le Havre,fr Ligue 1,32,1991,13,4,393,4.4,0,0,0,0,0,0,1,0,0,0,0,0,0,Matches
1088,Achraf Hakimi,ma MAR,"DF,MF",PSG,fr Ligue 1,24,1998,25,20,"1,932",21.5,4,5,9,4,0,0,3,0,0.19,0.23,0.42,0.19,0.42,Matches
1089,Lewis Hall,eng ENG,DF,Newcastle,eng Premier League,18,2004,18,8,781,8.7,1,0,1,1,0,0,2,0,0.12,0,0.12,0.12,0.12,Matches
1090,Sébastien Haller,ci CIV,FW,Dortmund,de Bundesliga,29,1994,14,5,396,4.4,0,1,1,0,0,0,2,0,0,0.23,0.23,0,0.23,Matches
1091,Gustavo Hamer,nl NED,MF,Sheffield United,eng Premier League,26,1997,36,34,"2,910",32.3,4,6,10,4,0,0,9,0,0.12,0.19,0.31,0.12,0.31,Matches
1092,Andreas Hanche-Olsen,no NOR,DF,Mainz 05,de Bundesliga,26,1997,15,12,992,11,1,0,1,1,0,0,5,0,0.09,0,0.09,0.09,0.09,Matches
1093,Isak Hansen-Aarøen,no NOR,MF,Werder Bremen,de Bundesliga,18,2004,3,0,27,0.3,0,0,0,0,0,0,1,0,0,0,0,0,0,Matches
1094,Ridgeciano Haps,sr SUR,MF,Genoa,it Serie A,30,1993,16,7,773,8.6,0,1,1,0,0,0,0,0,0,0.12,0.12,0,0.12,Matches
1095,Genki Haraguchi,jp JPN,"FW,MF",Stuttgart,de Bundesliga,32,1991,2,0,27,0.3,0,0,0,0,0,0,0,0,0,0,0,0,0,Matches
1096,Hákon Haraldsson,is ISL,"MF,FW",Lille,fr Ligue 1,20,2003,26,15,"1,284",14.3,2,0,2,2,0,0,5,0,0.14,0,0.14,0.14,0.14,Matches
1097,Amine Harit,ma MAR,MF,Marseille,fr Ligue 1,26,1997,28,21,"1,821",20.2,1,2,3,1,0,0,5,0,0.05,0.1,0.15,0.05,0.15,Matches
1098,Luke Harris,wls WAL,MF,Fulham,eng Premier League,18,2005,1,0,75,0.8,0,0,0,0,0,0,0,0,0,0,0,0,0,Matches
1099,Jack Harrison,eng ENG,MF,Everton,eng Premier League,26,1996,29,25,"2,214",24.6,3,3,6,3,0,0,1,0,0.12,0.12,0.24,0.12,0.24,Matches
1100,Abdou Harroui,nl NED,MF,Frosinone,it Serie A,25,1998,18,13,"1,019",11.3,3,3,6,2,1,1,2,0,0.26,0.26,0.53,0.18,0.44,Matches
Rk,Player,Nation,Pos,Squad,Comp,Age,Born,MP,Starts,Min,90s,Gls,Ast,G+A,G-PK,PK,PKatt,CrdY,CrdR,Gls,Ast,G+A,G-PK,G+A-PK,Matches
1101,Makoto Hasebe,jp JPN,"MF,DF",Frankfurt,de Bundesliga,39,1984,8,2,218,2.4,0,0,0,0,0,0,1,0,0,0,0,0,0,Matches
1102,Daiki Hashioka,jp JPN,"DF,MF",Luton Town,eng Premier League,24,1999,10,6,595,6.6,0,0,0,0,0,0,0,0,0,0,0,0,0,Matches
1103,Hans Hateboer,nl NED,MF,Atalanta,it Serie A,29,1994,23,10,"1,113",12.4,0,1,1,0,0,0,5,0,0,0.08,0.08,0,0.08,Matches
1104,Pantelis Hatzidiakos,gr GRE,DF,Cagliari,it Serie A,26,1997,13,13,856,9.5,0,0,0,0,0,0,1,0,0,0,0,0,0,Matches
1105,Kai Havertz,de GER,"MF,FW",Arsenal,eng Premier League,24,1999,37,30,"2,634",29.3,13,7,20,12,1,1,11,0,0.44,0.24,0.68,0.41,0.65,Matches
1106,Thorgan Hazard,be BEL,"FW,MF",Dortmund,de Bundesliga,30,1993,1,0,7,0.1,0,0,0,0,0,0,0,0,0,0,0,0,0,Matches
1107,Jan Paul van Hecke,nl NED,DF,Brighton,eng Premier League,23,2000,28,26,"2,369",26.3,0,0,0,0,0,0,4,0,0,0,0,0,0,Matches
1108,Hwang Hee-chan,kr KOR,"FW,MF",Wolves,eng Premier League,27,1996,29,25,"2,119",23.5,12,3,15,11,1,1,6,0,0.51,0.13,0.64,0.47,0.59,Matches
1109,Silvan Hefti,ch SUI,"DF,MF",Montpellier,fr Ligue 1,25,1997,11,9,711,7.9,0,1,1,0,0,0,1,0,0,0.13,0.13,0,0.13,Matches
1110,Silvan Hefti,ch SUI,MF,Genoa,it Serie A,25,1997,6,1,114,1.3,0,0,0,0,0,0,0,0,0,0,0,0,0,Matches
1111,Dominique Heintz,de GER,DF,Köln,de Bundesliga,29,1993,12,6,568,6.3,0,0,0,0,0,0,0,0,0,0,0,0,0,Matches
1112,Dean Henderson,eng ENG,GK,Crystal Palace,eng Premier League,26,1997,18,18,"1,620",18,0,0,0,0,0,0,2,0,0,0,0,0,0,Matches
1113,Liam Henderson,sct SCO,MF,Empoli,it Serie A,27,1996,1,0,5,0.1,0,0,0,0,0,0,0,0,0,0,0,0,0,Matches
1114,Benjamin Henrichs,de GER,"DF,MF",RB Leipzig,de Bundesliga,26,1997,33,28,"2,526",28.1,1,5,6,1,0,0,5,0,0.04,0.18,0.21,0.04,0.21,Matches
1115,Henrique,br BRA,"DF,MF",Lyon,fr Ligue 1,29,1994,11,6,607,6.7,1,0,1,1,0,0,2,0,0.15,0,0.15,0.15,0.15,Matches
1116,Caio Henrique,br BRA,"MF,DF",Monaco,fr Ligue 1,26,1997,9,7,623,6.9,0,5,5,0,0,0,0,0,0,0.72,0.72,0,0.72,Matches
1117,Luis Henrique,br BRA,"FW,MF",Marseille,fr Ligue 1,21,2001,15,8,784,8.7,1,0,1,1,0,0,0,0,0.11,0,0.11,0.11,0.11,Matches
1118,Luiz Henrique,br BRA,MF,Real Betis,es La Liga,22,2001,14,6,616,6.8,0,3,3,0,0,0,1,0,0,0.44,0.44,0,0.44,Matches
1119,Matheus Henrique,br BRA,MF,Sassuolo,it Serie A,25,1997,31,27,"2,501",27.8,2,2,4,2,0,0,8,1,0.07,0.07,0.14,0.07,0.14,Matches
1120,Rico Henry,jm JAM,DF,Brentford,eng Premier League,26,1997,5,5,401,4.5,0,1,1,0,0,0,1,0,0,0.22,0.22,0,0.22,Matches
1121,Thomas Henry,fr FRA,FW,Hellas Verona,it Serie A,28,1994,18,2,334,3.7,3,0,3,3,0,1,2,2,0.81,0,0.81,0.81,0.81,Matches
1122,Christophe Hérelle,mq MTQ,DF,Metz,fr Ligue 1,30,1992,19,18,"1,617",18,0,0,0,0,0,0,4,1,0,0,0,0,0,Matches
1123,Mario Hermoso,es ESP,DF,Atlético Madrid,es La Liga,28,1995,31,29,"2,557",28.4,0,1,1,0,0,0,9,0,0,0.04,0.04,0,0.04,Matches
1124,Aridane Hernández,es ESP,DF,Rayo Vallecano,es La Liga,34,1989,19,19,"1,690",18.8,0,0,0,0,0,0,3,0,0,0,0,0,0,Matches
1125,Javi Hernández,es ESP,DF,Cádiz,es La Liga,25,1998,30,28,"2,514",27.9,1,2,3,1,0,0,10,0,0.04,0.07,0.11,0.04,0.11,Matches
Rk,Player,Nation,Pos,Squad,Comp,Age,Born,MP,Starts,Min,90s,Gls,Ast,G+A,G-PK,PK,PKatt,CrdY,CrdR,Gls,Ast,G+A,G-PK,G+A-PK,Matches
1126,Lucas Hernández,fr FRA,DF,PSG,fr Ligue 1,27,1996,27,23,"1,909",21.2,1,1,2,1,0,0,6,0,0.05,0.05,0.09,0.05,0.09,Matches
1127,Luis Hernández,es ESP,DF,Cádiz,es La Liga,34,1989,9,8,723,8,1,0,1,1,0,0,4,0,0.12,0,0.12,0.12,0.12,Matches
1128,Theo Hernández,fr FRA,DF,Milan,it Serie A,25,1997,32,31,"2,791",31,5,4,9,4,1,2,11,1,0.16,0.13,0.29,0.13,0.26,Matches
1129,Jorge Herrando,es ESP,DF,Osasuna,es La Liga,22,2001,19,18,"1,644",18.3,0,1,1,0,0,0,4,0,0,0.05,0.05,0,0.05,Matches
1130,Ander Herrera,es ESP,MF,Athletic Club,es La Liga,33,1989,23,10,"1,030",11.4,0,3,3,0,0,0,4,0,0,0.26,0.26,0,0.26,Matches
1131,Cristian Herrera,es ESP,MF,Las Palmas,es La Liga,32,1991,8,1,166,1.8,1,0,1,1,0,0,1,0,0.54,0,0.54,0.54,0.54,Matches
1132,Sergio Herrera,es ESP,GK,Osasuna,es La Liga,30,1993,32,32,"2,869",31.9,0,0,0,0,0,0,2,0,0,0,0,0,0,Matches
1133,Yangel Herrera,ve VEN,MF,Girona,es La Liga,25,1998,29,27,"2,107",23.4,5,0,5,5,0,0,9,0,0.21,0,0.21,0.21,0.21,Matches
1134,Patrick Herrmann,de GER,"FW,MF",Gladbach,de Bundesliga,32,1991,8,0,86,1,0,0,0,0,0,0,1,0,0,0,0,0,0,Matches
1135,Juanma Herzog,es ESP,DF,Las Palmas,es La Liga,19,2004,4,3,292,3.2,2,0,2,2,0,0,1,0,0.62,0,0.62,0.62,0.62,Matches
1136,Son Heung-min,kr KOR,"FW,MF",Tottenham,eng Premier League,31,1992,35,34,"2,934",32.6,17,10,27,15,2,2,1,0,0.52,0.31,0.83,0.46,0.77,Matches
1137,Aaron Hickey,sct SCO,"DF,MF",Brentford,eng Premier League,21,2002,9,9,713,7.9,0,0,0,0,0,0,5,0,0,0,0,0,0,Matches
1138,Isak Hien,se SWE,DF,Hellas Verona,it Serie A,24,1999,10,9,864,9.6,0,0,0,0,0,0,1,1,0,0,0,0,0,Matches
1139,Isak Hien,se SWE,DF,Atalanta,it Serie A,24,1999,16,9,937,10.4,0,1,1,0,0,0,3,0,0,0.1,0.1,0,0.1,Matches
1140,James Hill,eng ENG,DF,Bournemouth,eng Premier League,21,2002,5,1,76,0.8,0,0,0,0,0,0,0,0,0,0,0,0,0,Matches
1141,Piero Hincapié,ec ECU,DF,Leverkusen,de Bundesliga,21,2002,26,16,"1,484",16.5,1,2,3,1,0,0,2,0,0.06,0.12,0.18,0.06,0.18,Matches
1142,Jack Hinshelwood,eng ENG,"DF,MF",Brighton,eng Premier League,18,2005,12,8,869,9.7,3,0,3,3,0,0,1,0,0.31,0,0.31,0.31,0.31,Matches
1143,Adam Hložek,cz CZE,"MF,FW",Leverkusen,de Bundesliga,21,2002,23,5,459,5.1,2,3,5,2,0,0,1,0,0.39,0.59,0.98,0.39,0.98,Matches
1144,Nicolas Höfler,de GER,MF,Freiburg,de Bundesliga,33,1990,28,26,"2,330",25.9,1,1,2,1,0,0,10,1,0.04,0.04,0.08,0.04,0.08,Matches
1145,Jonas Hofmann,de GER,MF,Leverkusen,de Bundesliga,31,1992,32,26,"2,204",24.5,5,7,12,5,0,0,3,0,0.2,0.29,0.49,0.2,0.49,Matches
1146,Philipp Hofmann,de GER,FW,Bochum,de Bundesliga,30,1993,29,18,"1,571",17.5,4,2,6,4,0,0,1,0,0.23,0.11,0.34,0.23,0.34,Matches
1147,Lucas Höler,de GER,"FW,MF",Freiburg,de Bundesliga,29,1994,33,26,"2,305",25.6,7,2,9,6,1,2,7,0,0.27,0.08,0.35,0.23,0.31,Matches
1148,Mason Holgate,jm JAM,DF,Sheffield United,eng Premier League,26,1996,10,9,710,7.9,0,0,0,0,0,0,3,1,0,0,0,0,0,Matches
1149,Fabian Holland,de GER,"MF,DF",Darmstadt 98,de Bundesliga,33,1990,23,23,"1,835",20.4,0,2,2,0,0,0,4,1,0,0.1,0.1,0,0.1,Matches
1150,Benedict Hollerbach,de GER,"FW,MF",Union Berlin,de Bundesliga,22,2001,28,15,"1,282",14.2,5,0,5,5,0,0,2,0,0.35,0,0.35,0.35,0.35,Matches
Rk,Player,Nation,Pos,Squad,Comp,Age,Born,MP,Starts,Min,90s,Gls,Ast,G+A,G-PK,PK,PKatt,CrdY,CrdR,Gls,Ast,G+A,G-PK,G+A-PK,Matches
1151,Emil Holm,se SWE,MF,Atalanta,it Serie A,23,2000,22,12,947,10.5,1,1,2,1,0,0,5,0,0.1,0.1,0.19,0.1,0.19,Matches
1152,Gerrit Holtmann,ph PHI,MF,Darmstadt 98,de Bundesliga,28,1995,10,2,392,4.4,0,0,0,0,0,0,1,0,0,0,0,0,0,Matches
1153,Martin Hongla,cm CMR,MF,Hellas Verona,it Serie A,25,1998,15,12,"1,084",12,0,0,0,0,0,0,0,0,0,0,0,0,0,Matches
1154,Martin Hongla,cm CMR,"MF,DF",Granada,es La Liga,25,1998,13,6,562,6.2,0,0,0,0,0,0,0,0,0,0,0,0,0,Matches
1155,Franck Honorat,fr FRA,"MF,FW",Gladbach,de Bundesliga,26,1996,32,28,"2,345",26.1,3,9,12,3,0,0,1,0,0.12,0.35,0.46,0.12,0.46,Matches
1156,Mathias Honsak,at AUT,"MF,FW",Darmstadt 98,de Bundesliga,26,1996,23,10,"1,021",11.3,1,1,2,1,0,0,1,0,0.09,0.09,0.18,0.09,0.18,Matches
1157,Sydney van Hooijdonk,nl NED,FW,Bologna,it Serie A,23,2000,9,2,212,2.4,0,0,0,0,0,0,0,0,0,0,0,0,0,Matches
1158,Fraser Hornby,sct SCO,FW,Darmstadt 98,de Bundesliga,23,1999,7,1,217,2.4,0,0,0,0,0,0,1,0,0,0,0,0,0,Matches
1159,Lukáš Hrádecký,fi FIN,GK,Leverkusen,de Bundesliga,33,1989,33,33,"2,970",33,0,0,0,0,0,0,2,0,0,0,0,0,0,Matches
1160,Xabier Huarte Armendáriz,es ESP,MF,Osasuna,es La Liga,22,2001,1,0,9,0.1,0,0,0,0,0,0,0,0,0,0,0,0,0,Matches
1161,Timo Hübers,de GER,DF,Köln,de Bundesliga,27,1996,31,31,"2,778",30.9,0,0,0,0,0,0,6,0,0,0,0,0,0,Matches
1162,Callum Hudson-Odoi,eng ENG,"MF,FW",Nottingham,eng Premier League,22,2000,29,20,"1,854",20.6,8,1,9,8,0,0,0,0,0.39,0.05,0.44,0.39,0.44,Matches
1163,Will Hughes,eng ENG,MF,Crystal Palace,eng Premier League,28,1995,30,23,"1,891",21,0,1,1,0,0,0,6,0,0,0.05,0.05,0,0.05,Matches
1164,Dean Huijsen,es ESP,DF,Roma,it Serie A,18,2005,13,4,509,5.7,2,0,2,2,0,0,4,0,0.35,0,0.35,0.35,0.35,Matches
1165,Dean Huijsen,es ESP,DF,Juventus,it Serie A,18,2005,1,0,13,0.1,0,0,0,0,0,0,0,0,0,0,0,0,0,Matches
1166,Mats Hummels,de GER,DF,Dortmund,de Bundesliga,34,1988,25,20,"1,581",17.6,3,0,3,3,0,0,4,1,0.17,0,0.17,0.17,0.17,Matches
1167,Denis Huseinbasic,ba BIH,MF,Köln,de Bundesliga,22,2001,26,18,"1,627",18.1,0,3,3,0,0,0,5,0,0,0.17,0.17,0,0.17,Matches
1168,Elseid Hysaj,al ALB,DF,Lazio,it Serie A,29,1994,22,11,"1,199",13.3,0,0,0,0,0,0,2,0,0,0,0,0,0,Matches
1169,Pierre Højbjerg,dk DEN,MF,Tottenham,eng Premier League,27,1995,36,8,"1,311",14.6,0,0,0,0,0,0,4,0,0,0,0,0,0,Matches
1170,Rasmus Højlund,dk DEN,FW,Manchester Utd,eng Premier League,20,2003,30,25,"2,158",24,10,2,12,10,0,0,2,0,0.42,0.08,0.5,0.42,0.5,Matches
1171,Iago,br BRA,"DF,MF",Augsburg,de Bundesliga,26,1997,23,18,"1,622",18,1,1,2,1,0,0,4,0,0.06,0.06,0.11,0.06,0.11,Matches
1172,Pablo Ibáñez,es ESP,MF,Osasuna,es La Liga,24,1998,33,12,"1,152",12.8,1,2,3,1,0,0,5,0,0.08,0.16,0.23,0.08,0.23,Matches
1173,Arijon Ibrahimović,de GER,"MF,FW",Frosinone,it Serie A,17,2005,16,5,474,5.3,1,1,2,1,0,0,1,0,0.19,0.19,0.38,0.19,0.38,Matches
1174,Iglesias,es ESP,"DF,MF",Getafe,es La Liga,25,1998,23,16,"1,412",15.7,0,2,2,0,0,0,4,0,0,0.13,0.13,0,0.13,Matches
1175,Borja Iglesias,es ESP,FW,Leverkusen,de Bundesliga,30,1993,7,2,256,2.8,0,0,0,0,0,0,0,0,0,0,0,0,0,Matches
Rk,Player,Nation,Pos,Squad,Comp,Age,Born,MP,Starts,Min,90s,Gls,Ast,G+A,G-PK,PK,PKatt,CrdY,CrdR,Gls,Ast,G+A,G-PK,G+A-PK,Matches
1176,Borja Iglesias,es ESP,FW,Real Betis,es La Liga,30,1993,11,4,408,4.5,0,1,1,0,0,0,2,0,0,0.22,0.22,0,0.22,Matches
1177,Igor,br BRA,DF,Brighton,eng Premier League,25,1998,24,17,"1,637",18.2,0,0,0,0,0,0,4,0,0,0,0,0,0,Matches
1178,Jonathan Ikone,fr FRA,MF,Fiorentina,it Serie A,25,1998,28,18,"1,682",18.7,3,1,4,3,0,0,5,0,0.16,0.05,0.21,0.16,0.21,Matches
1179,Chukwubuikem Ikwuemesi,ng NGA,FW,Salernitana,it Serie A,21,2001,25,11,"1,061",11.8,1,1,2,1,0,0,2,0,0.08,0.08,0.17,0.08,0.17,Matches
1180,Andrej Ilic,rs SRB,FW,Lille,fr Ligue 1,23,2000,2,0,9,0.1,0,0,0,0,0,0,0,0,0,0,0,0,0,Matches
1181,Ivan Ilić,rs SRB,MF,Torino,it Serie A,22,2001,31,25,"2,098",23.3,3,2,5,3,0,0,3,0,0.13,0.09,0.21,0.13,0.21,Matches
1182,Samuel Iling-Junior,eng ENG,MF,Juventus,it Serie A,19,2003,24,4,810,9,1,2,3,1,0,0,1,0,0.11,0.22,0.33,0.11,0.33,Matches
1183,Imanol,es ESP,DF,Athletic Club,es La Liga,23,2000,9,5,525,5.8,0,0,0,0,0,0,2,0,0,0,0,0,0,Matches
1184,Joel Imasuen,us USA,FW,Werder Bremen,de Bundesliga,18,2004,1,0,2,0,0,0,0,0,0,0,0,0,0,0,0,0,0,Matches
1185,Ciro Immobile,it ITA,FW,Lazio,it Serie A,33,1990,31,21,"1,652",18.4,7,1,8,3,4,4,8,0,0.38,0.05,0.44,0.16,0.22,Matches
1186,Gino Infantino,ar ARG,MF,Fiorentina,it Serie A,20,2003,6,0,96,1.1,0,0,0,0,0,0,1,0,0,0,0,0,0,Matches
1187,Danny Ings,eng ENG,"FW,MF",West Ham,eng Premier League,31,1992,20,3,404,4.5,1,0,1,1,0,0,1,0,0.22,0,0.22,0.22,0.22,Matches
1188,Bonke Innocent,ng NGA,MF,Lorient,fr Ligue 1,27,1996,4,3,210,2.3,0,0,0,0,0,0,1,0,0,0,0,0,0,Matches
1189,Tim Iroegbunam,eng ENG,MF,Aston Villa,eng Premier League,20,2003,9,1,164,1.8,0,0,0,0,0,0,0,0,0,0,0,0,0,Matches
1190,Alexander Isak,se SWE,FW,Newcastle,eng Premier League,23,1999,30,27,"2,255",25.1,21,2,23,16,5,6,1,0,0.84,0.08,0.92,0.64,0.72,Matches
1191,Gustav Isaksen,dk DEN,"FW,MF",Lazio,it Serie A,22,2001,28,12,"1,074",11.9,3,1,4,3,0,0,3,0,0.25,0.08,0.34,0.25,0.34,Matches
1192,Isco,es ESP,MF,Real Betis,es La Liga,31,1992,29,28,"2,326",25.8,8,5,13,6,2,2,10,0,0.31,0.19,0.5,0.23,0.43,Matches
1193,Thomas Isherwood,se SWE,DF,Darmstadt 98,de Bundesliga,25,1998,12,8,636,7.1,0,0,0,0,0,0,1,0,0,0,0,0,0,Matches
1194,Ismaily,br BRA,DF,Lille,fr Ligue 1,33,1990,30,28,"2,465",27.4,1,1,2,1,0,0,1,0,0.04,0.04,0.07,0.04,0.07,Matches
1195,Ardian Ismajli,al ALB,DF,Empoli,it Serie A,26,1996,26,23,"2,045",22.7,0,0,0,0,0,0,2,0,0,0,0,0,0,Matches
1196,Yanis Issoufou,fr FRA,FW,Montpellier,fr Ligue 1,16,2006,1,0,13,0.1,0,0,0,0,0,0,0,0,0,0,0,0,0,Matches
1197,Ko Itakura,jp JPN,"DF,MF",Gladbach,de Bundesliga,26,1997,20,18,"1,596",17.7,3,0,3,3,0,0,9,0,0.17,0,0.17,0.17,0.17,Matches
1198,Hiroki Ito,jp JPN,DF,Stuttgart,de Bundesliga,24,1999,26,25,"2,228",24.8,0,2,2,0,0,0,1,0,0,0.08,0.08,0,0.08,Matches
1199,Junya Itō,jp JPN,"FW,MF",Reims,fr Ligue 1,30,1993,31,31,"2,714",30.2,3,7,10,3,0,0,2,0,0.1,0.23,0.33,0.1,0.33,Matches
1200,Diego Iturralde,es ESP,DF,Sevilla,es La Liga,20,2003,1,0,37,0.4,0,0,0,0,0,0,0,0,0,0,0,0,0,Matches
Rk,Player,Nation,Pos,Squad,Comp,Age,Born,MP,Starts,Min,90s,Gls,Ast,G+A,G-PK,PK,PKatt,CrdY,CrdR,Gls,Ast,G+A,G-PK,G+A-PK,Matches
1201,Alex Iwobi,ng NGA,MF,Everton,eng Premier League,27,1996,2,2,140,1.6,0,0,0,0,0,0,0,0,0,0,0,0,0,Matches
1202,Alex Iwobi,ng NGA,MF,Fulham,eng Premier League,27,1996,30,25,"2,192",24.4,5,2,7,5,0,0,2,0,0.21,0.08,0.29,0.21,0.29,Matches
1203,Armando Izzo,it ITA,DF,Monza,it Serie A,31,1992,23,20,"1,650",18.3,0,0,0,0,0,0,9,0,0,0,0,0,0,Matches
1204,Nicolas Jackson,sn SEN,FW,Chelsea,eng Premier League,22,2001,35,31,"2,799",31.1,14,5,19,14,0,0,10,0,0.45,0.16,0.61,0.45,0.61,Matches
1205,Jérémy Jacquet,fr FRA,DF,Rennes,fr Ligue 1,18,2005,1,0,5,0.1,0,0,0,0,0,0,0,0,0,0,0,0,0,Matches
1206,Jérémy Jacquet,fr FRA,DF,Clermont Foot,fr Ligue 1,18,2005,6,2,253,2.8,0,1,1,0,0,0,0,0,0,0.36,0.36,0,0.36,Matches
1207,Lee Jae-sung,kr KOR,MF,Mainz 05,de Bundesliga,30,1992,29,24,"2,113",23.5,6,3,9,6,0,0,6,0,0.26,0.13,0.38,0.26,0.38,Matches
1208,Paul Jaeckel,de GER,DF,Union Berlin,de Bundesliga,25,1998,6,2,234,2.6,0,0,0,0,0,0,0,0,0,0,0,0,0,Matches
1209,Filip Jagiełło,pl POL,MF,Genoa,it Serie A,25,1997,2,0,33,0.4,0,0,0,0,0,0,0,0,0,0,0,0,0,Matches
1210,Kristijan Jakić,hr CRO,MF,Augsburg,de Bundesliga,26,1997,14,13,"1,051",11.7,2,1,3,2,0,0,4,0,0.17,0.09,0.26,0.17,0.26,Matches
1211,Kristijan Jakić,hr CRO,MF,Frankfurt,de Bundesliga,26,1997,4,1,200,2.2,0,0,0,0,0,0,1,0,0,0,0,0,0,Matches
1212,Ismail Jakobs,sn SEN,"MF,DF",Monaco,fr Ligue 1,23,1999,22,16,"1,466",16.3,1,2,3,1,0,0,0,0,0.06,0.12,0.18,0.06,0.18,Matches
1213,Ablie Jallow,gm GAM,"MF,FW",Metz,fr Ligue 1,24,1998,17,10,918,10.2,3,2,5,2,1,1,1,0,0.29,0.2,0.49,0.2,0.39,Matches
1214,Reece James,eng ENG,"DF,MF",Chelsea,eng Premier League,23,1999,10,5,419,4.7,0,2,2,0,0,0,2,2,0,0.43,0.43,0,0.43,Matches
1215,Vitaly Janelt,de GER,"MF,DF",Brentford,eng Premier League,25,1998,38,37,"3,054",33.9,1,3,4,1,0,0,8,0,0.03,0.09,0.12,0.03,0.12,Matches
1216,Jakub Jankto,cz CZE,MF,Cagliari,it Serie A,27,1996,18,13,872,9.7,1,2,3,1,0,0,0,0,0.1,0.21,0.31,0.1,0.31,Matches
1217,Tony Jantschke,de GER,"DF,MF",Gladbach,de Bundesliga,33,1990,4,0,27,0.3,0,0,0,0,0,0,0,0,0,0,0,0,0,Matches
1218,Adnan Januzaj,be BEL,"FW,MF",Sevilla,es La Liga,28,1995,8,0,193,2.1,0,0,0,0,0,0,0,0,0,0,0,0,0,Matches
1219,Nuha Jatta,gm GAM,MF,RB Leipzig,de Bundesliga,17,2006,1,0,1,0,0,0,0,0,0,0,0,0,0,0,0,0,0,Matches
1220,Mikel Jauregizar,es ESP,MF,Athletic Club,es La Liga,19,2003,7,1,151,1.7,0,0,0,0,0,0,0,0,0,0,0,0,0,Matches
1221,Danley Jean-Jacques,ht HAI,MF,Metz,fr Ligue 1,23,2000,33,30,"2,682",29.8,0,0,0,0,0,0,5,0,0,0,0,0,0,Matches
1222,Salim El Jebari,ma MAR,MF,Atlético Madrid,es La Liga,19,2004,1,0,13,0.1,0,0,0,0,0,0,0,0,0,0,0,0,0,Matches
1223,Daniel Jebbison,ca CAN,FW,Sheffield United,eng Premier League,19,2003,1,0,21,0.2,0,0,0,0,0,0,0,0,0,0,0,0,0,Matches
1224,Jeffinho,br BRA,"MF,FW",Lyon,fr Ligue 1,23,1999,10,3,308,3.4,1,1,2,1,0,0,0,0,0.29,0.29,0.58,0.29,0.58,Matches
1225,Fredrik Jensen,fi FIN,MF,Augsburg,de Bundesliga,25,1997,22,18,"1,338",14.9,2,4,6,2,0,0,1,0,0.13,0.27,0.4,0.13,0.4,Matches
Rk,Player,Nation,Pos,Squad,Comp,Age,Born,MP,Starts,Min,90s,Gls,Ast,G+A,G-PK,PK,PKatt,CrdY,CrdR,Gls,Ast,G+A,G-PK,G+A-PK,Matches
1226,Mathias Jensen,dk DEN,MF,Brentford,eng Premier League,27,1996,32,27,"2,204",24.5,3,3,6,3,0,0,5,0,0.12,0.12,0.25,0.12,0.25,Matches
1227,Moritz Jenz,de GER,DF,Wolfsburg,de Bundesliga,24,1999,22,21,"1,742",19.4,0,1,1,0,0,0,7,1,0,0.05,0.05,0,0.05,Matches
1228,Gabriel Jesus,br BRA,FW,Arsenal,eng Premier League,26,1997,27,17,"1,478",16.4,4,5,9,4,0,0,6,0,0.24,0.3,0.55,0.24,0.55,Matches
1229,Juan Jesus,br BRA,DF,Napoli,it Serie A,32,1991,24,23,"2,116",23.5,1,0,1,1,0,0,7,0,0.04,0,0.04,0.04,0.04,Matches
1230,Álex Jiménez,es ESP,DF,Milan,it Serie A,18,2005,3,0,68,0.8,0,0,0,0,0,0,1,0,0,0,0,0,0,Matches
1231,Raúl Jiménez,mx MEX,FW,Fulham,eng Premier League,32,1991,24,18,"1,395",15.5,7,0,7,7,0,0,3,1,0.45,0,0.45,0.45,0.45,Matches
1232,João Pedro,br BRA,"MF,FW",Brighton,eng Premier League,21,2001,31,19,"2,045",22.7,9,3,12,5,4,5,2,0,0.4,0.13,0.53,0.22,0.35,Matches
1233,Joelinton,br BRA,"MF,FW",Newcastle,eng Premier League,26,1996,20,15,"1,279",14.2,2,1,3,2,0,0,6,0,0.14,0.07,0.21,0.14,0.21,Matches
1234,Ben Johnson,eng ENG,"MF,DF",West Ham,eng Premier League,23,2000,14,4,544,6,0,0,0,0,0,0,1,0,0,0,0,0,0,Matches
1235,Brennan Johnson,wls WAL,"MF,FW",Tottenham,eng Premier League,22,2001,32,23,"2,085",23.2,5,10,15,5,0,0,3,0,0.22,0.43,0.65,0.22,0.65,Matches
1236,Brennan Johnson,wls WAL,"FW,MF",Nottingham,eng Premier League,22,2001,3,3,237,2.6,0,0,0,0,0,0,0,0,0,0,0,0,0,Matches
1237,Joseph Johnson,eng ENG,DF,Luton Town,eng Premier League,17,2006,2,0,77,0.9,0,0,0,0,0,0,1,0,0,0,0,0,0,Matches
1238,Sam Johnstone,eng ENG,GK,Crystal Palace,eng Premier League,30,1993,20,20,"1,796",20,0,0,0,0,0,0,1,0,0,0,0,0,0,Matches
1239,Curtis Jones,eng ENG,MF,Liverpool,eng Premier League,22,2001,23,14,"1,167",13,1,1,2,1,0,0,3,1,0.08,0.08,0.15,0.08,0.15,Matches
1240,Frenkie de Jong,nl NED,MF,Barcelona,es La Liga,26,1997,20,20,"1,634",18.2,2,0,2,2,0,0,7,0,0.11,0,0.11,0.11,0.11,Matches
1241,Joan Jordán,es ESP,MF,Sevilla,es La Liga,29,1994,8,4,380,4.2,0,0,0,0,0,0,1,0,0,0,0,0,0,Matches
1242,Jordi,es ESP,MF,Getafe,es La Liga,22,2001,13,5,573,6.4,0,0,0,0,0,0,1,0,0,0,0,0,0,Matches
1243,Jeremy Jorge,es ESP,FW,Getafe,es La Liga,20,2003,1,0,2,0,0,0,0,0,0,0,0,0,0,0,0,0,0,Matches
1244,Kaio Jorge,br BRA,FW,Frosinone,it Serie A,21,2002,20,8,812,9,3,0,3,2,1,2,2,0,0.33,0,0.33,0.22,0.22,Matches
1245,Jorginho,it ITA,MF,Arsenal,eng Premier League,31,1991,24,10,921,10.2,0,2,2,0,0,0,1,0,0,0.2,0.2,0,0.2,Matches
1246,Willian José,br BRA,FW,Real Betis,es La Liga,31,1991,33,25,"1,971",21.9,10,5,15,10,0,0,0,1,0.46,0.23,0.68,0.46,0.68,Matches
1247,Joselu,es ESP,FW,Real Madrid,es La Liga,33,1990,34,15,"1,687",18.7,10,2,12,10,0,2,1,0,0.53,0.11,0.64,0.53,0.64,Matches
1248,Diogo Jota,pt POR,FW,Liverpool,eng Premier League,26,1996,21,14,"1,145",12.7,10,3,13,10,0,0,3,1,0.79,0.24,1.02,0.79,1.02,Matches
1249,Antoine Joujou,fr FRA,"MF,FW",Le Havre,fr Ligue 1,20,2003,23,6,779,8.7,0,2,2,0,0,0,1,0,0,0.23,0.23,0,0.23,Matches
1250,Luka Jović,rs SRB,FW,Milan,it Serie A,25,1997,23,8,877,9.7,6,1,7,6,0,0,2,1,0.62,0.1,0.72,0.62,0.72,Matches
Rk,Player,Nation,Pos,Squad,Comp,Age,Born,MP,Starts,Min,90s,Gls,Ast,G+A,G-PK,PK,PKatt,CrdY,CrdR,Gls,Ast,G+A,G-PK,G+A-PK,Matches
1251,Kamil Jóźwiak,pl POL,MF,Granada,es La Liga,25,1998,11,7,571,6.3,0,1,1,0,0,0,2,0,0,0.16,0.16,0,0.16,Matches
1252,Juanmi,es ESP,FW,Cádiz,es La Liga,30,1993,16,9,873,9.7,3,1,4,3,0,0,3,0,0.31,0.1,0.41,0.31,0.41,Matches
1253,Juanpe,es ESP,DF,Girona,es La Liga,32,1991,17,6,746,8.3,0,0,0,0,0,0,4,0,0,0,0,0,0,Matches
1254,Mads Juel Andersen,dk DEN,DF,Luton Town,eng Premier League,25,1997,8,4,400,4.4,1,0,1,1,0,0,1,0,0.23,0,0.23,0.23,0.23,Matches
1255,Christopher Jullien,fr FRA,DF,Montpellier,fr Ligue 1,30,1993,20,13,"1,233",13.7,1,0,1,1,0,0,5,0,0.07,0,0.07,0.07,0.07,Matches
1256,Anthony Jung,de GER,"DF,MF",Werder Bremen,de Bundesliga,31,1991,31,30,"2,579",28.7,1,0,1,1,0,0,4,1,0.03,0,0.03,0.03,0.03,Matches
1257,Eli Junior Kroupi,fr FRA,FW,Lorient,fr Ligue 1,17,2006,30,11,"1,084",12,5,3,8,5,0,0,1,0,0.42,0.25,0.66,0.42,0.66,Matches
1258,Hamed Junior Traorè,ci CIV,MF,Bournemouth,eng Premier League,23,2000,3,0,47,0.5,0,0,0,0,0,0,0,0,0,0,0,0,0,Matches
1259,Hamed Junior Traorè,ci CIV,MF,Napoli,it Serie A,23,2000,9,5,382,4.2,0,0,0,0,0,0,1,0,0,0,0,0,0,Matches
1260,Vinicius Júnior,br BRA,FW,Real Madrid,es La Liga,23,2000,26,22,"1,864",20.7,15,5,20,14,1,1,7,0,0.72,0.24,0.97,0.68,0.92,Matches
1261,Josip Juranović,hr CRO,"MF,DF",Union Berlin,de Bundesliga,27,1995,21,14,"1,294",14.4,0,2,2,0,0,1,4,0,0,0.14,0.14,0,0.14,Matches
1262,David Jurásek,cz CZE,"MF,DF",Hoffenheim,de Bundesliga,22,2000,13,4,496,5.5,0,1,1,0,0,0,1,0,0,0.18,0.18,0,0.18,Matches
1263,Julian Justvan,de GER,"FW,MF",Hoffenheim,de Bundesliga,25,1998,4,0,49,0.5,0,0,0,0,0,0,0,0,0,0,0,0,0,Matches
1264,Julian Justvan,de GER,MF,Darmstadt 98,de Bundesliga,25,1998,14,11,"1,023",11.4,2,2,4,2,0,0,1,0,0.18,0.18,0.35,0.18,0.35,Matches
1265,Filip Jørgensen,dk DEN,GK,Villarreal,es La Liga,21,2002,36,36,"3,240",36,0,0,0,0,0,0,4,0,0,0,0,0,0,Matches
1266,Mathias Jørgensen,dk DEN,DF,Brentford,eng Premier League,33,1990,14,12,"1,087",12.1,1,0,1,1,0,0,4,0,0.08,0,0.08,0.08,0.08,Matches
1267,Mohamed Kaba,gn GUI,MF,Lecce,it Serie A,21,2001,23,15,"1,378",15.3,0,0,0,0,0,0,4,1,0,0,0,0,0,Matches
1268,Sory Kaba,gn GUI,FW,Las Palmas,es La Liga,28,1995,17,9,720,8,1,1,2,1,0,0,2,0,0.12,0.12,0.25,0.12,0.25,Matches
1269,Ozan Kabak,tr TUR,DF,Hoffenheim,de Bundesliga,23,2000,28,28,"2,282",25.4,4,0,4,4,0,0,11,1,0.16,0,0.16,0.16,0.16,Matches
1270,Christian Kabasele,be BEL,DF,Udinese,it Serie A,32,1991,13,10,861,9.6,1,1,2,1,0,0,5,0,0.1,0.1,0.21,0.1,0.21,Matches
1271,Issa Kaboré,bf BFA,"MF,DF",Luton Town,eng Premier League,22,2001,24,21,"1,729",19.2,0,2,2,0,0,0,7,0,0,0.1,0.1,0,0.1,Matches
1272,Abdoul Kader Bamba,fr FRA,MF,Nantes,fr Ligue 1,29,1994,23,1,611,6.8,2,1,3,2,0,0,2,0,0.29,0.15,0.44,0.29,0.44,Matches
1273,Yaya Kader Fofana,ml MLI,MF,Reims,fr Ligue 1,19,2004,4,0,32,0.4,0,0,0,0,0,0,0,0,0,0,0,0,0,Matches
1274,Pavel Kadeřábek,cz CZE,"MF,DF",Hoffenheim,de Bundesliga,31,1992,29,28,"2,412",26.8,3,4,7,3,0,0,7,0,0.11,0.15,0.26,0.11,0.26,Matches
1275,Tino Kadewere,zw ZIM,FW,Lyon,fr Ligue 1,27,1996,11,2,296,3.3,0,0,0,0,0,0,0,0,0,0,0,0,0,Matches
Rk,Player,Nation,Pos,Squad,Comp,Age,Born,MP,Starts,Min,90s,Gls,Ast,G+A,G-PK,PK,PKatt,CrdY,CrdR,Gls,Ast,G+A,G-PK,G+A-PK,Matches
1276,Tino Kadewere,zw ZIM,"FW,MF",Nantes,fr Ligue 1,27,1996,14,8,781,8.7,1,0,1,1,0,1,1,0,0.12,0,0.12,0.12,0.12,Matches
1277,Kaiky,br BRA,DF,Almería,es La Liga,19,2004,8,5,523,5.8,1,0,1,1,0,0,2,0,0.17,0,0.17,0.17,0.17,Matches
1278,Florian Kainz,at AUT,MF,Köln,de Bundesliga,30,1992,33,29,"2,197",24.4,5,4,9,0,5,5,4,0,0.2,0.16,0.37,0,0.16,Matches
1279,Saša Kalajdžić,at AUT,FW,Wolves,eng Premier League,26,1997,11,1,166,1.8,2,0,2,2,0,0,0,0,1.08,0,1.08,1.08,1.08,Matches
1280,Saša Kalajdžić,at AUT,FW,Frankfurt,de Bundesliga,26,1997,5,5,325,3.6,0,1,1,0,0,0,0,0,0,0.28,0.28,0,0.28,Matches
1281,Arnaud Kalimuendo,fr FRA,FW,Rennes,fr Ligue 1,21,2002,30,25,"2,139",23.8,10,1,11,8,2,2,6,0,0.42,0.04,0.46,0.34,0.38,Matches
1282,Yayah Kallon,sl SLE,FW,Hellas Verona,it Serie A,22,2001,1,0,4,0,0,0,0,0,0,0,0,0,0,0,0,0,0,Matches
1283,Gédéon Kalulu,cd COD,"MF,DF",Lorient,fr Ligue 1,25,1997,19,11,970,10.8,0,1,1,0,0,0,0,0,0,0.09,0.09,0,0.09,Matches
1284,Pierre Kalulu,fr FRA,DF,Milan,it Serie A,23,2000,9,4,374,4.2,0,0,0,0,0,0,0,0,0,0,0,0,0,Matches
1285,Daichi Kamada,jp JPN,MF,Lazio,it Serie A,26,1996,29,17,"1,544",17.2,2,2,4,2,0,0,3,0,0.12,0.12,0.23,0.12,0.23,Matches
1286,Warren Kamanzi,no NOR,"MF,DF",Toulouse,fr Ligue 1,22,2000,24,12,"1,187",13.2,0,3,3,0,0,0,1,0,0,0.23,0.23,0,0.23,Matches
1287,Boubacar Kamara,fr FRA,MF,Aston Villa,eng Premier League,23,1999,20,20,"1,652",18.4,0,1,1,0,0,0,7,1,0,0.05,0.05,0,0.05,Matches
1288,Hassane Kamara,ci CIV,MF,Udinese,it Serie A,29,1994,35,27,"2,225",24.7,1,1,2,1,0,0,4,0,0.04,0.04,0.08,0.04,0.08,Matches
1289,Willy Kambwala,fr FRA,DF,Manchester Utd,eng Premier League,18,2004,8,3,330,3.7,0,0,0,0,0,0,1,0,0,0,0,0,0,Matches
1290,Jakub Kamiński,pl POL,MF,Wolfsburg,de Bundesliga,21,2002,17,4,473,5.3,0,2,2,0,0,0,0,0,0,0.38,0.38,0,0.38,Matches
1291,Thomas Kaminski,be BEL,GK,Luton Town,eng Premier League,30,1992,38,38,"3,405",37.8,0,0,0,0,0,0,3,0,0,0,0,0,0,Matches
1292,Kevin Kampl,si SVN,MF,RB Leipzig,de Bundesliga,32,1990,26,14,"1,363",15.1,1,0,1,1,0,0,3,0,0.07,0,0.07,0.07,0.07,Matches
1293,Harry Kane,eng ENG,FW,Bayern Munich,de Bundesliga,30,1993,32,32,"2,839",31.5,36,8,44,31,5,5,2,0,1.14,0.25,1.39,0.98,1.24,Matches
1294,Lee Kang-in,kr KOR,"MF,FW",PSG,fr Ligue 1,22,2001,23,18,"1,464",16.3,3,4,7,3,0,0,2,0,0.18,0.25,0.43,0.18,0.43,Matches
1295,Yann Karamoh,fr FRA,MF,Torino,it Serie A,25,1998,10,1,162,1.8,0,0,0,0,0,0,0,0,0,0,0,0,0,Matches
1296,Yann Karamoh,fr FRA,FW,Montpellier,fr Ligue 1,25,1998,12,1,284,3.2,1,0,1,1,0,0,1,0,0.32,0,0.32,0.32,0.32,Matches
1297,Atakan Karazor,tr TUR,MF,Stuttgart,de Bundesliga,26,1996,33,31,"2,623",29.1,0,4,4,0,0,0,9,0,0,0.14,0.14,0,0.14,Matches
1298,Ayman Kari,fr FRA,MF,Lorient,fr Ligue 1,18,2004,14,12,893,9.9,1,1,2,1,0,0,1,0,0.1,0.1,0.2,0.1,0.2,Matches
1299,Emir Karic,ba BIH,"MF,DF",Darmstadt 98,de Bundesliga,26,1997,27,18,"1,783",19.8,0,0,0,0,0,0,4,0,0,0,0,0,0,Matches
1300,Loris Karius,de GER,GK,Newcastle,eng Premier League,30,1993,1,1,90,1,0,0,0,0,0,0,0,0,0,0,0,0,0,Matches
Rk,Player,Nation,Pos,Squad,Comp,Age,Born,MP,Starts,Min,90s,Gls,Ast,G+A,G-PK,PK,PKatt,CrdY,CrdR,Gls,Ast,G+A,G-PK,G+A-PK,Matches
1301,Jesper Karlsson,se SWE,MF,Bologna,it Serie A,25,1998,7,4,344,3.8,0,0,0,0,0,0,0,0,0,0,0,0,0,Matches
1302,Jon Karrikaburu,es ESP,FW,Alavés,es La Liga,20,2002,2,0,16,0.2,0,0,0,0,0,0,0,0,0,0,0,0,0,Matches
1303,Rick Karsdorp,nl NED,"MF,DF",Roma,it Serie A,28,1995,18,14,"1,191",13.2,0,2,2,0,0,0,2,0,0,0.15,0.15,0,0.15,Matches
1304,Grigoris Kastanos,cy CYP,MF,Salernitana,it Serie A,25,1998,26,18,"1,480",16.4,3,3,6,3,0,0,5,0,0.18,0.18,0.36,0.18,0.36,Matches
1305,Silas Katompa,cd COD,MF,Stuttgart,de Bundesliga,24,1998,27,8,900,10,5,2,7,5,0,1,0,0,0.5,0.2,0.7,0.5,0.7,Matches
1306,Panos Katseris,gr GRE,MF,Lorient,fr Ligue 1,22,2001,15,13,"1,041",11.6,1,1,2,1,0,0,4,0,0.09,0.09,0.17,0.09,0.17,Matches
1307,Mikkel Kaufmann,dk DEN,FW,Union Berlin,de Bundesliga,22,2001,18,4,486,5.4,1,0,1,1,0,0,0,0,0.19,0,0.19,0.19,0.19,Matches
1308,Michael Kayode,it ITA,DF,Fiorentina,it Serie A,19,2004,26,22,"2,058",22.9,1,1,2,1,0,0,2,0,0.04,0.04,0.09,0.04,0.09,Matches
1309,Moise Kean,it ITA,FW,Juventus,it Serie A,23,2000,19,8,654,7.3,0,0,0,0,0,0,2,0,0,0,0,0,0,Matches
1310,Michael Keane,eng ENG,DF,Everton,eng Premier League,30,1993,9,4,439,4.9,1,0,1,1,0,0,2,0,0.21,0,0.21,0.21,0.21,Matches
1311,Ibrahima Kebe,ml MLI,MF,Girona,es La Liga,22,2000,2,0,9,0.1,0,0,0,0,0,0,1,0,0,0,0,0,0,Matches
1312,Kévin Keben,cm CMR,"DF,MF",Toulouse,fr Ligue 1,19,2004,8,7,521,5.8,0,0,0,0,0,0,1,0,0,0,0,0,0,Matches
1313,Yassine Kechta,ma MAR,MF,Le Havre,fr Ligue 1,21,2002,32,21,"1,849",20.5,2,1,3,2,0,0,4,0,0.1,0.05,0.15,0.1,0.15,Matches
1314,Thilo Kehrer,de GER,DF,West Ham,eng Premier League,26,1996,4,0,22,0.2,0,0,0,0,0,0,2,0,0,0,0,0,0,Matches
1315,Thilo Kehrer,de GER,DF,Monaco,fr Ligue 1,26,1996,15,15,"1,323",14.7,1,1,2,1,0,0,4,1,0.07,0.07,0.14,0.07,0.14,Matches
1316,Habib Keita,ml MLI,MF,Clermont Foot,fr Ligue 1,21,2002,27,12,"1,278",14.2,1,0,1,1,0,0,4,0,0.07,0,0.07,0.07,0.07,Matches
1317,Naby Keïta,gn GUI,MF,Werder Bremen,de Bundesliga,28,1995,5,1,109,1.2,0,0,0,0,0,0,2,0,0,0,0,0,0,Matches
1318,Yannik Keitel,de GER,"DF,MF",Freiburg,de Bundesliga,23,2000,15,11,920,10.2,1,0,1,1,0,0,0,0,0.1,0,0.1,0.1,0.1,Matches
1319,Caoimhín Kelleher,ie IRL,GK,Liverpool,eng Premier League,24,1998,10,10,900,10,0,0,0,0,0,0,0,0,0,0,0,0,0,Matches
1320,Thomas Keller,de GER,"DF,MF",Heidenheim,de Bundesliga,23,1999,2,0,2,0,0,0,0,0,0,0,0,0,0,0,0,0,0,Matches
1321,Lloyd Kelly,eng ENG,DF,Bournemouth,eng Premier League,24,1998,23,17,"1,559",17.3,0,1,1,0,0,0,2,0,0,0.06,0.06,0,0.06,Matches
1322,Omari Kellyman,eng ENG,"FW,MF",Aston Villa,eng Premier League,17,2005,2,0,37,0.4,0,0,0,0,0,0,0,0,0,0,0,0,0,Matches
1323,Aljoscha Kemlein,de GER,MF,Union Berlin,de Bundesliga,18,2004,2,0,29,0.3,0,0,0,0,0,0,0,0,0,0,0,0,0,Matches
1324,Tobias Kempe,de GER,MF,Darmstadt 98,de Bundesliga,34,1989,24,15,"1,350",15,3,2,5,0,3,3,1,0,0.2,0.13,0.33,0,0.13,Matches
1325,Milos Kerkez,hu HUN,DF,Bournemouth,eng Premier League,19,2003,28,22,"1,970",21.9,0,1,1,0,0,0,4,1,0,0.05,0.05,0,0.05,Matches
Rk,Player,Nation,Pos,Squad,Comp,Age,Born,MP,Starts,Min,90s,Gls,Ast,G+A,G-PK,PK,PKatt,CrdY,CrdR,Gls,Ast,G+A,G-PK,G+A-PK,Matches
1326,Kaine Kesler-Hayden,eng ENG,"DF,MF",Aston Villa,eng Premier League,20,2002,3,0,6,0.1,0,0,0,0,0,0,0,0,0,0,0,0,0,Matches
1327,Reda Khadra,de GER,"MF,FW",Reims,fr Ligue 1,22,2001,29,14,"1,368",15.2,1,3,4,1,0,0,1,0,0.07,0.2,0.26,0.07,0.26,Matches
1328,Wahbi Khazri,tn TUN,"MF,FW",Montpellier,fr Ligue 1,32,1991,25,13,"1,131",12.6,1,0,1,1,0,0,6,0,0.08,0,0.08,0.08,0.08,Matches
1329,Rani Khedira,tn TUN,MF,Union Berlin,de Bundesliga,29,1994,20,18,"1,343",14.9,0,0,0,0,0,0,5,1,0,0,0,0,0,Matches
1330,Abdukodir Khusanov,uz UZB,DF,Lens,fr Ligue 1,19,2004,11,9,809,9,0,0,0,0,0,0,5,0,0,0,0,0,0,Matches
1331,Kiké,es ESP,FW,Alavés,es La Liga,33,1989,33,15,"1,423",15.8,3,2,5,3,0,1,3,0,0.19,0.13,0.32,0.19,0.32,Matches
1332,Luca Kilian,de GER,DF,Köln,de Bundesliga,23,1999,13,6,635,7.1,0,0,0,0,0,0,1,0,0,0,0,0,0,Matches
1333,Max Kilman,eng ENG,DF,Wolves,eng Premier League,26,1997,38,38,"3,420",38,2,0,2,2,0,0,7,0,0.05,0,0.05,0.05,0.05,Matches
1334,Joshua Kimmich,de GER,"MF,DF",Bayern Munich,de Bundesliga,28,1995,28,27,"2,176",24.2,1,6,7,1,0,0,1,1,0.04,0.25,0.29,0.04,0.29,Matches
1335,Jakub Kiwior,pl POL,DF,Arsenal,eng Premier League,23,2000,20,11,946,10.5,1,3,4,1,0,0,1,0,0.1,0.29,0.38,0.1,0.38,Matches
1336,Simon Kjær,dk DEN,DF,Milan,it Serie A,34,1989,20,14,"1,171",13,0,1,1,0,0,0,1,0,0,0.08,0.08,0,0.08,Matches
1337,Davy Klaassen,nl NED,MF,Inter,it Serie A,30,1993,13,1,206,2.3,0,0,0,0,0,0,1,0,0,0,0,0,0,Matches
1338,Christoph Klarer,at AUT,DF,Darmstadt 98,de Bundesliga,23,2000,30,28,"2,354",26.2,2,2,4,2,0,0,9,0,0.08,0.08,0.15,0.08,0.15,Matches
1339,Tim Kleindienst,de GER,FW,Heidenheim,de Bundesliga,27,1995,33,33,"2,869",31.9,12,3,15,10,2,2,6,0,0.38,0.09,0.47,0.31,0.41,Matches
1340,Lukas Klostermann,de GER,DF,RB Leipzig,de Bundesliga,27,1996,25,16,"1,436",16,1,0,1,1,0,0,3,0,0.06,0,0.06,0.06,0.06,Matches
1341,Justin Kluivert,nl NED,MF,Bournemouth,eng Premier League,24,1999,32,26,"1,916",21.3,7,1,8,7,0,0,5,0,0.33,0.05,0.38,0.33,0.38,Matches
1342,Ansgar Knauff,de GER,"MF,FW",Frankfurt,de Bundesliga,21,2002,31,24,"2,109",23.4,7,2,9,7,0,0,7,1,0.3,0.09,0.38,0.3,0.38,Matches
1343,Robin Knoche,de GER,DF,Union Berlin,de Bundesliga,31,1992,24,20,"1,917",21.3,1,0,1,1,0,1,1,0,0.05,0,0.05,0.05,0.05,Matches
1344,Gregor Kobel,ch SUI,GK,Dortmund,de Bundesliga,25,1997,27,27,"2,365",26.3,0,0,0,0,0,0,1,0,0,0,0,0,0,Matches
1345,Robin Koch,de GER,DF,Frankfurt,de Bundesliga,27,1996,31,31,"2,738",30.4,2,0,2,2,0,0,10,0,0.07,0,0.07,0.07,0.07,Matches
1346,Philipp Köhn,ch SUI,GK,Monaco,fr Ligue 1,25,1998,22,22,"1,980",22,0,0,0,0,0,0,0,0,0,0,0,0,0,Matches
1347,Dominik Kohr,de GER,"DF,MF",Mainz 05,de Bundesliga,29,1994,31,27,"2,184",24.3,1,0,1,1,0,0,15,1,0.04,0,0.04,0.04,0.04,Matches
1348,Koke,es ESP,MF,Atlético Madrid,es La Liga,31,1992,35,32,"2,493",27.7,0,4,4,0,0,0,5,0,0,0.14,0.14,0,0.14,Matches
1349,Sead Kolašinac,ba BIH,DF,Atalanta,it Serie A,30,1993,30,25,"2,178",24.2,1,0,1,1,0,0,4,0,0.04,0,0.04,0.04,0.04,Matches
1350,Luca Koleosho,it ITA,"MF,FW",Burnley,eng Premier League,18,2004,15,13,974,10.8,1,1,2,1,0,0,0,0,0.09,0.09,0.18,0.09,0.18,Matches
Rk,Player,Nation,Pos,Squad,Comp,Age,Born,MP,Starts,Min,90s,Gls,Ast,G+A,G-PK,PK,PKatt,CrdY,CrdR,Gls,Ast,G+A,G-PK,G+A-PK,Matches
1351,Randal Kolo Muani,fr FRA,"FW,MF",PSG,fr Ligue 1,24,1998,26,13,"1,268",14.1,6,5,11,6,0,0,1,0,0.43,0.35,0.78,0.43,0.78,Matches
1352,Randal Kolo Muani,fr FRA,FW,Frankfurt,de Bundesliga,24,1998,2,2,153,1.7,1,0,1,1,0,0,0,0,0.59,0,0.59,0.59,0.59,Matches
1353,Mert Kömür,de GER,FW,Augsburg,de Bundesliga,18,2005,4,1,118,1.3,1,0,1,1,0,0,0,0,0.76,0,0.76,0.76,0.76,Matches
1354,Cheick Konaté,ml MLI,"MF,DF",Clermont Foot,fr Ligue 1,19,2004,19,12,"1,068",11.9,1,1,2,1,0,0,4,0,0.08,0.08,0.17,0.08,0.17,Matches
1355,Ibrahima Konaté,fr FRA,DF,Liverpool,eng Premier League,24,1999,22,17,"1,574",17.5,0,0,0,0,0,0,5,1,0,0,0,0,0,Matches
1356,Geoffrey Kondogbia,cf CTA,MF,Marseille,fr Ligue 1,30,1993,26,15,"1,463",16.3,0,0,0,0,0,0,3,0,0,0,0,0,0,Matches
1357,Abdoul Koné,fr FRA,DF,Reims,fr Ligue 1,18,2005,3,3,193,2.1,0,0,0,0,0,0,1,0,0,0,0,0,0,Matches
1358,Amadou Koné,ml MLI,MF,Reims,fr Ligue 1,18,2005,16,4,475,5.3,0,0,0,0,0,0,4,1,0,0,0,0,0,Matches
1359,Ibrahima Koné,ml MLI,FW,Almería,es La Liga,24,1999,9,2,277,3.1,0,0,0,0,0,0,0,0,0,0,0,0,0,Matches
1360,Ibrahima Koné,ml MLI,FW,Lorient,fr Ligue 1,24,1999,1,0,32,0.4,0,0,0,0,0,0,0,0,0,0,0,0,0,Matches
1361,Manu Koné,fr FRA,MF,Gladbach,de Bundesliga,22,2001,22,18,"1,561",17.3,1,0,1,1,0,0,4,1,0.06,0,0.06,0.06,0.06,Matches
1362,Ezri Konsa,eng ENG,DF,Aston Villa,eng Premier League,25,1997,35,35,"3,069",34.1,1,0,1,1,0,0,5,0,0.03,0,0.03,0.03,0.03,Matches
1363,Teun Koopmeiners,nl NED,MF,Atalanta,it Serie A,25,1998,34,29,"2,627",29.2,12,5,17,10,2,2,5,0,0.41,0.17,0.58,0.34,0.51,Matches
1364,Odilon Kossounou,ci CIV,DF,Leverkusen,de Bundesliga,22,2001,22,21,"1,811",20.1,1,0,1,1,0,0,3,0,0.05,0,0.05,0.05,0.05,Matches
1365,Filip Kostić,rs SRB,MF,Juventus,it Serie A,30,1992,29,26,"1,815",20.2,0,4,4,0,0,0,2,0,0,0.2,0.2,0,0.2,Matches
1366,N'Guessan Kouadio,ci CIV,MF,Metz,fr Ligue 1,20,2003,6,1,110,1.2,0,0,0,0,0,0,0,0,0,0,0,0,0,Matches
1367,Christian Kouamé,ci CIV,MF,Fiorentina,it Serie A,25,1997,23,11,"1,089",12.1,2,1,3,2,0,0,0,0,0.17,0.08,0.25,0.17,0.25,Matches
1368,Rominigue Kouamé,ml MLI,MF,Cádiz,es La Liga,26,1996,16,9,821,9.1,0,0,0,0,0,0,2,0,0,0,0,0,0,Matches
1369,Koffi Kouao,ci CIV,DF,Metz,fr Ligue 1,25,1998,13,10,860,9.6,0,2,2,0,0,0,2,0,0,0.21,0.21,0,0.21,Matches
1370,Tomáš Koubek,cz CZE,GK,Augsburg,de Bundesliga,30,1992,3,3,270,3,0,0,0,0,0,0,0,0,0,0,0,0,0,Matches
1371,Therence Koudou,fr FRA,DF,Reims,fr Ligue 1,18,2004,9,3,314,3.5,0,0,0,0,0,0,3,0,0,0,0,0,0,Matches
1372,Jules Koundé,fr FRA,DF,Barcelona,es La Liga,24,1998,35,32,"2,899",32.2,1,2,3,1,0,0,4,0,0.03,0.06,0.09,0.03,0.09,Matches
1373,Boubakar Kouyaté,ml MLI,DF,Montpellier,fr Ligue 1,26,1997,23,22,"1,928",21.4,0,2,2,0,0,0,5,1,0,0.09,0.09,0,0.09,Matches
1374,Cheikhou Kouyaté,sn SEN,MF,Nottingham,eng Premier League,33,1989,12,2,212,2.4,0,0,0,0,0,0,2,0,0,0,0,0,0,Matches
1375,Mateo Kovačić,hr CRO,MF,Manchester City,eng Premier League,29,1994,30,16,"1,551",17.2,1,0,1,1,0,0,4,0,0.06,0,0.06,0.06,0.06,Matches
Rk,Player,Nation,Pos,Squad,Comp,Age,Born,MP,Starts,Min,90s,Gls,Ast,G+A,G-PK,PK,PKatt,CrdY,CrdR,Gls,Ast,G+A,G-PK,G+A-PK,Matches
1376,Viktor Kovalenko,ua UKR,MF,Empoli,it Serie A,27,1996,17,4,613,6.8,1,1,2,1,0,0,1,0,0.15,0.15,0.29,0.15,0.29,Matches
1377,Matej Kovar,cz CZE,GK,Leverkusen,de Bundesliga,23,2000,1,1,90,1,0,0,0,0,0,0,0,0,0,0,0,0,0,Matches
1378,Dawid Kownacki,pl POL,FW,Werder Bremen,de Bundesliga,26,1997,22,3,380,4.2,0,0,0,0,0,0,0,0,0,0,0,0,0,Matches
1379,Emil Krafth,se SWE,DF,Newcastle,eng Premier League,28,1994,17,8,913,10.1,0,0,0,0,0,0,2,0,0,0,0,0,0,Matches
1380,Alex Král,cz CZE,MF,Union Berlin,de Bundesliga,25,1998,24,13,"1,370",15.2,0,0,0,0,0,0,2,0,0,0,0,0,0,Matches
1381,Andrej Kramarić,hr CRO,"MF,FW",Hoffenheim,de Bundesliga,32,1991,30,25,"2,199",24.4,15,6,21,10,5,5,4,0,0.61,0.25,0.86,0.41,0.65,Matches
1382,Christoph Kramer,de GER,MF,Gladbach,de Bundesliga,32,1991,14,1,249,2.8,0,0,0,0,0,0,4,0,0,0,0,0,0,Matches
1383,Frans Krätzig,de GER,"DF,MF",Bayern Munich,de Bundesliga,20,2003,4,0,56,0.6,0,0,0,0,0,0,0,0,0,0,0,0,0,Matches
1384,Tom Krauß,de GER,MF,Mainz 05,de Bundesliga,22,2001,29,13,"1,346",15,1,2,3,1,0,0,5,0,0.07,0.13,0.2,0.07,0.2,Matches
1385,Rasmus Kristensen,dk DEN,"MF,DF",Roma,it Serie A,26,1997,29,19,"1,744",19.4,1,1,2,1,0,0,5,0,0.05,0.05,0.1,0.05,0.1,Matches
1386,Thomas Kristensen,dk DEN,DF,Udinese,it Serie A,21,2002,26,23,"2,096",23.3,0,1,1,0,0,0,4,1,0,0.04,0.04,0,0.04,Matches
1387,Toni Kroos,de GER,MF,Real Madrid,es La Liga,33,1990,33,24,"2,124",23.6,1,8,9,1,0,0,3,0,0.04,0.34,0.38,0.04,0.38,Matches
1388,Nikola Krstović,me MNE,FW,Lecce,it Serie A,23,2000,35,30,"2,373",26.4,7,1,8,6,1,3,4,1,0.27,0.04,0.3,0.23,0.27,Matches
1389,Rade Krunić,ba BIH,MF,Milan,it Serie A,29,1993,10,8,687,7.6,0,0,0,0,0,0,3,0,0,0,0,0,0,Matches
1390,Lukas Kübler,de GER,DF,Freiburg,de Bundesliga,30,1992,26,22,"1,847",20.5,1,0,1,1,0,0,7,0,0.05,0,0.05,0.05,0.05,Matches
1391,Takefusa Kubo,jp JPN,"FW,MF",Real Sociedad,es La Liga,22,2001,30,24,"2,150",23.9,7,4,11,7,0,0,1,0,0.29,0.17,0.46,0.29,0.46,Matches
1392,Mahmut Kücüksahin,,DF,Augsburg,de Bundesliga,19,2004,1,0,1,0,0,0,0,0,0,0,0,0,0,0,0,0,0,Matches
1393,Mohammed Kudus,gh GHA,MF,West Ham,eng Premier League,22,2000,33,27,"2,484",27.6,8,6,14,8,0,0,6,0,0.29,0.22,0.51,0.29,0.51,Matches
1394,Christian Kühlwetter,de GER,"FW,MF",Heidenheim,de Bundesliga,27,1996,1,0,8,0.1,0,1,1,0,0,0,0,0,0,11.25,11.25,0,11.25,Matches
1395,Dejan Kulusevski,se SWE,"MF,FW",Tottenham,eng Premier League,23,2000,36,31,"2,762",30.7,8,3,11,8,0,0,7,0,0.26,0.1,0.36,0.26,0.36,Matches
1396,Sael Kumbedi,fr FRA,"DF,MF",Lyon,fr Ligue 1,18,2005,17,8,924,10.3,0,1,1,0,0,0,3,0,0,0.1,0.1,0,0.1,Matches
1397,Marash Kumbulla,al ALB,DF,Sassuolo,it Serie A,23,2000,7,3,362,4,0,0,0,0,0,0,1,0,0,0,0,0,0,Matches
1398,Justin Kumi,it ITA,MF,Sassuolo,it Serie A,19,2004,1,0,4,0,0,0,0,0,0,0,0,0,0,0,0,0,0,Matches
1399,Layvin Kurzawa,fr FRA,DF,PSG,fr Ligue 1,30,1992,1,0,9,0.1,0,0,0,0,0,0,0,0,0,0,0,0,0,Matches
1400,Berkan Kutlu,tr TUR,MF,Genoa,it Serie A,25,1998,6,0,199,2.2,0,0,0,0,0,0,0,0,0,0,0,0,0,Matches
Rk,Player,Nation,Pos,Squad,Comp,Age,Born,MP,Starts,Min,90s,Gls,Ast,G+A,G-PK,PK,PKatt,CrdY,CrdR,Gls,Ast,G+A,G-PK,G+A-PK,Matches
1401,Daler Kuzyaev,ru RUS,MF,Le Havre,fr Ligue 1,30,1993,30,24,"2,090",23.2,2,2,4,2,0,0,1,0,0.09,0.09,0.17,0.09,0.17,Matches
1402,Khvicha Kvaratskhelia,ge GEO,FW,Napoli,it Serie A,22,2001,34,32,"2,737",30.4,11,6,17,11,0,0,8,0,0.36,0.2,0.56,0.36,0.56,Matches
1403,Giorgi Kvernadze,ge GEO,FW,Frosinone,it Serie A,20,2003,5,0,63,0.7,0,0,0,0,0,0,0,0,0,0,0,0,0,Matches
1404,Moritz-Broni Kwarteng,gh GHA,"MF,FW",Bochum,de Bundesliga,25,1998,11,2,281,3.1,0,1,1,0,0,0,1,1,0,0.32,0.32,0,0.32,Matches
1405,Grejohn Kyei,fr FRA,FW,Clermont Foot,fr Ligue 1,27,1995,26,10,"1,026",11.4,2,1,3,1,1,1,1,0,0.18,0.09,0.26,0.09,0.18,Matches
1406,Giorgos Kyriakopoulos,gr GRE,"MF,DF",Monza,it Serie A,27,1996,28,20,"1,712",19,0,3,3,0,0,0,3,0,0,0.16,0.16,0,0.16,Matches
1407,Luca de la Torre,us USA,MF,Celta Vigo,es La Liga,25,1998,31,22,"1,956",21.7,1,4,5,1,0,0,4,1,0.05,0.18,0.23,0.05,0.23,Matches
1408,Gaëtan Laborde,fr FRA,"FW,MF",Nice,fr Ligue 1,29,1994,34,22,"1,906",21.2,5,2,7,4,1,2,2,0,0.24,0.09,0.33,0.19,0.28,Matches
1409,Alexandre Lacazette,fr FRA,FW,Lyon,fr Ligue 1,32,1991,29,27,"2,293",25.5,19,2,21,17,2,2,3,1,0.75,0.08,0.82,0.67,0.75,Matches
1410,Maxence Lacroix,fr FRA,DF,Wolfsburg,de Bundesliga,23,2000,28,27,"2,362",26.2,4,1,5,4,0,0,5,3,0.15,0.04,0.19,0.15,0.19,Matches
1411,Alban Lafont,ci CIV,GK,Nantes,fr Ligue 1,24,1999,28,28,"2,496",27.7,0,0,0,0,0,0,2,0,0,0,0,0,0,Matches
1412,Yoel Lago,es ESP,DF,Celta Vigo,es La Liga,19,2004,1,1,90,1,0,0,0,0,0,0,0,0,0,0,0,0,0,Matches
1413,Aïssa Laïdouni,tn TUN,MF,Union Berlin,de Bundesliga,26,1996,23,10,"1,071",11.9,0,3,3,0,0,0,2,0,0,0.25,0.25,0,0.25,Matches
1414,Konrad Laimer,at AUT,"MF,DF",Bayern Munich,de Bundesliga,26,1997,29,18,"1,772",19.7,0,3,3,0,0,0,3,0,0,0.15,0.15,0,0.15,Matches
1415,Stefan Lainer,at AUT,"MF,DF",Gladbach,de Bundesliga,30,1992,15,8,751,8.3,0,1,1,0,0,0,2,0,0,0.12,0.12,0,0.12,Matches
1416,Kenny Lala,mg MAD,DF,Brest,fr Ligue 1,31,1991,33,33,"2,970",33,2,3,5,2,0,0,7,0,0.06,0.09,0.15,0.06,0.15,Matches
1417,Adam Lallana,eng ENG,MF,Brighton,eng Premier League,35,1988,25,13,850,9.4,0,1,1,0,0,0,2,0,0,0.11,0.11,0,0.11,Matches
1418,Mathis Lambourde,fr FRA,FW,Rennes,fr Ligue 1,17,2006,1,0,10,0.1,0,0,0,0,0,0,0,0,0,0,0,0,0,Matches
1419,Érik Lamela,ar ARG,MF,Sevilla,es La Liga,31,1992,13,5,463,5.1,2,0,2,2,0,0,3,0,0.39,0,0.39,0.39,0.39,Matches
1420,Mohamed Lamine Bayo,gn GUI,FW,Le Havre,fr Ligue 1,25,1998,22,16,"1,389",15.4,5,1,6,3,2,2,4,0,0.32,0.06,0.39,0.19,0.26,Matches
1421,Didier Lamkel Zé,cm CMR,"FW,MF",Metz,fr Ligue 1,26,1996,9,7,550,6.1,1,0,1,1,0,0,1,0,0.16,0,0.16,0.16,0.16,Matches
1422,Tariq Lamptey,gh GHA,"DF,MF",Brighton,eng Premier League,22,2000,19,10,914,10.2,0,3,3,0,0,0,3,0,0,0.3,0.3,0,0.3,Matches
1423,Bruno Langa,mz MOZ,DF,Almería,es La Liga,25,1997,11,9,820,9.1,1,0,1,1,0,0,1,1,0.11,0,0.11,0.11,0.11,Matches
1424,Gianluca Lapadula,pe PER,FW,Cagliari,it Serie A,33,1990,23,14,"1,205",13.4,3,1,4,2,1,1,3,0,0.22,0.07,0.3,0.15,0.22,Matches
1425,Aymeric Laporte,es ESP,DF,Manchester City,eng Premier League,29,1994,1,0,12,0.1,0,0,0,0,0,0,0,0,0,0,0,0,0,Matches
Rk,Player,Nation,Pos,Squad,Comp,Age,Born,MP,Starts,Min,90s,Gls,Ast,G+A,G-PK,PK,PKatt,CrdY,CrdR,Gls,Ast,G+A,G-PK,G+A-PK,Matches
1426,Julien Laporte,fr FRA,DF,Lorient,fr Ligue 1,29,1993,23,20,"1,818",20.2,0,0,0,0,0,0,4,0,0,0,0,0,0,Matches
1427,Cyle Larin,ca CAN,FW,Mallorca,es La Liga,28,1995,35,20,"1,823",20.3,3,2,5,3,0,0,8,0,0.15,0.1,0.25,0.15,0.25,Matches
1428,Yasser Larouci,dz ALG,MF,Sheffield United,eng Premier League,22,2001,11,6,531,5.9,0,0,0,0,0,0,1,0,0,0,0,0,0,Matches
1429,Hugo Larsson,se SWE,MF,Frankfurt,de Bundesliga,19,2004,29,21,"1,886",21,2,1,3,2,0,0,1,0,0.1,0.05,0.14,0.1,0.14,Matches
1430,Jamaal Lascelles,eng ENG,DF,Newcastle,eng Premier League,29,1993,16,13,"1,080",12,1,0,1,1,0,0,4,0,0.08,0,0.08,0.08,0.08,Matches
1431,Juanmi Latasa,es ESP,FW,Getafe,es La Liga,22,2001,32,15,"1,555",17.3,2,0,2,2,0,0,7,1,0.12,0,0.12,0.12,0.12,Matches
1432,Toni Lato,es ESP,DF,Mallorca,es La Liga,25,1997,28,16,"1,544",17.2,0,1,1,0,0,0,3,0,0,0.06,0.06,0,0.06,Matches
1433,Armand Lauriente,fr FRA,"MF,FW",Sassuolo,it Serie A,24,1998,37,35,"2,908",32.3,5,4,9,5,0,0,5,0,0.15,0.12,0.28,0.15,0.28,Matches
1434,Roméo Lavia,be BEL,MF,Chelsea,eng Premier League,19,2004,1,0,33,0.4,0,0,0,0,0,0,0,0,0,0,0,0,0,Matches
1435,Lázaro,br BRA,MF,Almería,es La Liga,21,2002,14,2,285,3.2,0,0,0,0,0,0,0,0,0,0,0,0,0,Matches
1436,Valentino Lazaro,at AUT,MF,Torino,it Serie A,27,1996,35,21,"1,994",22.2,0,4,4,0,0,0,3,0,0,0.18,0.18,0,0.18,Matches
1437,Darko Lazović,rs SRB,MF,Hellas Verona,it Serie A,32,1990,32,22,"1,928",21.4,3,2,5,2,1,1,0,1,0.14,0.09,0.23,0.09,0.19,Matches
1438,Manuel Lazzari,it ITA,"DF,MF",Lazio,it Serie A,29,1993,24,19,"1,671",18.6,0,2,2,0,0,0,4,1,0,0.11,0.11,0,0.11,Matches
1439,Théo Le Bris,fr FRA,MF,Lorient,fr Ligue 1,20,2002,26,15,"1,516",16.8,0,2,2,0,0,0,2,0,0,0.12,0.12,0,0.12,Matches
1440,Julien Le Cardinal,fr FRA,DF,Brest,fr Ligue 1,25,1997,12,5,473,5.3,0,0,0,0,0,0,3,0,0,0,0,0,0,Matches
1441,Julien Le Cardinal,fr FRA,DF,Lens,fr Ligue 1,25,1997,2,0,58,0.6,0,0,0,0,0,0,0,0,0,0,0,0,0,Matches
1442,Jérémy Le Douaron,fr FRA,"FW,MF",Brest,fr Ligue 1,25,1998,33,19,"1,618",18,4,0,4,4,0,0,3,0,0.22,0,0.22,0.22,0.22,Matches
1443,Enzo Le Fée,fr FRA,MF,Rennes,fr Ligue 1,23,2000,25,19,"1,527",17,0,1,1,0,0,0,3,0,0,0.06,0.06,0,0.06,Matches
1444,Vincent Le Goff,fr FRA,"MF,DF",Lorient,fr Ligue 1,33,1989,9,8,541,6,1,1,2,1,0,0,1,0,0.17,0.17,0.33,0.17,0.33,Matches
1445,Robin Le Normand,es ESP,DF,Real Sociedad,es La Liga,26,1996,29,28,"2,469",27.4,2,0,2,2,0,0,13,0,0.07,0,0.07,0.07,0.07,Matches
1446,Nicola Leali,it ITA,GK,Genoa,it Serie A,30,1993,3,2,176,2,0,0,0,0,0,0,1,0,0,0,0,0,0,Matches
1447,Rafael Leão,pt POR,"MF,FW",Milan,it Serie A,24,1999,34,29,"2,512",27.9,9,9,18,9,0,0,5,0,0.32,0.32,0.64,0.32,0.64,Matches
1448,Adrien Lebeau,fr FRA,MF,Brest,fr Ligue 1,24,1999,7,0,54,0.6,0,1,1,0,0,0,0,0,0,1.67,1.67,0,1.67,Matches
1449,Jean-Louis Leca,fr FRA,GK,Lens,fr Ligue 1,37,1985,1,1,90,1,0,0,0,0,0,0,0,0,0,0,0,0,0,Matches
1450,Benjamin Lecomte,fr FRA,GK,Montpellier,fr Ligue 1,32,1991,30,30,"2,700",30,0,1,1,0,0,0,1,0,0,0.03,0.03,0,0.03,Matches
Rk,Player,Nation,Pos,Squad,Comp,Age,Born,MP,Starts,Min,90s,Gls,Ast,G+A,G-PK,PK,PKatt,CrdY,CrdR,Gls,Ast,G+A,G-PK,G+A-PK,Matches
1451,Jeremías Ledesma,ar ARG,GK,Cádiz,es La Liga,30,1993,34,34,"3,048",33.9,0,0,0,0,0,0,0,0,0,0,0,0,0,Matches
1452,Pierre Lees-Melou,fr FRA,MF,Brest,fr Ligue 1,30,1993,29,29,"2,517",28,4,0,4,4,0,0,12,1,0.14,0,0.14,0.14,0.14,Matches
1453,Diogo Leite,pt POR,DF,Union Berlin,de Bundesliga,24,1999,32,31,"2,702",30,0,0,0,0,0,0,6,0,0,0,0,0,0,Matches
1454,Maxim Leitsch,de GER,DF,Mainz 05,de Bundesliga,25,1998,7,4,379,4.2,0,0,0,0,0,0,0,0,0,0,0,0,0,Matches
1455,Florian Lejeune,fr FRA,DF,Rayo Vallecano,es La Liga,32,1991,37,37,"3,327",37,3,1,4,3,0,0,5,0,0.08,0.03,0.11,0.08,0.11,Matches
1456,Stefan Lekovic,rs SRB,DF,Villarreal,es La Liga,19,2004,1,0,29,0.3,0,0,0,0,0,0,0,0,0,0,0,0,0,Matches
1457,Iñigo Lekue,es ESP,DF,Athletic Club,es La Liga,30,1993,27,22,"2,002",22.2,0,2,2,0,0,0,4,0,0,0.09,0.09,0,0.09,Matches
1458,Thomas Lemar,fr FRA,MF,Atlético Madrid,es La Liga,27,1995,3,3,164,1.8,0,0,0,0,0,0,0,0,0,0,0,0,0,Matches
1459,Mario Lemina,ga GAB,MF,Wolves,eng Premier League,29,1993,35,34,"2,968",33,4,1,5,4,0,0,12,1,0.12,0.03,0.15,0.12,0.15,Matches
1460,Álvaro Lemos,es ESP,DF,Las Palmas,es La Liga,30,1993,4,3,251,2.8,0,0,0,0,0,0,1,0,0,0,0,0,0,Matches
1461,Ruben Lendinez,es ESP,DF,Valencia,es La Liga,20,2003,1,0,11,0.1,0,0,0,0,0,0,0,0,0,0,0,0,0,Matches
1462,Clément Lenglet,fr FRA,DF,Aston Villa,eng Premier League,28,1995,14,14,"1,153",12.8,0,1,1,0,0,0,3,0,0,0.08,0.08,0,0.08,Matches
1463,Bernd Leno,de GER,GK,Fulham,eng Premier League,31,1992,38,38,"3,420",38,0,0,0,0,0,0,3,0,0,0,0,0,0,Matches
1464,Christopher Lenz,de GER,"DF,MF",RB Leipzig,de Bundesliga,28,1994,5,0,47,0.5,0,0,0,0,0,0,0,0,0,0,0,0,0,Matches
1465,Christopher Lenz,de GER,"DF,MF",Frankfurt,de Bundesliga,28,1994,1,0,10,0.1,0,0,0,0,0,0,0,0,0,0,0,0,0,Matches
1466,Johann Lepenant,fr FRA,MF,Lyon,fr Ligue 1,20,2002,6,2,253,2.8,0,0,0,0,0,0,1,0,0,0,0,0,0,Matches
1467,Jefferson Lerma,co COL,"MF,DF",Crystal Palace,eng Premier League,28,1994,28,27,"2,400",26.7,1,1,2,1,0,0,8,0,0.04,0.04,0.07,0.04,0.07,Matches
1468,Léo Leroy,fr FRA,MF,Montpellier,fr Ligue 1,23,2000,21,3,499,5.5,0,1,1,0,0,0,4,0,0,0.18,0.18,0,0.18,Matches
1469,Robert Lewandowski,pl POL,FW,Barcelona,es La Liga,34,1988,35,32,"2,750",30.6,19,8,27,15,4,4,5,0,0.62,0.26,0.88,0.49,0.75,Matches
1470,Jamie Leweling,de GER,MF,Stuttgart,de Bundesliga,22,2001,34,17,"1,523",16.9,4,4,8,4,0,0,3,0,0.24,0.24,0.47,0.24,0.47,Matches
1471,Rico Lewis,eng ENG,"DF,MF",Manchester City,eng Premier League,18,2004,16,8,809,9,2,0,2,2,0,0,1,0,0.22,0,0.22,0.22,0.22,Matches
1472,Keane Lewis-Potter,eng ENG,"FW,MF",Brentford,eng Premier League,22,2001,30,15,"1,441",16,3,1,4,3,0,0,0,0,0.19,0.06,0.25,0.19,0.25,Matches
1473,Philipp Lienhart,at AUT,DF,Freiburg,de Bundesliga,27,1996,15,14,"1,265",14.1,1,0,1,1,0,0,3,0,0.07,0,0.07,0.07,0.07,Matches
1474,Matthijs de Ligt,nl NED,DF,Bayern Munich,de Bundesliga,23,1999,22,16,"1,390",15.4,2,0,2,2,0,0,5,0,0.13,0,0.13,0.13,0.13,Matches
1475,Victor Lindelöf,se SWE,DF,Manchester Utd,eng Premier League,29,1994,19,14,"1,328",14.8,1,1,2,1,0,0,2,0,0.07,0.07,0.14,0.07,0.14,Matches
Rk,Player,Nation,Pos,Squad,Comp,Age,Born,MP,Starts,Min,90s,Gls,Ast,G+A,G-PK,PK,PKatt,CrdY,CrdR,Gls,Ast,G+A,G-PK,G+A-PK,Matches
1476,Jesper Lindstrøm,dk DEN,FW,Napoli,it Serie A,23,2000,22,2,430,4.8,0,0,0,0,0,0,2,0,0,0,0,0,0,Matches
1477,Jesper Lindstrøm,dk DEN,FW,Frankfurt,de Bundesliga,23,2000,1,1,83,0.9,0,0,0,0,0,0,0,0,0,0,0,0,0,Matches
1478,Karol Linetty,pl POL,MF,Torino,it Serie A,28,1995,28,19,"1,858",20.6,0,0,0,0,0,0,12,0,0,0,0,0,0,Matches
1479,Samuel Lino,br BRA,"MF,DF",Atlético Madrid,es La Liga,23,1999,34,25,"2,080",23.1,4,5,9,4,0,0,1,0,0.17,0.22,0.39,0.17,0.39,Matches
1480,Luca Lipani,it ITA,MF,Sassuolo,it Serie A,18,2005,8,5,384,4.3,0,0,0,0,0,0,0,0,0,0,0,0,0,Matches
1481,Pol Lirola,es ESP,"DF,MF",Frosinone,it Serie A,25,1997,25,18,"1,536",17.1,2,1,3,2,0,0,1,0,0.12,0.06,0.18,0.12,0.18,Matches
1482,Marcin Listkowski,pl POL,"FW,MF",Lecce,it Serie A,25,1998,1,0,8,0.1,0,0,0,0,0,0,0,0,0,0,0,0,0,Matches
1483,Tino Livramento,eng ENG,DF,Newcastle,eng Premier League,20,2002,26,12,"1,314",14.6,1,0,1,1,0,0,1,0,0.07,0,0.07,0.07,0.07,Matches
1484,Dejan Ljubičić,at AUT,MF,Köln,de Bundesliga,25,1997,26,24,"2,048",22.8,0,2,2,0,0,0,6,0,0,0.09,0.09,0,0.09,Matches
1485,Javier Llabrés,es ESP,MF,Mallorca,es La Liga,20,2002,16,1,247,2.7,1,0,1,1,0,0,1,0,0.36,0,0.36,0.36,0.36,Matches
1486,Diego Llorente,es ESP,DF,Roma,it Serie A,29,1993,29,27,"2,170",24.1,1,1,2,1,0,0,5,0,0.04,0.04,0.08,0.04,0.08,Matches
1487,Marcos Llorente,es ESP,"MF,DF",Atlético Madrid,es La Liga,28,1995,37,29,"2,565",28.5,6,4,10,6,0,0,5,0,0.21,0.14,0.35,0.21,0.35,Matches
1488,Gautier Lloris,fr FRA,DF,Le Havre,fr Ligue 1,28,1995,31,31,"2,778",30.9,2,0,2,2,0,0,2,0,0.06,0,0.06,0.06,0.06,Matches
1489,Abou Lô,sn SEN,"MF,DF",Metz,fr Ligue 1,23,2000,6,2,197,2.2,0,0,0,0,0,0,0,1,0,0,0,0,0,Matches
1490,Giovani Lo Celso,ar ARG,MF,Tottenham,eng Premier League,27,1996,22,4,506,5.6,2,2,4,2,0,0,2,0,0.36,0.36,0.71,0.36,0.71,Matches
1491,Stanislav Lobotka,sk SVK,MF,Napoli,it Serie A,28,1994,38,38,"3,282",36.5,0,1,1,0,0,0,4,0,0,0.03,0.03,0,0.03,Matches
1492,Manuel Locatelli,it ITA,MF,Juventus,it Serie A,25,1998,36,34,"3,008",33.4,1,4,5,1,0,0,6,0,0.03,0.12,0.15,0.03,0.15,Matches
1493,Bradley Locko,fr FRA,DF,Brest,fr Ligue 1,21,2002,33,33,"2,959",32.9,0,3,3,0,0,0,5,0,0,0.09,0.09,0,0.09,Matches
1494,Tom Lockyer,wls WAL,DF,Luton Town,eng Premier League,28,1994,14,14,"1,169",13,1,1,2,1,0,0,4,0,0.08,0.08,0.15,0.08,0.15,Matches
1495,Renan Lodi,br BRA,"DF,MF",Marseille,fr Ligue 1,25,1998,14,14,"1,235",13.7,0,0,0,0,0,0,6,0,0,0,0,0,0,Matches
1496,Ruben Loftus-Cheek,eng ENG,MF,Milan,it Serie A,27,1996,29,26,"2,068",23,6,1,7,6,0,0,5,0,0.26,0.04,0.3,0.26,0.3,Matches
1497,Elysée Logbo,fr FRA,FW,Le Havre,fr Ligue 1,19,2004,10,2,248,2.8,0,0,0,0,0,0,0,0,0,0,0,0,0,Matches
1498,Enzo Loiodice,fr FRA,MF,Las Palmas,es La Liga,22,2000,34,19,"1,790",19.9,0,1,1,0,0,0,2,0,0,0.05,0.05,0,0.05,Matches
1499,Sean Longstaff,eng ENG,MF,Newcastle,eng Premier League,25,1997,35,30,"2,747",30.5,6,2,8,6,0,0,7,0,0.2,0.07,0.26,0.2,0.26,Matches
1500,Ademola Lookman,ng NGA,"FW,MF",Atalanta,it Serie A,25,1997,31,22,"1,894",21,11,7,18,11,0,0,4,0,0.52,0.33,0.86,0.52,0.86,Matches
Rk,Player,Nation,Pos,Squad,Comp,Age,Born,MP,Starts,Min,90s,Gls,Ast,G+A,G-PK,PK,PKatt,CrdY,CrdR,Gls,Ast,G+A,G-PK,G+A-PK,Matches
1501,Noah Loosli,ch SUI,DF,Bochum,de Bundesliga,26,1997,10,2,346,3.8,0,0,0,0,0,0,1,0,0,0,0,0,0,Matches
1502,Anthony Lopes,pt POR,GK,Lyon,fr Ligue 1,32,1990,31,31,"2,790",31,0,0,0,0,0,0,0,0,0,0,0,0,0,Matches
1503,David López,es ESP,DF,Girona,es La Liga,33,1989,25,25,"1,965",21.8,3,0,3,3,0,0,4,0,0.14,0,0.14,0.14,0.14,Matches
1504,Diego López,es ESP,"MF,FW",Valencia,es La Liga,21,2002,36,30,"2,656",29.5,3,6,9,3,0,0,2,0,0.1,0.2,0.3,0.1,0.3,Matches
1505,Fermin López,es ESP,"MF,FW",Barcelona,es La Liga,20,2003,31,14,"1,446",16.1,8,0,8,8,0,0,2,0,0.5,0,0.5,0.5,0.5,Matches
1506,Javi López,es ESP,DF,Alavés,es La Liga,21,2002,32,25,"2,386",26.5,1,3,4,1,0,0,3,0,0.04,0.11,0.15,0.04,0.15,Matches
1507,Maxime Lopez,fr FRA,MF,Fiorentina,it Serie A,25,1997,19,7,800,8.9,0,0,0,0,0,0,1,0,0,0,0,0,0,Matches
1508,Maxime Lopez,fr FRA,MF,Sassuolo,it Serie A,25,1997,2,2,140,1.6,0,0,0,0,0,0,0,1,0,0,0,0,0,Matches
1509,Pau López,es ESP,GK,Marseille,fr Ligue 1,28,1994,33,33,"2,939",32.7,0,0,0,0,0,0,1,0,0,0,0,0,0,Matches
1510,Unai López,es ESP,MF,Rayo Vallecano,es La Liga,27,1995,35,28,"2,108",23.4,1,2,3,1,0,0,8,0,0.04,0.09,0.13,0.04,0.13,Matches
1511,Dion Lopy,sn SEN,MF,Almería,es La Liga,21,2002,30,23,"1,916",21.3,0,0,0,0,0,0,5,0,0,0,0,0,0,Matches
1512,Anthony Losilla,fr FRA,MF,Bochum,de Bundesliga,37,1986,31,31,"2,576",28.6,1,2,3,1,0,0,10,0,0.03,0.07,0.1,0.03,0.1,Matches
1513,Jordan Lotomba,ch SUI,"DF,MF",Nice,fr Ligue 1,24,1998,28,21,"1,804",20,1,0,1,1,0,0,4,0,0.05,0,0.05,0.05,0.05,Matches
1514,Tom Louchet,fr FRA,"MF,FW",Nice,fr Ligue 1,20,2003,13,3,409,4.5,1,1,2,1,0,0,1,0,0.22,0.22,0.44,0.22,0.44,Matches
1515,Imran Louza,ma MAR,MF,Lorient,fr Ligue 1,24,1999,14,10,863,9.6,1,3,4,1,0,0,1,0,0.1,0.31,0.42,0.1,0.42,Matches
1516,Matteo Lovato,it ITA,DF,Torino,it Serie A,23,2000,13,6,544,6,0,0,0,0,0,0,2,0,0,0,0,0,0,Matches
1517,Matteo Lovato,it ITA,DF,Salernitana,it Serie A,23,2000,13,11,947,10.5,0,0,0,0,0,0,2,0,0,0,0,0,0,Matches
1518,Dejan Lovren,hr CRO,DF,Lyon,fr Ligue 1,34,1989,10,8,718,8,0,0,0,0,0,0,2,1,0,0,0,0,0,Matches
1519,Sandi Lovrić,si SVN,MF,Udinese,it Serie A,25,1998,29,21,"1,987",22.1,1,3,4,1,0,0,1,1,0.05,0.14,0.18,0.05,0.18,Matches
1520,Max Lowe,eng ENG,"MF,DF",Sheffield United,eng Premier League,26,1997,10,4,503,5.6,0,0,0,0,0,0,1,0,0,0,0,0,0,Matches
1521,Anthony Lozano,hn HON,FW,Getafe,es La Liga,30,1993,6,0,92,1,0,0,0,0,0,0,1,0,0,0,0,0,0,Matches
1522,Anthony Lozano,hn HON,FW,Almería,es La Liga,30,1993,13,10,772,8.6,3,0,3,3,0,0,1,0,0.35,0,0.35,0.35,0.35,Matches
1523,Lucas,br BRA,DF,Cádiz,es La Liga,22,2001,28,15,"1,539",17.1,1,0,1,1,0,0,6,0,0.06,0,0.06,0.06,0.06,Matches
1524,Lorenzo Lucca,it ITA,FW,Udinese,it Serie A,22,2000,37,30,"2,592",28.8,8,4,12,8,0,0,6,0,0.28,0.14,0.42,0.28,0.42,Matches
1525,Jhon Lucumí,co COL,DF,Bologna,it Serie A,25,1998,29,23,"2,217",24.6,0,0,0,0,0,0,1,0,0,0,0,0,0,Matches
Rk,Player,Nation,Pos,Squad,Comp,Age,Born,MP,Starts,Min,90s,Gls,Ast,G+A,G-PK,PK,PKatt,CrdY,CrdR,Gls,Ast,G+A,G-PK,G+A-PK,Matches
1526,José Luis Gayà,es ESP,DF,Valencia,es La Liga,28,1995,24,22,"1,791",19.9,1,2,3,1,0,0,2,0,0.05,0.1,0.15,0.05,0.15,Matches
1527,José Luis Morales,es ESP,"FW,MF",Villarreal,es La Liga,36,1987,29,8,"1,048",11.6,7,0,7,7,0,0,0,0,0.6,0,0.6,0.6,0.6,Matches
1528,José Luis Palomino,ar ARG,DF,Atalanta,it Serie A,33,1990,4,0,27,0.3,0,0,0,0,0,0,0,0,0,0,0,0,0,Matches
1529,Douglas Luiz,br BRA,MF,Aston Villa,eng Premier League,25,1998,35,35,"2,993",33.3,9,5,14,5,4,4,12,0,0.27,0.15,0.42,0.15,0.3,Matches
1530,Romelu Lukaku,be BEL,FW,Roma,it Serie A,30,1993,32,30,"2,641",29.3,13,3,16,13,0,1,5,1,0.44,0.1,0.55,0.44,0.55,Matches
1531,Castello Lukeba,fr FRA,DF,RB Leipzig,de Bundesliga,20,2002,32,24,"2,191",24.3,1,0,1,1,0,0,3,0,0.04,0,0.04,0.04,0.04,Matches
1532,Dodi Lukebakio,be BEL,"MF,FW",Sevilla,es La Liga,25,1997,23,12,"1,125",12.5,5,1,6,5,0,0,0,0,0.4,0.08,0.48,0.4,0.48,Matches
1533,Saša Lukić,rs SRB,MF,Fulham,eng Premier League,26,1996,24,13,"1,122",12.5,1,0,1,1,0,0,3,0,0.08,0,0.08,0.08,0.08,Matches
1534,Karlo Lulić,hr CRO,MF,Frosinone,it Serie A,27,1996,1,0,19,0.2,0,0,0,0,0,0,0,0,0,0,0,0,0,Matches
1535,Andriy Lunin,ua UKR,GK,Real Madrid,es La Liga,24,1999,21,21,"1,890",21,0,0,0,0,0,0,2,0,0,0,0,0,0,Matches
1536,Sebastiano Luperto,it ITA,DF,Empoli,it Serie A,26,1996,38,38,"3,406",37.8,1,1,2,1,0,0,4,0,0.03,0.03,0.05,0.03,0.05,Matches
1537,Mateus Lusuardi,br BRA,DF,Frosinone,it Serie A,19,2004,4,3,219,2.4,0,0,0,0,0,0,1,0,0,0,0,0,0,Matches
1538,Andreas Luthe,de GER,GK,Bochum,de Bundesliga,36,1987,1,1,90,1,0,0,0,0,0,0,0,0,0,0,0,0,0,Matches
1539,Zito Luvumbo,ao ANG,"MF,FW",Cagliari,it Serie A,21,2002,30,19,"1,946",21.6,4,5,9,4,0,0,5,0,0.18,0.23,0.42,0.18,0.42,Matches
1540,Babis Lykogiannis,gr GRE,DF,Bologna,it Serie A,29,1993,22,10,904,10,2,1,3,2,0,0,2,0,0.2,0.1,0.3,0.2,0.3,Matches
1541,Senne Lynen,be BEL,MF,Werder Bremen,de Bundesliga,24,1999,32,20,"1,797",20,0,3,3,0,0,0,6,0,0,0.15,0.15,0,0.15,Matches
1542,Joshua M'Bahia,ci CIV,DF,Clermont Foot,fr Ligue 1,18,2005,1,0,14,0.2,0,0,0,0,0,0,1,0,0,0,0,0,0,Matches
1543,Othmane Maamma,ma MAR,FW,Montpellier,fr Ligue 1,17,2005,2,1,88,1,1,0,1,1,0,0,0,0,1.02,0,1.02,1.02,1.02,Matches
1544,Ian Maatsen,nl NED,DF,Dortmund,de Bundesliga,21,2002,16,15,"1,264",14,2,2,4,2,0,0,5,0,0.14,0.14,0.28,0.14,0.28,Matches
1545,Ian Maatsen,nl NED,MF,Chelsea,eng Premier League,21,2002,12,1,209,2.3,0,0,0,0,0,0,1,0,0,0,0,0,0,Matches
1546,Alexis Mac Allister,ar ARG,MF,Liverpool,eng Premier League,24,1998,33,31,"2,599",28.9,5,5,10,4,1,1,7,1,0.17,0.17,0.35,0.14,0.31,Matches
1547,Deiver Machado,co COL,MF,Lens,fr Ligue 1,29,1993,19,13,"1,124",12.5,4,0,4,4,0,0,4,0,0.32,0,0.32,0.32,0.32,Matches
1548,Darwin Machís,ve VEN,MF,Cádiz,es La Liga,30,1993,21,10,785,8.7,4,0,4,3,1,1,0,1,0.46,0,0.46,0.34,0.34,Matches
1549,James Maddison,eng ENG,MF,Tottenham,eng Premier League,26,1996,28,26,"2,135",23.7,4,9,13,4,0,0,5,0,0.17,0.38,0.55,0.17,0.55,Matches
1550,Noni Madueke,eng ENG,MF,Chelsea,eng Premier League,21,2002,23,13,"1,053",11.7,5,2,7,4,1,1,2,0,0.43,0.17,0.6,0.34,0.51,Matches
Rk,Player,Nation,Pos,Squad,Comp,Age,Born,MP,Starts,Min,90s,Gls,Ast,G+A,G-PK,PK,PKatt,CrdY,CrdR,Gls,Ast,G+A,G-PK,G+A-PK,Matches
1551,Pablo Maffeo,es ESP,"DF,MF",Mallorca,es La Liga,26,1997,22,17,"1,454",16.2,1,2,3,1,0,0,3,1,0.06,0.12,0.19,0.06,0.19,Matches
1552,Gabriel Magalhães,br BRA,DF,Arsenal,eng Premier League,25,1997,36,34,"3,044",33.8,4,0,4,4,0,0,4,0,0.12,0,0.12,0.12,0.12,Matches
1553,Soungoutou Magassa,fr FRA,DF,Monaco,fr Ligue 1,19,2003,21,15,"1,346",15,0,0,0,0,0,0,7,0,0,0,0,0,0,Matches
1554,Giulio Maggiore,it ITA,MF,Salernitana,it Serie A,25,1998,27,20,"1,800",20,4,2,6,4,0,0,9,1,0.2,0.1,0.3,0.2,0.3,Matches
1555,Matej Maglica,hr CRO,DF,Darmstadt 98,de Bundesliga,24,1998,26,21,"1,698",18.9,1,0,1,1,0,0,7,2,0.05,0,0.05,0.05,0.05,Matches
1556,Giangiacomo Magnani,it ITA,DF,Hellas Verona,it Serie A,27,1995,33,27,"2,444",27.2,0,0,0,0,0,0,6,0,0,0,0,0,0,Matches
1557,Hugo Magnetti,fr FRA,MF,Brest,fr Ligue 1,25,1998,33,30,"2,340",26,2,0,2,2,0,0,6,0,0.08,0,0.08,0.08,0.08,Matches
1558,Yohann Magnin,fr FRA,MF,Clermont Foot,fr Ligue 1,26,1997,31,17,"1,687",18.7,1,0,1,1,0,0,2,0,0.05,0,0.05,0.05,0.05,Matches
1559,Frank Magri,cm CMR,"FW,MF",Toulouse,fr Ligue 1,23,1999,29,14,"1,438",16,5,2,7,5,0,0,5,0,0.31,0.13,0.44,0.31,0.44,Matches
1560,Harry Maguire,eng ENG,DF,Manchester Utd,eng Premier League,30,1993,22,18,"1,653",18.4,2,2,4,2,0,0,4,0,0.11,0.11,0.22,0.11,0.22,Matches
1561,Jon Magunazelaia,es ESP,FW,Real Sociedad,es La Liga,22,2001,5,1,121,1.3,0,0,0,0,0,0,0,0,0,0,0,0,0,Matches
1562,Adel Mahamoud,km COM,FW,Nantes,fr Ligue 1,20,2003,1,0,10,0.1,0,0,0,0,0,0,0,0,0,0,0,0,0,Matches
1563,Arne Maier,de GER,"MF,FW",Augsburg,de Bundesliga,24,1999,22,10,"1,003",11.1,2,4,6,2,0,0,0,0,0.18,0.36,0.54,0.18,0.54,Matches
1564,Habib Maïga,ci CIV,MF,Metz,fr Ligue 1,27,1996,7,1,147,1.6,0,0,0,0,0,0,0,0,0,0,0,0,0,Matches
1565,Mike Maignan,fr FRA,GK,Milan,it Serie A,28,1995,29,29,"2,609",29,0,1,1,0,0,0,1,1,0,0.03,0.03,0,0.03,Matches
1566,Linton Maina,de GER,MF,Köln,de Bundesliga,24,1999,31,21,"1,901",21.1,1,3,4,1,0,0,4,0,0.05,0.14,0.19,0.05,0.19,Matches
1567,Patrick Mainka,de GER,DF,Heidenheim,de Bundesliga,28,1994,34,34,"3,060",34,2,0,2,2,0,0,1,0,0.06,0,0.06,0.06,0.06,Matches
1568,Kobbie Mainoo,eng ENG,MF,Manchester Utd,eng Premier League,18,2005,24,24,"1,924",21.4,3,1,4,3,0,0,3,0,0.14,0.05,0.19,0.14,0.19,Matches
1569,Ainsley Maitland-Niles,eng ENG,"DF,MF",Lyon,fr Ligue 1,25,1997,23,16,"1,432",15.9,1,4,5,0,1,1,1,1,0.06,0.25,0.31,0,0.25,Matches
1570,Radosław Majecki,pl POL,GK,Monaco,fr Ligue 1,23,1999,12,12,"1,080",12,0,0,0,0,0,0,1,0,0,0,0,0,0,Matches
1571,Lovro Majer,hr CRO,"MF,FW",Wolfsburg,de Bundesliga,25,1998,32,25,"2,106",23.4,5,5,10,3,2,2,5,0,0.21,0.21,0.43,0.13,0.34,Matches
1572,Lovro Majer,hr CRO,"FW,MF",Rennes,fr Ligue 1,25,1998,1,0,16,0.2,0,0,0,0,0,0,0,0,0,0,0,0,0,Matches
1573,Jean-Victor Makengo,fr FRA,"MF,FW",Lorient,fr Ligue 1,25,1998,11,5,479,5.3,0,0,0,0,0,0,0,0,0,0,0,0,0,Matches
1574,Jordy Makengo,fr FRA,"DF,MF",Freiburg,de Bundesliga,21,2001,20,10,"1,026",11.4,0,0,0,0,0,0,1,0,0,0,0,0,0,Matches
1575,Antoine Makoumbou,cg CGO,MF,Cagliari,it Serie A,25,1998,32,32,"2,702",30,1,0,1,1,0,0,5,2,0.03,0,0.03,0.03,0.03,Matches
Rk,Player,Nation,Pos,Squad,Comp,Age,Born,MP,Starts,Min,90s,Gls,Ast,G+A,G-PK,PK,PKatt,CrdY,CrdR,Gls,Ast,G+A,G-PK,G+A-PK,Matches
1576,Nemanja Maksimović,rs SRB,MF,Getafe,es La Liga,28,1995,37,37,"3,265",36.3,4,0,4,4,0,0,4,0,0.11,0,0.11,0.11,0.11,Matches
1577,Julián Malatini,ar ARG,DF,Werder Bremen,de Bundesliga,22,2001,11,6,602,6.7,1,0,1,1,0,0,1,0,0.15,0,0.15,0.15,0.15,Matches
1578,Daniel Maldini,it ITA,MF,Monza,it Serie A,21,2001,11,2,333,3.7,4,1,5,4,0,0,0,0,1.08,0.27,1.35,1.08,1.35,Matches
1579,Daniel Maldini,it ITA,"FW,MF",Empoli,it Serie A,21,2001,7,3,263,2.9,0,0,0,0,0,0,1,0,0,0,0,0,0,Matches
1580,Youssef Maleh,ma MAR,MF,Empoli,it Serie A,24,1998,34,30,"2,602",28.9,0,1,1,0,0,0,11,0,0,0.03,0.03,0,0.03,Matches
1581,Donyell Malen,nl NED,"MF,FW",Dortmund,de Bundesliga,24,1999,27,21,"1,781",19.8,13,1,14,13,0,0,5,0,0.66,0.05,0.71,0.66,0.71,Matches
1582,Ruslan Malinovskyi,ua UKR,"MF,FW",Genoa,it Serie A,30,1993,28,18,"1,544",17.2,4,1,5,4,0,0,7,0,0.23,0.06,0.29,0.23,0.29,Matches
1583,Lennard Maloney,us USA,MF,Heidenheim,de Bundesliga,23,1999,29,27,"2,284",25.4,1,1,2,1,0,0,1,0,0.04,0.04,0.08,0.04,0.08,Matches
1584,Aaron Malouda,fr FRA,FW,Lille,fr Ligue 1,17,2005,1,0,1,0,0,0,0,0,0,0,0,0,0,0,0,0,0,Matches
1585,Giorgi Mamardashvili,ge GEO,GK,Valencia,es La Liga,22,2000,37,37,"3,284",36.5,0,0,0,0,0,0,3,1,0,0,0,0,0,Matches
1586,David Mamutovic,de GER,MF,Mainz 05,de Bundesliga,22,2000,2,0,11,0.1,0,0,0,0,0,0,0,0,0,0,0,0,0,Matches
1587,Wilson Manafá,pt POR,"DF,MF",Granada,es La Liga,29,1994,4,3,240,2.7,0,0,0,0,0,0,1,0,0,0,0,0,0,Matches
1588,Gianluca Mancini,it ITA,DF,Roma,it Serie A,27,1996,36,34,"2,869",31.9,4,1,5,4,0,0,9,0,0.13,0.03,0.16,0.13,0.16,Matches
1589,Marco Mancosu,it ITA,"MF,FW",Cagliari,it Serie A,34,1988,6,3,156,1.7,0,0,0,0,0,1,0,0,0,0,0,0,0,Matches
1590,Steve Mandanda,fr FRA,GK,Rennes,fr Ligue 1,38,1985,34,34,"3,060",34,0,0,0,0,0,0,1,0,0,0,0,0,0,Matches
1591,Christos Mandas,gr GRE,GK,Lazio,it Serie A,21,2001,9,8,721,8,0,0,0,0,0,0,0,0,0,0,0,0,0,Matches
1592,Reinildo Mandava,mz MOZ,DF,Atlético Madrid,es La Liga,29,1994,16,7,731,8.1,2,1,3,2,0,0,2,0,0.25,0.12,0.37,0.25,0.37,Matches
1593,Aïssa Mandi,dz ALG,DF,Villarreal,es La Liga,31,1991,16,12,"1,113",12.4,1,0,1,1,0,0,3,0,0.08,0,0.08,0.08,0.08,Matches
1594,Rolando Mandragora,it ITA,MF,Fiorentina,it Serie A,26,1997,33,16,"1,588",17.6,3,3,6,3,0,0,5,0,0.17,0.17,0.34,0.17,0.34,Matches
1595,Orel Mangala,be BEL,MF,Lyon,fr Ligue 1,25,1998,8,4,398,4.4,2,0,2,2,0,0,0,0,0.45,0,0.45,0.45,0.45,Matches
1596,Orel Mangala,be BEL,MF,Nottingham,eng Premier League,25,1998,20,19,"1,563",17.4,1,0,1,1,0,0,6,0,0.06,0,0.06,0.06,0.06,Matches
1597,Vito Mannone,it ITA,GK,Lille,fr Ligue 1,35,1988,2,1,91,1,0,0,0,0,0,0,0,0,0,0,0,0,0,Matches
1598,Kostas Manolas,gr GRE,DF,Salernitana,it Serie A,32,1991,8,6,488,5.4,0,0,0,0,0,0,0,0,0,0,0,0,0,Matches
1599,Javier Manquillo,es ESP,"DF,MF",Celta Vigo,es La Liga,29,1994,12,10,744,8.3,0,1,1,0,0,0,3,0,0,0.12,0.12,0,0.12,Matches
1600,Braydon Manu,gh GHA,MF,Darmstadt 98,de Bundesliga,26,1997,4,3,171,1.9,0,0,0,0,0,0,1,0,0,0,0,0,0,Matches
Rk,Player,Nation,Pos,Squad,Comp,Age,Born,MP,Starts,Min,90s,Gls,Ast,G+A,G-PK,PK,PKatt,CrdY,CrdR,Gls,Ast,G+A,G-PK,G+A-PK,Matches
1601,Benson Manuel,ao ANG,MF,Burnley,eng Premier League,26,1997,8,1,116,1.3,0,0,0,0,0,0,0,0,0,0,0,0,0,Matches
1602,Faitout Maouassa,fr FRA,DF,Granada,es La Liga,25,1998,6,2,229,2.5,0,1,1,0,0,0,0,0,0,0.39,0.39,0,0.39,Matches
1603,Faitout Maouassa,fr FRA,MF,Lens,fr Ligue 1,25,1998,3,1,76,0.8,0,0,0,0,0,0,0,0,0,0,0,0,0,Matches
1604,Marcão,br BRA,DF,Sevilla,es La Liga,27,1996,7,3,355,3.9,0,0,0,0,0,0,2,0,0,0,0,0,0,Matches
1605,Solly March,eng ENG,"MF,DF",Brighton,eng Premier League,29,1994,7,7,554,6.2,3,1,4,3,0,0,1,0,0.49,0.16,0.65,0.49,0.65,Matches
1606,Riccardo Marchizza,it ITA,DF,Frosinone,it Serie A,25,1998,13,13,"1,148",12.8,0,4,4,0,0,0,1,0,0,0.31,0.31,0,0.31,Matches
1607,Gian Marco Ferrari,it ITA,DF,Sassuolo,it Serie A,31,1992,31,25,"2,272",25.2,1,0,1,1,0,0,4,0,0.04,0,0.04,0.04,0.04,Matches
1608,Óscar de Marcos,es ESP,DF,Athletic Club,es La Liga,34,1989,28,26,"2,258",25.1,1,5,6,1,0,0,5,0,0.04,0.2,0.24,0.04,0.24,Matches
1609,Alberto Marí,es ESP,FW,Valencia,es La Liga,22,2001,16,2,276,3.1,1,1,2,0,1,1,0,0,0.33,0.33,0.65,0,0.33,Matches
1610,José Mari,es ESP,MF,Cádiz,es La Liga,35,1987,3,0,14,0.2,0,0,0,0,0,0,1,0,0,0,0,0,0,Matches
1611,Pablo Marí,es ESP,DF,Monza,it Serie A,29,1993,34,30,"2,615",29.1,0,0,0,0,0,0,7,0,0,0,0,0,0,Matches
1612,José María Giménez,uy URU,DF,Atlético Madrid,es La Liga,28,1995,22,14,"1,326",14.7,0,0,0,0,0,0,5,0,0,0,0,0,0,Matches
1613,Mariano,do DOM,FW,Sevilla,es La Liga,29,1993,9,2,244,2.7,0,0,0,0,0,0,1,0,0,0,0,0,0,Matches
1614,Mirko Marić,hr CRO,FW,Monza,it Serie A,28,1995,10,1,287,3.2,1,0,1,1,0,0,0,1,0.31,0,0.31,0.31,0.31,Matches
1615,Rafa Marín,es ESP,DF,Alavés,es La Liga,21,2002,33,27,"2,443",27.1,0,0,0,0,0,0,6,0,0,0,0,0,0,Matches
1616,Răzvan Marin,ro ROU,MF,Empoli,it Serie A,27,1996,30,20,"1,818",20.2,0,3,3,0,0,0,3,0,0,0.15,0.15,0,0.15,Matches
1617,Diego Mariño,es ESP,GK,Almería,es La Liga,33,1990,1,1,90,1,0,0,0,0,0,0,0,0,0,0,0,0,0,Matches
1618,Guillermo Maripán,cl CHI,DF,Monaco,fr Ligue 1,29,1994,23,21,"1,767",19.6,1,0,1,1,0,0,0,1,0.05,0,0.05,0.05,0.05,Matches
1619,Mika Mármol,es ESP,DF,Las Palmas,es La Liga,22,2001,36,36,"3,178",35.3,0,1,1,0,0,0,6,1,0,0.03,0.03,0,0.03,Matches
1620,Omar Marmoush,eg EGY,"FW,MF",Frankfurt,de Bundesliga,24,1999,29,27,"2,301",25.6,12,6,18,10,2,2,7,0,0.47,0.23,0.7,0.39,0.63,Matches
1621,Marquinhos,br BRA,DF,PSG,fr Ligue 1,29,1994,21,18,"1,537",17.1,0,1,1,0,0,0,1,0,0,0.06,0.06,0,0.06,Matches
1622,Marquinhos,br BRA,MF,Nantes,fr Ligue 1,20,2003,7,1,154,1.7,0,0,0,0,0,0,0,0,0,0,0,0,0,Matches
1623,Unai Marrero,es ESP,GK,Real Sociedad,es La Liga,21,2001,2,1,142,1.6,0,0,0,0,0,0,0,0,0,0,0,0,0,Matches
1624,Agustín Martegani,ar ARG,MF,Salernitana,it Serie A,23,2000,18,6,731,8.1,1,0,1,1,0,0,1,0,0.12,0,0.12,0.12,0.12,Matches
1625,Eric Martel,de GER,MF,Köln,de Bundesliga,21,2002,30,29,"2,457",27.3,1,1,2,1,0,0,6,0,0.04,0.04,0.07,0.04,0.07,Matches
Rk,Player,Nation,Pos,Squad,Comp,Age,Born,MP,Starts,Min,90s,Gls,Ast,G+A,G-PK,PK,PKatt,CrdY,CrdR,Gls,Ast,G+A,G-PK,G+A-PK,Matches
1626,Roger Martí,es ESP,FW,Cádiz,es La Liga,32,1991,23,18,"1,359",15.1,2,3,5,2,0,0,3,0,0.13,0.2,0.33,0.13,0.33,Matches
1627,Anthony Martial,fr FRA,FW,Manchester Utd,eng Premier League,27,1995,13,5,448,5,1,0,1,1,0,0,0,0,0.2,0,0.2,0.2,0.2,Matches
1628,Aarón Martín,es ESP,"MF,DF",Genoa,it Serie A,26,1997,22,17,"1,376",15.3,0,1,1,0,0,0,4,1,0,0.07,0.07,0,0.07,Matches
1629,Iván Martín,es ESP,MF,Girona,es La Liga,24,1999,36,33,"2,729",30.3,5,4,9,5,0,0,5,0,0.16,0.13,0.3,0.16,0.3,Matches
1630,Jon Martin,es ESP,DF,Real Sociedad,es La Liga,17,2006,1,0,24,0.3,0,0,0,0,0,0,0,0,0,0,0,0,0,Matches
1631,Jonas Martin,fr FRA,MF,Brest,fr Ligue 1,33,1990,31,9,"1,208",13.4,0,1,1,0,0,0,5,0,0,0.07,0.07,0,0.07,Matches
1632,Mario Martín,es ESP,MF,Real Madrid,es La Liga,19,2004,2,0,18,0.2,0,0,0,0,0,0,0,0,0,0,0,0,0,Matches
1633,Gabriel Martinelli,br BRA,FW,Arsenal,eng Premier League,22,2001,35,24,"2,019",22.4,6,4,10,6,0,0,1,0,0.27,0.18,0.45,0.27,0.45,Matches
1634,Tommaso Martinelli,it ITA,GK,Fiorentina,it Serie A,17,2006,1,1,90,1,0,0,0,0,0,0,0,0,0,0,0,0,0,Matches
1635,Arnau Martinez,es ESP,DF,Girona,es La Liga,20,2003,21,14,"1,241",13.8,0,2,2,0,0,0,5,0,0,0.15,0.15,0,0.15,Matches
1636,Emiliano Martínez,ar ARG,GK,Aston Villa,eng Premier League,30,1992,34,34,"3,015",33.5,0,0,0,0,0,0,4,0,0,0,0,0,0,Matches
1637,Iñigo Martínez,es ESP,DF,Barcelona,es La Liga,32,1991,20,13,"1,296",14.4,0,0,0,0,0,0,5,0,0,0,0,0,0,Matches
1638,Josep Martinez,es ESP,GK,Genoa,it Serie A,25,1998,36,36,"3,239",36,0,0,0,0,0,0,4,1,0,0,0,0,0,Matches
1639,Lautaro Martínez,ar ARG,FW,Inter,it Serie A,25,1997,33,31,"2,656",29.5,24,3,27,22,2,3,5,0,0.81,0.1,0.91,0.75,0.85,Matches
1640,Lisandro Martínez,ar ARG,DF,Manchester Utd,eng Premier League,25,1998,11,8,646,7.2,0,1,1,0,0,0,3,0,0,0.14,0.14,0,0.14,Matches
1641,Marc Martínez,es ESP,GK,Granada,es La Liga,33,1990,3,3,270,3,0,0,0,0,0,0,0,0,0,0,0,0,0,Matches
1642,Lucas Martínez Quarta,ar ARG,DF,Fiorentina,it Serie A,27,1996,29,26,"2,291",25.5,5,1,6,5,0,0,9,0,0.2,0.04,0.24,0.2,0.24,Matches
1643,Adam Marušić,me MNE,"DF,MF",Lazio,it Serie A,30,1992,37,37,"3,100",34.4,1,0,1,1,0,0,3,1,0.03,0,0.03,0.03,0.03,Matches
1644,Marvin,es ESP,"MF,DF",Las Palmas,es La Liga,23,2000,31,17,"1,855",20.6,0,2,2,0,0,0,5,0,0,0.1,0.1,0,0.1,Matches
1645,Omar Mascarell,gq EQG,MF,Mallorca,es La Liga,30,1993,29,18,"1,571",17.5,0,0,0,0,0,0,8,1,0,0,0,0,0,Matches
1646,Adam Masina,ma MAR,MF,Udinese,it Serie A,29,1994,4,1,64,0.7,0,0,0,0,0,0,2,0,0,0,0,0,0,Matches
1647,Adam Masina,ma MAR,DF,Torino,it Serie A,29,1994,16,10,"1,024",11.4,0,0,0,0,0,0,0,0,0,0,0,0,0,Matches
1648,Erhan Mašović,rs SRB,"DF,MF",Bochum,de Bundesliga,24,1998,29,24,"2,219",24.7,0,0,0,0,0,0,7,0,0,0,0,0,0,Matches
1649,Han-Noah Massengo,fr FRA,MF,Burnley,eng Premier League,22,2001,3,0,16,0.2,0,0,0,0,0,0,0,0,0,0,0,0,0,Matches
1650,Roberto Massimo,de GER,"FW,MF",Stuttgart,de Bundesliga,22,2000,5,0,84,0.9,0,0,0,0,0,0,1,0,0,0,0,0,0,Matches
Rk,Player,Nation,Pos,Squad,Comp,Age,Born,MP,Starts,Min,90s,Gls,Ast,G+A,G-PK,PK,PKatt,CrdY,CrdR,Gls,Ast,G+A,G-PK,G+A-PK,Matches
1651,Clinton Mata,ao ANG,"DF,MF",Lyon,fr Ligue 1,30,1992,28,25,"2,220",24.7,0,3,3,0,0,0,6,0,0,0.12,0.12,0,0.12,Matches
1652,Jaime Mata,es ESP,"FW,MF",Getafe,es La Liga,34,1988,35,22,"1,787",19.9,5,1,6,5,0,0,10,1,0.25,0.05,0.3,0.25,0.3,Matches
1653,Pape Matar Sarr,sn SEN,MF,Tottenham,eng Premier League,20,2002,34,27,"2,069",23,3,3,6,3,0,0,9,0,0.13,0.13,0.26,0.13,0.26,Matches
1654,Eliot Matazo,be BEL,MF,Monaco,fr Ligue 1,21,2002,6,0,102,1.1,0,1,1,0,0,0,2,0,0,0.88,0.88,0,0.88,Matches
1655,Jean-Philippe Mateta,fr FRA,FW,Crystal Palace,eng Premier League,26,1997,35,25,"2,282",25.4,16,5,21,14,2,2,3,0,0.63,0.2,0.83,0.55,0.75,Matches
1656,Nemanja Matić,rs SRB,MF,Rennes,fr Ligue 1,34,1988,13,11,"1,027",11.4,0,0,0,0,0,0,7,0,0,0,0,0,0,Matches
1657,Nemanja Matić,rs SRB,MF,Lyon,fr Ligue 1,34,1988,15,15,"1,254",13.9,0,0,0,0,0,0,2,0,0,0,0,0,0,Matches
1658,Joël Matip,cm CMR,DF,Liverpool,eng Premier League,31,1991,10,9,781,8.7,0,0,0,0,0,0,2,0,0,0,0,0,0,Matches
1659,Alex Matos,eng ENG,MF,Chelsea,eng Premier League,18,2004,1,0,1,0,0,0,0,0,0,0,0,0,0,0,0,0,0,Matches
1660,Chrislain Matsima,fr FRA,DF,Clermont Foot,fr Ligue 1,21,2002,14,13,"1,180",13.1,1,0,1,1,0,0,2,0,0.08,0,0.08,0.08,0.08,Matches
1661,Chrislain Matsima,fr FRA,DF,Monaco,fr Ligue 1,21,2002,6,3,298,3.3,0,1,1,0,0,0,2,0,0,0.3,0.3,0,0.3,Matches
1662,Jean Mattéo Bahoya,fr FRA,MF,Frankfurt,de Bundesliga,18,2005,8,1,177,2,0,0,0,0,0,0,0,0,0,0,0,0,0,Matches
1663,Remi Matthews,eng ENG,GK,Crystal Palace,eng Premier League,29,1994,1,0,4,0,0,0,0,0,0,0,0,0,0,0,0,0,0,Matches
1664,Alan Matturro,uy URU,MF,Genoa,it Serie A,18,2004,6,1,106,1.2,0,0,0,0,0,0,0,0,0,0,0,0,0,Matches
1665,Azor Matusiwa,nl NED,MF,Reims,fr Ligue 1,25,1998,16,16,"1,385",15.4,1,0,1,1,0,0,3,0,0.06,0,0.06,0.06,0.06,Matches
1666,Azor Matusiwa,nl NED,MF,Rennes,fr Ligue 1,25,1998,12,9,794,8.8,0,1,1,0,0,0,2,0,0,0.11,0.11,0,0.11,Matches
1667,Neal Maupay,fr FRA,FW,Brentford,eng Premier League,26,1996,29,13,"1,321",14.7,6,3,9,6,0,0,8,0,0.41,0.2,0.61,0.41,0.61,Matches
1668,Neal Maupay,fr FRA,FW,Everton,eng Premier League,26,1996,2,1,111,1.2,0,0,0,0,0,0,0,0,0,0,0,0,0,Matches
1669,Aïman Maurer,ma MAR,MF,Clermont Foot,fr Ligue 1,18,2004,5,0,56,0.6,0,0,0,0,0,0,0,0,0,0,0,0,0,Matches
1670,Konstantinos Mavropanos,gr GRE,DF,West Ham,eng Premier League,25,1997,19,16,"1,500",16.7,1,0,1,1,0,0,2,0,0.06,0,0.06,0.06,0.06,Matches
1671,Christian Mawissa,fr FRA,"DF,MF",Toulouse,fr Ligue 1,18,2005,17,12,"1,118",12.4,2,0,2,2,0,0,3,0,0.16,0,0.16,0.16,0.16,Matches
1672,Philipp Max,de GER,"MF,DF",Frankfurt,de Bundesliga,29,1993,23,17,"1,350",15,1,2,3,1,0,0,2,0,0.07,0.13,0.2,0.07,0.2,Matches
1673,Eric Maxim Choupo-Moting,cm CMR,MF,Bayern Munich,de Bundesliga,34,1989,27,7,717,8,2,2,4,2,0,0,1,0,0.25,0.25,0.5,0.25,0.5,Matches
1674,Luís Maximiano,pt POR,GK,Almería,es La Liga,24,1999,33,33,"2,970",33,0,0,0,0,0,0,1,0,0,0,0,0,0,Matches
1675,Noam Mayoka-Tika,be BEL,MF,Marseille,fr Ligue 1,19,2003,1,0,1,0,0,0,0,0,0,0,0,0,0,0,0,0,0,Matches
Rk,Player,Nation,Pos,Squad,Comp,Age,Born,MP,Starts,Min,90s,Gls,Ast,G+A,G-PK,PK,PKatt,CrdY,CrdR,Gls,Ast,G+A,G-PK,G+A-PK,Matches
1676,Borja Mayoral,es ESP,FW,Getafe,es La Liga,26,1997,27,25,"2,153",23.9,15,1,16,11,4,4,2,0,0.63,0.04,0.67,0.46,0.5,Matches
1677,Senny Mayulu,fr FRA,"MF,FW",PSG,fr Ligue 1,17,2006,8,3,324,3.6,0,1,1,0,0,0,0,0,0,0.28,0.28,0,0.28,Matches
1678,Youssef Maziz,fr FRA,MF,Metz,fr Ligue 1,25,1998,2,2,124,1.4,1,0,1,1,0,0,0,0,0.73,0,0.73,0.73,0.73,Matches
1679,Noussair Mazraoui,ma MAR,DF,Bayern Munich,de Bundesliga,25,1997,19,15,"1,197",13.3,0,3,3,0,0,0,3,0,0,0.23,0.23,0,0.23,Matches
1680,Luca Mazzitelli,it ITA,MF,Frosinone,it Serie A,27,1995,29,26,"2,210",24.6,5,0,5,5,0,0,6,1,0.2,0,0.2,0.2,0.2,Matches
1681,Pasquale Mazzocchi,it ITA,"MF,DF",Salernitana,it Serie A,28,1995,18,16,"1,272",14.1,0,1,1,0,0,0,4,0,0,0.07,0.07,0,0.07,Matches
1682,Pasquale Mazzocchi,it ITA,"DF,MF",Napoli,it Serie A,28,1995,10,4,428,4.8,0,1,1,0,0,0,0,1,0,0.21,0.21,0,0.21,Matches
1683,Kevin Mbabu,ch SUI,"DF,MF",Augsburg,de Bundesliga,28,1995,25,22,"2,047",22.7,0,2,2,0,0,0,5,0,0,0.09,0.09,0,0.09,Matches
1684,Noah Mbamba,be BEL,MF,Leverkusen,de Bundesliga,18,2005,3,0,16,0.2,0,1,1,0,0,0,0,0,0,5.63,5.63,0,5.63,Matches
1685,Ethan Mbappé,fr FRA,MF,PSG,fr Ligue 1,16,2006,3,0,48,0.5,0,0,0,0,0,0,0,0,0,0,0,0,0,Matches
1686,Kylian Mbappé,fr FRA,FW,PSG,fr Ligue 1,24,1998,29,24,"2,158",24,27,7,34,21,6,8,4,0,1.13,0.29,1.42,0.88,1.17,Matches
1687,Malick Mbaye,sn SEN,MF,Metz,fr Ligue 1,19,2004,5,1,153,1.7,0,0,0,0,0,0,1,0,0,0,0,0,0,Matches
1688,Mamadou Mbaye,sn SEN,DF,Cádiz,es La Liga,25,1998,4,2,288,3.2,0,0,0,0,0,0,2,0,0,0,0,0,0,Matches
1689,Chancel Mbemba,cd COD,DF,Marseille,fr Ligue 1,28,1994,25,25,"2,207",24.5,2,2,4,2,0,0,1,0,0.08,0.08,0.16,0.08,0.16,Matches
1690,Nolan Mbemba,cg CGO,MF,Le Havre,fr Ligue 1,28,1995,6,0,22,0.2,1,0,1,1,0,0,0,0,4.09,0,4.09,4.09,4.09,Matches
1691,Bryan Mbeumo,cm CMR,FW,Brentford,eng Premier League,23,1999,25,22,"1,960",21.8,9,6,15,6,3,3,2,0,0.41,0.28,0.69,0.28,0.55,Matches
1692,Hianga'a Mbock,fr FRA,MF,Brest,fr Ligue 1,23,1999,2,0,9,0.1,0,0,0,0,0,0,0,0,0,0,0,0,0,Matches
1693,Christ Mbondi,fr FRA,FW,Reims,fr Ligue 1,18,2004,1,0,2,0,0,0,0,0,0,0,0,0,0,0,0,0,0,Matches
1694,Jordi Mboula,es ESP,"MF,FW",Hellas Verona,it Serie A,24,1999,11,5,307,3.4,0,1,1,0,0,0,0,0,0,0.29,0.29,0,0.29,Matches
1695,Nathanaël Mbuku,cd COD,"FW,MF",Augsburg,de Bundesliga,21,2002,1,0,5,0.1,0,0,0,0,0,0,0,0,0,0,0,0,0,Matches
1696,James Mcatee,eng ENG,"MF,FW",Sheffield United,eng Premier League,20,2002,30,20,"1,822",20.2,3,3,6,2,1,1,2,0,0.15,0.15,0.3,0.1,0.25,Matches
1697,James Mcatee,eng ENG,MF,Manchester City,eng Premier League,20,2002,1,0,1,0,0,0,0,0,0,0,0,0,0,0,0,0,0,Matches
1698,Oliver McBurnie,sct SCO,FW,Sheffield United,eng Premier League,27,1996,21,15,"1,280",14.2,6,3,9,4,2,2,7,2,0.42,0.21,0.63,0.28,0.49,Matches
1699,James McConnell,eng ENG,MF,Liverpool,eng Premier League,18,2004,3,0,4,0,0,0,0,0,0,0,0,0,0,0,0,0,0,Matches
1700,John McGinn,sct SCO,MF,Aston Villa,eng Premier League,28,1994,35,35,"2,999",33.3,6,4,10,6,0,0,9,1,0.18,0.12,0.3,0.18,0.3,Matches
Rk,Player,Nation,Pos,Squad,Comp,Age,Born,MP,Starts,Min,90s,Gls,Ast,G+A,G-PK,PK,PKatt,CrdY,CrdR,Gls,Ast,G+A,G-PK,G+A-PK,Matches
1701,Scott McKenna,sct SCO,DF,Nottingham,eng Premier League,26,1996,5,5,416,4.6,0,0,0,0,0,0,0,0,0,0,0,0,0,Matches
1702,Weston McKennie,us USA,MF,Juventus,it Serie A,24,1998,34,29,"2,594",28.8,0,7,7,0,0,0,6,0,0,0.24,0.24,0,0.24,Matches
1703,Dwight McNeil,eng ENG,MF,Everton,eng Premier League,23,1999,35,33,"2,892",32.1,3,6,9,3,0,0,2,0,0.09,0.19,0.28,0.09,0.28,Matches
1704,Scott McTominay,sct SCO,"MF,FW",Manchester Utd,eng Premier League,26,1996,32,18,"1,901",21.1,7,1,8,7,0,0,2,0,0.33,0.05,0.38,0.33,0.38,Matches
1705,Facundo Medina,ar ARG,DF,Lens,fr Ligue 1,24,1999,31,30,"2,714",30.2,1,3,4,1,0,0,11,0,0.03,0.1,0.13,0.03,0.13,Matches
1706,Ben Mee,eng ENG,DF,Brentford,eng Premier League,33,1989,16,15,"1,272",14.1,2,0,2,2,0,0,1,1,0.14,0,0.14,0.14,0.14,Matches
1707,Marvin Mehlem,de GER,MF,Darmstadt 98,de Bundesliga,25,1997,20,19,"1,482",16.5,3,2,5,3,0,0,3,0,0.18,0.12,0.3,0.18,0.3,Matches
1708,Bamo Meïté,ci CIV,DF,Marseille,fr Ligue 1,21,2001,16,6,638,7.1,0,0,0,0,0,0,1,0,0,0,0,0,0,Matches
1709,Bamo Meïté,ci CIV,DF,Lorient,fr Ligue 1,21,2001,2,2,146,1.6,0,0,0,0,0,0,0,0,0,0,0,0,0,Matches
1710,Hannibal Mejbri,tn TUN,MF,Manchester Utd,eng Premier League,20,2003,5,1,133,1.5,1,0,1,1,0,0,1,0,0.68,0,0.68,0.68,0.68,Matches
1711,Hannibal Mejbri,tn TUN,MF,Sevilla,es La Liga,20,2003,6,1,104,1.2,0,0,0,0,0,0,2,0,0,0,0,0,0,Matches
1712,Óscar Melendo,es ESP,"MF,FW",Granada,es La Liga,25,1997,26,15,"1,122",12.5,0,0,0,0,0,0,2,0,0,0,0,0,0,Matches
1713,Gonzalo Melero,es ESP,"MF,FW",Almería,es La Liga,29,1994,28,10,"1,103",12.3,1,1,2,1,0,0,3,0,0.08,0.08,0.16,0.08,0.16,Matches
1714,Birger Meling,no NOR,DF,Rennes,fr Ligue 1,28,1994,1,0,16,0.2,0,0,0,0,0,0,0,0,0,0,0,0,0,Matches
1715,Arthur Melo,br BRA,MF,Fiorentina,it Serie A,26,1996,33,23,"1,986",22.1,2,3,5,1,1,1,2,0,0.09,0.14,0.23,0.05,0.18,Matches
1716,Memphis,nl NED,FW,Atlético Madrid,es La Liga,29,1994,23,9,893,9.9,5,1,6,5,0,0,2,0,0.5,0.1,0.6,0.5,0.6,Matches
1717,Houboulang Mendes,gw GNB,DF,Almería,es La Liga,25,1998,7,4,396,4.4,0,0,0,0,0,0,0,0,0,0,0,0,0,Matches
1718,Nuno Mendes,pt POR,DF,PSG,fr Ligue 1,21,2002,6,2,267,3,1,1,2,1,0,0,3,0,0.34,0.34,0.67,0.34,0.67,Matches
1719,Tomás Mendes,es ESP,MF,Alavés,es La Liga,18,2004,1,0,6,0.1,0,0,0,0,0,0,0,0,0,0,0,0,0,Matches
1720,Brais Méndez,es ESP,"MF,FW",Real Sociedad,es La Liga,26,1997,32,27,"2,413",26.8,5,6,11,5,0,0,7,0,0.19,0.22,0.41,0.19,0.41,Matches
1721,Bruno Méndez,uy URU,DF,Granada,es La Liga,23,1999,17,15,"1,333",14.8,2,0,2,2,0,0,4,0,0.14,0,0.14,0.14,0.14,Matches
1722,Diego Méndez,es ESP,MF,Rayo Vallecano,es La Liga,19,2003,1,0,5,0.1,0,0,0,0,0,0,0,0,0,0,0,0,0,Matches
1723,Leonardo Mendicino,it ITA,MF,Atalanta,it Serie A,17,2006,1,0,1,0,0,0,0,0,0,0,0,0,0,0,0,0,0,Matches
1724,Antoine Mendy,sn SEN,DF,Nice,fr Ligue 1,19,2004,10,4,418,4.6,0,0,0,0,0,0,0,0,0,0,0,0,0,Matches
1725,Benjamin Mendy,fr FRA,"MF,DF",Lorient,fr Ligue 1,29,1994,15,7,711,7.9,2,1,3,2,0,0,3,0,0.25,0.13,0.38,0.25,0.38,Matches
Rk,Player,Nation,Pos,Squad,Comp,Age,Born,MP,Starts,Min,90s,Gls,Ast,G+A,G-PK,PK,PKatt,CrdY,CrdR,Gls,Ast,G+A,G-PK,G+A-PK,Matches
1726,Ferland Mendy,fr FRA,DF,Real Madrid,es La Liga,28,1995,23,21,"1,720",19.1,0,0,0,0,0,0,5,0,0,0,0,0,0,Matches
1727,Formose Mendy,sn SEN,DF,Lorient,fr Ligue 1,22,2001,18,13,"1,256",14,0,0,0,0,0,0,6,0,0,0,0,0,0,Matches
1728,Nampalys Mendy,sn SEN,MF,Lens,fr Ligue 1,31,1992,16,13,"1,052",11.7,0,1,1,0,0,0,2,0,0,0.09,0.09,0,0.09,Matches
1729,Teden Mengi,eng ENG,DF,Luton Town,eng Premier League,21,2002,30,28,"2,469",27.4,1,0,1,1,0,0,3,0,0.04,0,0.04,0.04,0.04,Matches
1730,Chris Mepham,wls WAL,DF,Bournemouth,eng Premier League,25,1997,10,6,617,6.9,0,1,1,0,0,0,2,0,0,0.15,0.15,0,0.15,Matches
1731,Jorge Meré,es ESP,DF,Cádiz,es La Liga,26,1997,10,8,673,7.5,0,0,0,0,0,0,0,0,0,0,0,0,0,Matches
1732,Alex Meret,it ITA,GK,Napoli,it Serie A,26,1997,31,31,"2,773",30.8,0,0,0,0,0,0,0,0,0,0,0,0,0,Matches
1733,Mikel Merino,es ESP,MF,Real Sociedad,es La Liga,27,1996,32,27,"2,482",27.6,5,3,8,5,0,0,10,0,0.18,0.11,0.29,0.18,0.29,Matches
1734,Quentin Merlin,fr FRA,"DF,MF",Marseille,fr Ligue 1,21,2002,10,8,703,7.8,0,1,1,0,0,0,1,0,0,0.13,0.13,0,0.13,Matches
1735,Quentin Merlin,fr FRA,"MF,DF",Nantes,fr Ligue 1,21,2002,16,15,"1,283",14.3,0,1,1,0,0,0,0,0,0,0.07,0.07,0,0.07,Matches
1736,Junior Messias,br BRA,"MF,FW",Genoa,it Serie A,32,1991,18,13,"1,053",11.7,1,0,1,1,0,0,0,0,0.09,0,0.09,0.09,0.09,Matches
1737,Thomas Meunier,be BEL,DF,Dortmund,de Bundesliga,31,1991,8,7,586,6.5,0,0,0,0,0,0,0,0,0,0,0,0,0,Matches
1738,Bastien Meupiyou,fr FRA,DF,Nantes,fr Ligue 1,17,2006,1,1,8,0.1,0,0,0,0,0,0,0,1,0,0,0,0,0,Matches
1739,Alexander Meyer,de GER,GK,Dortmund,de Bundesliga,32,1991,8,7,695,7.7,0,0,0,0,0,0,0,0,0,0,0,0,0,Matches
1740,Omenuke Mfulu,cd COD,MF,Las Palmas,es La Liga,29,1994,5,1,82,0.9,0,0,0,0,0,0,1,0,0,0,0,0,0,Matches
1741,Lucas Michal,fr FRA,FW,Monaco,fr Ligue 1,18,2005,1,0,7,0.1,0,0,0,0,0,0,0,0,0,0,0,0,0,Matches
1742,Sven Michel,de GER,"FW,MF",Augsburg,de Bundesliga,33,1990,22,5,583,6.5,2,1,3,1,1,2,2,0,0.31,0.15,0.46,0.15,0.31,Matches
1743,Miguel,es ESP,FW,Alavés,es La Liga,23,1999,3,1,65,0.7,0,0,0,0,0,0,0,0,0,0,0,0,0,Matches
1744,Georges Mikautadze,ge GEO,FW,Metz,fr Ligue 1,22,2000,20,20,"1,747",19.4,13,4,17,10,3,3,0,1,0.67,0.21,0.88,0.52,0.72,Matches
1745,Nikola Milenković,rs SRB,DF,Fiorentina,it Serie A,25,1997,34,27,"2,510",27.9,0,0,0,0,0,0,4,0,0,0,0,0,0,Matches
1746,Lewis Miley,eng ENG,MF,Newcastle,eng Premier League,17,2006,17,14,"1,202",13.4,1,3,4,1,0,0,1,0,0.07,0.22,0.3,0.07,0.3,Matches
1747,Arkadiusz Milik,pl POL,FW,Juventus,it Serie A,29,1994,32,7,919,10.2,4,1,5,4,0,0,2,1,0.39,0.1,0.49,0.39,0.49,Matches
1748,Vanja Milinković-Savić,rs SRB,GK,Torino,it Serie A,26,1997,36,36,"3,240",36,0,0,0,0,0,0,2,0,0,0,0,0,0,Matches
1749,Éder Militão,br BRA,DF,Real Madrid,es La Liga,25,1998,10,6,496,5.5,0,0,0,0,0,0,0,0,0,0,0,0,0,Matches
1750,Luis Milla,es ESP,MF,Getafe,es La Liga,28,1994,27,25,"2,115",23.5,0,1,1,0,0,0,6,0,0,0.04,0.04,0,0.04,Matches
Rk,Player,Nation,Pos,Squad,Comp,Age,Born,MP,Starts,Min,90s,Gls,Ast,G+A,G-PK,PK,PKatt,CrdY,CrdR,Gls,Ast,G+A,G-PK,G+A-PK,Matches
1751,Enzo Millot,fr FRA,MF,Stuttgart,de Bundesliga,21,2002,31,27,"2,241",24.9,5,4,9,4,1,1,5,0,0.2,0.16,0.36,0.16,0.32,Matches
1752,James Milner,eng ENG,"DF,MF",Brighton,eng Premier League,37,1986,15,11,773,8.6,0,2,2,0,0,0,3,0,0,0.23,0.23,0,0.23,Matches
1753,Jovan Milošević,rs SRB,FW,Stuttgart,de Bundesliga,18,2005,5,0,28,0.3,0,0,0,0,0,0,0,0,0,0,0,0,0,Matches
1754,Marko Milovanović,rs SRB,FW,Almería,es La Liga,19,2003,11,2,308,3.4,1,0,1,1,0,0,0,0,0.29,0,0.29,0.29,0.29,Matches
1755,Kim Min-jae,kr KOR,DF,Bayern Munich,de Bundesliga,26,1996,25,22,"1,970",21.9,1,1,2,1,0,0,3,0,0.05,0.05,0.09,0.05,0.09,Matches
1756,Yerry Mina,co COL,DF,Fiorentina,it Serie A,28,1994,4,0,44,0.5,0,0,0,0,0,0,1,0,0,0,0,0,0,Matches
1757,Yerry Mina,co COL,DF,Cagliari,it Serie A,28,1994,14,14,"1,215",13.5,2,0,2,1,1,1,4,0,0.15,0,0.15,0.07,0.07,Matches
1758,Takumi Minamino,jp JPN,MF,Monaco,fr Ligue 1,28,1995,30,25,"2,117",23.5,9,6,15,9,0,0,4,0,0.38,0.26,0.64,0.38,0.64,Matches
1759,Lucas Mincarelli,fr FRA,"DF,MF",Montpellier,fr Ligue 1,19,2004,13,12,978,10.9,1,1,2,1,0,0,1,1,0.09,0.09,0.18,0.09,0.18,Matches
1760,Tyrone Mings,eng ENG,DF,Aston Villa,eng Premier League,30,1993,1,1,30,0.3,0,0,0,0,0,0,0,0,0,0,0,0,0,Matches
1761,Óscar Mingueza,es ESP,"DF,MF",Celta Vigo,es La Liga,24,1999,38,33,"2,998",33.3,2,2,4,2,0,0,4,0,0.06,0.06,0.12,0.06,0.12,Matches
1762,Ignasi Miquel,es ESP,DF,Granada,es La Liga,30,1992,34,33,"2,992",33.2,1,1,2,1,0,0,5,0,0.03,0.03,0.06,0.03,0.06,Matches
1763,Rafa Mir,es ESP,FW,Sevilla,es La Liga,26,1997,15,3,391,4.3,2,0,2,2,0,0,1,0,0.46,0,0.46,0.46,0.46,Matches
1764,Ignacio Miramon,ar ARG,MF,Lille,fr Ligue 1,20,2003,2,1,39,0.4,0,0,0,0,0,0,0,0,0,0,0,0,0,Matches
1765,Aleksei Miranchuk,ru RUS,"MF,FW",Atalanta,it Serie A,27,1995,27,12,"1,176",13.1,3,5,8,3,0,0,1,0,0.23,0.38,0.61,0.23,0.61,Matches
1766,Juan Miranda,es ESP,DF,Real Betis,es La Liga,23,2000,25,21,"1,858",20.6,1,1,2,1,0,0,8,0,0.05,0.05,0.1,0.05,0.1,Matches
1767,Kevin Miranda,it ITA,DF,Sassuolo,it Serie A,20,2003,1,0,14,0.2,0,0,0,0,0,0,0,0,0,0,0,0,0,Matches
1768,Antonio Mirante,it ITA,GK,Milan,it Serie A,40,1983,2,2,177,2,0,0,0,0,0,0,0,0,0,0,0,0,0,Matches
1769,Fabio Miretti,it ITA,MF,Juventus,it Serie A,19,2003,25,16,"1,103",12.3,1,1,2,1,0,0,3,0,0.08,0.08,0.16,0.08,0.16,Matches
1770,Filippo Missori,it ITA,MF,Sassuolo,it Serie A,19,2004,8,2,266,3,0,0,0,0,0,0,0,0,0,0,0,0,0,Matches
1771,Tyrick Mitchell,eng ENG,"DF,MF",Crystal Palace,eng Premier League,23,1999,37,37,"3,204",35.6,2,3,5,2,0,0,6,0,0.06,0.08,0.14,0.06,0.14,Matches
1772,Kaoru Mitoma,jp JPN,"MF,FW",Brighton,eng Premier League,26,1997,19,15,"1,486",16.5,3,4,7,3,0,0,4,0,0.18,0.24,0.42,0.18,0.42,Matches
1773,Aleksandar Mitrović,rs SRB,FW,Fulham,eng Premier League,28,1994,1,0,33,0.4,0,0,0,0,0,0,0,0,0,0,0,0,0,Matches
1774,Stefan Mitrović,rs SRB,MF,Hellas Verona,it Serie A,20,2002,10,4,391,4.3,0,0,0,0,0,0,0,0,0,0,0,0,0,Matches
1775,Stefan Mitrović,rs SRB,DF,Getafe,es La Liga,33,1990,11,9,699,7.8,1,0,1,1,0,0,3,0,0.13,0,0.13,0.13,0.13,Matches
Rk,Player,Nation,Pos,Squad,Comp,Age,Born,MP,Starts,Min,90s,Gls,Ast,G+A,G-PK,PK,PKatt,CrdY,CrdR,Gls,Ast,G+A,G-PK,G+A-PK,Matches
1776,Maximilian Mittelstädt,de GER,"DF,MF",Stuttgart,de Bundesliga,26,1997,31,23,"2,103",23.4,2,4,6,2,0,0,5,0,0.09,0.17,0.26,0.09,0.26,Matches
1777,Henrikh Mkhitaryan,am ARM,MF,Inter,it Serie A,34,1989,36,35,"2,785",30.9,2,8,10,2,0,0,4,0,0.06,0.26,0.32,0.06,0.32,Matches
1778,Marko Mladenović,rs SRB,MF,Frankfurt,de Bundesliga,18,2005,1,0,6,0.1,0,0,0,0,0,0,0,0,0,0,0,0,0,Matches
1779,Jakub Moder,pl POL,"MF,DF",Brighton,eng Premier League,24,1999,17,6,618,6.9,0,0,0,0,0,0,2,0,0,0,0,0,0,Matches
1780,Luka Modrić,hr CRO,MF,Real Madrid,es La Liga,37,1985,32,18,"1,688",18.8,2,6,8,2,0,0,2,0,0.11,0.32,0.43,0.11,0.43,Matches
1781,Max Moerstedt,de GER,FW,Hoffenheim,de Bundesliga,17,2006,1,0,12,0.1,0,0,0,0,0,0,0,0,0,0,0,0,0,Matches
1782,Terem Moffi,ng NGA,FW,Nice,fr Ligue 1,24,1999,30,23,"1,949",21.7,11,2,13,8,3,3,4,0,0.51,0.09,0.6,0.37,0.46,Matches
1783,Mostafa Mohamed,eg EGY,FW,Nantes,fr Ligue 1,25,1997,29,24,"2,002",22.2,8,2,10,5,3,3,3,1,0.36,0.09,0.45,0.22,0.31,Matches
1784,Johan Mojica,co COL,"DF,MF",Osasuna,es La Liga,30,1992,30,22,"2,041",22.7,0,3,3,0,0,0,1,0,0,0.13,0.13,0,0.13,Matches
1785,Alberto Moleiro,es ESP,"MF,FW",Las Palmas,es La Liga,19,2003,28,21,"1,803",20,3,3,6,3,0,0,1,0,0.15,0.15,0.3,0.15,0.3,Matches
1786,Nahuel Molina,ar ARG,"MF,DF",Atlético Madrid,es La Liga,25,1998,30,19,"1,852",20.6,2,3,5,2,0,0,4,1,0.1,0.15,0.24,0.1,0.24,Matches
1787,Florent Mollet,fr FRA,"MF,FW",Nantes,fr Ligue 1,31,1991,29,24,"2,083",23.1,4,4,8,4,0,0,4,0,0.17,0.17,0.35,0.17,0.35,Matches
1788,Jon Moncayola,es ESP,MF,Osasuna,es La Liga,25,1998,33,21,"1,800",20,1,3,4,1,0,0,2,1,0.05,0.15,0.2,0.05,0.2,Matches
1789,Enzo Mongo,fr FRA,DF,Nantes,fr Ligue 1,18,2005,1,0,10,0.1,0,0,0,0,0,0,0,0,0,0,0,0,0,Matches
1790,Ilario Monterisi,it ITA,DF,Frosinone,it Serie A,21,2001,24,16,"1,469",16.3,2,2,4,2,0,0,1,0,0.12,0.12,0.25,0.12,0.25,Matches
1791,César Montes,mx MEX,DF,Almería,es La Liga,26,1997,21,21,"1,788",19.9,0,0,0,0,0,0,5,0,0,0,0,0,0,Matches
1792,Gonzalo Montiel,ar ARG,DF,Nottingham,eng Premier League,26,1997,14,8,801,8.9,0,2,2,0,0,0,5,0,0,0.22,0.22,0,0.22,Matches
1793,Lorenzo Montipò,it ITA,GK,Hellas Verona,it Serie A,27,1996,37,37,"3,330",37,0,1,1,0,0,0,0,0,0,0.03,0.03,0,0.03,Matches
1794,Kieffer Moore,wls WAL,"DF,FW",Bournemouth,eng Premier League,30,1992,8,0,108,1.2,1,0,1,1,0,0,0,0,0.83,0,0.83,0.83,0.83,Matches
1795,Mikey Moore,eng ENG,MF,Tottenham,eng Premier League,15,2007,2,0,4,0,0,0,0,0,0,0,0,0,0,0,0,0,0,Matches
1796,Ederson Moraes,br BRA,GK,Manchester City,eng Premier League,29,1993,33,33,"2,785",30.9,0,0,0,0,0,0,5,0,0,0,0,0,0,Matches
1797,Álvaro Morata,es ESP,FW,Atlético Madrid,es La Liga,30,1992,32,21,"1,904",21.2,15,3,18,15,0,1,4,1,0.71,0.14,0.85,0.71,0.85,Matches
1798,Diego Moreira,be BEL,MF,Lyon,fr Ligue 1,18,2004,7,4,270,3,0,0,0,0,0,0,1,0,0,0,0,0,0,Matches
1799,Alberto Moreno,es ESP,DF,Villarreal,es La Liga,31,1992,27,17,"1,484",16.5,2,2,4,2,0,0,5,2,0.12,0.12,0.24,0.12,0.24,Matches
1800,Álex Moreno,es ESP,DF,Aston Villa,eng Premier League,30,1993,21,11,"1,031",11.5,2,0,2,2,0,0,2,0,0.17,0,0.17,0.17,0.17,Matches
Rk,Player,Nation,Pos,Squad,Comp,Age,Born,MP,Starts,Min,90s,Gls,Ast,G+A,G-PK,PK,PKatt,CrdY,CrdR,Gls,Ast,G+A,G-PK,G+A-PK,Matches
1801,Gerard Moreno,es ESP,FW,Villarreal,es La Liga,31,1992,30,28,"2,215",24.6,10,6,16,8,2,3,0,0,0.41,0.24,0.65,0.33,0.57,Matches
1802,Jorge Moreno,es ESP,DF,Osasuna,es La Liga,22,2001,1,0,15,0.2,0,0,0,0,0,0,0,0,0,0,0,0,0,Matches
1803,Mateu Morey,es ESP,DF,Dortmund,de Bundesliga,23,2000,3,2,110,1.2,0,0,0,0,0,0,0,0,0,0,0,0,0,Matches
1804,Ilaix Moriba,gn GUI,MF,Getafe,es La Liga,20,2003,14,8,605,6.7,0,2,2,0,0,0,5,1,0,0.3,0.3,0,0.3,Matches
1805,Manu Morlanes,es ESP,MF,Mallorca,es La Liga,24,1999,35,16,"1,615",17.9,0,2,2,0,0,0,2,0,0,0.11,0.11,0,0.11,Matches
1806,Nikola Moro,hr CRO,"MF,FW",Bologna,it Serie A,25,1998,23,10,840,9.3,1,0,1,1,0,0,0,0,0.11,0,0.11,0.11,0.11,Matches
1807,Carlton Morris,eng ENG,"FW,MF",Luton Town,eng Premier League,27,1995,38,32,"2,862",31.8,11,4,15,6,5,5,4,0,0.35,0.13,0.47,0.19,0.31,Matches
1808,Cristhian Mosquera,es ESP,DF,Valencia,es La Liga,19,2004,36,33,"3,075",34.2,0,0,0,0,0,0,2,0,0,0,0,0,0,Matches
1809,Yerson Mosquera,co COL,DF,Villarreal,es La Liga,22,2001,16,14,"1,229",13.7,2,1,3,2,0,0,4,0,0.15,0.07,0.22,0.15,0.22,Matches
1810,Dany Mota,pt POR,"MF,FW",Monza,it Serie A,25,1998,34,24,"2,049",22.8,4,3,7,4,0,0,3,0,0.18,0.13,0.31,0.18,0.31,Matches
1811,Lebo Mothiba,za RSA,FW,Strasbourg,fr Ligue 1,27,1996,15,5,617,6.9,3,0,3,3,0,0,0,0,0.44,0,0.44,0.44,0.44,Matches
1812,Youssoufa Moukoko,de GER,FW,Dortmund,de Bundesliga,18,2004,20,4,625,6.9,5,0,5,5,0,0,1,0,0.72,0,0.72,0.72,0.72,Matches
1813,Steve Mounié,bj BEN,FW,Brest,fr Ligue 1,28,1994,32,20,"1,769",19.7,6,2,8,6,0,0,2,1,0.31,0.1,0.41,0.31,0.41,Matches
1814,Mason Mount,eng ENG,MF,Manchester Utd,eng Premier League,24,1999,14,5,516,5.7,1,0,1,1,0,0,2,0,0.17,0,0.17,0.17,0.17,Matches
1815,Samuel Moutoussamy,cd COD,MF,Nantes,fr Ligue 1,26,1996,26,11,"1,107",12.3,1,0,1,1,0,0,2,0,0.08,0,0.08,0.08,0.08,Matches
1816,Loris Mouyokolo,fr FRA,DF,Lorient,fr Ligue 1,22,2001,1,1,90,1,0,0,0,0,0,0,0,0,0,0,0,0,0,Matches
1817,Divin Mubama,eng ENG,FW,West Ham,eng Premier League,18,2004,5,0,80,0.9,0,0,0,0,0,0,0,0,0,0,0,0,0,Matches
1818,Mykhailo Mudryk,ua UKR,MF,Chelsea,eng Premier League,22,2001,31,18,"1,576",17.5,5,2,7,5,0,0,5,0,0.29,0.11,0.4,0.29,0.4,Matches
1819,François Mughe,cm CMR,MF,Marseille,fr Ligue 1,19,2004,5,2,177,2,0,0,0,0,0,0,1,0,0,0,0,0,0,Matches
1820,Nordi Mukiele,fr FRA,DF,PSG,fr Ligue 1,25,1997,16,9,796,8.8,0,0,0,0,0,0,2,0,0,0,0,0,0,Matches
1821,Samuele Mulattieri,it ITA,FW,Sassuolo,it Serie A,22,2000,27,1,462,5.1,0,0,0,0,0,0,1,0,0,0,0,0,0,Matches
1822,Andreas Müller,de GER,MF,Darmstadt 98,de Bundesliga,23,2000,11,2,349,3.9,0,0,0,0,0,0,3,0,0,0,0,0,0,Matches
1823,Jannik Müller,de GER,DF,Darmstadt 98,de Bundesliga,29,1994,16,12,"1,134",12.6,0,0,0,0,0,0,5,0,0,0,0,0,0,Matches
1824,Kevin Müller,de GER,GK,Heidenheim,de Bundesliga,32,1991,34,34,"3,060",34,0,0,0,0,0,0,1,0,0,0,0,0,0,Matches
1825,Marcus Müller,de GER,FW,Mainz 05,de Bundesliga,20,2002,1,0,18,0.2,0,0,0,0,0,0,0,0,0,0,0,0,0,Matches
Rk,Player,Nation,Pos,Squad,Comp,Age,Born,MP,Starts,Min,90s,Gls,Ast,G+A,G-PK,PK,PKatt,CrdY,CrdR,Gls,Ast,G+A,G-PK,G+A-PK,Matches
1826,Thomas Müller,de GER,MF,Bayern Munich,de Bundesliga,33,1989,31,20,"1,654",18.4,5,9,14,5,0,0,0,0,0.27,0.49,0.76,0.27,0.76,Matches
1827,Abdul Mumin,gh GHA,DF,Rayo Vallecano,es La Liga,25,1998,20,19,"1,694",18.8,1,0,1,1,0,0,5,1,0.05,0,0.05,0.05,0.05,Matches
1828,Marshall Munetsi,zw ZIM,MF,Reims,fr Ligue 1,27,1996,27,25,"2,173",24.1,4,3,7,4,0,0,5,0,0.17,0.12,0.29,0.17,0.29,Matches
1829,Iker Muniain,es ESP,MF,Athletic Club,es La Liga,30,1992,20,5,594,6.6,2,0,2,2,0,0,1,0,0.3,0,0.3,0.3,0.3,Matches
1830,Rodrigo Muniz,br BRA,FW,Fulham,eng Premier League,22,2001,26,18,"1,593",17.7,9,1,10,9,0,0,1,0,0.51,0.06,0.56,0.51,0.56,Matches
1831,Aihen Muñoz,es ESP,DF,Real Sociedad,es La Liga,25,1997,21,11,"1,127",12.5,0,2,2,0,0,0,2,0,0,0.16,0.16,0,0.16,Matches
1832,Daniel Muñoz,co COL,"MF,DF",Crystal Palace,eng Premier League,27,1996,16,16,"1,439",16,0,4,4,0,0,0,4,0,0,0.25,0.25,0,0.25,Matches
1833,Iker Muñoz,es ESP,MF,Osasuna,es La Liga,20,2002,28,20,"1,854",20.6,4,0,4,4,0,0,5,0,0.19,0,0.19,0.19,0.19,Matches
1834,Javier Muñoz,es ESP,MF,Las Palmas,es La Liga,28,1995,37,30,"2,640",29.3,2,3,5,2,0,0,6,0,0.07,0.1,0.17,0.07,0.17,Matches
1835,Finley Munroe,eng ENG,DF,Aston Villa,eng Premier League,18,2005,1,0,4,0,0,0,0,0,0,0,0,0,0,0,0,0,0,Matches
1836,Arijanet Muric,xk KVX,GK,Burnley,eng Premier League,24,1998,10,10,900,10,0,0,0,0,0,0,0,0,0,0,0,0,0,Matches
1837,Luis Muriel,co COL,FW,Atalanta,it Serie A,32,1991,18,2,409,4.5,2,1,3,2,0,0,0,0,0.44,0.22,0.66,0.44,0.66,Matches
1838,Murillo,br BRA,DF,Nottingham,eng Premier League,21,2002,32,32,"2,789",31,0,2,2,0,0,0,5,0,0,0.06,0.06,0,0.06,Matches
1839,Vedat Muriqi,xk KVX,FW,Mallorca,es La Liga,29,1994,29,25,"2,327",25.9,7,2,9,6,1,3,5,0,0.27,0.08,0.35,0.23,0.31,Matches
1840,Alex Murphy,ie IRL,DF,Newcastle,eng Premier League,19,2004,2,0,13,0.1,0,0,0,0,0,0,0,0,0,0,0,0,0,Matches
1841,Jacob Murphy,eng ENG,"FW,MF",Newcastle,eng Premier League,28,1995,21,14,"1,189",13.2,3,7,10,3,0,0,1,0,0.23,0.53,0.76,0.23,0.76,Matches
1842,Yunus Musah,us USA,MF,Milan,it Serie A,20,2002,30,13,"1,478",16.4,0,2,2,0,0,0,5,0,0,0.12,0.12,0,0.12,Matches
1843,Jamal Musiala,de GER,MF,Bayern Munich,de Bundesliga,20,2003,24,20,"1,755",19.5,10,5,15,10,0,0,2,0,0.51,0.26,0.77,0.51,0.77,Matches
1844,Florent Muslija,xk KVX,"FW,MF",Freiburg,de Bundesliga,25,1998,10,0,105,1.2,0,0,0,0,0,0,0,0,0,0,0,0,0,Matches
1845,Juan Musso,ar ARG,GK,Atalanta,it Serie A,29,1994,11,11,990,11,0,0,0,0,0,0,0,0,0,0,0,0,0,Matches
1846,Kingstone Mutandwa,zm ZAM,FW,Cagliari,it Serie A,20,2003,5,0,39,0.4,1,0,1,1,0,0,0,0,2.31,0,2.31,2.31,2.31,Matches
1847,Yvon Mvogo,ch SUI,GK,Lorient,fr Ligue 1,29,1994,34,34,"3,060",34,0,0,0,0,0,0,1,0,0,0,0,0,0,Matches
1848,Joel Mvuka,no NOR,MF,Lorient,fr Ligue 1,20,2002,7,2,197,2.2,0,0,0,0,0,0,1,0,0,0,0,0,0,Matches
1849,Junior Mwanga,fr FRA,"MF,FW",Strasbourg,fr Ligue 1,20,2003,22,17,"1,450",16.1,1,1,2,1,0,0,3,0,0.06,0.06,0.12,0.06,0.12,Matches
1850,Phillipp Mwene,at AUT,"MF,DF",Mainz 05,de Bundesliga,29,1994,23,23,"1,996",22.2,1,2,3,1,0,0,4,1,0.05,0.09,0.14,0.05,0.14,Matches
Rk,Player,Nation,Pos,Squad,Comp,Age,Born,MP,Starts,Min,90s,Gls,Ast,G+A,G-PK,PK,PKatt,CrdY,CrdR,Gls,Ast,G+A,G-PK,G+A-PK,Matches
1851,Vitaliy Mykolenko,ua UKR,DF,Everton,eng Premier League,24,1999,28,28,"2,469",27.4,2,0,2,2,0,0,1,0,0.07,0,0.07,0.07,0.07,Matches
1852,Joakim Mæhle,dk DEN,"DF,MF",Wolfsburg,de Bundesliga,26,1997,30,27,"2,452",27.2,2,3,5,2,0,0,5,0,0.07,0.11,0.18,0.07,0.18,Matches
1853,Obite N'Dicka,ci CIV,DF,Roma,it Serie A,23,1999,25,25,"2,168",24.1,0,3,3,0,0,0,6,0,0,0.12,0.12,0,0.12,Matches
1854,Kévin N'Doram,fr FRA,MF,Metz,fr Ligue 1,27,1996,23,18,"1,604",17.8,0,2,2,0,0,0,4,0,0,0.11,0.11,0,0.11,Matches
1855,Nathan N'Goumou,cm CMR,"MF,FW",Gladbach,de Bundesliga,23,2000,32,14,"1,385",15.4,5,2,7,5,0,0,1,0,0.32,0.13,0.45,0.32,0.45,Matches
1856,Stanley N'Soki,fr FRA,"DF,MF",Hoffenheim,de Bundesliga,24,1999,11,7,631,7,0,0,0,0,0,0,3,1,0,0,0,0,0,Matches
1857,Nacho,es ESP,DF,Real Madrid,es La Liga,33,1990,29,18,"1,746",19.4,0,1,1,0,0,0,4,2,0,0.05,0.05,0,0.05,Matches
1858,Bilal Nadir,ma MAR,MF,Marseille,fr Ligue 1,19,2003,5,1,113,1.3,0,0,0,0,0,0,1,0,0,0,0,0,0,Matches
1859,Mahamadou Nagida,cm CMR,MF,Rennes,fr Ligue 1,18,2005,3,1,106,1.2,0,0,0,0,0,0,0,0,0,0,0,0,0,Matches
1860,Marvelous Nakamba,zw ZIM,MF,Luton Town,eng Premier League,29,1994,13,13,"1,130",12.6,0,0,0,0,0,0,5,0,0,0,0,0,0,Matches
1861,Keito Nakamura,jp JPN,"FW,MF",Reims,fr Ligue 1,23,2000,25,17,"1,381",15.3,4,1,5,4,0,0,1,0,0.26,0.07,0.33,0.26,0.33,Matches
1862,Nahitan Nández,uy URU,"MF,DF",Cagliari,it Serie A,27,1995,33,29,"2,341",26,2,3,5,1,1,1,7,0,0.08,0.12,0.19,0.04,0.15,Matches
1863,Matija Nastasić,rs SRB,DF,Mallorca,es La Liga,30,1993,26,25,"2,258",25.1,2,0,2,2,0,0,8,0,0.08,0,0.08,0.08,0.08,Matches
1864,Natan,br BRA,DF,Napoli,it Serie A,22,2001,14,11,952,10.6,0,0,0,0,0,0,3,1,0,0,0,0,0,Matches
1865,Lapo Nava,it ITA,GK,Milan,it Serie A,19,2004,1,0,3,0,0,0,0,0,0,0,0,0,0,0,0,0,0,Matches
1866,Roberto Navarro,es ESP,MF,Cádiz,es La Liga,21,2002,28,24,"1,888",21,1,1,2,1,0,0,0,1,0.05,0.05,0.1,0.05,0.1,Matches
1867,Jesús Navas,es ESP,"DF,MF",Sevilla,es La Liga,37,1985,29,25,"2,003",22.3,0,2,2,0,0,0,6,1,0,0.09,0.09,0,0.09,Matches
1868,Keylor Navas,cr CRC,GK,PSG,fr Ligue 1,36,1986,4,4,360,4,0,0,0,0,0,0,0,0,0,0,0,0,0,Matches
1869,Michel Ndary Adopo,fr FRA,MF,Atalanta,it Serie A,23,2000,10,0,109,1.2,0,1,1,0,0,0,0,0,0,0.83,0.83,0,0.83,Matches
1870,Youssouf Ndayishimiye,bi BDI,"MF,DF",Nice,fr Ligue 1,24,1998,23,20,"1,712",19,0,0,0,0,0,0,6,1,0,0,0,0,0,Matches
1871,Bassirou Ndiaye,sn SEN,FW,Lorient,fr Ligue 1,21,2002,5,0,152,1.7,0,0,0,0,0,0,0,0,0,0,0,0,0,Matches
1872,Iliman Ndiaye,sn SEN,"FW,MF",Marseille,fr Ligue 1,23,2000,30,19,"1,618",18,3,3,6,3,0,0,0,1,0.17,0.17,0.33,0.17,0.33,Matches
1873,Massamba Ndiaye,sn SEN,GK,Clermont Foot,fr Ligue 1,21,2001,4,4,360,4,0,0,0,0,0,0,0,0,0,0,0,0,0,Matches
1874,Rassoul Ndiaye,sn SEN,MF,Le Havre,fr Ligue 1,21,2001,19,6,526,5.8,0,0,0,0,0,0,4,2,0,0,0,0,0,Matches
1875,Michael Ndiweni,eng ENG,MF,Newcastle,eng Premier League,19,2003,1,0,1,0,0,0,0,0,0,0,0,0,0,0,0,0,0,Matches
Rk,Player,Nation,Pos,Squad,Comp,Age,Born,MP,Starts,Min,90s,Gls,Ast,G+A,G-PK,PK,PKatt,CrdY,CrdR,Gls,Ast,G+A,G-PK,G+A-PK,Matches
1876,Cher Ndour,it ITA,MF,PSG,fr Ligue 1,19,2004,3,0,28,0.3,0,0,0,0,0,0,1,0,0,0,0,0,0,Matches
1877,Dan Ndoye,ch SUI,"MF,FW",Bologna,it Serie A,22,2000,32,20,"1,771",19.7,1,1,2,1,0,0,4,0,0.05,0.05,0.1,0.05,0.1,Matches
1878,Joseph Nduquidi,fr FRA,"MF,DF",Metz,fr Ligue 1,18,2004,13,7,751,8.3,0,0,0,0,0,0,2,0,0,0,0,0,0,Matches
1879,Loïc Nego,hu HUN,"MF,DF",Le Havre,fr Ligue 1,32,1991,28,18,"1,561",17.3,0,3,3,0,0,0,3,0,0,0.17,0.17,0,0.17,Matches
1880,Álvaro Negredo,es ESP,FW,Cádiz,es La Liga,37,1985,7,0,54,0.6,0,0,0,0,0,0,0,0,0,0,0,0,0,Matches
1881,Reiss Nelson,eng ENG,FW,Arsenal,eng Premier League,23,1999,15,1,268,3,0,0,0,0,0,0,1,0,0,0,0,0,0,Matches
1882,Zack Nelson,eng ENG,MF,Luton Town,eng Premier League,18,2005,2,0,7,0.1,0,0,0,0,0,0,0,0,0,0,0,0,0,Matches
1883,Neto,br BRA,GK,Bournemouth,eng Premier League,34,1989,32,32,"2,880",32,0,0,0,0,0,0,5,0,0,0,0,0,0,Matches
1884,Pedro Neto,pt POR,"MF,FW",Wolves,eng Premier League,23,2000,20,18,"1,516",16.8,2,9,11,2,0,0,4,0,0.12,0.53,0.65,0.12,0.65,Matches
1885,Luca Netz,de GER,"MF,DF",Gladbach,de Bundesliga,20,2003,30,25,"2,225",24.7,0,4,4,0,0,0,2,0,0,0.16,0.16,0,0.16,Matches
1886,Manuel Neuer,de GER,GK,Bayern Munich,de Bundesliga,37,1986,23,23,"2,053",22.8,0,0,0,0,0,0,1,0,0,0,0,0,0,Matches
1887,Florian Neuhaus,de GER,MF,Gladbach,de Bundesliga,26,1997,25,15,"1,224",13.6,4,2,6,3,1,1,4,0,0.29,0.15,0.44,0.22,0.37,Matches
1888,Carlos Neva,es ESP,DF,Granada,es La Liga,27,1996,36,36,"3,146",35,0,2,2,0,0,0,4,0,0,0.06,0.06,0,0.06,Matches
1889,Jessic Ngankam,de GER,"MF,FW",Mainz 05,de Bundesliga,23,2000,7,2,184,2,0,0,0,0,0,0,0,1,0,0,0,0,0,Matches
1890,Jessic Ngankam,de GER,FW,Frankfurt,de Bundesliga,23,2000,15,2,280,3.1,0,0,0,0,0,1,2,0,0,0,0,0,0,Matches
1891,Cyril Ngonge,be BEL,"MF,FW",Hellas Verona,it Serie A,23,2000,19,17,"1,431",15.9,6,2,8,6,0,0,4,0,0.38,0.13,0.5,0.38,0.5,Matches
1892,Cyril Ngonge,be BEL,FW,Napoli,it Serie A,23,2000,13,1,315,3.5,1,0,1,1,0,0,2,0,0.29,0,0.29,0.29,0.29,Matches
1893,Steve Ngoura,fr FRA,FW,Le Havre,fr Ligue 1,18,2005,12,1,223,2.5,0,1,1,0,0,0,0,0,0,0.4,0.4,0,0.4,Matches
1894,Moussa Niakhaté,sn SEN,DF,Nottingham,eng Premier League,27,1996,21,15,"1,460",16.2,1,0,1,1,0,0,5,1,0.06,0,0.06,0.06,0.06,Matches
1895,M'Baye Niang,sn SEN,FW,Empoli,it Serie A,28,1994,14,5,708,7.9,6,1,7,2,4,4,1,0,0.76,0.13,0.89,0.25,0.38,Matches
1896,Tanguy Nianzou,fr FRA,DF,Sevilla,es La Liga,21,2002,8,3,318,3.5,0,0,0,0,0,0,3,0,0,0,0,0,0,Matches
1897,Shamar Nicholson,jm JAM,FW,Clermont Foot,fr Ligue 1,26,1997,26,17,"1,484",16.5,4,3,7,3,1,2,2,0,0.24,0.18,0.42,0.18,0.36,Matches
1898,Rasmus Nicolaisen,dk DEN,DF,Toulouse,fr Ligue 1,26,1997,33,33,"2,925",32.5,2,0,2,2,0,0,6,1,0.06,0,0.06,0.06,0.06,Matches
1899,Moritz Nicolas,de GER,GK,Gladbach,de Bundesliga,25,1997,27,27,"2,430",27,0,0,0,0,0,0,2,0,0,0,0,0,0,Matches
1900,Hans Nicolussi Caviglia,it ITA,MF,Juventus,it Serie A,23,2000,8,3,268,3,0,1,1,0,0,0,1,0,0,0.34,0.34,0,0.34,Matches
Rk,Player,Nation,Pos,Squad,Comp,Age,Born,MP,Starts,Min,90s,Gls,Ast,G+A,G-PK,PK,PKatt,CrdY,CrdR,Gls,Ast,G+A,G-PK,G+A-PK,Matches
1901,Saúl Ñíguez,es ESP,MF,Atlético Madrid,es La Liga,28,1994,34,14,"1,374",15.3,1,4,5,1,0,0,10,1,0.07,0.26,0.33,0.07,0.33,Matches
1902,Justin Njinmah,de GER,FW,Werder Bremen,de Bundesliga,22,2000,24,10,"1,016",11.3,6,2,8,6,0,0,1,0,0.53,0.18,0.71,0.53,0.71,Matches
1903,Eddie Nketiah,eng ENG,FW,Arsenal,eng Premier League,24,1999,27,10,"1,082",12,5,2,7,5,0,0,3,0,0.42,0.17,0.58,0.42,0.58,Matches
1904,Niels Nkounkou,fr FRA,"MF,DF",Frankfurt,de Bundesliga,22,2000,29,13,"1,309",14.5,3,2,5,3,0,0,5,1,0.21,0.14,0.34,0.21,0.34,Matches
1905,Christopher Nkunku,fr FRA,"MF,FW",Chelsea,eng Premier League,25,1997,11,2,443,4.9,3,0,3,3,0,0,0,0,0.61,0,0.61,0.61,0.61,Matches
1906,Felix Nmecha,de GER,MF,Dortmund,de Bundesliga,22,2000,20,10,"1,021",11.3,1,2,3,1,0,0,3,0,0.09,0.18,0.26,0.09,0.26,Matches
1907,Lukas Nmecha,de GER,FW,Wolfsburg,de Bundesliga,24,1998,3,0,42,0.5,1,0,1,1,0,0,0,0,2.14,0,2.14,2.14,2.14,Matches
1908,Peru Nolaskoain,es ESP,"DF,MF",Athletic Club,es La Liga,24,1998,2,0,10,0.1,0,0,0,0,0,0,0,0,0,0,0,0,0,Matches
1909,Joseph Nonge,be BEL,MF,Juventus,it Serie A,18,2005,2,0,24,0.3,0,0,0,0,0,0,1,0,0,0,0,0,0,Matches
1910,Jonathan Norbye,no NOR,DF,RB Leipzig,de Bundesliga,16,2007,1,0,1,0,0,0,0,0,0,0,0,0,0,0,0,0,0,Matches
1911,Arnaud Nordin,fr FRA,"MF,FW",Montpellier,fr Ligue 1,25,1998,20,15,"1,246",13.8,5,3,8,5,0,0,1,1,0.36,0.22,0.58,0.36,0.58,Matches
1912,Rhys Norrington-Davies,wls WAL,DF,Sheffield United,eng Premier League,24,1999,5,2,110,1.2,0,0,0,0,0,0,1,0,0,0,0,0,0,Matches
1913,Oliver Norwood,nir NIR,MF,Sheffield United,eng Premier League,32,1991,27,16,"1,440",16,1,0,1,0,1,1,8,0,0.06,0,0.06,0,0,Matches
1914,Tijjani Noslin,nl NED,"FW,MF",Hellas Verona,it Serie A,24,1999,17,17,"1,339",14.9,5,4,9,5,0,0,2,0,0.34,0.27,0.6,0.34,0.6,Matches
1915,Randy Nteka,ao ANG,FW,Rayo Vallecano,es La Liga,25,1997,16,3,572,6.4,1,1,2,0,1,1,3,0,0.16,0.16,0.31,0,0.16,Matches
1916,Ernest Nuamah,gh GHA,"FW,MF",Lyon,fr Ligue 1,19,2003,29,21,"1,838",20.4,3,2,5,3,0,0,4,0,0.15,0.1,0.24,0.15,0.24,Matches
1917,Alexander Nübel,de GER,GK,Stuttgart,de Bundesliga,26,1996,30,30,"2,700",30,0,0,0,0,0,0,1,0,0,0,0,0,0,Matches
1918,Kasim Nuhu,gh GHA,DF,Hoffenheim,de Bundesliga,28,1995,1,0,5,0.1,0,0,0,0,0,0,0,0,0,0,0,0,0,Matches
1919,Matheus Nunes,pt POR,MF,Wolves,eng Premier League,24,1998,2,2,179,2,0,0,0,0,0,0,2,1,0,0,0,0,0,Matches
1920,Matheus Nunes,pt POR,"MF,FW",Manchester City,eng Premier League,24,1998,17,7,661,7.3,0,2,2,0,0,0,0,0,0,0.27,0.27,0,0.27,Matches
1921,Darwin Núñez,uy URU,FW,Liverpool,eng Premier League,24,1999,36,22,"2,047",22.7,11,8,19,11,0,1,9,0,0.48,0.35,0.84,0.48,0.84,Matches
1922,Unai Núñez,es ESP,DF,Celta Vigo,es La Liga,26,1997,34,31,"2,801",31.1,1,0,1,1,0,0,4,0,0.03,0,0.03,0.03,0.03,Matches
1923,Fabian Nürnberger,bg BUL,MF,Darmstadt 98,de Bundesliga,24,1999,21,17,"1,513",16.8,1,1,2,1,0,0,2,0,0.06,0.06,0.12,0.06,0.12,Matches
1924,Ethan Nwaneri,eng ENG,MF,Arsenal,eng Premier League,16,2007,1,0,14,0.2,0,0,0,0,0,0,0,0,0,0,0,0,0,Matches
1925,Simeon Nwankwo,ng NGA,FW,Salernitana,it Serie A,31,1992,15,6,686,7.6,3,0,3,3,0,0,0,0,0.39,0,0.39,0.39,0.39,Matches
Rk,Player,Nation,Pos,Squad,Comp,Age,Born,MP,Starts,Min,90s,Gls,Ast,G+A,G-PK,PK,PKatt,CrdY,CrdR,Gls,Ast,G+A,G-PK,G+A-PK,Matches
1926,Gerzino Nyamsi,cm CMR,DF,Strasbourg,fr Ligue 1,26,1997,13,13,"1,092",12.1,0,0,0,0,0,0,1,0,0,0,0,0,0,Matches
1927,Ørjan Nyland,no NOR,GK,Sevilla,es La Liga,32,1990,24,24,"2,160",24,0,0,0,0,0,0,1,0,0,0,0,0,0,Matches
1928,Rabby Nzingoula,fr FRA,MF,Strasbourg,fr Ligue 1,17,2005,6,1,133,1.5,0,1,1,0,0,0,1,0,0,0.68,0.68,0,0.68,Matches
1929,M'Bala Nzola,ao ANG,FW,Fiorentina,it Serie A,26,1996,33,15,"1,552",17.2,3,3,6,2,1,1,2,0,0.17,0.17,0.35,0.12,0.29,Matches
1930,Christian Nørgaard,dk DEN,MF,Brentford,eng Premier League,29,1994,31,30,"2,505",27.8,2,1,3,2,0,0,8,0,0.07,0.04,0.11,0.07,0.11,Matches
1931,Jake O'Brien,ie IRL,DF,Lyon,fr Ligue 1,22,2001,27,27,"2,369",26.3,4,2,6,4,0,0,4,1,0.15,0.08,0.23,0.15,0.23,Matches
1932,Mark O'Mahony,ie IRL,FW,Brighton,eng Premier League,18,2005,3,1,63,0.7,0,0,0,0,0,0,1,0,0,0,0,0,0,Matches
1933,Dara O'Shea,ie IRL,DF,Burnley,eng Premier League,24,1999,33,32,"2,892",32.1,3,4,7,3,0,0,5,1,0.09,0.12,0.22,0.09,0.22,Matches
1934,Michael Obafemi,ie IRL,FW,Burnley,eng Premier League,23,2000,2,0,20,0.2,0,0,0,0,0,0,0,0,0,0,0,0,0,Matches
1935,Adam Obert,sk SVK,DF,Cagliari,it Serie A,20,2002,17,10,941,10.5,0,0,0,0,0,0,1,0,0,0,0,0,0,Matches
1936,Pedro Obiang,gq EQG,MF,Sassuolo,it Serie A,31,1992,8,5,453,5,0,0,0,0,0,0,1,0,0,0,0,0,0,Matches
1937,Jan Oblak,si SVN,GK,Atlético Madrid,es La Liga,30,1993,38,38,"3,420",38,0,0,0,0,0,0,1,0,0,0,0,0,0,Matches
1938,Brian Ocampo,uy URU,MF,Cádiz,es La Liga,24,1999,13,1,248,2.8,1,0,1,1,0,0,2,0,0.36,0,0.36,0.36,0.36,Matches
1939,Lucas Ocampos,ar ARG,"MF,FW",Sevilla,es La Liga,29,1994,35,34,"2,871",31.9,4,3,7,3,1,1,8,0,0.13,0.09,0.22,0.09,0.19,Matches
1940,Guillermo Ochoa,mx MEX,GK,Salernitana,it Serie A,38,1985,21,21,"1,890",21,0,0,0,0,0,0,0,0,0,0,0,0,0,Matches
1941,Jens Odgaard,dk DEN,"MF,FW",Bologna,it Serie A,24,1999,10,5,431,4.8,2,0,2,2,0,0,1,0,0.42,0,0.42,0.42,0.42,Matches
1942,Wilson Odobert,fr FRA,"MF,FW",Burnley,eng Premier League,18,2004,29,25,"2,098",23.3,3,2,5,3,0,0,3,0,0.13,0.09,0.21,0.13,0.21,Matches
1943,Álvaro Odriozola,es ESP,DF,Real Sociedad,es La Liga,27,1995,9,6,393,4.4,0,0,0,0,0,0,0,0,0,0,0,0,0,Matches
1944,Tim Oermann,de GER,DF,Bochum,de Bundesliga,19,2003,16,8,714,7.9,0,0,0,0,0,0,2,0,0,0,0,0,0,Matches
1945,Odeluga Offiah,eng ENG,DF,Brighton,eng Premier League,20,2002,4,1,128,1.4,0,0,0,0,0,0,0,0,0,0,0,0,0,Matches
1946,Chiedozie Ogbene,ie IRL,MF,Luton Town,eng Premier League,26,1997,30,20,"1,995",22.2,4,1,5,4,0,0,1,0,0.18,0.05,0.23,0.18,0.23,Matches
1947,Angelo Ogbonna,it ITA,DF,West Ham,eng Premier League,35,1988,11,7,635,7.1,0,0,0,0,0,0,1,0,0,0,0,0,0,Matches
1948,Florent Ogier,fr FRA,DF,Clermont Foot,fr Ligue 1,34,1989,14,9,943,10.5,1,1,2,1,0,0,1,0,0.1,0.1,0.19,0.1,0.19,Matches
1949,Noah Okafor,ch SUI,"FW,MF",Milan,it Serie A,23,2000,28,6,887,9.9,6,2,8,6,0,0,1,0,0.61,0.2,0.81,0.61,0.81,Matches
1950,David Okereke,ng NGA,"FW,MF",Torino,it Serie A,25,1997,9,3,252,2.8,0,0,0,0,0,0,0,0,0,0,0,0,0,Matches
Rk,Player,Nation,Pos,Squad,Comp,Age,Born,MP,Starts,Min,90s,Gls,Ast,G+A,G-PK,PK,PKatt,CrdY,CrdR,Gls,Ast,G+A,G-PK,G+A-PK,Matches
1951,Caleb Okoli,it ITA,DF,Frosinone,it Serie A,22,2001,34,32,"2,914",32.4,0,1,1,0,0,0,9,0,0,0.03,0.03,0,0.03,Matches
1952,Maduka Okoye,ng NGA,GK,Udinese,it Serie A,23,1999,21,21,"1,890",21,0,0,0,0,0,0,2,0,0,0,0,0,0,Matches
1953,Masaya Okugawa,jp JPN,"FW,MF",Augsburg,de Bundesliga,27,1996,2,0,32,0.4,0,0,0,0,0,0,0,0,0,0,0,0,0,Matches
1954,Joseph Okumu,ke KEN,DF,Reims,fr Ligue 1,26,1997,21,19,"1,743",19.4,1,0,1,1,0,0,3,0,0.05,0,0.05,0.05,0.05,Matches
1955,Aingeru Olabarrieta,es ESP,FW,Athletic Club,es La Liga,17,2005,1,0,9,0.1,0,0,0,0,0,0,0,0,0,0,0,0,0,Matches
1956,Michael Olakigbe,eng ENG,MF,Brentford,eng Premier League,19,2004,8,0,59,0.7,0,0,0,0,0,0,0,0,0,0,0,0,0,Matches
1957,Olasagasti,es ESP,MF,Real Sociedad,es La Liga,22,2000,14,2,360,4,0,0,0,0,0,0,3,0,0,0,0,0,0,Matches
1958,Finn Ole Becker,de GER,MF,Hoffenheim,de Bundesliga,23,2000,22,5,606,6.7,0,0,0,0,0,0,1,0,0,0,0,0,0,Matches
1959,Mathias Olesen,lu LUX,MF,Köln,de Bundesliga,22,2001,6,0,112,1.2,0,0,0,0,0,0,2,1,0,0,0,0,0,Matches
1960,Michael Olise,fr FRA,"MF,FW",Crystal Palace,eng Premier League,21,2001,19,14,"1,275",14.2,10,6,16,9,1,1,0,0,0.71,0.42,1.13,0.64,1.06,Matches
1961,Mathías Olivera,uy URU,DF,Napoli,it Serie A,25,1997,23,18,"1,569",17.4,1,1,2,1,0,0,3,0,0.06,0.06,0.11,0.06,0.11,Matches
1962,Dani Olmo,es ESP,MF,RB Leipzig,de Bundesliga,25,1998,21,17,"1,449",16.1,4,5,9,4,0,0,0,0,0.25,0.31,0.56,0.25,0.56,Matches
1963,Robin Olsen,se SWE,GK,Aston Villa,eng Premier League,33,1990,5,4,405,4.5,0,0,0,0,0,0,0,0,0,0,0,0,0,Matches
1964,Warmed Omari,km COM,DF,Rennes,fr Ligue 1,23,2000,25,23,"2,071",23,1,0,1,1,0,0,5,1,0.04,0,0.04,0.04,0.04,Matches
1965,Becir Omeragic,ch SUI,"DF,MF",Montpellier,fr Ligue 1,21,2002,28,26,"2,312",25.7,0,0,0,0,0,0,4,0,0,0,0,0,0,Matches
1966,Jonas Omlin,ch SUI,GK,Gladbach,de Bundesliga,29,1994,7,7,630,7,0,1,1,0,0,0,1,0,0,0.14,0.14,0,0.14,Matches
1967,Andrew Omobamidele,ie IRL,DF,Nottingham,eng Premier League,21,2002,11,8,783,8.7,0,0,0,0,0,0,2,0,0,0,0,0,0,Matches
1968,Samu Omorodion,es ESP,FW,Alavés,es La Liga,19,2004,34,21,"1,918",21.3,8,1,9,8,0,0,6,0,0.38,0.05,0.42,0.38,0.42,Matches
1969,Samu Omorodion,es ESP,FW,Granada,es La Liga,19,2004,1,1,80,0.9,1,0,1,1,0,0,0,0,1.13,0,1.13,1.13,1.13,Matches
1970,Amadou Onana,be BEL,MF,Everton,eng Premier League,21,2001,30,23,"2,091",23.2,2,0,2,2,0,0,5,0,0.09,0,0.09,0.09,0.09,Matches
1971,André Onana,cm CMR,GK,Manchester Utd,eng Premier League,27,1996,38,38,"3,420",38,0,0,0,0,0,0,5,0,0,0,0,0,0,Matches
1972,Jean Onana,cm CMR,MF,Marseille,fr Ligue 1,23,2000,13,5,566,6.3,1,0,1,1,0,0,1,0,0.16,0,0.16,0.16,0.16,Matches
1973,Ryan One,sct SCO,MF,Sheffield United,eng Premier League,17,2006,1,0,8,0.1,0,0,0,0,0,0,0,0,0,0,0,0,0,Matches
1974,Karim Onisiwo,at AUT,"FW,MF",Mainz 05,de Bundesliga,31,1992,24,17,"1,493",16.6,1,3,4,1,0,0,1,0,0.06,0.18,0.24,0.06,0.24,Matches
1975,Tyler Onyango,eng ENG,MF,Everton,eng Premier League,20,2003,1,0,1,0,0,0,0,0,0,0,0,0,0,0,0,0,0,Matches
Rk,Player,Nation,Pos,Squad,Comp,Age,Born,MP,Starts,Min,90s,Gls,Ast,G+A,G-PK,PK,PKatt,CrdY,CrdR,Gls,Ast,G+A,G-PK,G+A-PK,Matches
1976,Fred Onyedinma,eng ENG,MF,Luton Town,eng Premier League,26,1996,8,4,407,4.5,0,0,0,0,0,0,1,0,0,0,0,0,0,Matches
1977,Frank Onyeka,ng NGA,MF,Brentford,eng Premier League,25,1998,26,11,"1,161",12.9,1,2,3,1,0,0,8,0,0.08,0.16,0.23,0.08,0.23,Matches
1978,Loïs Openda,be BEL,FW,RB Leipzig,de Bundesliga,23,2000,34,33,"2,697",30,24,7,31,22,2,3,4,0,0.8,0.23,1.03,0.73,0.97,Matches
1979,Royce Openda,ga GAB,FW,Lorient,fr Ligue 1,21,2002,1,0,16,0.2,0,0,0,0,0,0,0,0,0,0,0,0,0,Matches
1980,Christopher Opéri,ci CIV,"DF,MF",Le Havre,fr Ligue 1,26,1997,28,28,"2,445",27.2,3,4,7,3,0,0,6,0,0.11,0.15,0.26,0.11,0.26,Matches
1981,Leon Opitz,de GER,MF,Werder Bremen,de Bundesliga,18,2005,3,0,18,0.2,0,0,0,0,0,0,0,0,0,0,0,0,0,Matches
1982,Gift Orban,ng NGA,FW,Lyon,fr Ligue 1,21,2002,13,5,474,5.3,1,0,1,1,0,0,2,0,0.19,0,0.19,0.19,0.19,Matches
1983,Willi Orban,hu HUN,DF,RB Leipzig,de Bundesliga,30,1992,19,18,"1,582",17.6,0,0,0,0,0,0,2,0,0,0,0,0,0,Matches
1984,Ivan Ordets,ua UKR,DF,Bochum,de Bundesliga,31,1992,24,21,"1,880",20.9,1,0,1,1,0,0,4,0,0.05,0,0.05,0.05,0.05,Matches
1985,Divock Origi,be BEL,"MF,FW",Nottingham,eng Premier League,28,1995,20,6,606,6.7,0,1,1,0,0,0,1,0,0,0.15,0.15,0,0.15,Matches
1986,Gaetano Oristanio,it ITA,"FW,MF",Cagliari,it Serie A,20,2002,25,11,"1,104",12.3,2,1,3,2,0,0,1,0,0.16,0.08,0.24,0.16,0.24,Matches
1987,Aimar Oroz,es ESP,MF,Osasuna,es La Liga,21,2001,33,26,"2,339",26,2,1,3,1,1,1,3,0,0.08,0.04,0.12,0.04,0.08,Matches
1988,Riccardo Orsolini,it ITA,MF,Bologna,it Serie A,26,1997,33,19,"1,792",19.9,10,2,12,8,2,3,2,0,0.5,0.1,0.6,0.4,0.5,Matches
1989,Stefan Ortega,de GER,GK,Manchester City,eng Premier League,30,1992,9,5,635,7.1,0,0,0,0,0,0,0,0,0,0,0,0,0,Matches
1990,Eneko Ortiz,es ESP,MF,Alavés,es La Liga,20,2003,1,0,14,0.2,0,0,0,0,0,0,0,0,0,0,0,0,0,Matches
1991,Asier Osambela,es ESP,MF,Osasuna,es La Liga,19,2004,1,0,9,0.1,0,0,0,0,0,0,0,0,0,0,0,0,0,Matches
1992,Ben Osborn,eng ENG,MF,Sheffield United,eng Premier League,28,1994,24,14,"1,367",15.2,0,2,2,0,0,0,3,0,0,0.13,0.13,0,0.13,Matches
1993,Gabriel Osho,ng NGA,DF,Luton Town,eng Premier League,24,1998,21,21,"1,846",20.5,2,0,2,2,0,0,3,0,0.1,0,0.1,0.1,0.1,Matches
1994,Victor Osimhen,ng NGA,FW,Napoli,it Serie A,24,1998,25,22,"1,982",22,15,3,18,12,3,5,6,1,0.68,0.14,0.82,0.54,0.68,Matches
1995,Milutin Osmajić,me MNE,FW,Cádiz,es La Liga,24,1999,1,0,5,0.1,0,0,0,0,0,0,0,0,0,0,0,0,0,Matches
1996,Patrick Osterhage,de GER,MF,Bochum,de Bundesliga,23,2000,24,21,"1,861",20.7,2,1,3,2,0,0,5,0,0.1,0.05,0.15,0.1,0.15,Matches
1997,William Osula,dk DEN,FW,Sheffield United,eng Premier League,19,2003,21,9,786,8.7,0,0,0,0,0,0,4,0,0,0,0,0,0,Matches
1998,Dango Ouattara,bf BFA,"DF,MF",Bournemouth,eng Premier League,21,2002,30,12,"1,229",13.7,1,2,3,1,0,0,3,0,0.07,0.15,0.22,0.07,0.22,Matches
1999,Kassoum Ouattara,fr FRA,"DF,MF",Monaco,fr Ligue 1,18,2004,14,7,636,7.1,1,0,1,1,0,0,2,0,0.14,0,0.14,0.14,0.14,Matches
2000,Remi Oudin,fr FRA,"MF,FW",Lecce,it Serie A,26,1996,31,21,"1,819",20.2,3,2,5,3,0,0,3,0,0.15,0.1,0.25,0.15,0.25,Matches
Rk,Player,Nation,Pos,Squad,Comp,Age,Born,MP,Starts,Min,90s,Gls,Ast,G+A,G-PK,PK,PKatt,CrdY,CrdR,Gls,Ast,G+A,G-PK,G+A-PK,Matches
2001,Alexandre Oukidja,dz ALG,GK,Metz,fr Ligue 1,35,1988,34,34,"2,987",33.2,0,0,0,0,0,0,3,0,0,0,0,0,0,Matches
2002,Azzedine Ounahi,ma MAR,MF,Marseille,fr Ligue 1,23,2000,21,15,"1,209",13.4,2,0,2,2,0,0,3,0,0.15,0,0.15,0.15,0.15,Matches
2003,Adam Ounas,dz ALG,MF,Lille,fr Ligue 1,26,1996,17,3,418,4.6,1,0,1,1,0,0,0,0,0.22,0,0.22,0.22,0.22,Matches
2004,Patrick Ouotro,ci CIV,FW,Strasbourg,fr Ligue 1,17,2005,1,0,8,0.1,0,0,0,0,0,0,0,0,0,0,0,0,0,Matches
2005,Aiham Ousou,sy SYR,DF,Cádiz,es La Liga,23,2000,6,5,430,4.8,0,0,0,0,0,0,0,0,0,0,0,0,0,Matches
2006,Jesús Owono,gq EQG,GK,Alavés,es La Liga,22,2001,4,4,360,4,0,0,0,0,0,0,1,0,0,0,0,0,0,Matches
2007,Mikel Oyarzabal,es ESP,"FW,MF",Real Sociedad,es La Liga,26,1997,33,23,"2,156",24,9,3,12,7,2,2,3,0,0.38,0.13,0.5,0.29,0.42,Matches
2008,Anthony Oyono,ga GAB,"DF,MF",Frosinone,it Serie A,22,2001,16,14,"1,198",13.3,0,1,1,0,0,0,4,0,0,0.08,0.08,0,0.08,Matches
2009,Salih Özcan,tr TUR,MF,Dortmund,de Bundesliga,25,1998,23,13,"1,184",13.2,0,0,0,0,0,0,3,0,0,0,0,0,0,Matches
2010,Cenk Özkacar,tr TUR,DF,Valencia,es La Liga,22,2000,23,18,"1,598",17.8,0,0,0,0,0,0,3,0,0,0,0,0,0,Matches
2011,David Ozoh,eng ENG,MF,Crystal Palace,eng Premier League,18,2005,9,0,156,1.7,0,0,0,0,0,0,1,0,0,0,0,0,0,Matches
2012,Jon Pacheco,es ESP,DF,Real Sociedad,es La Liga,22,2001,23,16,"1,526",17,1,1,2,1,0,0,8,0,0.06,0.06,0.12,0.06,0.12,Matches
2013,Willian Pacho,ec ECU,DF,Frankfurt,de Bundesliga,21,2001,33,33,"2,970",33,0,3,3,0,0,0,7,0,0,0.09,0.09,0,0.09,Matches
2014,Gonçalo Paciência,pt POR,FW,Bochum,de Bundesliga,28,1994,19,6,650,7.2,3,1,4,3,0,0,3,0,0.42,0.14,0.55,0.42,0.55,Matches
2015,Simone Pafundi,it ITA,FW,Udinese,it Serie A,17,2006,1,0,8,0.1,0,0,0,0,0,0,0,0,0,0,0,0,0,Matches
2016,Riccardo Pagano,it ITA,MF,Roma,it Serie A,18,2004,4,0,51,0.6,0,0,0,0,0,0,0,0,0,0,0,0,0,Matches
2017,Pablo Pagis,fr FRA,MF,Lorient,fr Ligue 1,20,2002,3,3,165,1.8,0,0,0,0,0,0,1,0,0,0,0,0,0,Matches
2018,Exequiel Palacios,ar ARG,MF,Leverkusen,de Bundesliga,24,1998,24,21,"1,831",20.3,4,4,8,2,2,2,6,0,0.2,0.2,0.39,0.1,0.29,Matches
2019,Isaac Palazón Camacho,es ESP,MF,Rayo Vallecano,es La Liga,28,1994,37,34,"2,791",31,4,1,5,2,2,2,8,0,0.13,0.03,0.16,0.06,0.1,Matches
2020,João Palhinha,pt POR,MF,Fulham,eng Premier League,28,1995,33,31,"2,699",30,4,1,5,4,0,0,13,0,0.13,0.03,0.17,0.13,0.17,Matches
2021,Nicolas Pallois,fr FRA,DF,Nantes,fr Ligue 1,35,1987,23,17,"1,589",17.7,0,1,1,0,0,0,5,0,0,0.06,0.06,0,0.06,Matches
2022,Cole Palmer,eng ENG,"FW,MF",Manchester City,eng Premier League,21,2002,1,0,11,0.1,0,0,0,0,0,0,0,0,0,0,0,0,0,Matches
2023,Cole Palmer,eng ENG,"MF,FW",Chelsea,eng Premier League,21,2002,33,29,"2,607",29,22,11,33,13,9,9,7,0,0.76,0.38,1.14,0.45,0.83,Matches
2024,Emerson Palmieri,it ITA,DF,West Ham,eng Premier League,28,1994,36,35,"3,137",34.9,1,2,3,1,0,0,10,0,0.03,0.06,0.09,0.03,0.09,Matches
2025,Joaquín Panichelli,ar ARG,"MF,FW",Alavés,es La Liga,20,2002,8,2,226,2.5,0,0,0,0,0,0,0,0,0,0,0,0,0,Matches
Rk,Player,Nation,Pos,Squad,Comp,Age,Born,MP,Starts,Min,90s,Gls,Ast,G+A,G-PK,PK,PKatt,CrdY,CrdR,Gls,Ast,G+A,G-PK,G+A-PK,Matches
2026,Miloš Pantović,rs SRB,"FW,MF",Union Berlin,de Bundesliga,27,1996,1,0,15,0.2,1,0,1,1,0,0,0,0,6,0,6,6,6,Matches
2027,Antonios Papadopoulos,de GER,DF,Dortmund,de Bundesliga,23,1999,2,1,117,1.3,0,0,0,0,0,0,0,0,0,0,0,0,0,Matches
2028,Christos Papadopoulos,gr GRE,MF,Genoa,it Serie A,18,2004,1,0,4,0,0,0,0,0,0,0,0,0,0,0,0,0,0,Matches
2029,Sokratis Papastathopoulos,gr GRE,DF,Real Betis,es La Liga,35,1988,15,12,"1,136",12.6,0,0,0,0,0,0,6,0,0,0,0,0,0,Matches
2030,Merveille Papela,de GER,MF,Mainz 05,de Bundesliga,22,2001,11,3,257,2.9,0,0,0,0,0,0,1,0,0,0,0,0,0,Matches
2031,Leart Paqarada,xk KVX,DF,Köln,de Bundesliga,28,1994,17,11,"1,075",11.9,0,0,0,0,0,0,0,0,0,0,0,0,0,Matches
2032,Lucas Paquetá,br BRA,MF,West Ham,eng Premier League,25,1997,31,31,"2,622",29.1,4,6,10,2,2,2,10,0,0.14,0.21,0.34,0.07,0.27,Matches
2033,Victor Parada,es ESP,DF,Alavés,es La Liga,21,2002,2,0,3,0,0,0,0,0,0,0,0,0,0,0,0,0,0,Matches
2034,Aitor Paredes,es ESP,DF,Athletic Club,es La Liga,23,2000,34,31,"2,704",30,1,0,1,1,0,0,9,1,0.03,0,0.03,0.03,0.03,Matches
2035,Kevin Paredes,us USA,"MF,DF",Wolfsburg,de Bundesliga,20,2003,28,15,"1,432",15.9,3,0,3,3,0,0,4,0,0.19,0,0.19,0.19,0.19,Matches
2036,Leandro Paredes,ar ARG,MF,Roma,it Serie A,29,1994,34,32,"2,634",29.3,3,5,8,0,3,3,15,1,0.1,0.17,0.27,0,0.17,Matches
2037,Daniel Parejo,es ESP,MF,Villarreal,es La Liga,34,1989,33,29,"2,580",28.7,3,5,8,0,3,3,4,0,0.1,0.17,0.28,0,0.17,Matches
2038,Fabiano Parisi,it ITA,DF,Fiorentina,it Serie A,22,2000,21,16,"1,454",16.2,0,1,1,0,0,0,4,0,0,0.06,0.06,0,0.06,Matches
2039,Ben Parkinson,eng ENG,FW,Newcastle,eng Premier League,18,2005,1,0,25,0.3,0,0,0,0,0,0,0,0,0,0,0,0,0,Matches
2040,Thomas Partey,gh GHA,"MF,DF",Arsenal,eng Premier League,30,1993,14,9,788,8.8,0,0,0,0,0,0,3,0,0,0,0,0,0,Matches
2041,Mario Pašalić,hr CRO,MF,Atalanta,it Serie A,28,1995,34,23,"2,051",22.8,6,6,12,4,2,2,3,0,0.26,0.26,0.53,0.18,0.44,Matches
2042,Triantafyllos Pasaridīs,gr GRE,DF,Salernitana,it Serie A,27,1996,8,5,452,5,0,0,0,0,0,0,3,0,0,0,0,0,0,Matches
2043,Pascu,es ESP,FW,Villarreal,es La Liga,20,2003,1,0,14,0.2,0,0,0,0,0,0,0,0,0,0,0,0,0,Matches
2044,Felix Passlack,de GER,"DF,MF",Bochum,de Bundesliga,25,1998,15,13,960,10.7,2,2,4,2,0,0,2,1,0.19,0.19,0.37,0.19,0.37,Matches
2045,Patric,es ESP,DF,Lazio,it Serie A,30,1993,20,19,"1,608",17.9,2,0,2,2,0,0,4,0,0.11,0,0.11,0.11,0.11,Matches
2046,Rui Patrício,pt POR,GK,Roma,it Serie A,35,1988,23,23,"2,070",23,0,0,0,0,0,0,1,0,0,0,0,0,0,Matches
2047,Nathan Patterson,sct SCO,DF,Everton,eng Premier League,21,2001,20,9,"1,005",11.2,0,2,2,0,0,0,4,0,0,0.18,0.18,0,0.18,Matches
2048,Gabriel Paulista,br BRA,DF,Atlético Madrid,es La Liga,32,1990,5,5,405,4.5,0,0,0,0,0,0,1,0,0,0,0,0,0,Matches
2049,Gabriel Paulista,br BRA,DF,Valencia,es La Liga,32,1990,18,16,"1,398",15.5,0,0,0,0,0,0,6,1,0,0,0,0,0,Matches
2050,Benjamin Pavard,fr FRA,DF,Inter,it Serie A,27,1996,23,21,"1,672",18.6,0,2,2,0,0,0,6,0,0,0.11,0.11,0,0.11,Matches
Rk,Player,Nation,Pos,Squad,Comp,Age,Born,MP,Starts,Min,90s,Gls,Ast,G+A,G-PK,PK,PKatt,CrdY,CrdR,Gls,Ast,G+A,G-PK,G+A-PK,Matches
2051,Jiří Pavlenka,cz CZE,GK,Werder Bremen,de Bundesliga,31,1992,7,7,630,7,0,0,0,0,0,0,0,0,0,0,0,0,0,Matches
2052,Aleksandar Pavlovic,de GER,MF,Bayern Munich,de Bundesliga,19,2004,19,14,"1,227",13.6,2,2,4,2,0,0,6,0,0.15,0.15,0.29,0.15,0.29,Matches
2053,Leonardo Pavoletti,it ITA,FW,Cagliari,it Serie A,34,1988,19,5,628,7,4,1,5,4,0,0,4,0,0.57,0.14,0.72,0.57,0.72,Matches
2054,Martín Payero,ar ARG,MF,Udinese,it Serie A,24,1998,29,21,"1,796",20,2,2,4,2,0,0,6,1,0.1,0.1,0.2,0.1,0.2,Matches
2055,Nicolás Paz,ar ARG,MF,Real Madrid,es La Liga,18,2004,4,0,23,0.3,0,0,0,0,0,0,0,0,0,0,0,0,0,Matches
2056,Myles Peart-Harris,eng ENG,MF,Brentford,eng Premier League,20,2002,3,0,13,0.1,0,0,0,0,0,0,0,0,0,0,0,0,0,Matches
2057,Sydie Peck,eng ENG,MF,Sheffield United,eng Premier League,18,2004,1,0,10,0.1,0,0,0,0,0,0,0,0,0,0,0,0,0,Matches
2058,Mads Pedersen,dk DEN,"DF,MF",Augsburg,de Bundesliga,26,1996,27,19,"1,786",19.8,1,1,2,1,0,0,5,1,0.05,0.05,0.1,0.05,0.1,Matches
2059,Marcus Pedersen,no NOR,DF,Sassuolo,it Serie A,23,2000,28,16,"1,613",17.9,0,2,2,0,0,0,4,0,0,0.11,0.11,0,0.11,Matches
2060,Alfonso Pedraza,es ESP,DF,Villarreal,es La Liga,27,1996,19,14,"1,116",12.4,1,3,4,1,0,0,4,1,0.08,0.24,0.32,0.08,0.32,Matches
2061,Pedri,es ESP,"MF,FW",Barcelona,es La Liga,20,2002,24,16,"1,476",16.4,4,2,6,4,0,0,3,0,0.24,0.12,0.37,0.24,0.37,Matches
2062,Pedro,es ESP,FW,Lazio,it Serie A,36,1987,33,5,816,9.1,1,1,2,1,0,0,4,0,0.11,0.11,0.22,0.11,0.22,Matches
2063,Adrià Pedrosa,es ESP,"DF,MF",Sevilla,es La Liga,25,1998,31,15,"1,753",19.5,1,4,5,1,0,0,1,0,0.05,0.21,0.26,0.05,0.26,Matches
2064,Jordan Pefok,us USA,FW,Gladbach,de Bundesliga,27,1996,25,18,"1,420",15.8,5,3,8,5,0,0,2,0,0.32,0.19,0.51,0.32,0.51,Matches
2065,Jordan Pefok,us USA,FW,Union Berlin,de Bundesliga,27,1996,1,0,27,0.3,0,0,0,0,0,0,0,0,0,0,0,0,0,Matches
2066,Dženan Pejčinović,de GER,FW,Wolfsburg,de Bundesliga,18,2005,4,0,37,0.4,0,0,0,0,0,0,1,0,0,0,0,0,0,Matches
2067,Pejiño,es ESP,"MF,FW",Las Palmas,es La Liga,27,1996,17,6,504,5.6,2,0,2,2,0,0,1,0,0.36,0,0.36,0.36,0.36,Matches
2068,Pietro Pellegri,it ITA,"FW,MF",Torino,it Serie A,22,2001,24,7,756,8.4,1,1,2,1,0,0,3,0,0.12,0.12,0.24,0.12,0.24,Matches
2069,Lorenzo Pellegrini,it ITA,MF,Roma,it Serie A,27,1996,29,20,"1,859",20.7,8,3,11,7,1,1,7,0,0.39,0.15,0.53,0.34,0.48,Matches
2070,Luca Pellegrini,it ITA,"DF,MF",Lazio,it Serie A,24,1999,19,8,786,8.7,1,0,1,1,0,0,7,1,0.11,0,0.11,0.11,0.11,Matches
2071,Marco Pellegrino,ar ARG,DF,Salernitana,it Serie A,21,2002,10,5,545,6.1,0,0,0,0,0,0,1,0,0,0,0,0,0,Matches
2072,Marco Pellegrino,ar ARG,DF,Milan,it Serie A,21,2002,1,0,68,0.8,0,0,0,0,0,0,0,0,0,0,0,0,0,Matches
2073,Facundo Pellistri,uy URU,MF,Manchester Utd,eng Premier League,21,2001,9,1,172,1.9,0,1,1,0,0,0,0,0,0,0.52,0.52,0,0.52,Matches
2074,Facundo Pellistri,uy URU,"MF,FW",Granada,es La Liga,21,2001,15,14,"1,232",13.7,2,1,3,2,0,0,2,1,0.15,0.07,0.22,0.15,0.22,Matches
2075,Andy Pelmard,mg MAD,DF,Clermont Foot,fr Ligue 1,23,2000,34,33,"2,989",33.2,0,0,0,0,0,0,1,0,0,0,0,0,0,Matches
Rk,Player,Nation,Pos,Squad,Comp,Age,Born,MP,Starts,Min,90s,Gls,Ast,G+A,G-PK,PK,PKatt,CrdY,CrdR,Gls,Ast,G+A,G-PK,G+A-PK,Matches
2076,Aurélien Pelon,fr FRA,DF,Lorient,fr Ligue 1,19,2004,1,1,90,1,0,0,0,0,0,0,1,0,0,0,0,0,0,Matches
2077,Faris Pemi Moumbagna,cm CMR,FW,Marseille,fr Ligue 1,23,2000,13,5,547,6.1,3,1,4,3,0,0,2,1,0.49,0.16,0.66,0.49,0.66,Matches
2078,Iñaki Peña,es ESP,GK,Barcelona,es La Liga,24,1999,10,10,900,10,0,0,0,0,0,0,0,0,0,0,0,0,0,Matches
2079,Marcos Peña,es ESP,MF,Almería,es La Liga,18,2005,7,4,441,4.9,0,0,0,0,0,0,3,0,0,0,0,0,0,Matches
2080,Rubén Peña,es ESP,"DF,MF",Osasuna,es La Liga,32,1991,29,26,"2,088",23.2,0,2,2,0,0,0,3,0,0,0.09,0.09,0,0.09,Matches
2081,Pepín,gq EQG,MF,Monza,it Serie A,26,1996,10,2,241,2.7,0,0,0,0,0,0,2,0,0,0,0,0,0,Matches
2082,Alberto Perea,es ESP,"FW,MF",Granada,es La Liga,32,1990,2,0,2,0,0,0,0,0,0,0,0,0,0,0,0,0,0,Matches
2083,Andreas Pereira,br BRA,MF,Fulham,eng Premier League,27,1996,37,34,"2,613",29,3,7,10,3,0,0,6,0,0.1,0.24,0.34,0.1,0.34,Matches
2084,Danilo Pereira,pt POR,DF,PSG,fr Ligue 1,31,1991,26,22,"1,995",22.2,0,0,0,0,0,0,2,0,0,0,0,0,0,Matches
2085,Mathias Pereira Lage,pt POR,"MF,FW",Brest,fr Ligue 1,26,1996,30,12,"1,187",13.2,3,2,5,3,0,0,3,0,0.23,0.15,0.38,0.23,0.38,Matches
2086,Pedro Pereira,pt POR,"MF,DF",Monza,it Serie A,25,1998,23,9,841,9.3,0,2,2,0,0,0,3,0,0,0.21,0.21,0,0.21,Matches
2087,Daniel Peretz,il ISR,GK,Bayern Munich,de Bundesliga,23,2000,1,0,17,0.2,0,0,0,0,0,0,0,0,0,0,0,0,0,Matches
2088,Roberto Pereyra,ar ARG,"FW,MF",Udinese,it Serie A,32,1991,27,22,"1,858",20.6,4,3,7,3,1,1,6,0,0.19,0.15,0.34,0.15,0.29,Matches
2089,Ayoze Pérez,es ESP,"MF,FW",Real Betis,es La Liga,30,1993,31,29,"2,294",25.5,9,1,10,9,0,0,4,0,0.35,0.04,0.39,0.35,0.39,Matches
2090,Carles Pérez,es ESP,MF,Celta Vigo,es La Liga,25,1998,16,7,772,8.6,1,1,2,1,0,0,3,0,0.12,0.12,0.23,0.12,0.23,Matches
2091,Francisco Perez,es ESP,MF,Valencia,es La Liga,20,2002,32,27,"2,049",22.8,1,4,5,1,0,0,4,0,0.04,0.18,0.22,0.04,0.22,Matches
2092,Kike Pérez,es ESP,"MF,FW",Rayo Vallecano,es La Liga,26,1997,24,9,835,9.3,1,0,1,1,0,0,7,0,0.11,0,0.11,0.11,0.11,Matches
2093,Nehuén Pérez,ar ARG,DF,Udinese,it Serie A,23,2000,36,36,"3,238",36,0,0,0,0,0,0,9,1,0,0,0,0,0,Matches
2094,Matteo Perez Vinlöf,se SWE,DF,Bayern Munich,de Bundesliga,17,2005,1,0,16,0.2,0,0,0,0,0,0,0,0,0,0,0,0,0,Matches
2095,Simone Perilli,it ITA,GK,Hellas Verona,it Serie A,28,1995,1,1,90,1,0,0,0,0,0,0,0,0,0,0,0,0,0,Matches
2096,Mattia Perin,it ITA,GK,Juventus,it Serie A,30,1992,3,3,225,2.5,0,0,0,0,0,0,0,0,0,0,0,0,0,Matches
2097,Samuele Perisan,it ITA,GK,Empoli,it Serie A,25,1997,1,1,90,1,0,0,0,0,0,0,0,0,0,0,0,0,0,Matches
2098,Ivan Perišić,hr CRO,"FW,MF",Tottenham,eng Premier League,34,1989,5,0,103,1.1,0,1,1,0,0,0,2,0,0,0.87,0.87,0,0.87,Matches
2099,Romain Perraud,fr FRA,DF,Nice,fr Ligue 1,25,1997,19,2,370,4.1,0,1,1,0,0,0,2,0,0,0.24,0.24,0,0.24,Matches
2100,Lucas Perrin,fr FRA,DF,Strasbourg,fr Ligue 1,24,1998,31,30,"2,723",30.3,0,1,1,0,0,0,3,0,0,0.03,0.03,0,0.03,Matches
Rk,Player,Nation,Pos,Squad,Comp,Age,Born,MP,Starts,Min,90s,Gls,Ast,G+A,G-PK,PK,PKatt,CrdY,CrdR,Gls,Ast,G+A,G-PK,G+A-PK,Matches
2101,Máximo Perrone,ar ARG,MF,Las Palmas,es La Liga,20,2003,29,20,"1,623",18,0,0,0,0,0,0,6,0,0,0,0,0,0,Matches
2102,Pavao Pervan,at AUT,GK,Wolfsburg,de Bundesliga,35,1987,9,9,810,9,0,0,0,0,0,0,1,0,0,0,0,0,0,Matches
2103,Matteo Pessina,it ITA,MF,Monza,it Serie A,26,1997,37,37,"3,222",35.8,6,3,9,2,4,5,5,1,0.17,0.08,0.25,0.06,0.14,Matches
2104,Andrea Petagna,it ITA,FW,Cagliari,it Serie A,28,1995,18,13,995,11.1,1,1,2,1,0,0,2,0,0.09,0.09,0.18,0.09,0.18,Matches
2105,Denis Petrić,rs SRB,GK,Nantes,fr Ligue 1,35,1988,1,0,24,0.3,0,0,0,0,0,0,0,0,0,0,0,0,0,Matches
2106,Njegoš Petrović,rs SRB,MF,Granada,es La Liga,24,1999,10,0,157,1.7,0,0,0,0,0,0,0,0,0,0,0,0,0,Matches
2107,Đorđe Petrović,rs SRB,GK,Chelsea,eng Premier League,23,1999,23,22,"1,987",22.1,0,0,0,0,0,0,2,0,0,0,0,0,0,Matches
2108,Jens Petter Hauge,no NOR,"DF,FW",Frankfurt,de Bundesliga,23,1999,10,0,147,1.6,0,0,0,0,0,0,0,0,0,0,0,0,0,Matches
2109,Germán Pezzella,ar ARG,DF,Real Betis,es La Liga,32,1991,32,32,"2,767",30.7,1,0,1,1,0,0,7,0,0.03,0,0.03,0.03,0.03,Matches
2110,Giuseppe Pezzella,it ITA,"MF,DF",Empoli,it Serie A,25,1997,19,14,"1,085",12.1,0,0,0,0,0,0,4,0,0,0,0,0,0,Matches
2111,Luca Pfeiffer,de GER,"FW,MF",Darmstadt 98,de Bundesliga,26,1996,24,20,"1,619",18,1,4,5,1,0,0,3,0,0.06,0.22,0.28,0.06,0.28,Matches
2112,Patric Pfeiffer,gh GHA,DF,Augsburg,de Bundesliga,23,1999,11,4,511,5.7,0,1,1,0,0,0,0,0,0,0.18,0.18,0,0.18,Matches
2113,Maximilian Philipp,de GER,FW,Freiburg,de Bundesliga,29,1994,17,1,323,3.6,1,0,1,1,0,0,2,0,0.28,0,0.28,0.28,0.28,Matches
2114,Kalvin Phillips,eng ENG,MF,West Ham,eng Premier League,27,1995,8,3,309,3.4,0,0,0,0,0,0,3,1,0,0,0,0,0,Matches
2115,Kalvin Phillips,eng ENG,"DF,MF",Manchester City,eng Premier League,27,1995,4,0,93,1,0,0,0,0,0,0,0,0,0,0,0,0,0,Matches
2116,Jaden Philogene Bidace,eng ENG,"FW,MF",Aston Villa,eng Premier League,21,2002,1,0,4,0,0,0,0,0,0,0,0,0,0,0,0,0,0,Matches
2117,Kamil Piątkowski,pl POL,DF,Granada,es La Liga,23,2000,9,6,505,5.6,0,0,0,0,0,0,1,1,0,0,0,0,0,Matches
2118,Roberto Piccoli,it ITA,FW,Empoli,it Serie A,22,2001,2,0,39,0.4,0,0,0,0,0,0,0,0,0,0,0,0,0,Matches
2119,Roberto Piccoli,it ITA,FW,Lecce,it Serie A,22,2001,35,12,"1,378",15.3,5,0,5,4,1,1,5,0,0.33,0,0.33,0.26,0.26,Matches
2120,Florian Pick,de GER,MF,Heidenheim,de Bundesliga,27,1995,22,1,327,3.6,0,1,1,0,0,0,2,0,0,0.28,0.28,0,0.28,Matches
2121,Jordan Pickford,eng ENG,GK,Everton,eng Premier League,29,1994,38,38,"3,420",38,0,0,0,0,0,0,5,0,0,0,0,0,0,Matches
2122,Amos Pieper,de GER,DF,Werder Bremen,de Bundesliga,25,1998,7,7,590,6.6,0,0,0,0,0,0,0,0,0,0,0,0,0,Matches
2123,Marvin Pieringer,de GER,"FW,MF",Heidenheim,de Bundesliga,23,1999,31,18,"1,513",16.8,3,3,6,3,0,0,5,0,0.18,0.18,0.36,0.18,0.36,Matches
2124,Santiago Pierotti,ar ARG,"FW,MF",Lecce,it Serie A,22,2001,11,0,200,2.2,0,2,2,0,0,0,0,0,0,0.9,0.9,0,0.9,Matches
2125,Niccolò Pierozzi,it ITA,DF,Salernitana,it Serie A,21,2001,12,11,871,9.7,1,0,1,1,0,0,6,0,0.1,0,0.1,0.1,0.1,Matches
Rk,Player,Nation,Pos,Squad,Comp,Age,Born,MP,Starts,Min,90s,Gls,Ast,G+A,G-PK,PK,PKatt,CrdY,CrdR,Gls,Ast,G+A,G-PK,G+A-PK,Matches
2126,Ronaël Pierre-Gabriel,fr FRA,"DF,MF",Nantes,fr Ligue 1,25,1998,12,6,598,6.6,0,0,0,0,0,0,3,0,0,0,0,0,0,Matches
2127,Andrea Pinamonti,it ITA,FW,Sassuolo,it Serie A,24,1999,38,37,"3,076",34.2,11,1,12,9,2,3,4,0,0.32,0.03,0.35,0.26,0.29,Matches
2128,Ethan Pinnock,jm JAM,DF,Brentford,eng Premier League,30,1993,29,28,"2,521",28,2,0,2,2,0,0,1,0,0.07,0,0.07,0.07,0.07,Matches
2129,Yéremy Pino,es ESP,"MF,FW",Villarreal,es La Liga,20,2002,7,7,475,5.3,0,0,0,0,0,0,4,0,0,0,0,0,0,Matches
2130,Carlo Pinsoglio,it ITA,GK,Juventus,it Serie A,33,1990,1,0,45,0.5,0,0,0,0,0,0,0,0,0,0,0,0,0,Matches
2131,Lorenzo Pirola,it ITA,DF,Salernitana,it Serie A,21,2002,27,24,"1,987",22.1,1,0,1,1,0,0,4,0,0.05,0,0.05,0.05,0.05,Matches
2132,Niccolò Pisilli,it ITA,MF,Roma,it Serie A,18,2004,1,0,10,0.1,0,0,0,0,0,0,0,0,0,0,0,0,0,Matches
2133,Alassane Pléa,fr FRA,"FW,MF",Gladbach,de Bundesliga,30,1993,27,24,"1,913",21.3,7,4,11,6,1,1,1,0,0.33,0.19,0.52,0.28,0.47,Matches
2134,Tommaso Pobega,it ITA,"MF,DF",Milan,it Serie A,24,1999,11,3,319,3.5,0,0,0,0,0,0,0,0,0,0,0,0,0,Matches
2135,Paul Pogba,fr FRA,MF,Juventus,it Serie A,30,1993,2,0,54,0.6,0,0,0,0,0,0,0,0,0,0,0,0,0,Matches
2136,Ole Pohlmann,de GER,"FW,MF",Dortmund,de Bundesliga,22,2001,2,0,54,0.6,0,0,0,0,0,0,0,0,0,0,0,0,0,Matches
2137,Matteo Politano,it ITA,FW,Napoli,it Serie A,29,1993,37,31,"2,360",26.2,8,7,15,6,2,3,2,1,0.31,0.27,0.57,0.23,0.5,Matches
2138,Sebastian Polter,de GER,FW,Darmstadt 98,de Bundesliga,32,1991,9,4,446,5,0,1,1,0,0,0,0,0,0,0.2,0.2,0,0.2,Matches
2139,Julien Ponceau,fr FRA,MF,Lorient,fr Ligue 1,22,2000,32,27,"2,244",24.9,3,2,5,3,0,0,5,0,0.12,0.08,0.2,0.12,0.2,Matches
2140,Marin Pongračić,hr CRO,DF,Lecce,it Serie A,25,1997,36,36,"3,219",35.8,0,0,0,0,0,0,10,1,0,0,0,0,0,Matches
2141,Nick Pope,eng ENG,GK,Newcastle,eng Premier League,31,1992,15,15,"1,345",14.9,0,0,0,0,0,0,1,0,0,0,0,0,0,Matches
2142,Pedro Porro,es ESP,DF,Tottenham,eng Premier League,23,1999,35,35,"3,089",34.3,3,7,10,3,0,0,3,0,0.09,0.2,0.29,0.09,0.29,Matches
2143,Portu,es ESP,"FW,MF",Getafe,es La Liga,31,1992,3,0,97,1.1,0,0,0,0,0,0,1,0,0,0,0,0,0,Matches
2144,Portu,es ESP,"MF,FW",Girona,es La Liga,31,1992,33,11,"1,188",13.2,7,5,12,7,0,0,3,0,0.53,0.38,0.91,0.53,0.91,Matches
2145,Stefan Posch,at AUT,DF,Bologna,it Serie A,26,1997,31,29,"2,409",26.8,1,2,3,1,0,0,7,0,0.04,0.07,0.11,0.04,0.11,Matches
2146,Yussuf Poulsen,dk DEN,FW,RB Leipzig,de Bundesliga,29,1994,28,12,"1,217",13.5,5,2,7,5,0,0,0,0,0.37,0.15,0.52,0.37,0.52,Matches
2147,José Pozo,es ESP,"FW,MF",Rayo Vallecano,es La Liga,27,1996,2,0,19,0.2,0,0,0,0,0,0,0,0,0,0,0,0,0,Matches
2148,Alejandro Pozo Pozo,es ESP,"DF,MF",Almería,es La Liga,24,1999,21,9,976,10.8,0,0,0,0,0,0,3,0,0,0,0,0,0,Matches
2149,Beñat Prados,es ESP,MF,Athletic Club,es La Liga,22,2001,26,16,"1,449",16.1,0,0,0,0,0,0,1,0,0,0,0,0,0,Matches
2150,Matteo Prati,it ITA,MF,Cagliari,it Serie A,19,2003,26,19,"1,972",21.9,1,1,2,1,0,0,4,0,0.05,0.05,0.09,0.05,0.09,Matches
Rk,Player,Nation,Pos,Squad,Comp,Age,Born,MP,Starts,Min,90s,Gls,Ast,G+A,G-PK,PK,PKatt,CrdY,CrdR,Gls,Ast,G+A,G-PK,G+A-PK,Matches
2151,Abdón Prats,es ESP,FW,Mallorca,es La Liga,30,1992,34,11,"1,270",14.1,6,1,7,6,0,0,4,0,0.43,0.07,0.5,0.43,0.5,Matches
2152,Sanjin Prcić,ba BIH,MF,Strasbourg,fr Ligue 1,29,1993,3,1,88,1,0,0,0,0,0,0,0,0,0,0,0,0,0,Matches
2153,Grischa Prömel,de GER,MF,Hoffenheim,de Bundesliga,28,1995,28,27,"2,139",23.8,4,5,9,4,0,0,10,1,0.17,0.21,0.38,0.17,0.38,Matches
2154,Ivan Provedel,it ITA,GK,Lazio,it Serie A,29,1994,30,30,"2,699",30,0,0,0,0,0,0,0,0,0,0,0,0,0,Matches
2155,Marc Pubill,es ESP,DF,Almería,es La Liga,20,2003,23,22,"1,883",20.9,1,3,4,1,0,0,2,0,0.05,0.14,0.19,0.05,0.19,Matches
2156,Gustavo Puerta,co COL,MF,Leverkusen,de Bundesliga,20,2003,7,0,46,0.5,0,0,0,0,0,0,0,0,0,0,0,0,0,Matches
2157,Antonio Puertas,es ESP,"MF,FW",Granada,es La Liga,31,1992,27,6,730,8.1,0,2,2,0,0,2,3,1,0,0.25,0.25,0,0.25,Matches
2158,Arnau Puigmal,es ESP,"MF,DF",Almería,es La Liga,22,2001,11,3,255,2.8,0,0,0,0,0,0,3,0,0,0,0,0,0,Matches
2159,Christian Pulisic,us USA,"MF,FW",Milan,it Serie A,24,1998,36,32,"2,602",28.9,12,8,20,12,0,0,2,0,0.42,0.28,0.69,0.42,0.69,Matches
2160,George Pușcaș,ro ROU,FW,Genoa,it Serie A,27,1996,8,1,191,2.1,0,0,0,0,0,0,0,0,0,0,0,0,0,Matches
2161,Jarell Quansah,eng ENG,DF,Liverpool,eng Premier League,20,2003,17,13,"1,190",13.2,2,0,2,2,0,0,1,0,0.15,0,0.15,0.15,0.15,Matches
2162,Domingos Quina,pt POR,MF,Udinese,it Serie A,23,1999,2,0,13,0.1,0,0,0,0,0,0,0,0,0,0,0,0,0,Matches
2163,Adrien Rabiot,fr FRA,MF,Juventus,it Serie A,28,1995,31,30,"2,651",29.5,5,3,8,5,0,0,8,0,0.17,0.1,0.27,0.17,0.27,Matches
2164,Uroš Račić,rs SRB,MF,Sassuolo,it Serie A,25,1998,22,8,820,9.1,1,1,2,1,0,0,1,0,0.11,0.11,0.22,0.11,0.22,Matches
2165,Nemanja Radonjić,rs SRB,MF,Torino,it Serie A,27,1996,10,4,374,4.2,3,0,3,3,0,0,1,0,0.72,0,0.72,0.72,0.72,Matches
2166,Nemanja Radonjić,rs SRB,MF,Mallorca,es La Liga,27,1996,11,4,353,3.9,0,0,0,0,0,0,0,0,0,0,0,0,0,Matches
2167,Aleksandar Radovanović,rs SRB,DF,Almería,es La Liga,29,1993,9,8,569,6.3,0,0,0,0,0,0,2,0,0,0,0,0,0,Matches
2168,Ionuț Radu,ro ROU,GK,Bournemouth,eng Premier League,26,1997,2,2,180,2,0,0,0,0,0,0,0,0,0,0,0,0,0,Matches
2169,Boris Radunović,rs SRB,GK,Cagliari,it Serie A,27,1996,7,7,630,7,0,0,0,0,0,0,0,0,0,0,0,0,0,Matches
2170,Hamza Rafia,tn TUN,MF,Lecce,it Serie A,24,1999,28,17,"1,204",13.4,1,0,1,1,0,0,4,0,0.07,0,0.07,0.07,0.07,Matches
2171,Abdellah Raihani,ma MAR,FW,Atlético Madrid,es La Liga,19,2004,1,0,10,0.1,0,0,0,0,0,0,0,0,0,0,0,0,0,Matches
2172,Antonio Raillo,es ESP,DF,Mallorca,es La Liga,31,1991,26,25,"2,195",24.4,3,2,5,3,0,0,6,1,0.12,0.08,0.21,0.12,0.21,Matches
2173,Luca Raimund,de GER,MF,Stuttgart,de Bundesliga,18,2005,3,0,30,0.3,0,0,0,0,0,0,1,0,0,0,0,0,0,Matches
2174,Predrag Rajković,rs SRB,GK,Mallorca,es La Liga,27,1995,36,36,"3,240",36,0,0,0,0,0,0,2,0,0,0,0,0,0,Matches
2175,Jesurun Rak Sakyi,gh GHA,"FW,MF",Crystal Palace,eng Premier League,20,2002,6,0,136,1.5,0,0,0,0,0,0,0,0,0,0,0,0,0,Matches
Rk,Player,Nation,Pos,Squad,Comp,Age,Born,MP,Starts,Min,90s,Gls,Ast,G+A,G-PK,PK,PKatt,CrdY,CrdR,Gls,Ast,G+A,G-PK,G+A-PK,Matches
2176,Ivan Rakitić,hr CRO,MF,Sevilla,es La Liga,35,1988,18,16,"1,425",15.8,2,1,3,2,0,0,6,0,0.13,0.06,0.19,0.13,0.19,Matches
2177,Ylber Ramadani,al ALB,MF,Lecce,it Serie A,27,1996,34,34,"2,970",33,1,0,1,1,0,0,13,0,0.03,0,0.03,0.03,0.03,Matches
2178,Largie Ramazani,be BEL,"MF,FW",Almería,es La Liga,22,2001,29,16,"1,555",17.3,3,5,8,3,0,0,11,2,0.17,0.29,0.46,0.17,0.46,Matches
2179,Benito Ramírez,es ESP,MF,Las Palmas,es La Liga,28,1995,20,2,384,4.3,1,1,2,1,0,0,0,0,0.23,0.23,0.47,0.23,0.47,Matches
2180,Sandro Ramírez,es ESP,"FW,MF",Las Palmas,es La Liga,28,1995,27,21,"1,808",20.1,1,3,4,1,0,1,3,0,0.05,0.15,0.2,0.05,0.2,Matches
2181,Chris Ramos,es ESP,FW,Cádiz,es La Liga,26,1997,37,30,"2,612",29,5,1,6,5,0,0,5,0,0.17,0.03,0.21,0.17,0.21,Matches
2182,Gonçalo Ramos,pt POR,FW,PSG,fr Ligue 1,22,2001,29,16,"1,419",15.8,11,1,12,10,1,1,1,0,0.7,0.06,0.76,0.63,0.7,Matches
2183,Sergio Ramos,es ESP,DF,Sevilla,es La Liga,37,1986,28,28,"2,517",28,3,0,3,3,0,0,7,1,0.11,0,0.11,0.11,0.11,Matches
2184,Aaron Ramsdale,eng ENG,GK,Arsenal,eng Premier League,25,1998,6,6,540,6,0,0,0,0,0,0,0,0,0,0,0,0,0,Matches
2185,Aaron Ramsey,eng ENG,MF,Burnley,eng Premier League,20,2003,14,5,527,5.9,0,0,0,0,0,0,1,0,0,0,0,0,0,Matches
2186,Jacob Ramsey,eng ENG,MF,Aston Villa,eng Premier League,22,2001,16,8,853,9.5,1,1,2,1,0,0,2,0,0.11,0.11,0.21,0.11,0.21,Matches
2187,Luca Ranieri,it ITA,DF,Fiorentina,it Serie A,24,1999,26,23,"2,065",22.9,2,1,3,2,0,0,14,0,0.09,0.04,0.13,0.09,0.13,Matches
2188,Filippo Ranocchia,it ITA,MF,Empoli,it Serie A,22,2001,9,5,476,5.3,0,0,0,0,0,0,3,0,0,0,0,0,0,Matches
2189,Grant Ranos,am ARM,FW,Gladbach,de Bundesliga,20,2003,9,0,49,0.5,0,0,0,0,0,0,0,0,0,0,0,0,0,Matches
2190,Raphinha,br BRA,"FW,MF",Barcelona,es La Liga,26,1996,28,17,"1,368",15.2,6,9,15,5,1,1,4,1,0.39,0.59,0.99,0.33,0.92,Matches
2191,Nicolai Rapp,de GER,DF,Werder Bremen,de Bundesliga,26,1996,2,1,76,0.8,0,0,0,0,0,0,1,0,0,0,0,0,0,Matches
2192,Elba Rashani,xk KVX,"MF,FW",Clermont Foot,fr Ligue 1,30,1993,24,14,"1,175",13.1,2,0,2,2,0,0,4,2,0.15,0,0.15,0.15,0.15,Matches
2193,Marcus Rashford,eng ENG,"MF,FW",Manchester Utd,eng Premier League,25,1997,33,26,"2,271",25.2,7,2,9,5,2,2,2,0,0.28,0.08,0.36,0.2,0.28,Matches
2194,Giacomo Raspadori,it ITA,FW,Napoli,it Serie A,23,2000,37,14,"1,584",17.6,5,3,8,5,0,1,0,0,0.28,0.17,0.45,0.28,0.45,Matches
2195,Andrei Ratiu,ro ROU,"DF,MF",Rayo Vallecano,es La Liga,25,1998,12,6,630,7,0,0,0,0,0,0,1,0,0,0,0,0,0,Matches
2196,Raúl,es ESP,FW,Osasuna,es La Liga,22,2000,35,13,"1,355",15.1,6,1,7,6,0,0,4,0,0.4,0.07,0.46,0.4,0.46,Matches
2197,David Raum,de GER,DF,RB Leipzig,de Bundesliga,25,1998,31,31,"2,739",30.4,2,8,10,2,0,0,6,0,0.07,0.26,0.33,0.07,0.33,Matches
2198,Federico Ravaglia,it ITA,GK,Bologna,it Serie A,23,1999,6,6,535,5.9,0,0,0,0,0,0,0,0,0,0,0,0,0,Matches
2199,David Raya,es ESP,GK,Arsenal,eng Premier League,27,1995,32,32,"2,880",32,0,0,0,0,0,0,2,0,0,0,0,0,0,Matches
2200,Tim Ream,us USA,DF,Fulham,eng Premier League,35,1987,18,17,"1,503",16.7,1,0,1,1,0,0,4,1,0.06,0,0.06,0.06,0.06,Matches
Rk,Player,Nation,Pos,Squad,Comp,Age,Born,MP,Starts,Min,90s,Gls,Ast,G+A,G-PK,PK,PKatt,CrdY,CrdR,Gls,Ast,G+A,G-PK,G+A-PK,Matches
2201,Abde Rebbach,dz ALG,MF,Alavés,es La Liga,24,1998,23,6,722,8,1,0,1,1,0,0,1,0,0.12,0,0.12,0.12,0.12,Matches
2202,Nathan Redmond,eng ENG,"FW,MF",Burnley,eng Premier League,29,1994,12,0,142,1.6,0,0,0,0,0,0,1,0,0,0,0,0,0,Matches
2203,Harrison Reed,eng ENG,MF,Fulham,eng Premier League,28,1995,27,15,"1,325",14.7,0,2,2,0,0,0,6,0,0,0.14,0.14,0,0.14,Matches
2204,Sergio Reguilón,es ESP,DF,Manchester Utd,eng Premier League,26,1996,9,4,412,4.6,0,0,0,0,0,0,3,0,0,0,0,0,0,Matches
2205,Sergio Reguilón,es ESP,"MF,DF",Brentford,eng Premier League,26,1996,16,14,"1,118",12.4,0,4,4,0,0,0,4,1,0,0.32,0.32,0,0.32,Matches
2206,Tijjani Reijnders,nl NED,MF,Milan,it Serie A,25,1998,36,33,"2,820",31.3,3,3,6,3,0,0,8,0,0.1,0.1,0.19,0.1,0.19,Matches
2207,Pepe Reina,es ESP,GK,Villarreal,es La Liga,40,1982,2,2,180,2,0,0,0,0,0,0,2,1,0,0,0,0,0,Matches
2208,Reinier,br BRA,"MF,FW",Frosinone,it Serie A,21,2002,22,13,"1,059",11.8,2,2,4,2,0,0,3,0,0.17,0.17,0.34,0.17,0.34,Matches
2209,Rocco Reitz,de GER,MF,Gladbach,de Bundesliga,21,2002,34,24,"2,136",23.7,6,3,9,6,0,0,2,0,0.25,0.13,0.38,0.25,0.38,Matches
2210,Álex Remiro,es ESP,GK,Real Sociedad,es La Liga,28,1995,37,37,"3,275",36.4,0,0,0,0,0,0,3,1,0,0,0,0,0,Matches
2211,Guillaume Restes,fr FRA,GK,Toulouse,fr Ligue 1,18,2005,34,34,"3,060",34,0,0,0,0,0,0,3,0,0,0,0,0,0,Matches
2212,Mateo Retegui,it ITA,FW,Genoa,it Serie A,24,1999,29,26,"2,216",24.6,7,2,9,6,1,1,5,0,0.28,0.08,0.37,0.24,0.32,Matches
2213,Marco Reus,de GER,MF,Dortmund,de Bundesliga,34,1989,26,18,"1,601",17.8,6,8,14,6,0,0,2,0,0.34,0.45,0.79,0.34,0.79,Matches
2214,Elvis Rexhbeçaj,xk KVX,MF,Augsburg,de Bundesliga,25,1997,25,24,"1,985",22.1,2,0,2,1,1,1,4,0,0.09,0,0.09,0.05,0.05,Matches
2215,Gio Reyna,us USA,MF,Dortmund,de Bundesliga,20,2002,11,1,280,3.1,0,0,0,0,0,0,1,0,0,0,0,0,0,Matches
2216,Gio Reyna,us USA,MF,Nottingham,eng Premier League,20,2002,9,2,235,2.6,0,1,1,0,0,0,0,0,0,0.38,0.38,0,0.38,Matches
2217,Chadi Riad,ma MAR,DF,Real Betis,es La Liga,20,2003,26,24,"2,164",24,0,0,0,0,0,0,1,0,0,0,0,0,0,Matches
2218,Alexsandro Ribeiro,br BRA,DF,Lille,fr Ligue 1,23,1999,29,24,"2,220",24.7,0,0,0,0,0,0,6,1,0,0,0,0,0,Matches
2219,Rodrigo Ribeiro,pt POR,FW,Nottingham,eng Premier League,18,2005,4,0,17,0.2,0,0,0,0,0,0,0,0,0,0,0,0,0,Matches
2220,Samuele Ricci,it ITA,MF,Torino,it Serie A,21,2001,32,28,"2,395",26.6,1,2,3,1,0,0,8,1,0.04,0.08,0.11,0.04,0.11,Matches
2221,Declan Rice,eng ENG,MF,Arsenal,eng Premier League,24,1999,38,37,"3,225",35.8,7,8,15,7,0,0,5,0,0.2,0.22,0.42,0.2,0.42,Matches
2222,Chris Richards,us USA,"DF,MF",Crystal Palace,eng Premier League,23,2000,26,23,"2,094",23.3,1,1,2,1,0,0,3,0,0.04,0.04,0.09,0.04,0.09,Matches
2223,Amir Richardson,ma MAR,MF,Reims,fr Ligue 1,21,2002,28,14,"1,352",15,3,1,4,3,0,0,4,0,0.2,0.07,0.27,0.2,0.27,Matches
2224,Richarlison,br BRA,"FW,MF",Tottenham,eng Premier League,26,1997,28,18,"1,491",16.6,11,4,15,11,0,0,3,0,0.66,0.24,0.91,0.66,0.91,Matches
2225,Marco Richter,de GER,MF,Mainz 05,de Bundesliga,25,1997,20,7,717,8,1,0,1,1,0,0,3,0,0.13,0,0.13,0.13,0.13,Matches
Rk,Player,Nation,Pos,Squad,Comp,Age,Born,MP,Starts,Min,90s,Gls,Ast,G+A,G-PK,PK,PKatt,CrdY,CrdR,Gls,Ast,G+A,G-PK,G+A-PK,Matches
2226,Diego Rico,es ESP,DF,Getafe,es La Liga,30,1993,32,28,"2,535",28.2,0,7,7,0,0,0,10,0,0,0.25,0.25,0,0.25,Matches
2227,Clemens Riedel,de GER,"DF,MF",Darmstadt 98,de Bundesliga,20,2003,14,9,755,8.4,0,0,0,0,0,0,2,0,0,0,0,0,0,Matches
2228,Fabian Rieder,ch SUI,MF,Rennes,fr Ligue 1,21,2002,15,2,365,4.1,1,0,1,1,0,0,0,0,0.25,0,0.25,0.25,0.25,Matches
2229,Jaïro Riedewald,nl NED,MF,Crystal Palace,eng Premier League,26,1996,9,2,235,2.6,0,0,0,0,0,0,0,0,0,0,0,0,0,Matches
2230,Manuel Riemann,de GER,GK,Bochum,de Bundesliga,34,1988,33,33,"2,970",33,0,0,0,0,0,0,5,0,0,0,0,0,0,Matches
2231,Luis Rioja,es ESP,MF,Alavés,es La Liga,29,1993,37,31,"2,498",27.8,5,4,9,2,3,4,4,0,0.18,0.14,0.32,0.07,0.22,Matches
2232,Rémy Riou,fr FRA,GK,Lyon,fr Ligue 1,35,1987,3,3,270,3,0,0,0,0,0,0,0,0,0,0,0,0,0,Matches
2233,Rodrigo Riquelme,es ESP,"MF,DF",Atlético Madrid,es La Liga,23,2000,34,17,"1,528",17,3,5,8,3,0,0,1,0,0.18,0.29,0.47,0.18,0.47,Matches
2234,Alberto Risco,es ESP,MF,Getafe,es La Liga,17,2005,4,1,137,1.5,0,0,0,0,0,0,0,0,0,0,0,0,0,Matches
2235,Mihailo Ristić,rs SRB,"DF,MF",Celta Vigo,es La Liga,27,1995,12,9,808,9,0,0,0,0,0,0,2,0,0,0,0,0,0,Matches
2236,Matt Ritchie,sct SCO,"DF,MF",Newcastle,eng Premier League,33,1989,13,0,128,1.4,1,0,1,1,0,0,1,0,0.7,0,0.7,0.7,0.7,Matches
2237,Gorka Rivera Alonso,es ESP,DF,Getafe,es La Liga,18,2004,1,0,3,0,0,0,0,0,0,0,0,0,0,0,0,0,0,Matches
2238,Sergi Roberto,es ESP,"MF,DF",Barcelona,es La Liga,31,1992,14,10,860,9.6,3,2,5,3,0,0,4,0,0.31,0.21,0.52,0.31,0.52,Matches
2239,Lucas Robertone,ar ARG,MF,Almería,es La Liga,26,1997,33,29,"2,381",26.5,0,5,5,0,0,0,11,0,0,0.19,0.19,0,0.19,Matches
2240,Connor Roberts,wls WAL,DF,Burnley,eng Premier League,27,1995,14,8,823,9.1,0,1,1,0,0,0,5,1,0,0.11,0.11,0,0.11,Matches
2241,Andy Robertson,sct SCO,DF,Liverpool,eng Premier League,29,1994,23,18,"1,693",18.8,3,2,5,3,0,0,2,0,0.16,0.11,0.27,0.16,0.27,Matches
2242,Antonee Robinson,us USA,DF,Fulham,eng Premier League,25,1997,37,37,"3,265",36.3,0,6,6,0,0,0,6,0,0,0.17,0.17,0,0.17,Matches
2243,Jack Robinson,eng ENG,DF,Sheffield United,eng Premier League,29,1993,34,31,"2,885",32.1,1,1,2,1,0,0,10,0,0.03,0.03,0.06,0.03,0.06,Matches
2244,Marc Roca,es ESP,MF,Real Betis,es La Liga,26,1996,26,24,"1,980",22,2,2,4,2,0,0,5,0,0.09,0.09,0.18,0.09,0.18,Matches
2245,Sebastian Rode,de GER,MF,Frankfurt,de Bundesliga,32,1990,8,1,61,0.7,0,0,0,0,0,0,0,0,0,0,0,0,0,Matches
2246,Sergio Rodelas,es ESP,"MF,FW",Granada,es La Liga,18,2004,3,2,122,1.4,0,1,1,0,0,0,0,0,0,0.74,0.74,0,0.74,Matches
2247,Rodri,es ESP,"MF,DF",Manchester City,eng Premier League,27,1996,34,34,"2,931",32.6,8,9,17,8,0,0,8,1,0.25,0.28,0.52,0.25,0.52,Matches
2248,Rodri,es ESP,MF,Real Betis,es La Liga,23,2000,29,9,"1,051",11.7,0,0,0,0,0,0,0,0,0,0,0,0,0,Matches
2249,Álvaro Rodríguez,uy URU,FW,Real Madrid,es La Liga,19,2004,1,0,1,0,0,0,0,0,0,0,0,0,0,0,0,0,0,Matches
2250,Óscar Rodríguez Arnaiz,es ESP,"MF,FW",Getafe,es La Liga,25,1998,24,9,967,10.7,2,1,3,2,0,0,9,0,0.19,0.09,0.28,0.19,0.28,Matches
Rk,Player,Nation,Pos,Squad,Comp,Age,Born,MP,Starts,Min,90s,Gls,Ast,G+A,G-PK,PK,PKatt,CrdY,CrdR,Gls,Ast,G+A,G-PK,G+A-PK,Matches
2251,Damián Rodríguez,es ESP,MF,Celta Vigo,es La Liga,20,2003,5,3,258,2.9,0,2,2,0,0,0,1,0,0,0.7,0.7,0,0.7,Matches
2252,Dani Rodríguez,es ESP,MF,Mallorca,es La Liga,35,1988,36,31,"2,615",29.1,2,4,6,2,0,0,9,0,0.07,0.14,0.21,0.07,0.21,Matches
2253,Guido Rodríguez,ar ARG,MF,Real Betis,es La Liga,29,1994,24,22,"1,846",20.5,2,0,2,2,0,0,6,0,0.1,0,0.1,0.1,0.1,Matches
2254,Jay Rodriguez,eng ENG,FW,Burnley,eng Premier League,34,1989,21,7,822,9.1,2,1,3,1,1,1,0,0,0.22,0.11,0.33,0.11,0.22,Matches
2255,Kirian Rodríguez,es ESP,MF,Las Palmas,es La Liga,27,1996,37,36,"3,211",35.7,6,2,8,6,0,0,8,0,0.17,0.06,0.22,0.17,0.22,Matches
2256,Miguel Rodríguez,es ESP,MF,Celta Vigo,es La Liga,20,2003,15,2,300,3.3,0,0,0,0,0,0,2,0,0,0,0,0,0,Matches
2257,Ricardo Rodríguez,ch SUI,"DF,MF",Torino,it Serie A,30,1992,35,34,"2,772",30.8,1,2,3,1,0,0,4,0,0.03,0.06,0.1,0.03,0.1,Matches
2258,Rodrygo,br BRA,FW,Real Madrid,es La Liga,22,2001,34,28,"2,380",26.4,10,5,15,10,0,1,2,0,0.38,0.19,0.57,0.38,0.57,Matches
2259,Mads Roerslev,dk DEN,"MF,DF",Brentford,eng Premier League,24,1999,34,22,"1,985",22.1,1,2,3,1,0,0,1,0,0.05,0.09,0.14,0.05,0.14,Matches
2260,Rogério,br BRA,"DF,MF",Wolfsburg,de Bundesliga,25,1998,13,10,906,10.1,1,0,1,1,0,0,0,0,0.1,0,0.1,0.1,0.1,Matches
2261,Morgan Rogers,eng ENG,MF,Aston Villa,eng Premier League,21,2002,11,8,638,7.1,3,1,4,3,0,0,3,0,0.42,0.14,0.56,0.42,0.56,Matches
2262,Merlin Röhl,de GER,"MF,FW",Freiburg,de Bundesliga,21,2002,24,17,"1,477",16.4,2,4,6,2,0,0,3,1,0.12,0.24,0.37,0.12,0.37,Matches
2263,Alessio Romagnoli,it ITA,DF,Lazio,it Serie A,28,1995,29,26,"2,411",26.8,0,0,0,0,0,0,9,0,0,0,0,0,0,Matches
2264,Simone Romagnoli,it ITA,DF,Frosinone,it Serie A,33,1990,33,30,"2,715",30.2,1,1,2,1,0,0,6,0,0.03,0.03,0.07,0.03,0.07,Matches
2265,Carlos Romero,es ESP,DF,Villarreal,es La Liga,21,2001,7,2,262,2.9,0,0,0,0,0,0,1,0,0,0,0,0,0,Matches
2266,Cristian Romero,ar ARG,DF,Tottenham,eng Premier League,25,1998,33,33,"2,790",31,5,0,5,5,0,0,7,1,0.16,0,0.16,0.16,0.16,Matches
2267,Isaac Romero,es ESP,FW,Sevilla,es La Liga,23,2000,14,14,"1,039",11.5,4,4,8,4,0,0,2,0,0.35,0.35,0.69,0.35,0.69,Matches
2268,Luka Romero,ar ARG,MF,Almería,es La Liga,18,2004,13,5,438,4.9,3,0,3,3,0,0,2,0,0.62,0,0.62,0.62,0.62,Matches
2269,Luka Romero,ar ARG,MF,Milan,it Serie A,18,2004,4,0,88,1,0,0,0,0,0,0,1,0,0,0,0,0,0,Matches
2270,Oriol Romeu,es ESP,MF,Barcelona,es La Liga,31,1991,28,11,936,10.4,0,1,1,0,0,0,4,0,0,0.1,0.1,0,0.1,Matches
2271,Valentin Rongier,fr FRA,MF,Marseille,fr Ligue 1,28,1994,10,10,851,9.5,0,0,0,0,0,0,2,0,0,0,0,0,0,Matches
2272,Frank Ronstadt,de GER,"DF,MF",Darmstadt 98,de Bundesliga,26,1997,4,0,76,0.8,0,0,0,0,0,0,0,0,0,0,0,0,0,Matches
2273,Marten de Roon,nl NED,"MF,DF",Atalanta,it Serie A,32,1991,30,29,"2,599",28.9,0,5,5,0,0,0,10,0,0,0.17,0.17,0,0.17,Matches
2274,Unai Ropero,es ESP,FW,Alavés,es La Liga,21,2001,1,0,5,0.1,0,0,0,0,0,0,0,0,0,0,0,0,0,Matches
2275,Vitor Roque,br BRA,FW,Barcelona,es La Liga,18,2005,14,2,328,3.6,2,0,2,2,0,0,4,1,0.55,0,0.55,0.55,0.55,Matches
Rk,Player,Nation,Pos,Squad,Comp,Age,Born,MP,Starts,Min,90s,Gls,Ast,G+A,G-PK,PK,PKatt,CrdY,CrdR,Gls,Ast,G+A,G-PK,G+A-PK,Matches
2276,Pablo Rosario,do DOM,"MF,DF",Nice,fr Ligue 1,26,1997,30,21,"2,009",22.3,0,0,0,0,0,0,4,0,0,0,0,0,0,Matches
2277,Valentin Rosier,fr FRA,"DF,MF",Nice,fr Ligue 1,26,1996,3,0,53,0.6,0,0,0,0,0,0,0,0,0,0,0,0,0,Matches
2278,Francesco Rossi,it ITA,GK,Atalanta,it Serie A,32,1991,1,0,5,0.1,0,0,0,0,0,0,0,0,0,0,0,0,0,Matches
2279,Joe Rothwell,eng ENG,MF,Bournemouth,eng Premier League,28,1995,11,3,386,4.3,0,0,0,0,0,0,0,0,0,0,0,0,0,Matches
2280,Anthony Rouault,fr FRA,DF,Stuttgart,de Bundesliga,22,2001,22,11,"1,010",11.2,0,2,2,0,0,0,3,0,0,0.18,0.18,0,0.18,Matches
2281,Jérôme Roussillon,gp GLP,"DF,MF",Union Berlin,de Bundesliga,30,1993,23,8,752,8.4,0,1,1,0,0,0,2,0,0,0.12,0.12,0,0.12,Matches
2282,Nicolò Rovella,it ITA,MF,Lazio,it Serie A,21,2001,23,16,"1,318",14.6,0,2,2,0,0,0,6,0,0,0.14,0.14,0,0.14,Matches
2283,Amir Rrahmani,xk KVX,DF,Napoli,it Serie A,29,1994,30,30,"2,600",28.9,3,0,3,3,0,0,5,0,0.1,0,0.1,0.1,0.1,Matches
2284,Ruan,br BRA,DF,Sassuolo,it Serie A,24,1999,26,16,"1,516",16.8,0,0,0,0,0,0,7,1,0,0,0,0,0,Matches
2285,Pelly Ruddock Mpanzu,cd COD,MF,Luton Town,eng Premier League,30,1993,27,11,"1,101",12.2,0,0,0,0,0,0,1,0,0,0,0,0,0,Matches
2286,Antonio Rüdiger,de GER,DF,Real Madrid,es La Liga,30,1993,33,30,"2,709",30.1,1,0,1,1,0,0,7,0,0.03,0,0.03,0.03,0.03,Matches
2287,Fabian Rüdlin,de GER,MF,Freiburg,de Bundesliga,26,1997,1,0,7,0.1,0,0,0,0,0,0,0,0,0,0,0,0,0,Matches
2288,Javi Rueda,es ESP,"DF,MF",Celta Vigo,es La Liga,21,2002,1,0,20,0.2,0,0,0,0,0,0,0,0,0,0,0,0,0,Matches
2289,Daniele Rugani,it ITA,DF,Juventus,it Serie A,29,1994,17,13,"1,187",13.2,2,0,2,2,0,0,2,0,0.15,0,0.15,0.15,0.15,Matches
2290,Matteo Ruggeri,it ITA,MF,Atalanta,it Serie A,21,2002,34,28,"2,449",27.2,0,4,4,0,0,0,3,0,0,0.15,0.15,0,0.15,Matches
2291,Mário Rui,pt POR,DF,Napoli,it Serie A,32,1991,21,14,"1,205",13.4,0,2,2,0,0,0,7,1,0,0.15,0.15,0,0.15,Matches
2292,Aitor Ruibal,es ESP,"DF,MF",Real Betis,es La Liga,27,1996,18,11,"1,017",11.3,2,1,3,2,0,0,5,0,0.18,0.09,0.27,0.18,0.27,Matches
2293,Fabián Ruiz Peña,es ESP,MF,PSG,fr Ligue 1,27,1996,21,14,"1,197",13.3,1,3,4,1,0,0,3,0,0.08,0.23,0.3,0.08,0.3,Matches
2294,Sergio Ruiz,es ESP,MF,Granada,es La Liga,28,1994,35,30,"2,494",27.7,0,4,4,0,0,0,9,0,0,0.14,0.14,0,0.14,Matches
2295,Julian Ryerson,no NOR,DF,Dortmund,de Bundesliga,25,1997,21,20,"1,767",19.6,4,1,5,4,0,0,3,0,0.2,0.05,0.25,0.2,0.25,Matches
2296,Frederik Rønnow,dk DEN,GK,Union Berlin,de Bundesliga,30,1992,33,33,"2,970",33,0,0,0,0,0,0,2,0,0,0,0,0,0,Matches
2297,José Sá,pt POR,GK,Wolves,eng Premier League,30,1993,35,35,"3,037",33.7,0,1,1,0,0,0,1,0,0,0.03,0.03,0,0.03,Matches
2298,Youssouf Sabaly,sn SEN,DF,Real Betis,es La Liga,30,1993,12,12,"1,046",11.6,0,1,1,0,0,0,2,0,0,0.09,0.09,0,0.09,Matches
2299,Emmanuel Sabbi,us USA,"MF,FW",Le Havre,fr Ligue 1,25,1997,30,18,"1,584",17.6,5,1,6,3,2,2,5,0,0.28,0.06,0.34,0.17,0.23,Matches
2300,Stefano Sabelli,it ITA,"MF,DF",Genoa,it Serie A,30,1993,32,30,"2,429",27,0,1,1,0,0,0,5,0,0,0.04,0.04,0,0.04,Matches
Rk,Player,Nation,Pos,Squad,Comp,Age,Born,MP,Starts,Min,90s,Gls,Ast,G+A,G-PK,PK,PKatt,CrdY,CrdR,Gls,Ast,G+A,G-PK,G+A-PK,Matches
2301,Marcel Sabitzer,at AUT,MF,Dortmund,de Bundesliga,29,1994,25,23,"1,961",21.8,4,3,7,3,1,1,3,1,0.18,0.14,0.32,0.14,0.28,Matches
2302,Falaye Sacko,ml MLI,DF,Montpellier,fr Ligue 1,28,1995,19,15,"1,382",15.4,0,1,1,0,0,0,0,0,0,0.07,0.07,0,0.07,Matches
2303,Dominic Sadi,eng ENG,MF,Bournemouth,eng Premier League,19,2003,1,0,1,0,0,0,0,0,0,0,0,0,0,0,0,0,0,Matches
2304,Umar Sadiq,ng NGA,FW,Real Sociedad,es La Liga,26,1997,26,12,"1,077",12,3,1,4,3,0,0,4,0,0.25,0.08,0.33,0.25,0.33,Matches
2305,Alexis Saelemaekers,be BEL,MF,Bologna,it Serie A,24,1999,30,21,"1,887",21,4,2,6,4,0,0,7,1,0.19,0.1,0.29,0.19,0.29,Matches
2306,Pablo Saenz,es ESP,MF,Granada,es La Liga,22,2001,1,0,19,0.2,0,0,0,0,0,0,0,0,0,0,0,0,0,Matches
2307,Modibo Sagnan,ml MLI,DF,Montpellier,fr Ligue 1,24,1999,13,12,"1,054",11.7,2,0,2,2,0,0,5,0,0.17,0,0.17,0.17,0.17,Matches
2308,Moïse Sahi Dion,ci CIV,"MF,FW",Strasbourg,fr Ligue 1,21,2001,18,7,628,7,3,1,4,3,0,0,0,0,0.43,0.14,0.57,0.43,0.57,Matches
2309,Wesley Saïd,fr FRA,FW,Lens,fr Ligue 1,28,1995,27,11,"1,020",11.3,7,1,8,7,0,0,1,0,0.62,0.09,0.71,0.62,0.71,Matches
2310,Théo Sainte-Luce,fr FRA,DF,Montpellier,fr Ligue 1,24,1998,6,3,346,3.8,0,0,0,0,0,0,1,0,0,0,0,0,0,Matches
2311,Bukayo Saka,eng ENG,FW,Arsenal,eng Premier League,21,2001,35,35,"2,919",32.4,16,9,25,10,6,6,4,0,0.49,0.28,0.77,0.31,0.59,Matches
2312,Mamadou Sakho,fr FRA,DF,Montpellier,fr Ligue 1,33,1990,1,0,7,0.1,0,0,0,0,0,0,0,0,0,0,0,0,0,Matches
2313,Ibrahim Salah,ma MAR,"MF,FW",Rennes,fr Ligue 1,21,2001,23,4,524,5.8,4,1,5,4,0,0,3,0,0.69,0.17,0.86,0.69,0.86,Matches
2314,Mohamed Salah,eg EGY,FW,Liverpool,eng Premier League,31,1992,32,28,"2,534",28.2,18,10,28,13,5,7,2,0,0.64,0.36,0.99,0.46,0.82,Matches
2315,Amine Salama,fr FRA,FW,Reims,fr Ligue 1,23,2000,11,2,313,3.5,0,0,0,0,0,0,0,0,0,0,0,0,0,Matches
2316,Kike Salas,es ESP,DF,Sevilla,es La Liga,21,2002,23,19,"1,605",17.8,3,0,3,3,0,0,10,0,0.17,0,0.17,0.17,0.17,Matches
2317,William Saliba,fr FRA,DF,Arsenal,eng Premier League,22,2001,38,38,"3,420",38,2,1,3,2,0,0,4,0,0.05,0.03,0.08,0.05,0.08,Matches
2318,Mohammed Salisu,gh GHA,DF,Monaco,fr Ligue 1,24,1999,12,11,"1,035",11.5,0,1,1,0,0,0,2,0,0,0.09,0.09,0,0.09,Matches
2319,Roland Sallai,hu HUN,"MF,FW",Freiburg,de Bundesliga,26,1997,27,22,"1,840",20.4,3,2,5,3,0,1,6,0,0.15,0.1,0.24,0.15,0.24,Matches
2320,Yoann Salmier,gf GUF,DF,Le Havre,fr Ligue 1,30,1992,20,18,"1,568",17.4,1,1,2,1,0,0,3,0,0.06,0.06,0.11,0.06,0.11,Matches
2321,Salvi,es ESP,MF,Rayo Vallecano,es La Liga,32,1991,1,0,28,0.3,0,0,0,0,0,0,0,0,0,0,0,0,0,Matches
2322,Lazar Samardzic,rs SRB,MF,Udinese,it Serie A,21,2002,34,28,"2,372",26.4,6,2,8,5,1,1,3,0,0.23,0.08,0.3,0.19,0.27,Matches
2323,Diadie Samassékou,ml MLI,MF,Hoffenheim,de Bundesliga,27,1996,1,0,1,0,0,0,0,0,0,0,0,0,0,0,0,0,0,Matches
2324,Diadie Samassékou,ml MLI,MF,Cádiz,es La Liga,27,1996,4,0,92,1,0,0,0,0,0,0,0,0,0,0,0,0,0,Matches
2325,Mama Samba Baldé,gw GNB,FW,Lyon,fr Ligue 1,27,1995,20,4,551,6.1,2,3,5,2,0,0,1,0,0.33,0.49,0.82,0.33,0.82,Matches
Rk,Player,Nation,Pos,Squad,Comp,Age,Born,MP,Starts,Min,90s,Gls,Ast,G+A,G-PK,PK,PKatt,CrdY,CrdR,Gls,Ast,G+A,G-PK,G+A-PK,Matches
2326,Brice Samba,fr FRA,GK,Lens,fr Ligue 1,29,1994,33,33,"2,970",33,0,0,0,0,0,0,3,0,0,0,0,0,0,Matches
2327,Albert Sambi Lokonga,be BEL,MF,Luton Town,eng Premier League,23,1999,17,16,"1,303",14.5,1,3,4,1,0,0,4,0,0.07,0.21,0.28,0.07,0.28,Matches
2328,Junior Sambia,cf CTA,MF,Salernitana,it Serie A,26,1996,18,10,"1,032",11.5,1,2,3,1,0,0,4,0,0.09,0.17,0.26,0.09,0.26,Matches
2329,Fede San Emeterio,es ESP,MF,Cádiz,es La Liga,26,1997,4,3,152,1.7,1,0,1,1,0,0,1,1,0.59,0,0.59,0.59,0.59,Matches
2330,Antonio Sanabria,py PAR,FW,Torino,it Serie A,27,1996,35,23,"2,133",23.7,5,0,5,3,2,2,2,0,0.21,0,0.21,0.13,0.13,Matches
2331,Oihan Sancet,es ESP,MF,Athletic Club,es La Liga,23,2000,30,25,"1,975",21.9,4,5,9,4,0,1,5,2,0.18,0.23,0.41,0.18,0.41,Matches
2332,Renato Sanches,pt POR,MF,Roma,it Serie A,25,1997,7,1,146,1.6,1,0,1,1,0,0,2,0,0.62,0,0.62,0.62,0.62,Matches
2333,Alexis Sánchez,cl CHI,FW,Inter,it Serie A,34,1988,23,6,763,8.5,2,5,7,1,1,1,0,0,0.24,0.59,0.83,0.12,0.71,Matches
2334,Antonio Sánchez,es ESP,MF,Mallorca,es La Liga,26,1997,29,21,"1,452",16.1,3,1,4,3,0,0,3,0,0.19,0.06,0.25,0.19,0.25,Matches
2335,Davinson Sánchez,co COL,DF,Tottenham,eng Premier League,27,1996,1,0,77,0.9,0,0,0,0,0,0,1,0,0,0,0,0,0,Matches
2336,Juanlu Sánchez,es ESP,"DF,MF",Sevilla,es La Liga,19,2003,26,11,"1,181",13.1,0,2,2,0,0,0,2,0,0,0.15,0.15,0,0.15,Matches
2337,Manu Sánchez,es ESP,"DF,MF",Celta Vigo,es La Liga,22,2000,26,20,"1,775",19.7,0,5,5,0,0,0,3,0,0,0.25,0.25,0,0.25,Matches
2338,Ricard Sánchez,es ESP,DF,Granada,es La Liga,23,2000,33,25,"2,295",25.5,3,0,3,3,0,0,8,0,0.12,0,0.12,0.12,0.12,Matches
2339,Robert Sánchez,es ESP,GK,Chelsea,eng Premier League,25,1997,16,16,"1,433",15.9,0,0,0,0,0,0,2,0,0,0,0,0,0,Matches
2340,Jadon Sancho,eng ENG,"FW,MF",Manchester Utd,eng Premier League,23,2000,3,0,79,0.9,0,0,0,0,0,0,0,0,0,0,0,0,0,Matches
2341,Jadon Sancho,eng ENG,"MF,FW",Dortmund,de Bundesliga,23,2000,14,11,947,10.5,2,2,4,2,0,0,1,0,0.19,0.19,0.38,0.19,0.38,Matches
2342,Alex Sandro,br BRA,DF,Juventus,it Serie A,32,1991,16,8,721,8,1,0,1,1,0,0,1,0,0.12,0,0.12,0.12,0.12,Matches
2343,Ibou Sané,sn SEN,FW,Metz,fr Ligue 1,18,2005,9,0,128,1.4,1,0,1,1,0,0,1,0,0.7,0,0.7,0.7,0.7,Matches
2344,Leroy Sané,de GER,MF,Bayern Munich,de Bundesliga,27,1996,27,25,"2,137",23.7,8,11,19,8,0,0,4,0,0.34,0.46,0.8,0.34,0.8,Matches
2345,Sadibou Sané,sn SEN,DF,Metz,fr Ligue 1,19,2004,14,9,846,9.4,0,0,0,0,0,0,1,0,0,0,0,0,0,Matches
2346,Arouna Sangante,sn SEN,DF,Le Havre,fr Ligue 1,21,2002,30,30,"2,687",29.9,0,0,0,0,0,0,8,0,0,0,0,0,0,Matches
2347,Ibrahim Sangaré,ci CIV,MF,Nottingham,eng Premier League,25,1997,17,13,"1,035",11.5,0,0,0,0,0,0,6,0,0,0,0,0,0,Matches
2348,Morgan Sanson,fr FRA,MF,Nice,fr Ligue 1,28,1994,29,24,"1,964",21.8,2,3,5,2,0,0,4,0,0.09,0.14,0.23,0.09,0.23,Matches
2349,Nicola Sansone,it ITA,"MF,FW",Lecce,it Serie A,31,1991,25,4,767,8.5,2,2,4,2,0,0,4,0,0.23,0.23,0.47,0.23,0.47,Matches
2350,Baptiste Santamaria,fr FRA,MF,Rennes,fr Ligue 1,28,1995,30,22,"1,926",21.4,0,1,1,0,0,0,3,0,0,0.05,0.05,0,0.05,Matches
Rk,Player,Nation,Pos,Squad,Comp,Age,Born,MP,Starts,Min,90s,Gls,Ast,G+A,G-PK,PK,PKatt,CrdY,CrdR,Gls,Ast,G+A,G-PK,G+A-PK,Matches
2351,Yellu Santiago,es ESP,MF,Getafe,es La Liga,19,2004,14,8,656,7.3,1,0,1,1,0,0,4,0,0.14,0,0.14,0.14,0.14,Matches
2352,Andrey Santos,br BRA,MF,Strasbourg,fr Ligue 1,19,2004,11,9,831,9.2,1,0,1,1,0,0,4,0,0.11,0,0.11,0.11,0.11,Matches
2353,Andrey Santos,br BRA,MF,Nottingham,eng Premier League,19,2004,1,0,8,0.1,0,0,0,0,0,0,0,0,0,0,0,0,0,Matches
2354,Danilo Santos,br BRA,MF,Nottingham,eng Premier League,22,2001,29,20,"1,792",19.9,2,2,4,2,0,0,4,0,0.1,0.1,0.2,0.1,0.2,Matches
2355,Tiago Santos,pt POR,DF,Lille,fr Ligue 1,21,2002,29,26,"2,365",26.3,1,2,3,1,0,0,6,0,0.04,0.08,0.11,0.04,0.11,Matches
2356,Paco Sanz,es ESP,DF,Almería,es La Liga,18,2004,1,0,24,0.3,0,0,0,0,0,0,0,0,0,0,0,0,0,Matches
2357,Riccardo Saponara,it ITA,"MF,FW",Hellas Verona,it Serie A,31,1991,12,3,342,3.8,0,0,0,0,0,0,0,0,0,0,0,0,0,Matches
2358,Pablo Sarabia,es ESP,"MF,FW",Wolves,eng Premier League,31,1992,30,20,"1,745",19.4,4,7,11,2,2,2,5,0,0.21,0.36,0.57,0.1,0.46,Matches
2359,Amin Sarr,se SWE,"MF,FW",Wolfsburg,de Bundesliga,22,2001,14,2,386,4.3,0,0,0,0,0,0,0,0,0,0,0,0,0,Matches
2360,Amin Sarr,se SWE,FW,Lyon,fr Ligue 1,22,2001,3,1,98,1.1,0,0,0,0,0,0,0,0,0,0,0,0,0,Matches
2361,Bouna Sarr,sn SEN,DF,Bayern Munich,de Bundesliga,31,1992,2,1,106,1.2,0,0,0,0,0,0,0,0,0,0,0,0,0,Matches
2362,Ismaila Sarr,sn SEN,"MF,FW",Marseille,fr Ligue 1,25,1998,23,15,"1,447",16.1,3,4,7,3,0,0,1,0,0.19,0.25,0.44,0.19,0.44,Matches
2363,Mamadou Sarr,sn SEN,DF,Lyon,fr Ligue 1,17,2005,1,0,8,0.1,0,0,0,0,0,0,0,0,0,0,0,0,0,Matches
2364,Martin Satriano,uy URU,"FW,MF",Brest,fr Ligue 1,22,2001,33,21,"1,864",20.7,4,4,8,4,0,0,4,0,0.19,0.19,0.39,0.19,0.39,Matches
2365,Téji Savanier,fr FRA,MF,Montpellier,fr Ligue 1,31,1991,32,32,"2,765",30.7,9,6,15,2,7,7,8,1,0.29,0.2,0.49,0.07,0.26,Matches
2366,Stefan Savić,me MNE,DF,Atlético Madrid,es La Liga,32,1991,23,19,"1,630",18.1,0,0,0,0,0,0,7,1,0,0,0,0,0,Matches
2367,Sávio,br BRA,"MF,FW",Girona,es La Liga,19,2004,37,35,"2,976",33.1,9,10,19,9,0,0,5,0,0.27,0.3,0.57,0.27,0.57,Matches
2368,Zanos Savva,cy CYP,FW,Torino,it Serie A,17,2005,2,0,28,0.3,1,0,1,1,0,0,0,0,3.21,0,3.21,3.21,3.21,Matches
2369,Saba Sazonov,ge GEO,DF,Torino,it Serie A,21,2002,12,2,356,4,0,0,0,0,0,0,2,0,0,0,0,0,0,Matches
2370,Joe Scally,us USA,"DF,MF",Gladbach,de Bundesliga,20,2002,31,25,"2,236",24.8,1,4,5,1,0,0,4,0,0.04,0.16,0.2,0.04,0.2,Matches
2371,Giorgio Scalvini,it ITA,DF,Atalanta,it Serie A,19,2003,33,31,"2,544",28.3,1,3,4,1,0,0,3,0,0.04,0.11,0.14,0.04,0.14,Matches
2372,Gianluca Scamacca,it ITA,FW,Atalanta,it Serie A,24,1999,29,17,"1,453",16.1,12,6,18,12,0,0,1,0,0.74,0.37,1.11,0.74,1.11,Matches
2373,Dane Scarlett,eng ENG,FW,Tottenham,eng Premier League,19,2004,4,0,22,0.2,0,0,0,0,0,0,0,0,0,0,0,0,0,Matches
2374,Kevin Schade,de GER,FW,Brentford,eng Premier League,21,2001,11,3,333,3.7,2,1,3,2,0,0,0,0,0.54,0.27,0.81,0.54,0.81,Matches
2375,András Schäfer,hu HUN,MF,Union Berlin,de Bundesliga,24,1999,20,14,"1,214",13.5,1,2,3,1,0,0,1,1,0.07,0.15,0.22,0.07,0.22,Matches
Rk,Player,Nation,Pos,Squad,Comp,Age,Born,MP,Starts,Min,90s,Gls,Ast,G+A,G-PK,PK,PKatt,CrdY,CrdR,Gls,Ast,G+A,G-PK,G+A-PK,Matches
2376,Fabian Schär,ch SUI,DF,Newcastle,eng Premier League,31,1991,36,35,"3,054",33.9,4,1,5,4,0,0,5,0,0.12,0.03,0.15,0.12,0.15,Matches
2377,Patrik Schick,cz CZE,FW,Leverkusen,de Bundesliga,27,1996,20,12,"1,063",11.8,7,0,7,6,1,1,1,0,0.59,0,0.59,0.51,0.51,Matches
2378,Stefan Schimmer,de GER,FW,Heidenheim,de Bundesliga,29,1994,16,0,153,1.7,0,1,1,0,0,0,0,0,0,0.59,0.59,0,0.59,Matches
2379,Xaver Schlager,at AUT,MF,RB Leipzig,de Bundesliga,25,1997,29,29,"2,477",27.5,0,5,5,0,0,0,7,0,0,0.18,0.18,0,0.18,Matches
2380,Keven Schlotterbeck,de GER,DF,Bochum,de Bundesliga,26,1997,27,24,"2,185",24.3,5,1,6,5,0,0,9,0,0.21,0.04,0.25,0.21,0.25,Matches
2381,Nico Schlotterbeck,de GER,DF,Dortmund,de Bundesliga,23,1999,33,32,"2,859",31.8,2,1,3,2,0,0,4,0,0.06,0.03,0.09,0.06,0.09,Matches
2382,Jeffrey Schlupp,gh GHA,"MF,FW",Crystal Palace,eng Premier League,30,1992,29,17,"1,352",15,2,2,4,2,0,0,1,0,0.13,0.13,0.27,0.13,0.27,Matches
2383,Romano Schmid,at AUT,"MF,FW",Werder Bremen,de Bundesliga,23,2000,33,30,"2,601",28.9,4,6,10,4,0,0,5,0,0.14,0.21,0.35,0.14,0.35,Matches
2384,Kenneth Schmidt,de GER,DF,Freiburg,de Bundesliga,21,2002,5,0,68,0.8,0,0,0,0,0,0,0,0,0,0,0,0,0,Matches
2385,Niklas Schmidt,de GER,MF,Toulouse,fr Ligue 1,25,1998,22,15,"1,269",14.1,1,1,2,1,0,0,4,0,0.07,0.07,0.14,0.07,0.14,Matches
2386,Benno Schmitz,de GER,DF,Köln,de Bundesliga,28,1994,22,13,"1,155",12.8,0,1,1,0,0,0,5,0,0,0.08,0.08,0,0.08,Matches
2387,Fabian Schnellhardt,de GER,MF,Darmstadt 98,de Bundesliga,29,1994,10,2,235,2.6,0,0,0,0,0,0,1,0,0,0,0,0,0,Matches
2388,Jan Schöppner,de GER,MF,Heidenheim,de Bundesliga,24,1999,26,23,"1,998",22.2,2,2,4,2,0,0,3,0,0.09,0.09,0.18,0.09,0.18,Matches
2389,Marcel Schuhen,de GER,GK,Darmstadt 98,de Bundesliga,30,1993,31,31,"2,790",31,0,0,0,0,0,0,2,0,0,0,0,0,0,Matches
2390,Perr Schuurs,nl NED,DF,Torino,it Serie A,23,1999,9,9,770,8.6,1,0,1,1,0,0,2,0,0.12,0,0.12,0.12,0.12,Matches
2391,Marvin Schwäbe,de GER,GK,Köln,de Bundesliga,28,1995,34,34,"3,060",34,0,0,0,0,0,0,0,0,0,0,0,0,0,Matches
2392,Alexander Schwolow,de GER,GK,Union Berlin,de Bundesliga,31,1992,1,1,90,1,0,0,0,0,0,0,0,0,0,0,0,0,0,Matches
2393,Alex Scott,eng ENG,MF,Bournemouth,eng Premier League,19,2003,23,11,"1,014",11.3,1,1,2,1,0,0,3,0,0.09,0.09,0.18,0.09,0.18,Matches
2394,Simone Scuffet,it ITA,GK,Cagliari,it Serie A,27,1996,31,31,"2,789",31,0,0,0,0,0,0,3,0,0,0,0,0,0,Matches
2395,Jérémy Sebas,mq MTQ,"MF,FW",Strasbourg,fr Ligue 1,20,2003,14,2,399,4.4,2,0,2,2,0,0,0,0,0.45,0,0.45,0.45,0.45,Matches
2396,Demba Seck,sn SEN,MF,Torino,it Serie A,22,2001,9,5,425,4.7,0,0,0,0,0,0,1,0,0,0,0,0,0,Matches
2397,Demba Seck,sn SEN,"FW,MF",Frosinone,it Serie A,22,2001,11,3,298,3.3,0,0,0,0,0,0,0,0,0,0,0,0,0,Matches
2398,Aleksandar Sedlar,rs SRB,DF,Alavés,es La Liga,31,1991,11,11,946,10.5,1,0,1,1,0,0,2,0,0.1,0,0.1,0.1,0.1,Matches
2399,Alidu Seidu,gh GHA,DF,Rennes,fr Ligue 1,23,2000,11,7,593,6.6,0,0,0,0,0,0,3,0,0,0,0,0,0,Matches
2400,Alidu Seidu,gh GHA,DF,Clermont Foot,fr Ligue 1,23,2000,14,13,"1,131",12.6,0,1,1,0,0,0,5,1,0,0.08,0.08,0,0.08,Matches
Rk,Player,Nation,Pos,Squad,Comp,Age,Born,MP,Starts,Min,90s,Gls,Ast,G+A,G-PK,PK,PKatt,CrdY,CrdR,Gls,Ast,G+A,G-PK,G+A-PK,Matches
2401,Nicolas Seiwald,at AUT,MF,RB Leipzig,de Bundesliga,22,2001,21,6,718,8,0,2,2,0,0,0,1,0,0,0.25,0.25,0,0.25,Matches
2402,Nikola Sekulov,it ITA,MF,Juventus,it Serie A,21,2002,1,0,11,0.1,0,0,0,0,0,0,0,0,0,0,0,0,0,Matches
2403,Davie Selke,de GER,FW,Köln,de Bundesliga,28,1995,19,16,"1,265",14.1,6,0,6,6,0,0,3,0,0.43,0,0.43,0.43,0.43,Matches
2404,Matz Sels,be BEL,GK,Strasbourg,fr Ligue 1,31,1992,19,19,"1,710",19,0,0,0,0,0,0,2,0,0,0,0,0,0,Matches
2405,Matz Sels,be BEL,GK,Nottingham,eng Premier League,31,1992,16,16,"1,440",16,0,0,0,0,0,0,1,0,0,0,0,0,0,Matches
2406,Nélson Semedo,pt POR,"MF,DF",Wolves,eng Premier League,29,1993,36,36,"3,084",34.3,0,1,1,0,0,0,10,1,0,0.03,0.03,0,0.03,Matches
2407,Vivaldo Semedo,pt POR,FW,Udinese,it Serie A,18,2005,1,0,12,0.1,0,0,0,0,0,0,0,0,0,0,0,0,0,Matches
2408,Antoine Semenyo,gh GHA,MF,Bournemouth,eng Premier League,23,2000,33,25,"2,105",23.4,8,2,10,8,0,0,6,0,0.34,0.09,0.43,0.34,0.43,Matches
2409,Marvin Senaya,gh GHA,"DF,MF",Strasbourg,fr Ligue 1,22,2001,32,23,"2,138",23.8,1,1,2,1,0,0,5,1,0.04,0.04,0.08,0.04,0.08,Matches
2410,Marcos Senesi,ar ARG,DF,Bournemouth,eng Premier League,26,1997,31,26,"2,242",24.9,4,5,9,4,0,0,13,0,0.16,0.2,0.36,0.16,0.36,Matches
2411,Stefano Sensi,it ITA,MF,Inter,it Serie A,27,1995,4,0,46,0.5,0,1,1,0,0,0,0,0,0,1.96,1.96,0,1.96,Matches
2412,Suat Serdar,de GER,MF,Hellas Verona,it Serie A,26,1997,25,19,"1,659",18.4,0,2,2,0,0,0,7,0,0,0.11,0.11,0,0.11,Matches
2413,Benjamin Šeško,si SVN,FW,RB Leipzig,de Bundesliga,20,2003,31,17,"1,526",17,14,2,16,14,0,0,0,0,0.83,0.12,0.94,0.83,0.94,Matches
2414,Kevin Sessa,de GER,MF,Heidenheim,de Bundesliga,23,2000,30,7,"1,011",11.2,3,0,3,3,0,0,1,0,0.27,0,0.27,0.27,0.27,Matches
2415,Aaron Seydel,de GER,FW,Darmstadt 98,de Bundesliga,27,1996,16,5,619,6.9,1,0,1,1,0,0,1,0,0.15,0,0.15,0.15,0.15,Matches
2416,Andres Sfait,ro ROU,MF,Salernitana,it Serie A,18,2004,2,0,23,0.3,0,0,0,0,0,0,0,0,0,0,0,0,0,Matches
2417,Stephan El Shaarawy,it ITA,"FW,MF",Roma,it Serie A,30,1992,33,19,"1,738",19.3,3,4,7,3,0,0,2,0,0.16,0.21,0.36,0.16,0.36,Matches
2418,Luke Shaw,eng ENG,DF,Manchester Utd,eng Premier League,28,1995,12,12,959,10.7,0,0,0,0,0,0,6,0,0,0,0,0,0,Matches
2419,James Shea,eng ENG,GK,Luton Town,eng Premier League,32,1991,1,0,15,0.2,0,0,0,0,0,0,0,0,0,0,0,0,0,Matches
2420,Eldor Shomurodov,uz UZB,"MF,FW",Cagliari,it Serie A,28,1995,22,10,936,10.4,3,3,6,3,0,0,1,0,0.29,0.29,0.58,0.29,0.58,Matches
2421,Steven Shpendi,al ALB,FW,Empoli,it Serie A,20,2003,12,4,411,4.6,0,1,1,0,0,0,0,0,0,0.22,0.22,0,0.22,Matches
2422,Sofiane Sidi Ali,fr FRA,FW,Marseille,fr Ligue 1,28,1995,2,0,18,0.2,0,0,0,0,0,0,0,0,0,0,0,0,0,Matches
2423,Vincent Sierro,ch SUI,MF,Toulouse,fr Ligue 1,27,1995,30,25,"2,261",25.1,6,2,8,2,4,5,8,0,0.24,0.08,0.32,0.08,0.16,Matches
2424,Tim Siersleben,de GER,DF,Heidenheim,de Bundesliga,23,2000,14,10,910,10.1,0,0,0,0,0,0,1,0,0,0,0,0,0,Matches
2425,Kiliann Sildillia,fr FRA,DF,Freiburg,de Bundesliga,21,2002,27,20,"1,806",20.1,0,1,1,0,0,0,2,1,0,0.05,0.05,0,0.05,Matches
Rk,Player,Nation,Pos,Squad,Comp,Age,Born,MP,Starts,Min,90s,Gls,Ast,G+A,G-PK,PK,PKatt,CrdY,CrdR,Gls,Ast,G+A,G-PK,G+A-PK,Matches
2426,André Silva,pt POR,FW,Real Sociedad,es La Liga,27,1995,19,9,729,8.1,3,0,3,2,1,1,1,0,0.37,0,0.37,0.25,0.25,Matches
2427,Bernardo Silva,pt POR,MF,Manchester City,eng Premier League,28,1994,33,29,"2,578",28.6,6,9,15,6,0,0,8,0,0.21,0.31,0.52,0.21,0.52,Matches
2428,Éderson Silva,br BRA,MF,Atalanta,it Serie A,24,1999,36,32,"2,869",31.9,6,1,7,6,0,0,8,0,0.19,0.03,0.22,0.19,0.22,Matches
2429,Fábio Silva,pt POR,FW,Wolves,eng Premier League,21,2002,8,3,264,2.9,0,0,0,0,0,0,2,0,0,0,0,0,0,Matches
2430,Rui Silva,pt POR,GK,Real Betis,es La Liga,29,1994,28,28,"2,475",27.5,0,0,0,0,0,0,4,0,0,0,0,0,0,Matches
2431,Thiago Silva,br BRA,DF,Chelsea,eng Premier League,38,1984,31,28,"2,527",28.1,3,1,4,3,0,0,4,0,0.11,0.04,0.14,0.11,0.14,Matches
2432,Marco Silvestri,it ITA,GK,Udinese,it Serie A,32,1991,17,17,"1,530",17,0,0,0,0,0,0,0,0,0,0,0,0,0,Matches
2433,Mohamed Simakan,fr FRA,DF,RB Leipzig,de Bundesliga,23,2000,32,23,"2,138",23.8,2,3,5,2,0,0,8,0,0.08,0.13,0.21,0.08,0.21,Matches
2434,Giovanni Simeone,ar ARG,FW,Napoli,it Serie A,28,1995,28,8,800,8.9,1,0,1,1,0,0,3,0,0.11,0,0.11,0.11,0.11,Matches
2435,Giuliano Simeone,ar ARG,MF,Alavés,es La Liga,20,2002,14,6,630,7,1,2,3,1,0,1,1,0,0.14,0.29,0.43,0.14,0.43,Matches
2436,Jan-Carlo Simic,rs SRB,DF,Milan,it Serie A,18,2005,4,0,146,1.6,1,0,1,1,0,0,0,0,0.62,0,0.62,0.62,0.62,Matches
2437,Moses Simon,ng NGA,"MF,FW",Nantes,fr Ligue 1,28,1995,22,21,"1,788",19.9,3,5,8,2,1,1,0,0,0.15,0.25,0.4,0.1,0.35,Matches
2438,Unai Simón,es ESP,GK,Athletic Club,es La Liga,26,1997,36,36,"3,182",35.4,0,0,0,0,0,0,2,0,0,0,0,0,0,Matches
2439,Xavi Simons,nl NED,MF,RB Leipzig,de Bundesliga,20,2003,32,32,"2,653",29.5,8,11,19,7,1,2,11,1,0.27,0.37,0.64,0.24,0.61,Matches
2440,Wilfried Singo,ci CIV,DF,Monaco,fr Ligue 1,22,2000,25,24,"2,187",24.3,1,1,2,1,0,0,8,1,0.04,0.04,0.08,0.04,0.08,Matches
2441,Luis Sinisterra,co COL,MF,Bournemouth,eng Premier League,24,1999,20,7,699,7.8,2,2,4,2,0,0,0,0,0.26,0.26,0.52,0.26,0.52,Matches
2442,Daley Sinkgraven,nl NED,DF,Las Palmas,es La Liga,28,1995,10,6,374,4.2,0,0,0,0,0,0,0,1,0,0,0,0,0,Matches
2443,Jailson Siqueira,br BRA,"DF,MF",Celta Vigo,es La Liga,27,1995,14,9,897,10,0,1,1,0,0,0,1,0,0,0.1,0.1,0,0.1,Matches
2444,Ayanda Sishuba,be BEL,MF,Lens,fr Ligue 1,18,2005,7,0,62,0.7,0,0,0,0,0,0,0,0,0,0,0,0,0,Matches
2445,Ibrahima Sissoko,ml MLI,MF,Strasbourg,fr Ligue 1,25,1997,27,18,"1,642",18.2,0,1,1,0,0,0,7,0,0,0.05,0.05,0,0.05,Matches
2446,Moussa Sissoko,fr FRA,MF,Nantes,fr Ligue 1,33,1989,26,21,"1,821",20.2,0,0,0,0,0,0,7,0,0,0,0,0,0,Matches
2447,Antonio Sivera,es ESP,GK,Alavés,es La Liga,26,1996,34,34,"3,060",34,0,0,0,0,0,0,3,0,0,0,0,0,0,Matches
2448,Tim Skarke,de GER,"FW,MF",Darmstadt 98,de Bundesliga,26,1996,30,29,"2,404",26.7,8,0,8,8,0,0,7,0,0.3,0,0.3,0.3,0.3,Matches
2449,Ellyes Skhiri,tn TUN,MF,Frankfurt,de Bundesliga,28,1995,27,24,"2,168",24.1,2,2,4,2,0,0,1,0,0.08,0.08,0.17,0.08,0.17,Matches
2450,Oliver Skipp,eng ENG,"MF,DF",Tottenham,eng Premier League,22,2000,21,5,707,7.9,0,0,0,0,0,0,3,0,0,0,0,0,0,Matches
Rk,Player,Nation,Pos,Squad,Comp,Age,Born,MP,Starts,Min,90s,Gls,Ast,G+A,G-PK,PK,PKatt,CrdY,CrdR,Gls,Ast,G+A,G-PK,G+A-PK,Matches
2451,Łukasz Skorupski,pl POL,GK,Bologna,it Serie A,32,1991,32,32,"2,880",32,0,0,0,0,0,0,2,0,0,0,0,0,0,Matches
2452,Robert Skov,dk DEN,MF,Hoffenheim,de Bundesliga,27,1996,25,14,"1,260",14,3,4,7,3,0,0,2,0,0.21,0.29,0.5,0.21,0.5,Matches
2453,Milan Škriniar,sk SVK,DF,PSG,fr Ligue 1,28,1995,24,17,"1,629",18.1,0,0,0,0,0,0,1,0,0,0,0,0,0,Matches
2454,Naatan Skyttä,fi FIN,MF,Toulouse,fr Ligue 1,21,2002,8,0,120,1.3,0,0,0,0,0,0,0,0,0,0,0,0,0,Matches
2455,Chris Smalling,eng ENG,DF,Roma,it Serie A,33,1989,8,4,390,4.3,0,0,0,0,0,0,0,0,0,0,0,0,0,Matches
2456,Adam Smith,eng ENG,DF,Bournemouth,eng Premier League,32,1991,28,25,"2,150",23.9,0,2,2,0,0,0,6,0,0,0.08,0.08,0,0.08,Matches
2457,Emile Smith Rowe,eng ENG,MF,Arsenal,eng Premier League,23,2000,13,3,353,3.9,0,1,1,0,0,0,0,0,0,0.25,0.25,0,0.25,Matches
2458,Hrvoje Smolčić,hr CRO,DF,Frankfurt,de Bundesliga,22,2000,11,3,347,3.9,1,0,1,1,0,0,0,0,0.26,0,0.26,0.26,0.26,Matches
2459,Cédric Soares,pt POR,"DF,MF",Arsenal,eng Premier League,31,1991,3,0,62,0.7,0,0,0,0,0,0,0,0,0,0,0,0,0,Matches
2460,Danilo Soares,br BRA,MF,Bochum,de Bundesliga,31,1991,5,3,351,3.9,0,0,0,0,0,0,0,0,0,0,0,0,0,Matches
2461,Eduard Sobol,ua UKR,"DF,MF",Strasbourg,fr Ligue 1,28,1995,3,0,25,0.3,0,0,0,0,0,0,0,0,0,0,0,0,0,Matches
2462,Rubén Sobrino,es ESP,"MF,FW",Cádiz,es La Liga,31,1992,32,18,"1,646",18.3,0,1,1,0,0,0,8,1,0,0.05,0.05,0,0.05,Matches
2463,Andrea Sodero,it ITA,MF,Empoli,it Serie A,18,2004,1,0,5,0.1,0,0,0,0,0,0,0,0,0,0,0,0,0,Matches
2464,Emran Soglo,fr FRA,MF,Marseille,fr Ligue 1,18,2005,3,1,109,1.2,1,1,2,1,0,0,1,0,0.83,0.83,1.65,0.83,1.65,Matches
2465,Alex Sola,es ESP,MF,Alavés,es La Liga,24,1999,29,14,"1,262",14,0,3,3,0,0,0,2,0,0,0.21,0.21,0,0.21,Matches
2466,Alex Sola,es ESP,"DF,FW",Real Sociedad,es La Liga,24,1999,2,0,30,0.3,0,0,0,0,0,0,0,0,0,0,0,0,0,Matches
2467,Dominic Solanke,eng ENG,FW,Bournemouth,eng Premier League,25,1997,38,37,"3,325",36.9,19,3,22,17,2,3,3,0,0.51,0.08,0.6,0.46,0.54,Matches
2468,Ola Solbakken,no NOR,FW,Roma,it Serie A,24,1998,1,0,23,0.3,0,0,0,0,0,0,0,0,0,0,0,0,0,Matches
2469,Carlos Soler,es ESP,"MF,DF",PSG,fr Ligue 1,26,1997,24,12,"1,090",12.1,2,2,4,2,0,0,1,0,0.17,0.17,0.33,0.17,0.33,Matches
2470,Jhon Solis,co COL,MF,Girona,es La Liga,18,2004,18,2,384,4.3,0,0,0,0,0,0,0,0,0,0,0,0,0,Matches
2471,Manor Solomon,il ISR,MF,Tottenham,eng Premier League,24,1999,5,2,199,2.2,0,2,2,0,0,0,1,0,0,0.9,0.9,0,0.9,Matches
2472,Daniele Sommariva,it ITA,GK,Genoa,it Serie A,26,1997,1,0,5,0.1,0,0,0,0,0,0,0,0,0,0,0,0,0,Matches
2473,Yann Sommer,ch SUI,GK,Inter,it Serie A,34,1988,34,34,"3,060",34,0,0,0,0,0,0,1,0,0,0,0,0,0,Matches
2474,Brandon Soppy,fr FRA,MF,Torino,it Serie A,21,2002,5,2,178,2,0,0,0,0,0,0,0,0,0,0,0,0,0,Matches
2475,David Soria,es ESP,GK,Getafe,es La Liga,30,1993,38,38,"3,413",37.9,0,0,0,0,0,0,3,0,0,0,0,0,0,Matches
Rk,Player,Nation,Pos,Squad,Comp,Age,Born,MP,Starts,Min,90s,Gls,Ast,G+A,G-PK,PK,PKatt,CrdY,CrdR,Gls,Ast,G+A,G-PK,G+A-PK,Matches
2476,Alberto Soro,es ESP,"FW,MF",Granada,es La Liga,24,1999,1,0,8,0.1,0,0,0,0,0,0,0,0,0,0,0,0,0,Matches
2477,Alessandro Sorrentino,it ITA,GK,Monza,it Serie A,21,2002,7,5,548,6.1,0,0,0,0,0,0,0,0,0,0,0,0,0,Matches
2478,Borna Sosa,hr CRO,"DF,MF",Stuttgart,de Bundesliga,25,1998,2,0,46,0.5,0,0,0,0,0,0,0,0,0,0,0,0,0,Matches
2479,Hugo Sotelo,es ESP,MF,Celta Vigo,es La Liga,19,2003,17,8,721,8,0,1,1,0,0,0,1,0,0,0.12,0.12,0,0.12,Matches
2480,Florian Sotoca,fr FRA,"MF,FW",Lens,fr Ligue 1,32,1990,32,29,"2,598",28.9,7,6,13,3,4,4,4,1,0.24,0.21,0.45,0.1,0.31,Matches
2481,Riccardo Sottil,it ITA,MF,Fiorentina,it Serie A,24,1999,22,13,"1,103",12.3,2,3,5,2,0,0,1,0,0.16,0.24,0.41,0.16,0.41,Matches
2482,Tomáš Souček,cz CZE,MF,West Ham,eng Premier League,28,1995,37,34,"2,870",31.9,7,2,9,7,0,0,7,0,0.22,0.06,0.28,0.22,0.28,Matches
2483,Matìas Soulé,ar ARG,"MF,FW",Frosinone,it Serie A,20,2003,36,36,"3,121",34.7,11,3,14,6,5,6,4,0,0.32,0.09,0.4,0.17,0.26,Matches
2484,Boubakary Soumaré,fr FRA,MF,Sevilla,es La Liga,24,1999,28,26,"2,286",25.4,0,1,1,0,0,0,10,0,0,0.04,0.04,0,0.04,Matches
2485,Issa Soumaré,sn SEN,"FW,MF",Le Havre,fr Ligue 1,22,2000,7,3,237,2.6,0,0,0,0,0,0,0,0,0,0,0,0,0,Matches
2486,Vinicius Souza,br BRA,MF,Sheffield United,eng Premier League,24,1999,36,29,"2,668",29.6,1,0,1,1,0,0,3,0,0.03,0,0.03,0.03,0.03,Matches
2487,Djibril Sow,ch SUI,MF,Sevilla,es La Liga,26,1997,24,18,"1,460",16.2,1,1,2,1,0,0,6,0,0.06,0.06,0.12,0.06,0.12,Matches
2488,Saidou Sow,gn GUI,DF,Strasbourg,fr Ligue 1,21,2002,10,8,719,8,0,1,1,0,0,0,2,0,0,0.13,0.13,0,0.13,Matches
2489,Çağlar Söyüncü,tr TUR,DF,Atlético Madrid,es La Liga,27,1996,6,1,114,1.3,0,0,0,0,0,0,0,1,0,0,0,0,0,Matches
2490,Djed Spence,eng ENG,MF,Genoa,it Serie A,22,2000,16,8,859,9.5,0,0,0,0,0,0,1,0,0,0,0,0,0,Matches
2491,Stijn Spierings,nl NED,MF,Toulouse,fr Ligue 1,27,1996,22,16,"1,516",16.8,0,1,1,0,0,0,5,0,0,0.06,0.06,0,0.06,Matches
2492,Stijn Spierings,nl NED,MF,Lens,fr Ligue 1,27,1996,4,1,118,1.3,0,0,0,0,0,0,2,0,0,0,0,0,0,Matches
2493,Leonardo Spinazzola,it ITA,"MF,DF",Roma,it Serie A,30,1993,24,15,"1,312",14.6,1,2,3,1,0,0,0,0,0.07,0.14,0.21,0.07,0.21,Matches
2494,Marco Sportiello,it ITA,GK,Milan,it Serie A,31,1992,7,7,630,7,0,0,0,0,0,0,0,0,0,0,0,0,0,Matches
2495,Anton Stach,de GER,MF,Hoffenheim,de Bundesliga,24,1998,31,26,"2,321",25.8,2,3,5,2,0,0,4,0,0.08,0.12,0.19,0.08,0.19,Matches
2496,Anton Stach,de GER,MF,Mainz 05,de Bundesliga,24,1998,2,2,170,1.9,0,0,0,0,0,0,0,0,0,0,0,0,0,Matches
2497,Jens Stage,dk DEN,MF,Werder Bremen,de Bundesliga,26,1996,30,26,"2,327",25.9,3,1,4,3,0,0,5,1,0.12,0.04,0.15,0.12,0.15,Matches
2498,Benjamin Stambouli,fr FRA,MF,Reims,fr Ligue 1,32,1990,7,3,286,3.2,0,1,1,0,0,0,4,0,0,0.31,0.31,0,0.31,Matches
2499,Josip Stanišić,hr CRO,"DF,MF",Leverkusen,de Bundesliga,23,2000,20,13,"1,261",14,3,1,4,3,0,0,3,0,0.21,0.07,0.29,0.21,0.29,Matches
2500,Carl Starfelt,se SWE,DF,Celta Vigo,es La Liga,28,1995,27,26,"2,216",24.6,1,0,1,1,0,0,4,0,0.04,0,0.04,0.04,0.04,Matches
Rk,Player,Nation,Pos,Squad,Comp,Age,Born,MP,Starts,Min,90s,Gls,Ast,G+A,G-PK,PK,PKatt,CrdY,CrdR,Gls,Ast,G+A,G-PK,G+A-PK,Matches
2501,Niklas Stark,de GER,DF,Werder Bremen,de Bundesliga,28,1995,17,12,"1,088",12.1,2,0,2,2,0,0,4,0,0.17,0,0.17,0.17,0.17,Matches
2502,Jason Steele,eng ENG,GK,Brighton,eng Premier League,32,1990,17,17,"1,530",17,0,0,0,0,0,0,0,0,0,0,0,0,0,Matches
2503,Pascal Stenzel,de GER,DF,Stuttgart,de Bundesliga,27,1996,23,14,"1,064",11.8,0,5,5,0,0,0,3,1,0,0.42,0.42,0,0.42,Matches
2504,Leonidas Stergiou,ch SUI,DF,Stuttgart,de Bundesliga,21,2002,15,6,594,6.6,1,0,1,1,0,0,0,0,0.15,0,0.15,0.15,0.15,Matches
2505,Raheem Sterling,eng ENG,MF,Chelsea,eng Premier League,28,1994,31,22,"1,978",22,8,4,12,8,0,0,7,0,0.36,0.18,0.55,0.36,0.55,Matches
2506,Trivante Stewart,jm JAM,FW,Salernitana,it Serie A,23,2000,4,0,100,1.1,0,0,0,0,0,0,0,0,0,0,0,0,0,Matches
2507,Angelo Stiller,de GER,MF,Hoffenheim,de Bundesliga,22,2001,1,1,84,0.9,0,0,0,0,0,0,0,0,0,0,0,0,0,Matches
2508,Angelo Stiller,de GER,MF,Stuttgart,de Bundesliga,22,2001,31,30,"2,694",29.9,1,5,6,1,0,0,5,0,0.03,0.17,0.2,0.03,0.2,Matches
2509,Kevin Stöger,at AUT,MF,Bochum,de Bundesliga,29,1993,32,32,"2,668",29.6,7,10,17,3,4,4,8,0,0.24,0.34,0.57,0.1,0.44,Matches
2510,Filip Stojilković,ch SUI,FW,Darmstadt 98,de Bundesliga,23,2000,6,0,154,1.7,0,0,0,0,0,0,1,0,0,0,0,0,0,Matches
2511,John Stones,eng ENG,DF,Manchester City,eng Premier League,29,1994,16,12,"1,064",11.8,1,0,1,1,0,0,2,0,0.08,0,0.08,0.08,0.08,Matches
2512,Thomas Strakosha,al ALB,GK,Brentford,eng Premier League,28,1995,2,1,135,1.5,0,0,0,0,0,0,0,0,0,0,0,0,0,Matches
2513,Jørgen Strand Larsen,no NOR,FW,Celta Vigo,es La Liga,23,2000,37,36,"2,863",31.8,13,3,16,13,0,0,5,0,0.41,0.09,0.5,0.41,0.5,Matches
2514,Gabriel Strefezza,br BRA,"FW,MF",Lecce,it Serie A,26,1997,19,13,"1,112",12.4,1,0,1,0,1,1,4,0,0.08,0,0.08,0,0,Matches
2515,Kevin Strootman,nl NED,MF,Genoa,it Serie A,33,1990,27,15,"1,207",13.4,0,2,2,0,0,0,4,0,0,0.15,0.15,0,0.15,Matches
2516,Cristhian Stuani,uy URU,FW,Girona,es La Liga,36,1986,31,5,804,8.9,9,3,12,9,0,0,6,0,1.01,0.34,1.34,1.01,1.34,Matches
2517,Álex Suárez,es ESP,DF,Las Palmas,es La Liga,30,1993,32,30,"2,562",28.5,2,0,2,2,0,0,7,0,0.07,0,0.07,0.07,0.07,Matches
2518,Damián Suárez,uy URU,DF,Getafe,es La Liga,35,1988,16,15,"1,299",14.4,0,2,2,0,0,0,7,1,0,0.14,0.14,0,0.14,Matches
2519,Denis Suárez,es ESP,MF,Villarreal,es La Liga,29,1994,4,1,133,1.5,0,0,0,0,0,0,0,0,0,0,0,0,0,Matches
2520,Luis Suárez,co COL,"FW,MF",Almería,es La Liga,25,1997,15,10,917,10.2,6,0,6,5,1,1,3,0,0.59,0,0.59,0.49,0.49,Matches
2521,Gabriel Suazo,cl CHI,"DF,MF",Toulouse,fr Ligue 1,25,1997,31,27,"2,357",26.2,0,4,4,0,0,0,5,0,0,0.15,0.15,0,0.15,Matches
2522,Isaac Success,ng NGA,"FW,MF",Udinese,it Serie A,27,1996,27,9,880,9.8,1,1,2,1,0,1,4,0,0.1,0.1,0.2,0.1,0.2,Matches
2523,Niklas Süle,de GER,DF,Dortmund,de Bundesliga,27,1995,23,14,"1,514",16.8,1,0,1,1,0,0,0,0,0.06,0,0.06,0.06,0.06,Matches
2524,Ibrahim Sulemana,gh GHA,MF,Cagliari,it Serie A,20,2003,21,16,"1,339",14.9,2,0,2,2,0,0,4,0,0.13,0,0.13,0.13,0.13,Matches
2525,Tomáš Suslov,sk SVK,MF,Hellas Verona,it Serie A,21,2002,32,23,"2,092",23.2,3,5,8,2,1,1,7,0,0.13,0.22,0.34,0.09,0.3,Matches
Rk,Player,Nation,Pos,Squad,Comp,Age,Born,MP,Starts,Min,90s,Gls,Ast,G+A,G-PK,PK,PKatt,CrdY,CrdR,Gls,Ast,G+A,G-PK,G+A-PK,Matches
2526,Suso,es ESP,MF,Sevilla,es La Liga,29,1993,29,15,"1,517",16.9,1,4,5,1,0,0,5,1,0.06,0.24,0.3,0.06,0.3,Matches
2527,Mattias Svanberg,se SWE,MF,Wolfsburg,de Bundesliga,24,1999,25,20,"1,715",19.1,1,3,4,1,0,0,8,0,0.05,0.16,0.21,0.05,0.21,Matches
2528,Max Svensson,es ESP,FW,Osasuna,es La Liga,21,2001,1,0,3,0,0,0,0,0,0,0,0,0,0,0,0,0,0,Matches
2529,Mile Svilar,rs SRB,GK,Roma,it Serie A,23,1999,15,15,"1,350",15,0,0,0,0,0,0,1,0,0,0,0,0,0,Matches
2530,Williot Swedberg,se SWE,FW,Celta Vigo,es La Liga,19,2004,15,4,439,4.9,5,0,5,5,0,0,1,0,1.03,0,1.03,1.03,1.03,Matches
2531,Karol Świderski,pl POL,"FW,MF",Hellas Verona,it Serie A,26,1997,15,3,504,5.6,2,0,2,2,0,0,0,0,0.36,0,0.36,0.36,0.36,Matches
2532,Abakar Sylla,ci CIV,DF,Strasbourg,fr Ligue 1,20,2002,22,19,"1,792",19.9,2,0,2,2,0,0,4,0,0.1,0,0.1,0.1,0.1,Matches
2533,Dembo Sylla,gn GUI,"DF,MF",Lorient,fr Ligue 1,20,2002,1,0,45,0.5,0,0,0,0,0,0,0,0,0,0,0,0,0,Matches
2534,Issiaga Sylla,gn GUI,"DF,MF",Montpellier,fr Ligue 1,29,1994,19,17,"1,455",16.2,1,2,3,1,0,0,3,0,0.06,0.12,0.19,0.06,0.19,Matches
2535,Mamadou Sylla,sn SEN,FW,Alavés,es La Liga,29,1994,2,0,18,0.2,0,0,0,0,0,0,0,0,0,0,0,0,0,Matches
2536,Attila Szalai,hu HUN,DF,Hoffenheim,de Bundesliga,25,1998,4,4,288,3.2,0,0,0,0,0,0,1,0,0,0,0,0,0,Matches
2537,Attila Szalai,hu HUN,"DF,MF",Freiburg,de Bundesliga,25,1998,3,0,103,1.1,0,0,0,0,0,0,0,0,0,0,0,0,0,Matches
2538,Wojciech Szczęsny,pl POL,GK,Juventus,it Serie A,33,1990,35,35,"3,150",35,0,0,0,0,0,0,1,0,0,0,0,0,0,Matches
2539,Dominik Szoboszlai,hu HUN,MF,Liverpool,eng Premier League,22,2000,33,25,"2,104",23.4,3,2,5,3,0,0,1,0,0.13,0.09,0.21,0.13,0.21,Matches
2540,Przemysław Szymiński,pl POL,DF,Frosinone,it Serie A,29,1994,1,0,9,0.1,0,0,0,0,0,0,0,0,0,0,0,0,0,Matches
2541,Alexander Sørloth,no NOR,FW,Villarreal,es La Liga,27,1995,34,30,"2,489",27.7,23,6,29,23,0,0,3,0,0.83,0.22,1.05,0.83,1.05,Matches
2542,Musa Al-Taamari,jo JOR,"MF,FW",Montpellier,fr Ligue 1,26,1997,27,24,"1,928",21.4,5,2,7,5,0,0,0,0,0.23,0.09,0.33,0.23,0.33,Matches
2543,Nicolás Tagliafico,ar ARG,"DF,MF",Lyon,fr Ligue 1,30,1992,25,25,"2,123",23.6,3,1,4,3,0,0,7,1,0.13,0.04,0.17,0.13,0.17,Matches
2544,Jonathan Tah,de GER,DF,Leverkusen,de Bundesliga,27,1996,31,30,"2,631",29.2,4,1,5,4,0,0,6,0,0.14,0.03,0.17,0.14,0.17,Matches
2545,Montassar Talbi,tn TUN,DF,Lorient,fr Ligue 1,25,1998,25,25,"2,204",24.5,0,0,0,0,0,0,2,0,0,0,0,0,0,Matches
2546,Yassin Tallal,es ESP,MF,Getafe,es La Liga,18,2005,1,0,3,0,0,0,0,0,0,0,0,0,0,0,0,0,0,Matches
2547,Adrien Tameze,cm CMR,"DF,MF",Torino,it Serie A,29,1994,29,25,"2,146",23.8,0,2,2,0,0,0,6,1,0,0.08,0.08,0,0.08,Matches
2548,Renato Tapia,pe PER,"MF,DF",Celta Vigo,es La Liga,28,1995,21,15,"1,337",14.9,0,0,0,0,0,0,5,1,0,0,0,0,0,Matches
2549,Edmond Tapsoba,bf BFA,DF,Leverkusen,de Bundesliga,24,1999,28,23,"2,087",23.2,0,1,1,0,0,0,4,0,0,0.04,0.04,0,0.04,Matches
2550,Matt Targett,eng ENG,DF,Newcastle,eng Premier League,27,1995,3,1,78,0.9,0,0,0,0,0,0,1,0,0,0,0,0,0,Matches
Rk,Player,Nation,Pos,Squad,Comp,Age,Born,MP,Starts,Min,90s,Gls,Ast,G+A,G-PK,PK,PKatt,CrdY,CrdR,Gls,Ast,G+A,G-PK,G+A-PK,Matches
2551,Oussama Targhalline,ma MAR,MF,Le Havre,fr Ligue 1,21,2002,14,12,"1,025",11.4,0,0,0,0,0,0,4,1,0,0,0,0,0,Matches
2552,James Tarkowski,eng ENG,DF,Everton,eng Premier League,30,1992,38,38,"3,419",38,1,1,2,1,0,0,11,0,0.03,0.03,0.05,0.03,0.05,Matches
2553,César Tárrega,es ESP,DF,Valencia,es La Liga,21,2002,1,0,8,0.1,0,0,0,0,0,0,0,0,0,0,0,0,0,Matches
2554,Jimi Tauriainen,eng ENG,FW,Chelsea,eng Premier League,19,2004,1,0,1,0,0,0,0,0,0,0,0,0,0,0,0,0,0,Matches
2555,Nuno Tavares,pt POR,DF,Nottingham,eng Premier League,23,2000,8,5,457,5.1,0,0,0,0,0,0,2,0,0,0,0,0,0,Matches
2556,Marcus Tavernier,eng ENG,MF,Bournemouth,eng Premier League,24,1999,30,25,"2,118",23.5,3,4,7,3,0,0,3,0,0.13,0.17,0.3,0.13,0.3,Matches
2557,Elayis Tavsan,nl NED,"FW,MF",Hellas Verona,it Serie A,22,2001,3,0,50,0.6,0,0,0,0,0,0,0,0,0,0,0,0,0,Matches
2558,Charlie Taylor,eng ENG,DF,Burnley,eng Premier League,29,1993,28,25,"2,331",25.9,1,1,2,1,0,0,8,0,0.04,0.04,0.08,0.04,0.08,Matches
2559,Marciano Tchami,gw GNB,FW,Almería,es La Liga,19,2004,6,0,43,0.5,0,0,0,0,0,0,0,0,0,0,0,0,0,Matches
2560,Loum Tchaouna,fr FRA,"MF,FW",Salernitana,it Serie A,19,2003,33,23,"2,100",23.3,4,3,7,4,0,0,4,0,0.17,0.13,0.3,0.17,0.3,Matches
2561,Jackson Tchatchoua,cm CMR,DF,Hellas Verona,it Serie A,21,2001,26,19,"1,725",19.2,0,2,2,0,0,0,2,0,0,0.1,0.1,0,0.1,Matches
2562,Enzo Tchato,cm CMR,DF,Montpellier,fr Ligue 1,20,2002,17,11,"1,125",12.5,0,0,0,0,0,0,2,0,0,0,0,0,0,Matches
2563,Aurélien Tchouaméni,fr FRA,"MF,DF",Real Madrid,es La Liga,23,2000,27,22,"1,987",22.1,3,1,4,3,0,0,7,0,0.14,0.05,0.18,0.14,0.18,Matches
2564,Mathys Tel,fr FRA,"MF,FW",Bayern Munich,de Bundesliga,18,2005,30,6,"1,050",11.7,7,5,12,7,0,0,2,0,0.6,0.43,1.03,0.6,1.03,Matches
2565,Nathan Tella,ng NGA,MF,Leverkusen,de Bundesliga,24,1999,24,8,819,9.1,5,2,7,5,0,0,2,0,0.55,0.22,0.77,0.55,0.77,Matches
2566,Nahuel Tenaglia,ar ARG,DF,Alavés,es La Liga,27,1996,25,11,"1,141",12.7,1,0,1,1,0,0,5,0,0.08,0,0.08,0.08,0.08,Matches
2567,Arnau Tenas,es ESP,GK,PSG,fr Ligue 1,22,2001,6,5,529,5.9,0,1,1,0,0,0,0,0,0,0.17,0.17,0,0.17,Matches
2568,Marc-André ter Stegen,de GER,GK,Barcelona,es La Liga,31,1992,28,28,"2,520",28,0,0,0,0,0,0,3,0,0,0,0,0,0,Matches
2569,Filippo Terracciano,it ITA,"MF,DF",Hellas Verona,it Serie A,20,2003,18,14,"1,296",14.4,0,1,1,0,0,0,1,0,0,0.07,0.07,0,0.07,Matches
2570,Filippo Terracciano,it ITA,DF,Milan,it Serie A,20,2003,3,1,76,0.8,0,0,0,0,0,0,1,0,0,0,0,0,0,Matches
2571,Pietro Terracciano,it ITA,GK,Fiorentina,it Serie A,33,1990,33,33,"2,970",33,0,0,0,0,0,0,3,0,0,0,0,0,0,Matches
2572,Ramón Terrats,es ESP,MF,Villarreal,es La Liga,22,2000,19,6,785,8.7,0,2,2,0,0,0,4,0,0,0.23,0.23,0,0.23,Matches
2573,Martin Terrier,fr FRA,"FW,MF",Rennes,fr Ligue 1,26,1997,24,19,"1,527",17,7,3,10,7,0,0,2,1,0.41,0.18,0.59,0.41,0.59,Matches
2574,Kenny Tete,nl NED,DF,Fulham,eng Premier League,27,1995,14,10,867,9.6,1,0,1,1,0,0,2,0,0.1,0,0.1,0.1,0.1,Matches
2575,Benjamin Tetteh,gh GHA,FW,Metz,fr Ligue 1,26,1997,12,1,278,3.1,0,0,0,0,0,0,2,0,0,0,0,0,0,Matches
Rk,Player,Nation,Pos,Squad,Comp,Age,Born,MP,Starts,Min,90s,Gls,Ast,G+A,G-PK,PK,PKatt,CrdY,CrdR,Gls,Ast,G+A,G-PK,G+A-PK,Matches
2576,Teddy Teuma,mt MLT,MF,Reims,fr Ligue 1,29,1993,28,25,"2,113",23.5,6,3,9,5,1,1,7,0,0.26,0.13,0.38,0.21,0.34,Matches
2577,Florian Thauvin,fr FRA,FW,Udinese,it Serie A,30,1993,29,19,"1,710",19,5,3,8,4,1,1,4,0,0.26,0.16,0.42,0.21,0.37,Matches
2578,Arthur Theate,be BEL,DF,Rennes,fr Ligue 1,23,2000,28,27,"2,296",25.5,2,0,2,2,0,0,4,0,0.08,0,0.08,0.08,0.08,Matches
2579,Norman Theuerkauf,de GER,"MF,DF",Heidenheim,de Bundesliga,36,1987,25,14,"1,259",14,0,1,1,0,0,0,3,0,0,0.07,0.07,0,0.07,Matches
2580,Malick Thiaw,de GER,DF,Milan,it Serie A,21,2001,21,19,"1,619",18,0,1,1,0,0,0,5,1,0,0.06,0.06,0,0.06,Matches
2581,Jan Thielmann,de GER,"FW,MF",Köln,de Bundesliga,21,2002,22,20,"1,579",17.5,1,0,1,1,0,0,4,1,0.06,0,0.06,0.06,0.06,Matches
2582,Denis Thomalla,de GER,MF,Heidenheim,de Bundesliga,30,1992,21,3,446,5,0,0,0,0,0,0,0,0,0,0,0,0,0,Matches
2583,Luke Thomas,eng ENG,"MF,DF",Sheffield United,eng Premier League,22,2001,12,11,917,10.2,0,0,0,0,0,0,3,0,0,0,0,0,0,Matches
2584,Adrien Thomasson,fr FRA,MF,Lens,fr Ligue 1,29,1993,29,13,"1,193",13.3,1,2,3,1,0,0,2,1,0.08,0.15,0.23,0.08,0.23,Matches
2585,Morten Thorsby,no NOR,MF,Genoa,it Serie A,27,1996,24,9,"1,157",12.9,2,2,4,2,0,0,2,0,0.16,0.16,0.31,0.16,0.31,Matches
2586,Kristian Thorstvedt,no NOR,MF,Sassuolo,it Serie A,24,1999,34,30,"2,397",26.6,6,1,7,6,0,0,7,0,0.23,0.04,0.26,0.23,0.26,Matches
2587,Khéphren Thuram,fr FRA,MF,Nice,fr Ligue 1,22,2001,27,25,"2,108",23.4,1,1,2,1,0,0,7,0,0.04,0.04,0.09,0.04,0.09,Matches
2588,Marcus Thuram,fr FRA,FW,Inter,it Serie A,25,1997,35,34,"2,687",29.9,13,7,20,13,0,0,3,0,0.44,0.23,0.67,0.44,0.67,Matches
2589,Cheikh Tidiane Sabaly,sn SEN,"MF,FW",Metz,fr Ligue 1,24,1999,29,17,"1,379",15.3,3,1,4,3,0,0,4,0,0.2,0.07,0.26,0.2,0.26,Matches
2590,Youri Tielemans,be BEL,"MF,FW",Aston Villa,eng Premier League,26,1997,32,17,"1,622",18,2,6,8,2,0,0,3,0,0.11,0.33,0.44,0.11,0.44,Matches
2591,Kieran Tierney,sct SCO,DF,Real Sociedad,es La Liga,26,1997,20,14,"1,238",13.8,0,2,2,0,0,0,1,0,0,0.15,0.15,0,0.15,Matches
2592,Phillip Tietz,de GER,FW,Augsburg,de Bundesliga,26,1997,34,31,"2,382",26.5,8,4,12,8,0,0,1,0,0.3,0.15,0.45,0.3,0.45,Matches
2593,Steffen Tigges,de GER,FW,Köln,de Bundesliga,25,1998,25,6,727,8.1,3,0,3,3,0,0,0,0,0.37,0,0.37,0.37,0.37,Matches
2594,Antonio Tikvić,hr CRO,DF,Udinese,it Serie A,19,2004,1,0,1,0,0,0,0,0,0,0,0,0,0,0,0,0,0,Matches
2595,Jurriën Timber,nl NED,DF,Arsenal,eng Premier League,22,2001,2,1,71,0.8,0,0,0,0,0,0,2,0,0,0,0,0,0,Matches
2596,Jean-Clair Todibo,fr FRA,DF,Nice,fr Ligue 1,23,1999,30,30,"2,651",29.5,0,2,2,0,0,0,2,1,0,0.07,0.07,0,0.07,Matches
2597,Harry Toffolo,eng ENG,"DF,MF",Nottingham,eng Premier League,27,1995,23,15,"1,459",16.2,1,3,4,1,0,0,3,0,0.06,0.19,0.25,0.06,0.25,Matches
2598,Umut Tohumcu,de GER,MF,Hoffenheim,de Bundesliga,18,2004,20,12,"1,011",11.2,0,2,2,0,0,0,5,0,0,0.18,0.18,0,0.18,Matches
2599,Corentin Tolisso,fr FRA,MF,Lyon,fr Ligue 1,28,1994,25,21,"1,741",19.3,3,1,4,2,1,1,5,0,0.16,0.05,0.21,0.1,0.16,Matches
2600,Jeremy Toljan,de GER,DF,Sassuolo,it Serie A,28,1994,25,24,"2,083",23.1,0,5,5,0,0,0,1,0,0,0.22,0.22,0,0.22,Matches
Rk,Player,Nation,Pos,Squad,Comp,Age,Born,MP,Starts,Min,90s,Gls,Ast,G+A,G-PK,PK,PKatt,CrdY,CrdR,Gls,Ast,G+A,G-PK,G+A-PK,Matches
2601,Rafael Tolói,it ITA,DF,Atalanta,it Serie A,32,1990,18,10,965,10.7,0,0,0,0,0,0,6,1,0,0,0,0,0,Matches
2602,Raúl de Tomás,es ESP,FW,Rayo Vallecano,es La Liga,28,1994,25,15,"1,272",14.1,1,2,3,0,1,1,5,0,0.07,0.14,0.21,0,0.14,Matches
2603,Tiago Tomás,pt POR,"FW,MF",Wolfsburg,de Bundesliga,21,2002,26,11,"1,032",11.5,1,1,2,1,0,0,3,0,0.09,0.09,0.17,0.09,0.17,Matches
2604,Takehiro Tomiyasu,jp JPN,DF,Arsenal,eng Premier League,24,1998,22,10,"1,149",12.8,2,1,3,2,0,0,2,1,0.16,0.08,0.23,0.16,0.23,Matches
2605,James Tomkins,eng ENG,"DF,MF",Crystal Palace,eng Premier League,34,1989,4,0,10,0.1,0,0,0,0,0,0,0,0,0,0,0,0,0,Matches
2606,Fikayo Tomori,eng ENG,DF,Milan,it Serie A,25,1997,26,24,"2,121",23.6,4,0,4,4,0,0,8,1,0.17,0,0.17,0.17,0.17,Matches
2607,Sandro Tonali,it ITA,MF,Newcastle,eng Premier League,23,2000,8,5,438,4.9,1,0,1,1,0,0,2,0,0.21,0,0.21,0.21,0.21,Matches
2608,Ivan Toney,eng ENG,FW,Brentford,eng Premier League,27,1996,17,16,"1,450",16.1,4,2,6,4,0,0,5,0,0.25,0.12,0.37,0.25,0.37,Matches
2609,Pablo Torre,es ESP,MF,Girona,es La Liga,20,2003,26,4,701,7.8,0,2,2,0,0,0,1,0,0,0.26,0.26,0,0.26,Matches
2610,Raúl Torrente,es ESP,DF,Granada,es La Liga,21,2001,17,14,"1,250",13.9,0,0,0,0,0,0,4,0,0,0,0,0,0,Matches
2611,Ferran Torres,es ESP,FW,Barcelona,es La Liga,23,2000,29,12,"1,211",13.5,7,2,9,7,0,0,2,0,0.52,0.15,0.67,0.52,0.67,Matches
2612,Óliver Torres,es ESP,MF,Sevilla,es La Liga,28,1994,27,18,"1,616",18,0,1,1,0,0,0,3,0,0,0.06,0.06,0,0.06,Matches
2613,Pau Torres,es ESP,DF,Aston Villa,eng Premier League,26,1997,29,27,"2,464",27.4,2,0,2,2,0,0,1,0,0.07,0,0.07,0.07,0.07,Matches
2614,Lucas Torró,es ESP,MF,Osasuna,es La Liga,29,1994,28,21,"1,788",19.9,1,0,1,1,0,0,5,0,0.05,0,0.05,0.05,0.05,Matches
2615,Fabio Torsiello,it ITA,FW,Darmstadt 98,de Bundesliga,18,2005,10,1,156,1.7,0,0,0,0,0,0,0,0,0,0,0,0,0,Matches
2616,Ahmed Touba,dz ALG,DF,Lecce,it Serie A,25,1998,6,3,277,3.1,0,0,0,0,0,0,1,0,0,0,0,0,0,Matches
2617,Abdoulaye Touré,gn GUI,MF,Le Havre,fr Ligue 1,29,1994,30,27,"2,284",25.4,2,0,2,0,2,2,4,0,0.08,0,0.08,0,0,Matches
2618,Souleymane Touré,fr FRA,DF,Lorient,fr Ligue 1,20,2003,24,23,"2,051",22.8,1,1,2,1,0,0,6,0,0.04,0.04,0.09,0.04,0.09,Matches
2619,Lucas Tousart,fr FRA,MF,Union Berlin,de Bundesliga,26,1997,23,18,"1,572",17.5,0,0,0,0,0,0,5,0,0,0,0,0,0,Matches
2620,Andros Townsend,eng ENG,"MF,FW",Luton Town,eng Premier League,32,1991,27,14,"1,210",13.4,1,3,4,1,0,0,1,0,0.07,0.22,0.3,0.07,0.3,Matches
2621,James Trafford,eng ENG,GK,Burnley,eng Premier League,20,2002,28,28,"2,520",28,0,0,0,0,0,0,2,0,0,0,0,0,0,Matches
2622,Adama Traoré,es ESP,MF,Fulham,eng Premier League,27,1996,17,1,377,4.2,2,3,5,2,0,0,2,0,0.48,0.72,1.19,0.48,1.19,Matches
2623,Bénie Traoré,ci CIV,"FW,MF",Sheffield United,eng Premier League,20,2002,8,3,387,4.3,0,0,0,0,0,0,0,0,0,0,0,0,0,Matches
2624,Bénie Traoré,ci CIV,FW,Nantes,fr Ligue 1,20,2002,14,4,504,5.6,0,1,1,0,0,0,1,1,0,0.18,0.18,0,0.18,Matches
2625,Bertrand Traoré,bf BFA,MF,Villarreal,es La Liga,27,1995,11,6,568,6.3,1,0,1,1,0,0,4,0,0.16,0,0.16,0.16,0.16,Matches
Rk,Player,Nation,Pos,Squad,Comp,Age,Born,MP,Starts,Min,90s,Gls,Ast,G+A,G-PK,PK,PKatt,CrdY,CrdR,Gls,Ast,G+A,G-PK,G+A-PK,Matches
2626,Bertrand Traoré,bf BFA,"FW,MF",Aston Villa,eng Premier League,27,1995,2,0,11,0.1,0,0,0,0,0,0,0,0,0,0,0,0,0,Matches
2627,Boubacar Traoré,ml MLI,MF,Wolves,eng Premier League,21,2001,24,7,819,9.1,0,0,0,0,0,0,4,0,0,0,0,0,0,Matches
2628,Chaka Traorè,ci CIV,FW,Milan,it Serie A,18,2004,2,0,20,0.2,1,0,1,1,0,0,0,0,4.5,0,4.5,4.5,4.5,Matches
2629,Daouda Traoré,fr FRA,MF,Nice,fr Ligue 1,17,2006,1,0,16,0.2,0,0,0,0,0,0,0,0,0,0,0,0,0,Matches
2630,Hamari Traoré,ml MLI,DF,Real Sociedad,es La Liga,31,1992,31,27,"2,292",25.5,0,2,2,0,0,0,7,0,0,0.08,0.08,0,0.08,Matches
2631,Ismaël Traoré,ci CIV,DF,Metz,fr Ligue 1,36,1986,26,25,"2,220",24.7,2,0,2,2,0,0,2,0,0.08,0,0.08,0.08,0.08,Matches
2632,Omar Traoré,de GER,DF,Heidenheim,de Bundesliga,25,1998,31,29,"2,472",27.5,0,2,2,0,0,0,5,0,0,0.07,0.07,0,0.07,Matches
2633,Kevin Trapp,de GER,GK,Frankfurt,de Bundesliga,33,1990,32,32,"2,880",32,0,0,0,0,0,0,2,0,0,0,0,0,0,Matches
2634,Mark Travers,ie IRL,GK,Bournemouth,eng Premier League,24,1999,4,4,360,4,0,0,0,0,0,0,0,0,0,0,0,0,0,Matches
2635,Óscar Trejo,ar ARG,"FW,MF",Rayo Vallecano,es La Liga,35,1988,31,19,"1,380",15.3,0,0,0,0,0,0,4,1,0,0,0,0,0,Matches
2636,Mike Trésor,be BEL,"MF,FW",Burnley,eng Premier League,24,1999,16,3,420,4.7,0,0,0,0,0,0,0,0,0,0,0,0,0,Matches
2637,Manu Trigueros,es ESP,MF,Villarreal,es La Liga,31,1991,14,2,309,3.4,0,0,0,0,0,0,0,0,0,0,0,0,0,Matches
2638,Christopher Trimmel,at AUT,"MF,DF",Union Berlin,de Bundesliga,36,1987,26,19,"1,646",18.3,0,2,2,0,0,0,2,1,0,0.11,0.11,0,0.11,Matches
2639,Kieran Trippier,eng ENG,DF,Newcastle,eng Premier League,32,1990,28,26,"2,236",24.8,1,10,11,1,0,0,5,0,0.04,0.4,0.44,0.04,0.44,Matches
2640,Leandro Trossard,be BEL,"FW,MF",Arsenal,eng Premier League,28,1994,34,18,"1,649",18.3,12,1,13,12,0,0,2,0,0.65,0.05,0.71,0.65,0.71,Matches
2641,Adrien Truffert,fr FRA,"DF,MF",Rennes,fr Ligue 1,21,2001,30,24,"2,145",23.8,1,2,3,1,0,0,6,0,0.04,0.08,0.13,0.04,0.13,Matches
2642,Auston Trusty,us USA,DF,Sheffield United,eng Premier League,24,1998,32,28,"2,572",28.6,0,0,0,0,0,0,4,0,0,0,0,0,0,Matches
2643,Kostas Tsimikas,gr GRE,DF,Liverpool,eng Premier League,27,1996,13,8,679,7.5,0,3,3,0,0,0,0,0,0,0.4,0.4,0,0.4,Matches
2644,Viktor Tsyhankov,ua UKR,MF,Girona,es La Liga,25,1997,30,26,"2,052",22.8,8,7,15,8,0,0,0,0,0.35,0.31,0.66,0.35,0.66,Matches
2645,Stefano Turati,it ITA,GK,Frosinone,it Serie A,21,2001,31,31,"2,745",30.5,0,0,0,0,0,0,0,0,0,0,0,0,0,Matches
2646,Matt Turner,us USA,GK,Nottingham,eng Premier League,29,1994,17,17,"1,530",17,0,0,0,0,0,0,2,0,0,0,0,0,0,Matches
2647,Beñat Turrientes,es ESP,MF,Real Sociedad,es La Liga,21,2002,29,19,"1,687",18.7,0,1,1,0,0,0,4,0,0,0.05,0.05,0,0.05,Matches
2648,Tuta,br BRA,"DF,MF",Frankfurt,de Bundesliga,24,1999,30,30,"2,600",28.9,1,2,3,1,0,0,3,2,0.03,0.07,0.1,0.03,0.1,Matches
2649,Destiny Udogie,it ITA,DF,Tottenham,eng Premier League,20,2002,28,28,"2,391",26.6,2,3,5,2,0,0,7,1,0.08,0.11,0.19,0.08,0.19,Matches
2650,Matthieu Udol,fr FRA,DF,Metz,fr Ligue 1,27,1996,30,30,"2,700",30,3,3,6,3,0,0,5,0,0.1,0.1,0.2,0.1,0.2,Matches
Rk,Player,Nation,Pos,Squad,Comp,Age,Born,MP,Starts,Min,90s,Gls,Ast,G+A,G-PK,PK,PKatt,CrdY,CrdR,Gls,Ast,G+A,G-PK,G+A-PK,Matches
2651,Manuel Ugarte,uy URU,MF,PSG,fr Ligue 1,22,2001,25,21,"1,932",21.5,0,2,2,0,0,0,5,0,0,0.09,0.09,0,0.09,Matches
2652,Lesley Ugochukwu,fr FRA,MF,Chelsea,eng Premier League,19,2004,12,3,301,3.3,0,0,0,0,0,0,2,0,0,0,0,0,0,Matches
2653,Lukas Ullrich,de GER,DF,Gladbach,de Bundesliga,19,2004,4,0,47,0.5,0,0,0,0,0,0,0,0,0,0,0,0,0,Matches
2654,Sven Ulreich,de GER,GK,Bayern Munich,de Bundesliga,34,1988,11,11,990,11,0,0,0,0,0,0,1,0,0,0,0,0,0,Matches
2655,Samuel Umtiti,fr FRA,DF,Lille,fr Ligue 1,29,1993,6,2,185,2.1,0,0,0,0,0,0,0,0,0,0,0,0,0,Matches
2656,Enes Ünal,tr TUR,FW,Bournemouth,eng Premier League,26,1997,16,2,328,3.6,2,2,4,2,0,0,1,0,0.55,0.55,1.1,0.55,1.1,Matches
2657,Enes Ünal,tr TUR,FW,Getafe,es La Liga,26,1997,3,1,140,1.6,0,1,1,0,0,0,0,0,0,0.64,0.64,0,0.64,Matches
2658,Deniz Undav,de GER,"FW,MF",Stuttgart,de Bundesliga,27,1996,30,23,"2,089",23.2,18,10,28,18,0,1,5,0,0.78,0.43,1.21,0.78,1.21,Matches
2659,Dayot Upamecano,fr FRA,DF,Bayern Munich,de Bundesliga,24,1998,25,19,"1,762",19.6,1,0,1,1,0,0,3,1,0.05,0,0.05,0.05,0.05,Matches
2660,Kacper Urbanski,pl POL,"MF,FW",Bologna,it Serie A,18,2004,22,9,926,10.3,0,1,1,0,0,0,2,0,0,0.1,0.1,0,0.1,Matches
2661,Mark Uth,de GER,"MF,FW",Köln,de Bundesliga,31,1991,11,3,373,4.1,0,1,1,0,0,0,2,0,0,0.24,0.24,0,0.24,Matches
2662,Myrto Uzuni,al ALB,"FW,MF",Granada,es La Liga,28,1995,34,28,"2,448",27.2,11,1,12,7,4,5,3,0,0.4,0.04,0.44,0.26,0.29,Matches
2663,Josha Vagnoman,de GER,"MF,DF",Stuttgart,de Bundesliga,22,2000,18,12,"1,183",13.1,2,2,4,2,0,0,2,0,0.15,0.15,0.3,0.15,0.3,Matches
2664,Óscar Valentín,es ESP,MF,Rayo Vallecano,es La Liga,28,1994,34,32,"2,692",29.9,1,0,1,1,0,0,7,1,0.03,0,0.03,0.03,0.03,Matches
2665,Emanuele Valeri,it ITA,"MF,DF",Frosinone,it Serie A,24,1998,16,14,"1,178",13.1,0,1,1,0,0,0,3,0,0,0.08,0.08,0,0.08,Matches
2666,Martin Valjent,sk SVK,DF,Mallorca,es La Liga,27,1995,28,28,"2,349",26.1,0,1,1,0,0,0,5,0,0,0.04,0.04,0,0.04,Matches
2667,Jesús Vallejo,es ESP,DF,Granada,es La Liga,26,1997,3,1,108,1.2,0,0,0,0,0,0,1,0,0,0,0,0,0,Matches
2668,Álvaro Vallés,es ESP,GK,Las Palmas,es La Liga,26,1997,37,37,"3,263",36.3,0,0,0,0,0,0,2,1,0,0,0,0,0,Matches
2669,Federico Valverde,uy URU,MF,Real Madrid,es La Liga,25,1998,37,33,"2,904",32.3,2,7,9,2,0,0,2,0,0.06,0.22,0.28,0.06,0.28,Matches
2670,Kévin Van Den Kerkhof,dz ALG,"MF,FW",Metz,fr Ligue 1,27,1996,29,21,"1,913",21.3,1,2,3,1,0,0,2,0,0.05,0.09,0.14,0.05,0.14,Matches
2671,Siebe Van Der Heyden,be BEL,DF,Mallorca,es La Liga,25,1998,6,4,286,3.2,0,0,0,0,0,0,2,1,0,0,0,0,0,Matches
2672,Virgil van Dijk,nl NED,DF,Liverpool,eng Premier League,32,1991,36,36,"3,177",35.3,2,2,4,2,0,0,3,1,0.06,0.06,0.11,0.06,0.11,Matches
2673,Vanderson,br BRA,"MF,DF",Monaco,fr Ligue 1,22,2001,20,20,"1,641",18.2,3,1,4,3,0,0,6,1,0.16,0.05,0.22,0.16,0.22,Matches
2674,Raphaël Varane,fr FRA,DF,Manchester Utd,eng Premier League,30,1993,22,16,"1,375",15.3,1,0,1,1,0,0,2,0,0.07,0,0.07,0.07,0.07,Matches
2675,Ruben Vargas,ch SUI,"MF,FW",Augsburg,de Bundesliga,24,1998,31,25,"1,962",21.8,4,5,9,4,0,0,3,0,0.18,0.23,0.41,0.18,0.41,Matches
Rk,Player,Nation,Pos,Squad,Comp,Age,Born,MP,Starts,Min,90s,Gls,Ast,G+A,G-PK,PK,PKatt,CrdY,CrdR,Gls,Ast,G+A,G-PK,G+A-PK,Matches
2676,Johan Vásquez,mx MEX,DF,Genoa,it Serie A,24,1998,37,32,"2,850",31.7,1,1,2,1,0,0,6,0,0.03,0.03,0.06,0.03,0.06,Matches
2677,José Luis García Vayá,es ESP,MF,Valencia,es La Liga,24,1998,37,37,"3,302",36.7,7,1,8,0,7,8,4,0,0.19,0.03,0.22,0,0.03,Matches
2678,Borja Vázquez,es ESP,FW,Cádiz,es La Liga,18,2005,1,0,4,0,0,0,0,0,0,0,0,0,0,0,0,0,0,Matches
2679,Jesus Vazquez,es ESP,DF,Valencia,es La Liga,20,2003,20,6,716,8,1,0,1,1,0,0,1,0,0.13,0,0.13,0.13,0.13,Matches
2680,Kevin Vázquez,es ESP,DF,Celta Vigo,es La Liga,30,1993,12,10,700,7.8,0,0,0,0,0,0,3,0,0,0,0,0,0,Matches
2681,Lucas Vázquez,es ESP,DF,Real Madrid,es La Liga,32,1991,29,14,"1,419",15.8,3,6,9,3,0,0,0,0,0.19,0.38,0.57,0.19,0.57,Matches
2682,Matías Vecino,uy URU,MF,Lazio,it Serie A,31,1991,31,8,"1,153",12.8,6,1,7,6,0,0,8,0,0.47,0.08,0.55,0.47,0.55,Matches
2683,Gabriel Veiga,es ESP,MF,Celta Vigo,es La Liga,21,2002,1,0,18,0.2,0,0,0,0,0,0,0,0,0,0,0,0,0,Matches
2684,Alejo Véliz,ar ARG,FW,Tottenham,eng Premier League,19,2003,8,0,50,0.6,1,0,1,1,0,0,1,0,1.8,0,1.8,1.8,1.8,Matches
2685,Alejo Véliz,ar ARG,FW,Sevilla,es La Liga,19,2003,6,0,35,0.4,0,0,0,0,0,0,0,0,0,0,0,0,0,Matches
2686,Miloš Veljković,rs SRB,DF,Werder Bremen,de Bundesliga,27,1995,23,21,"1,920",21.3,2,1,3,2,0,0,2,0,0.09,0.05,0.14,0.09,0.14,Matches
2687,Joël Veltman,nl NED,DF,Brighton,eng Premier League,31,1992,27,17,"1,588",17.6,1,1,2,1,0,0,4,0,0.06,0.06,0.11,0.06,0.11,Matches
2688,Micky van de Ven,nl NED,DF,Tottenham,eng Premier League,22,2001,27,27,"2,339",26,3,0,3,3,0,0,5,0,0.12,0,0.12,0.12,0.12,Matches
2689,Lorenzo Venuti,it ITA,DF,Lecce,it Serie A,28,1995,14,3,364,4,0,0,0,0,0,0,1,0,0,0,0,0,0,Matches
2690,Bart Verbruggen,nl NED,GK,Brighton,eng Premier League,20,2002,21,21,"1,890",21,0,0,0,0,0,0,3,0,0,0,0,0,0,Matches
2691,Simone Verdi,it ITA,"FW,MF",Torino,it Serie A,31,1992,1,0,4,0,0,0,0,0,0,0,0,0,0,0,0,0,0,Matches
2692,Jordan Veretout,fr FRA,MF,Marseille,fr Ligue 1,30,1993,29,24,"2,183",24.3,1,2,3,1,0,0,4,0,0.04,0.08,0.12,0.04,0.12,Matches
2693,Arthur Vermeeren,be BEL,MF,Atlético Madrid,es La Liga,18,2005,5,2,162,1.8,0,0,0,0,0,0,2,0,0,0,0,0,0,Matches
2694,Yorbe Vertessen,be BEL,"FW,MF",Union Berlin,de Bundesliga,22,2001,13,7,593,6.6,3,2,5,3,0,0,1,0,0.46,0.3,0.76,0.46,0.76,Matches
2695,Mikel Vesga,es ESP,MF,Athletic Club,es La Liga,30,1993,27,18,"1,534",17,3,1,4,1,2,2,2,0,0.18,0.06,0.23,0.06,0.12,Matches
2696,Guglielmo Vicario,it ITA,GK,Tottenham,eng Premier League,26,1996,38,38,"3,420",38,0,0,0,0,0,0,2,0,0,0,0,0,0,Matches
2697,Carlos Vicente,es ESP,MF,Alavés,es La Liga,24,1999,18,12,"1,114",12.4,2,4,6,2,0,0,1,0,0.16,0.32,0.48,0.16,0.48,Matches
2698,Nacho Vidal,es ESP,DF,Osasuna,es La Liga,28,1995,7,0,96,1.1,1,0,1,1,0,0,0,0,0.94,0,0.94,0.94,0.94,Matches
2699,Nacho Vidal,es ESP,DF,Mallorca,es La Liga,28,1995,8,5,416,4.6,0,0,0,0,0,0,2,0,0,0,0,0,0,Matches
2700,Fabio Vieira,pt POR,MF,Arsenal,eng Premier League,23,2000,11,2,297,3.3,1,2,3,0,1,1,0,1,0.3,0.61,0.91,0,0.61,Matches
Rk,Player,Nation,Pos,Squad,Comp,Age,Born,MP,Starts,Min,90s,Gls,Ast,G+A,G-PK,PK,PKatt,CrdY,CrdR,Gls,Ast,G+A,G-PK,G+A-PK,Matches
2701,Fran Vieites,es ESP,GK,Real Betis,es La Liga,24,1999,4,3,315,3.5,0,0,0,0,0,0,0,0,0,0,0,0,0,Matches
2702,Jonathan Viera,es ESP,MF,Almería,es La Liga,33,1989,12,12,912,10.1,0,3,3,0,0,0,3,1,0,0.3,0.3,0,0.3,Matches
2703,Jonathan Viera,es ESP,"MF,FW",Las Palmas,es La Liga,33,1989,9,7,617,6.9,2,1,3,0,2,2,1,0,0.29,0.15,0.44,0,0.15,Matches
2704,Emanuel Vignato,it ITA,"MF,FW",Salernitana,it Serie A,22,2000,9,3,311,3.5,0,1,1,0,0,0,1,0,0,0.29,0.29,0,0.29,Matches
2705,Samuele Vignato,it ITA,MF,Monza,it Serie A,19,2004,10,3,343,3.8,1,0,1,1,0,0,2,0,0.26,0,0.26,0.26,0.26,Matches
2706,Oscar Vilhelmsson,se SWE,FW,Darmstadt 98,de Bundesliga,19,2003,26,16,"1,374",15.3,4,1,5,4,0,0,2,0,0.26,0.07,0.33,0.26,0.33,Matches
2707,Toni Villa,es ESP,MF,Girona,es La Liga,28,1995,2,0,13,0.1,0,0,0,0,0,0,0,0,0,0,0,0,0,Matches
2708,Asier Villalibre,es ESP,FW,Athletic Club,es La Liga,25,1997,18,4,513,5.7,2,1,3,2,0,0,0,0,0.35,0.18,0.53,0.35,0.53,Matches
2709,Gonzalo Villar,es ESP,MF,Granada,es La Liga,25,1998,35,21,"1,803",20,1,3,4,1,0,0,7,0,0.05,0.15,0.2,0.05,0.2,Matches
2710,Iván Villar,es ESP,GK,Celta Vigo,es La Liga,26,1997,12,12,"1,014",11.3,0,0,0,0,0,0,0,2,0,0,0,0,0,Matches
2711,Matías Viña,uy URU,DF,Sassuolo,it Serie A,25,1997,15,13,"1,014",11.3,0,3,3,0,0,0,1,0,0,0.27,0.27,0,0.27,Matches
2712,Rúben Vinagre,pt POR,DF,Hellas Verona,it Serie A,24,1999,12,2,282,3.1,0,0,0,0,0,0,0,0,0,0,0,0,0,Matches
2713,Carlos Vinícius,br BRA,FW,Fulham,eng Premier League,28,1995,13,2,315,3.5,2,0,2,2,0,0,2,0,0.57,0,0.57,0.57,0.57,Matches
2714,Nicolas Viola,it ITA,"MF,FW",Cagliari,it Serie A,33,1989,26,11,"1,207",13.4,5,2,7,5,0,1,3,0,0.37,0.15,0.52,0.37,0.52,Matches
2715,Alan Virginius,fr FRA,MF,Lille,fr Ligue 1,20,2003,2,1,71,0.8,0,0,0,0,0,0,0,0,0,0,0,0,0,Matches
2716,Alan Virginius,fr FRA,"MF,FW",Clermont Foot,fr Ligue 1,20,2003,14,12,934,10.4,0,2,2,0,0,0,0,0,0,0.19,0.19,0,0.19,Matches
2717,Ricardo Visus,es ESP,DF,Real Betis,es La Liga,22,2001,3,1,166,1.8,0,0,0,0,0,0,0,0,0,0,0,0,0,Matches
2718,Mattia Viti,it ITA,DF,Sassuolo,it Serie A,21,2002,15,12,979,10.9,1,0,1,1,0,0,0,0,0.09,0,0.09,0.09,0.09,Matches
2719,Vitinha,pt POR,FW,Marseille,fr Ligue 1,23,2000,18,10,923,10.3,3,2,5,3,0,0,1,0,0.29,0.2,0.49,0.29,0.49,Matches
2720,Vitinha,pt POR,"MF,FW",Genoa,it Serie A,23,2000,9,2,285,3.2,2,0,2,2,0,0,2,0,0.63,0,0.63,0.63,0.63,Matches
2721,Vitinha,pt POR,MF,PSG,fr Ligue 1,23,2000,28,23,"2,126",23.6,7,4,11,7,0,0,0,0,0.3,0.17,0.47,0.3,0.47,Matches
2722,Vitinho,br BRA,"DF,MF",Burnley,eng Premier League,24,1999,32,26,"2,314",25.7,0,2,2,0,0,0,1,0,0,0.08,0.08,0,0.08,Matches
2723,Daniel Vivian,es ESP,DF,Athletic Club,es La Liga,24,1999,33,31,"2,878",32,0,0,0,0,0,0,6,0,0,0,0,0,0,Matches
2724,Odysseas Vlachodimos,gr GRE,GK,Nottingham,eng Premier League,29,1994,5,5,450,5,0,0,0,0,0,0,0,0,0,0,0,0,0,Matches
2725,Dušan Vlahović,rs SRB,FW,Juventus,it Serie A,23,2000,33,27,"2,307",25.6,16,4,20,14,2,4,8,1,0.62,0.16,0.78,0.55,0.7,Matches
Rk,Player,Nation,Pos,Squad,Comp,Age,Born,MP,Starts,Min,90s,Gls,Ast,G+A,G-PK,PK,PKatt,CrdY,CrdR,Gls,Ast,G+A,G-PK,G+A-PK,Matches
2726,Nikola Vlašić,hr CRO,MF,Torino,it Serie A,25,1997,33,30,"2,608",29,3,2,5,3,0,0,3,0,0.1,0.07,0.17,0.1,0.17,Matches
2727,Alessandro Vogliacco,it ITA,DF,Genoa,it Serie A,24,1998,20,14,"1,169",13,0,1,1,0,0,0,4,0,0,0.08,0.08,0,0.08,Matches
2728,Kevin Vogt,de GER,DF,Hoffenheim,de Bundesliga,31,1991,16,14,"1,319",14.7,0,0,0,0,0,0,2,0,0,0,0,0,0,Matches
2729,Kevin Vogt,de GER,DF,Union Berlin,de Bundesliga,31,1991,16,16,"1,323",14.7,0,0,0,0,0,0,5,0,0,0,0,0,0,Matches
2730,Mërgim Vojvoda,xk KVX,"MF,DF",Torino,it Serie A,28,1995,28,15,"1,379",15.3,0,3,3,0,0,0,3,0,0,0.2,0.2,0,0.2,Matches
2731,Kevin Volland,de GER,"FW,MF",Union Berlin,de Bundesliga,31,1992,26,17,"1,345",14.9,3,4,7,1,2,3,3,2,0.2,0.27,0.47,0.07,0.33,Matches
2732,Cristian Volpato,au AUS,"MF,FW",Sassuolo,it Serie A,19,2003,22,5,645,7.2,1,0,1,1,0,0,1,0,0.14,0,0.14,0.14,0.14,Matches
2733,Aster Vranckx,be BEL,MF,Wolfsburg,de Bundesliga,20,2002,24,12,"1,153",12.8,0,0,0,0,0,0,6,0,0,0,0,0,0,Matches
2734,Stefan de Vrij,nl NED,DF,Inter,it Serie A,31,1992,25,17,"1,586",17.6,1,0,1,1,0,0,0,0,0.06,0,0.06,0.06,0.06,Matches
2735,Elye Wahi,ci CIV,FW,Montpellier,fr Ligue 1,20,2003,1,0,14,0.2,0,0,0,0,0,0,0,0,0,0,0,0,0,Matches
2736,Elye Wahi,ci CIV,FW,Lens,fr Ligue 1,20,2003,27,20,"1,692",18.8,9,3,12,8,1,1,10,1,0.48,0.16,0.64,0.43,0.59,Matches
2737,Walace,br BRA,MF,Udinese,it Serie A,28,1995,37,37,"3,238",36,2,0,2,2,0,0,7,0,0.06,0,0.06,0.06,0.06,Matches
2738,Luca Waldschmidt,de GER,MF,Köln,de Bundesliga,27,1996,22,14,"1,146",12.7,3,0,3,3,0,1,0,0,0.24,0,0.24,0.24,0.24,Matches
2739,Kyle Walker,eng ENG,"DF,MF",Manchester City,eng Premier League,33,1990,32,30,"2,767",30.7,0,4,4,0,0,0,2,0,0,0.13,0.13,0,0.13,Matches
2740,Sebastian Walukiewicz,pl POL,DF,Empoli,it Serie A,23,2000,27,23,"2,055",22.8,0,0,0,0,0,0,6,0,0,0,0,0,0,Matches
2741,Aaron Wan-Bissaka,cd COD,DF,Manchester Utd,eng Premier League,25,1997,22,20,"1,780",19.8,0,2,2,0,0,0,4,0,0,0.1,0.1,0,0.1,Matches
2742,Joel Ward,eng ENG,DF,Crystal Palace,eng Premier League,33,1989,26,23,"1,980",22,0,1,1,0,0,0,4,0,0,0.05,0.05,0,0.05,Matches
2743,James Ward-Prowse,eng ENG,MF,West Ham,eng Premier League,28,1994,37,34,"3,001",33.3,7,7,14,5,2,2,4,0,0.21,0.21,0.42,0.15,0.36,Matches
2744,Lewis Warrington,eng ENG,MF,Everton,eng Premier League,20,2002,1,0,1,0,0,0,0,0,0,0,0,0,0,0,0,0,0,Matches
2745,Deivid Washington,br BRA,FW,Chelsea,eng Premier League,18,2005,2,0,13,0.1,0,0,0,0,0,0,0,0,0,0,0,0,0,Matches
2746,Kjell-Arik Wätjen,de GER,MF,Dortmund,de Bundesliga,17,2006,2,1,105,1.2,0,1,1,0,0,0,0,0,0,0.86,0.86,0,0.86,Matches
2747,Ollie Watkins,eng ENG,FW,Aston Villa,eng Premier League,27,1995,37,37,"3,217",35.7,19,13,32,19,0,0,4,0,0.53,0.36,0.9,0.53,0.9,Matches
2748,Timothy Weah,us USA,MF,Juventus,it Serie A,23,2000,30,12,"1,258",14,0,1,1,0,0,0,5,0,0,0.07,0.07,0,0.07,Matches
2749,Adam Webster,eng ENG,DF,Brighton,eng Premier League,28,1995,15,13,"1,144",12.7,0,0,0,0,0,0,2,0,0,0,0,0,0,Matches
2750,Wout Weghorst,nl NED,FW,Hoffenheim,de Bundesliga,30,1992,28,24,"1,977",22,7,3,10,6,1,1,4,0,0.32,0.14,0.46,0.27,0.41,Matches
Rk,Player,Nation,Pos,Squad,Comp,Age,Born,MP,Starts,Min,90s,Gls,Ast,G+A,G-PK,PK,PKatt,CrdY,CrdR,Gls,Ast,G+A,G-PK,G+A-PK,Matches
2751,Julian Weigl,de GER,MF,Gladbach,de Bundesliga,27,1995,31,31,"2,764",30.7,2,3,5,0,2,2,10,0,0.07,0.1,0.16,0,0.1,Matches
2752,Nelson Weiper,de GER,FW,Mainz 05,de Bundesliga,18,2005,5,1,124,1.4,0,0,0,0,0,0,0,0,0,0,0,0,0,Matches
2753,Mitchell Weiser,de GER,MF,Werder Bremen,de Bundesliga,29,1994,30,30,"2,636",29.3,3,7,10,3,0,0,5,0,0.1,0.24,0.34,0.1,0.34,Matches
2754,Noah Weißhaupt,de GER,MF,Freiburg,de Bundesliga,21,2001,24,6,759,8.4,1,2,3,1,0,0,1,0,0.12,0.24,0.36,0.12,0.36,Matches
2755,Shon Weissman,il ISR,FW,Granada,es La Liga,27,1996,5,0,82,0.9,0,0,0,0,0,0,0,0,0,0,0,0,0,Matches
2756,Shon Weissman,il ISR,FW,Salernitana,it Serie A,27,1996,11,5,494,5.5,1,0,1,1,0,0,0,0,0.18,0,0.18,0.18,0.18,Matches
2757,Danny Welbeck,eng ENG,"FW,MF",Brighton,eng Premier League,32,1990,29,21,"1,693",18.8,5,1,6,5,0,0,4,0,0.27,0.05,0.32,0.27,0.32,Matches
2758,Timo Werner,de GER,"MF,FW",Tottenham,eng Premier League,27,1996,13,10,809,9,2,3,5,2,0,0,1,0,0.22,0.33,0.56,0.22,0.56,Matches
2759,Timo Werner,de GER,"MF,FW",RB Leipzig,de Bundesliga,27,1996,8,2,207,2.3,2,0,2,1,1,1,0,0,0.87,0,0.87,0.43,0.43,Matches
2760,Adam Wharton,eng ENG,MF,Crystal Palace,eng Premier League,19,2004,16,15,"1,297",14.4,0,3,3,0,0,0,2,0,0,0.21,0.21,0,0.21,Matches
2761,Ethan Wheatley,eng ENG,FW,Manchester Utd,eng Premier League,17,2006,3,0,16,0.2,0,0,0,0,0,0,0,0,0,0,0,0,0,Matches
2762,Ben White,eng ENG,DF,Arsenal,eng Premier League,25,1997,37,35,"2,988",33.2,4,4,8,4,0,0,8,0,0.12,0.12,0.24,0.12,0.24,Matches
2763,Joe White,eng ENG,MF,Newcastle,eng Premier League,20,2002,4,0,13,0.1,0,0,0,0,0,0,1,0,0,0,0,0,0,Matches
2764,Silvan Widmer,ch SUI,"MF,DF",Mainz 05,de Bundesliga,30,1993,20,13,"1,242",13.8,1,3,4,1,0,0,4,0,0.07,0.22,0.29,0.07,0.29,Matches
2765,Mateusz Wieteska,pl POL,DF,Cagliari,it Serie A,26,1997,19,10,965,10.7,0,1,1,0,0,0,5,1,0,0.09,0.09,0,0.09,Matches
2766,Mateusz Wieteska,pl POL,DF,Clermont Foot,fr Ligue 1,26,1997,2,2,174,1.9,1,0,1,1,0,0,0,0,0.52,0,0.52,0.52,0.52,Matches
2767,Iñaki Williams,gh GHA,MF,Athletic Club,es La Liga,29,1994,34,32,"2,844",31.6,12,3,15,12,0,0,4,0,0.38,0.09,0.47,0.38,0.47,Matches
2768,Neco Williams,wls WAL,"DF,MF",Nottingham,eng Premier League,22,2001,26,18,"1,637",18.2,0,1,1,0,0,0,4,0,0,0.05,0.05,0,0.05,Matches
2769,Nico Williams,es ESP,MF,Athletic Club,es La Liga,21,2002,31,29,"2,263",25.1,5,11,16,5,0,0,6,1,0.2,0.44,0.64,0.2,0.64,Matches
2770,Willian,br BRA,"MF,FW",Fulham,eng Premier League,34,1988,31,24,"2,053",22.8,4,2,6,2,2,2,1,0,0.18,0.09,0.26,0.09,0.18,Matches
2771,Joe Willock,eng ENG,MF,Newcastle,eng Premier League,23,1999,9,5,419,4.7,1,0,1,1,0,0,0,0,0.21,0,0.21,0.21,0.21,Matches
2772,Callum Wilson,eng ENG,FW,Newcastle,eng Premier League,31,1992,20,9,991,11,9,1,10,7,2,2,3,0,0.82,0.09,0.91,0.64,0.73,Matches
2773,Harry Wilson,wls WAL,"MF,FW",Fulham,eng Premier League,26,1997,35,16,"1,620",18,4,6,10,4,0,0,6,0,0.22,0.33,0.56,0.22,0.56,Matches
2774,Josh Wilson-Esbrand,eng ENG,"DF,MF",Reims,fr Ligue 1,20,2002,11,5,461,5.1,1,1,2,1,0,0,1,0,0.2,0.2,0.39,0.2,0.39,Matches
2775,Patrick Wimmer,at AUT,"MF,FW",Wolfsburg,de Bundesliga,22,2001,14,8,589,6.5,2,0,2,2,0,0,3,1,0.31,0,0.31,0.31,0.31,Matches
Rk,Player,Nation,Pos,Squad,Comp,Age,Born,MP,Starts,Min,90s,Gls,Ast,G+A,G-PK,PK,PKatt,CrdY,CrdR,Gls,Ast,G+A,G-PK,G+A-PK,Matches
2776,Jonas Wind,dk DEN,FW,Wolfsburg,de Bundesliga,24,1999,34,31,"2,651",29.5,11,7,18,11,0,1,3,0,0.37,0.24,0.61,0.37,0.61,Matches
2777,Florian Wirtz,de GER,MF,Leverkusen,de Bundesliga,20,2003,32,26,"2,372",26.4,11,11,22,10,1,1,3,0,0.42,0.42,0.83,0.38,0.8,Matches
2778,Yoane Wissa,cd COD,FW,Brentford,eng Premier League,26,1996,34,29,"2,493",27.7,12,3,15,12,0,0,7,0,0.43,0.11,0.54,0.43,0.54,Matches
2779,Axel Witsel,be BEL,DF,Atlético Madrid,es La Liga,34,1989,35,30,"2,783",30.9,2,0,2,2,0,0,5,0,0.06,0,0.06,0.06,0.06,Matches
2780,Maximilian Wittek,de GER,"MF,DF",Bochum,de Bundesliga,27,1995,21,13,"1,070",11.9,3,1,4,3,0,0,4,0,0.25,0.08,0.34,0.25,0.34,Matches
2781,Maximilian Wöber,at AUT,DF,Gladbach,de Bundesliga,25,1998,25,24,"2,066",23,2,3,5,2,0,0,4,1,0.09,0.13,0.22,0.09,0.22,Matches
2782,Marius Wolf,de GER,DF,Dortmund,de Bundesliga,28,1995,22,12,"1,166",13,0,1,1,0,0,0,2,0,0,0.08,0.08,0,0.08,Matches
2783,Nick Woltemade,de GER,"FW,MF",Werder Bremen,de Bundesliga,21,2002,30,12,"1,189",13.2,2,0,2,2,0,0,1,0,0.15,0,0.15,0.15,0.15,Matches
2784,Jeong Woo-yeong,kr KOR,MF,Stuttgart,de Bundesliga,23,1999,26,5,633,7,2,3,5,2,0,0,1,0,0.28,0.43,0.71,0.28,0.71,Matches
2785,Chris Wood,nz NZL,FW,Nottingham,eng Premier League,31,1991,31,20,"1,812",20.1,14,1,15,14,0,0,0,0,0.7,0.05,0.75,0.7,0.75,Matches
2786,Cauley Woodrow,eng ENG,FW,Luton Town,eng Premier League,28,1994,24,2,427,4.7,1,1,2,1,0,0,2,0,0.21,0.21,0.42,0.21,0.42,Matches
2787,Christopher Wooh,cm CMR,DF,Rennes,fr Ligue 1,21,2001,18,15,"1,388",15.4,1,0,1,1,0,0,3,1,0.06,0,0.06,0.06,0.06,Matches
2788,Joe Worrall,eng ENG,DF,Nottingham,eng Premier League,26,1997,7,5,439,4.9,0,0,0,0,0,0,0,1,0,0,0,0,0,Matches
2789,Xeber,es ESP,"MF,FW",Alavés,es La Liga,26,1997,10,3,302,3.4,0,0,0,0,0,0,1,0,0,0,0,0,0,Matches
2790,Granit Xhaka,ch SUI,MF,Leverkusen,de Bundesliga,30,1992,33,32,"2,821",31.3,3,0,3,3,0,0,5,0,0.1,0,0.1,0.1,0.1,Matches
2791,Antal Yaakobishvili,hu HUN,DF,Girona,es La Liga,19,2004,1,0,61,0.7,0,0,0,0,0,0,0,0,0,0,0,0,0,Matches
2792,Lamine Yamal,es ESP,"FW,MF",Barcelona,es La Liga,16,2007,37,22,"2,201",24.5,5,5,10,5,0,0,3,0,0.2,0.2,0.41,0.2,0.41,Matches
2793,Roman Yaremchuk,ua UKR,FW,Valencia,es La Liga,27,1995,25,11,928,10.3,3,0,3,3,0,0,2,0,0.29,0,0.29,0.29,0.29,Matches
2794,Yehor Yarmoliuk,ua UKR,MF,Brentford,eng Premier League,19,2004,27,6,688,7.6,0,0,0,0,0,0,2,0,0,0,0,0,0,Matches
2795,Ryan Yates,eng ENG,MF,Nottingham,eng Premier League,25,1997,35,21,"1,992",22.1,1,1,2,1,0,0,6,0,0.05,0.05,0.09,0.05,0.09,Matches
2796,Yusuf Yazıcı,tr TUR,"MF,FW",Lille,fr Ligue 1,26,1997,27,16,"1,312",14.6,5,2,7,5,0,0,5,0,0.34,0.14,0.48,0.34,0.48,Matches
2797,Kelvin Yeboah,it ITA,FW,Montpellier,fr Ligue 1,23,2000,13,0,276,3.1,0,0,0,0,0,0,0,0,0,0,0,0,0,Matches
2798,Bertuğ Yıldırım,tr TUR,FW,Rennes,fr Ligue 1,21,2002,21,2,469,5.2,0,1,1,0,0,0,3,0,0,0.19,0.19,0,0.19,Matches
2799,Kenan Yıldız,tr TUR,FW,Juventus,it Serie A,18,2005,27,9,952,10.6,2,0,2,2,0,0,3,0,0.19,0,0.19,0.19,0.19,Matches
2800,Darlin Yongwa,cm CMR,"MF,DF",Lorient,fr Ligue 1,22,2000,22,11,"1,159",12.9,1,1,2,1,0,0,3,0,0.08,0.08,0.16,0.08,0.16,Matches
Rk,Player,Nation,Pos,Squad,Comp,Age,Born,MP,Starts,Min,90s,Gls,Ast,G+A,G-PK,PK,PKatt,CrdY,CrdR,Gls,Ast,G+A,G-PK,G+A-PK,Matches
2801,Leny Yoro,fr FRA,DF,Lille,fr Ligue 1,17,2005,32,30,"2,673",29.7,2,0,2,2,0,0,5,0,0.07,0,0.07,0.07,0.07,Matches
2802,Ashley Young,eng ENG,"DF,MF",Everton,eng Premier League,38,1985,31,27,"2,280",25.3,0,0,0,0,0,0,7,1,0,0,0,0,0,Matches
2803,Etienne Youte Kinkoue,fr FRA,DF,Le Havre,fr Ligue 1,21,2002,22,22,"1,941",21.6,0,0,0,0,0,0,1,0,0,0,0,0,0,Matches
2804,Illia Zabarnyi,ua UKR,DF,Bournemouth,eng Premier League,20,2002,37,37,"3,330",37,1,0,1,1,0,0,5,0,0.03,0,0.03,0.03,0.03,Matches
2805,Mattia Zaccagni,it ITA,"FW,MF",Lazio,it Serie A,28,1995,28,24,"1,956",21.7,6,1,7,6,0,0,8,0,0.28,0.05,0.32,0.28,0.32,Matches
2806,Dan-Axel Zagadou,fr FRA,DF,Stuttgart,de Bundesliga,24,1999,19,16,"1,453",16.1,1,0,1,1,0,0,1,0,0.06,0,0.06,0.06,0.06,Matches
2807,Yoram Zague,fr FRA,DF,PSG,fr Ligue 1,17,2006,5,4,373,4.1,1,0,1,1,0,0,1,0,0.24,0,0.24,0.24,0.24,Matches
2808,Warren Zaïre-Emery,fr FRA,"MF,DF",PSG,fr Ligue 1,17,2006,26,21,"1,962",21.8,2,3,5,2,0,0,4,0,0.09,0.14,0.23,0.09,0.23,Matches
2809,Denis Zakaria,ch SUI,"MF,DF",Monaco,fr Ligue 1,26,1996,25,24,"2,137",23.7,4,0,4,4,0,0,13,2,0.17,0,0.17,0.17,0.17,Matches
2810,Arsen Zakharyan,ru RUS,"MF,FW",Real Sociedad,es La Liga,20,2003,29,15,"1,228",13.6,1,2,3,1,0,0,1,0,0.07,0.15,0.22,0.07,0.22,Matches
2811,Joseba Zaldúa,es ESP,"DF,MF",Cádiz,es La Liga,31,1992,13,9,704,7.8,0,0,0,0,0,0,3,0,0,0,0,0,0,Matches
2812,Nicola Zalewski,pl POL,"MF,FW",Roma,it Serie A,21,2002,22,10,968,10.8,0,1,1,0,0,0,3,1,0,0.09,0.09,0,0.09,Matches
2813,Nicolò Zaniolo,it ITA,"MF,FW",Aston Villa,eng Premier League,24,1999,25,9,839,9.3,2,0,2,2,0,0,7,0,0.21,0,0.21,0.21,0.21,Matches
2814,Alessandro Zanoli,it ITA,"MF,DF",Salernitana,it Serie A,22,2000,17,10,921,10.2,0,2,2,0,0,0,3,0,0,0.2,0.2,0,0.2,Matches
2815,Alessandro Zanoli,it ITA,MF,Napoli,it Serie A,22,2000,4,0,52,0.6,0,0,0,0,0,0,1,0,0,0,0,0,0,Matches
2816,Duván Zapata,co COL,FW,Torino,it Serie A,32,1991,35,34,"2,880",32,12,4,16,12,0,0,2,0,0.37,0.12,0.5,0.37,0.5,Matches
2817,Duván Zapata,co COL,FW,Atalanta,it Serie A,32,1991,2,2,112,1.2,1,0,1,1,0,0,0,0,0.8,0,0.8,0.8,0.8,Matches
2818,Gabriele Zappa,it ITA,"DF,MF",Cagliari,it Serie A,23,1999,38,25,"2,561",28.5,1,3,4,1,0,0,2,0,0.04,0.11,0.14,0.04,0.14,Matches
2819,Davide Zappacosta,it ITA,MF,Atalanta,it Serie A,31,1992,31,23,"1,867",20.7,2,1,3,2,0,0,5,0,0.1,0.05,0.14,0.1,0.14,Matches
2820,Bryan Zaragoza,es ESP,MF,Bayern Munich,de Bundesliga,21,2001,7,1,183,2,0,0,0,0,0,0,1,0,0,0,0,0,0,Matches
2821,Bryan Zaragoza,es ESP,"MF,FW",Granada,es La Liga,21,2001,21,18,"1,638",18.2,6,2,8,5,1,1,5,0,0.33,0.11,0.44,0.27,0.38,Matches
2822,Anass Zaroury,ma MAR,FW,Burnley,eng Premier League,22,2000,6,1,152,1.7,0,0,0,0,0,0,0,1,0,0,0,0,0,Matches
2823,Oier Zarraga,es ESP,MF,Udinese,it Serie A,24,1999,15,4,404,4.5,2,0,2,2,0,0,0,0,0.45,0,0.45,0.45,0.45,Matches
2824,Mehdi Zeffane,dz ALG,"MF,DF",Clermont Foot,fr Ligue 1,31,1992,23,15,"1,231",13.7,0,0,0,0,0,0,2,0,0,0,0,0,0,Matches
2825,Jordan Zemura,zw ZIM,MF,Udinese,it Serie A,23,1999,27,10,"1,038",11.5,1,0,1,1,0,0,1,0,0.09,0,0.09,0.09,0.09,Matches
Rk,Player,Nation,Pos,Squad,Comp,Age,Born,MP,Starts,Min,90s,Gls,Ast,G+A,G-PK,PK,PKatt,CrdY,CrdR,Gls,Ast,G+A,G-PK,G+A-PK,Matches
2826,Robin Zentner,de GER,GK,Mainz 05,de Bundesliga,28,1994,30,30,"2,700",30,0,0,0,0,0,0,3,0,0,0,0,0,0,Matches
2827,Alessio Zerbin,it ITA,MF,Monza,it Serie A,24,1999,13,7,684,7.6,0,1,1,0,0,0,2,1,0,0.13,0.13,0,0.13,Matches
2828,Alessio Zerbin,it ITA,FW,Napoli,it Serie A,24,1999,7,1,150,1.7,0,0,0,0,0,0,0,0,0,0,0,0,0,Matches
2829,Kevin Zeroli,it ITA,MF,Milan,it Serie A,18,2005,3,0,28,0.3,0,0,0,0,0,0,0,0,0,0,0,0,0,Matches
2830,Cedric Zesiger,ch SUI,DF,Wolfsburg,de Bundesliga,25,1998,23,18,"1,634",18.2,0,0,0,0,0,0,5,0,0,0,0,0,0,Matches
2831,Michael Zetterer,de GER,GK,Werder Bremen,de Bundesliga,28,1995,27,27,"2,430",27,0,0,0,0,0,0,2,0,0,0,0,0,0,Matches
2832,Nathan Zeze,fr FRA,DF,Nantes,fr Ligue 1,18,2005,13,11,"1,022",11.4,0,0,0,0,0,0,1,0,0,0,0,0,0,Matches
2833,Edon Zhegrova,xk KVX,"MF,FW",Lille,fr Ligue 1,24,1999,33,25,"2,288",25.4,6,6,12,6,0,0,3,1,0.24,0.24,0.47,0.24,0.47,Matches
2834,Piotr Zieliński,pl POL,MF,Napoli,it Serie A,29,1994,28,23,"1,924",21.4,3,2,5,2,1,1,1,0,0.14,0.09,0.23,0.09,0.19,Matches
2835,David Zima,cz CZE,DF,Torino,it Serie A,22,2000,5,0,91,1,0,0,0,0,0,0,0,0,0,0,0,0,0,Matches
2836,Christoph Zimmermann,de GER,DF,Darmstadt 98,de Bundesliga,30,1993,19,12,"1,220",13.6,0,0,0,0,0,0,5,0,0,0,0,0,0,Matches
2837,Oleksandr Zinchenko,ua UKR,DF,Arsenal,eng Premier League,26,1996,27,20,"1,722",19.1,1,2,3,1,0,0,2,0,0.05,0.1,0.16,0.05,0.16,Matches
2838,Joshua Zirkzee,nl NED,FW,Bologna,it Serie A,22,2001,34,32,"2,759",30.7,11,4,15,9,2,2,8,0,0.36,0.13,0.49,0.29,0.42,Matches
2839,Luck Zogbé,ci CIV,DF,Brest,fr Ligue 1,18,2005,1,0,11,0.1,0,0,0,0,0,0,0,0,0,0,0,0,0,Matches
2840,Simon Zoller,de GER,"FW,MF",Bochum,de Bundesliga,32,1991,1,0,45,0.5,0,0,0,0,0,0,0,0,0,0,0,0,0,Matches
2841,Nadir Zortea,it ITA,"MF,DF",Frosinone,it Serie A,24,1999,14,14,"1,258",14,1,5,6,1,0,0,3,0,0.07,0.36,0.43,0.07,0.43,Matches
2842,Nadir Zortea,it ITA,"DF,MF",Atalanta,it Serie A,24,1999,5,0,149,1.7,1,0,1,1,0,0,1,0,0.6,0,0.6,0.6,0.6,Matches
2843,Kurt Zouma,fr FRA,DF,West Ham,eng Premier League,28,1994,33,32,"2,838",31.5,3,0,3,3,0,0,3,0,0.1,0,0.1,0.1,0.1,Matches
2844,Igor Zubeldia,es ESP,DF,Real Sociedad,es La Liga,26,1997,30,29,"2,518",28,0,2,2,0,0,0,11,1,0,0.07,0.07,0,0.07,Matches
2845,Martín Zubimendi,es ESP,MF,Real Sociedad,es La Liga,24,1999,31,29,"2,654",29.5,4,1,5,4,0,0,5,0,0.14,0.03,0.17,0.14,0.17,Matches
2846,Szymon Żurkowski,pl POL,MF,Empoli,it Serie A,25,1997,13,10,868,9.6,4,0,4,4,0,0,4,0,0.41,0,0.41,0.41,0.41,Matches
2847,Lovro Zvonarek,hr CRO,MF,Bayern Munich,de Bundesliga,18,2005,5,1,163,1.8,1,0,1,1,0,0,0,0,0.55,0,0.55,0.55,0.55,Matches
2848,Martin Ødegaard,no NOR,MF,Arsenal,eng Premier League,24,1998,35,35,"3,091",34.3,8,10,18,6,2,2,2,0,0.23,0.29,0.52,0.17,0.47,Matches
2849,Leo Østigård,no NOR,DF,Napoli,it Serie A,23,1999,25,18,"1,625",18.1,1,0,1,1,0,0,3,0,0.06,0,0.06,0.06,0.06,Matches
2850,Milan Đurić,ba BIH,FW,Hellas Verona,it Serie A,33,1990,20,13,"1,204",13.4,5,1,6,4,1,3,2,0,0.37,0.07,0.45,0.3,0.37,Matches
Rk,Player,Nation,Pos,Squad,Comp,Age,Born,MP,Starts,Min,90s,Gls,Ast,G+A,G-PK,PK,PKatt,CrdY,CrdR,Gls,Ast,G+A,G-PK,G+A-PK,Matches
2851,Milan Đurić,ba BIH,FW,Monza,it Serie A,33,1990,17,13,"1,257",14,4,1,5,4,0,0,2,0,0.29,0.07,0.36,0.29,0.36,Matches
2852,Mateusz Łęgowski,pl POL,MF,Salernitana,it Serie A,20,2003,29,10,"1,145",12.7,0,0,0,0,0,0,3,0,0,0,0,0,0,Matches