Rk,Player,Nation,Pos,Squad,Comp,Age,Born,MP,Starts,Min,90s,Gls,Ast,G+A,G-PK,PK,PKatt,CrdY,CrdR,Gls,Ast,G+A,G-PK,G+A-PK,Matches
1,Brenden Aaronson,us USA,"MF,FW",Leeds United,eng Premier League,24,2000,37,30,"2,449",27.2,4,5,9,4,0,0,3,0,0.15,0.18,0.33,0.15,0.33,Matches
2,Jerome Abbey,eng ENG,MF,Wolves,eng Premier League,15,2009,1,0,17,0.2,0,0,0,0,0,0,0,0,0,0,0,0,0,Matches
3,Zach Abbott,eng ENG,DF,Nottingham,eng Premier League,19,2006,3,2,164,1.8,0,0,0,0,0,0,0,0,0,0,0,0,0,Matches
4,Jones El-Abdellaoui,ma MAR,"MF,FW",Celta Vigo,es La Liga,19,2006,22,4,681,7.6,2,0,2,2,0,0,0,0,0.26,0,0.26,0.26,0.26,Matches
5,Himad Abdelli,dz ALG,MF,Marseille,fr Ligue 1,25,1999,8,1,138,1.5,0,0,0,0,0,0,1,0,0,0,0,0,0,Matches
6,Himad Abdelli,dz ALG,MF,Angers,fr Ligue 1,25,1999,13,11,943,10.5,2,0,2,0,2,2,1,0,0.19,0,0.19,0,0,Matches
7,Ali Abdi,tn TUN,"MF,DF",Nice,fr Ligue 1,31,1993,22,13,"1,187",13.2,3,0,3,3,0,0,4,1,0.23,0,0.23,0.23,0.23,Matches
8,Salis Abdul Samed,gh GHA,MF,Nice,fr Ligue 1,25,2000,18,12,911,10.1,0,0,0,0,0,0,3,0,0,0,0,0,0,Matches
9,Saud Abdulhamid,sa KSA,MF,Lens,fr Ligue 1,26,1999,25,14,"1,352",15,2,4,6,2,0,0,4,1,0.13,0.27,0.4,0.13,0.4,Matches
10,Tay Abed,il ISR,MF,Levante,es La Liga,21,2004,7,0,93,1,0,0,0,0,0,0,0,0,0,0,0,0,0,Matches
11,Laurent Abergel,fr FRA,MF,Lorient,fr Ligue 1,32,1993,28,27,"2,318",25.8,1,0,1,1,0,0,7,0,0.04,0,0.04,0.04,0.04,Matches
12,Matthis Abline,fr FRA,"FW,MF",Nantes,fr Ligue 1,22,2003,32,27,"2,494",27.7,6,4,10,6,0,1,6,0,0.22,0.14,0.36,0.22,0.36,Matches
13,Abner,br BRA,"DF,MF",Lyon,fr Ligue 1,25,2000,26,25,"2,150",23.9,3,2,5,3,0,0,4,1,0.13,0.08,0.21,0.13,0.21,Matches
14,Zakaria Aboukhlal,ma MAR,MF,Torino,it Serie A,25,2000,15,6,511,5.7,0,0,0,0,0,0,4,0,0,0,0,0,0,Matches
15,Abdel Abqar,ma MAR,DF,Getafe,es La Liga,26,1999,23,17,"1,437",16,0,2,2,0,0,0,10,1,0,0.13,0.13,0,0.13,Matches
16,Tammy Abraham,eng ENG,FW,Aston Villa,eng Premier League,27,1997,12,2,286,3.2,2,0,2,2,0,0,0,0,0.63,0,0.63,0.63,0.63,Matches
17,Francis Abu,gh GHA,MF,Toulouse,fr Ligue 1,24,2001,8,7,526,5.8,0,0,0,0,0,0,2,0,0,0,0,0,0,Matches
18,Giorgi Abuashvili,ge GEO,"MF,FW",Metz,fr Ligue 1,22,2003,23,6,698,7.8,2,0,2,2,0,0,1,0,0.26,0,0.26,0.26,0.26,Matches
19,Mathieu Acapandié,mg MAD,"DF,MF",Nantes,fr Ligue 1,20,2004,6,2,261,2.9,0,0,0,0,0,0,0,0,0,0,0,0,0,Matches
20,Francesco Acerbi,it ITA,DF,Inter,it Serie A,37,1988,18,15,"1,378",15.3,0,1,1,0,0,0,3,0,0,0.07,0.07,0,0.07,Matches
21,Ragnar Ache,de GER,FW,Köln,de Bundesliga,27,1998,29,18,"1,718",19.1,7,4,11,7,0,0,3,0,0.37,0.21,0.58,0.37,0.58,Matches
22,Joshua Acheampong,eng ENG,DF,Chelsea,eng Premier League,19,2006,17,8,666,7.4,1,0,1,1,0,0,1,0,0.14,0,0.14,0.14,0.14,Matches
23,Akor Adams,ng NGA,FW,Sevilla,es La Liga,25,2000,32,21,"2,064",22.9,10,3,13,7,3,3,3,0,0.44,0.13,0.57,0.31,0.44,Matches
24,Ché Adams,sct SCO,FW,Torino,it Serie A,29,1996,33,19,"1,893",21,6,2,8,6,0,0,0,0,0.29,0.1,0.38,0.29,0.38,Matches
25,Tyler Adams,us USA,MF,Bournemouth,eng Premier League,26,1999,25,21,"1,772",19.7,2,2,4,2,0,0,8,0,0.1,0.1,0.2,0.1,0.2,Matches
Rk,Player,Nation,Pos,Squad,Comp,Age,Born,MP,Starts,Min,90s,Gls,Ast,G+A,G-PK,PK,PKatt,CrdY,CrdR,Gls,Ast,G+A,G-PK,G+A-PK,Matches
26,Junior Adamu,at AUT,FW,Freiburg,de Bundesliga,24,2001,9,7,446,5,1,1,2,1,0,0,1,0,0.2,0.2,0.4,0.2,0.4,Matches
27,Tosin Adarabioyo,eng ENG,DF,Chelsea,eng Premier League,27,1997,16,8,795,8.8,0,0,0,0,0,0,2,0,0,0,0,0,0,Matches
28,Jayden Addai,nl NED,MF,Como,it Serie A,19,2005,12,7,686,7.6,3,0,3,3,0,0,4,0,0.39,0,0.39,0.39,0.39,Matches
29,Karim Adeyemi,de GER,"MF,FW",Dortmund,de Bundesliga,23,2002,28,15,"1,195",13.3,7,4,11,7,0,0,5,0,0.53,0.3,0.83,0.53,0.83,Matches
30,Simon Adingra,ci CIV,"MF,FW",Sunderland,eng Premier League,23,2002,14,9,653,7.3,1,0,1,1,0,0,2,0,0.14,0,0.14,0.14,0.14,Matches
31,Simon Adingra,ci CIV,"MF,FW",Monaco,fr Ligue 1,23,2002,14,10,855,9.5,3,2,5,3,0,0,0,0,0.32,0.21,0.53,0.32,0.53,Matches
32,Nathaniel Adjei,gh GHA,DF,Lorient,fr Ligue 1,22,2002,15,9,835,9.3,0,0,0,0,0,0,0,0,0,0,0,0,0,Matches
33,Jonas Adjetey,gh GHA,DF,Wolfsburg,de Bundesliga,21,2003,4,1,137,1.5,0,0,0,0,0,0,1,0,0,0,0,0,0,Matches
34,Amine Adli,ma MAR,MF,Bournemouth,eng Premier League,25,2000,31,10,"1,094",12.2,3,1,4,3,0,0,2,0,0.25,0.08,0.33,0.25,0.33,Matches
35,Adrián,es ESP,GK,Real Betis,es La Liga,38,1987,1,1,90,1,0,0,0,0,0,0,0,0,0,0,0,0,0,Matches
36,Vasilije Adžić,me MNE,MF,Juventus,it Serie A,19,2006,10,1,171,1.9,1,0,1,1,0,0,0,0,0.53,0,0.53,0.53,0.53,Matches
37,Michel Aebischer,ch SUI,MF,Pisa,it Serie A,28,1997,35,33,"2,892",32.1,1,2,3,1,0,0,8,0,0.03,0.06,0.09,0.03,0.09,Matches
38,David Affengruber,at AUT,DF,Elche,es La Liga,24,2001,36,33,"2,949",32.8,1,1,2,1,0,0,7,1,0.03,0.03,0.06,0.03,0.06,Matches
39,Dapo Afolayan,eng ENG,MF,St Pauli,de Bundesliga,27,1997,7,1,150,1.7,0,0,0,0,0,0,1,0,0,0,0,0,0,Matches
40,Emmanuel Agbadou,ci CIV,DF,Wolves,eng Premier League,28,1997,14,12,"1,101",12.2,0,0,0,0,0,0,1,1,0,0,0,0,0,Matches
41,Julen Agirrezabala,es ESP,GK,Valencia,es La Liga,24,2000,18,18,"1,620",18,0,0,0,0,0,0,1,0,0,0,0,0,0,Matches
42,Lucien Agoume,fr FRA,MF,Sevilla,es La Liga,23,2002,34,31,"2,686",29.8,1,3,4,1,0,0,12,0,0.03,0.1,0.13,0.03,0.13,Matches
43,Felix Agu,ng NGA,"DF,MF",Werder Bremen,de Bundesliga,25,1999,11,9,744,8.3,0,0,0,0,0,0,1,0,0,0,0,0,0,Matches
44,Diego Aguado,es ESP,DF,Real Madrid,es La Liga,18,2007,1,0,30,0.3,0,0,0,0,0,0,0,0,0,0,0,0,0,Matches
45,Marc Aguado,es ESP,MF,Elche,es La Liga,25,2000,35,30,"2,500",27.8,1,2,3,1,0,0,3,0,0.04,0.07,0.11,0.04,0.11,Matches
46,Pablo Agudín,es ESP,MF,Oviedo,es La Liga,17,2007,7,0,90,1,0,0,0,0,0,0,0,0,0,0,0,0,0,Matches
47,Nayef Aguerd,ma MAR,DF,Marseille,fr Ligue 1,29,1996,16,16,"1,396",15.5,1,0,1,1,0,0,4,0,0.06,0,0.06,0.06,0.06,Matches
48,Nayef Aguerd,ma MAR,DF,West Ham,eng Premier League,29,1996,2,2,180,2,0,0,0,0,0,0,0,0,0,0,0,0,0,Matches
49,Ruben Aguilar,fr FRA,MF,Lens,fr Ligue 1,32,1993,26,20,"1,720",19.1,2,2,4,2,0,0,6,1,0.1,0.1,0.21,0.1,0.21,Matches
50,Ibai Aguirre,es ESP,MF,Real Sociedad,es La Liga,18,2007,1,0,6,0.1,0,0,0,0,0,0,0,0,0,0,0,0,0,Matches
Rk,Player,Nation,Pos,Squad,Comp,Age,Born,MP,Starts,Min,90s,Gls,Ast,G+A,G-PK,PK,PKatt,CrdY,CrdR,Gls,Ast,G+A,G-PK,G+A-PK,Matches
51,Naouirou Ahamada,fr FRA,MF,Auxerre,fr Ligue 1,23,2002,15,8,682,7.6,0,1,1,0,0,0,0,0,0,0.13,0.13,0,0.13,Matches
52,Honest Ahanor,it ITA,DF,Atalanta,it Serie A,17,2008,22,15,"1,377",15.3,0,0,0,0,0,0,2,1,0,0,0,0,0,Matches
53,Lucas Ahijado,es ESP,DF,Oviedo,es La Liga,30,1995,20,11,"1,098",12.2,0,1,1,0,0,0,3,0,0,0.08,0.08,0,0.08,Matches
54,Joseph Aidoo,gh GHA,DF,Celta Vigo,es La Liga,29,1995,8,7,639,7.1,0,0,0,0,0,0,0,0,0,0,0,0,0,Matches
55,Ola Aina,ng NGA,DF,Nottingham,eng Premier League,28,1996,18,18,"1,588",17.6,0,0,0,0,0,0,3,0,0,0,0,0,0,Matches
56,Abdelhamid Ait Boudlal,ma MAR,DF,Rennes,fr Ligue 1,19,2006,20,17,"1,403",15.6,2,1,3,2,0,0,3,1,0.13,0.06,0.19,0.13,0.19,Matches
57,Rayan Aït-Nouri,dz ALG,DF,Manchester City,eng Premier League,24,2001,17,12,974,10.8,0,2,2,0,0,0,2,0,0,0.18,0.18,0,0.18,Matches
58,Tosin Aiyegun,bj BEN,"FW,MF",Lorient,fr Ligue 1,27,1998,27,11,"1,073",11.9,5,0,5,5,0,1,1,0,0.42,0,0.42,0.42,0.42,Matches
59,Junior Ajayi,ci CIV,FW,Hellas Verona,it Serie A,20,2004,1,0,1,0,0,0,0,0,0,0,0,0,0,0,0,0,0,Matches
60,Kristoffer Ajer,no NOR,DF,Brentford,eng Premier League,27,1998,27,20,"1,810",20.1,0,1,1,0,0,0,4,0,0,0.05,0.05,0,0.05,Matches
61,Ludovic Ajorque,fr FRA,FW,Brest,fr Ligue 1,31,1994,32,32,"2,820",31.3,8,9,17,8,0,0,9,1,0.26,0.29,0.54,0.26,0.54,Matches
62,Manuel Akanji,ch SUI,DF,Inter,it Serie A,30,1995,33,31,"2,821",31.3,2,0,2,2,0,0,4,0,0.06,0,0.06,0.06,0.06,Matches
63,Nathan Aké,nl NED,DF,Manchester City,eng Premier League,30,1995,18,6,695,7.7,0,0,0,0,0,0,1,0,0,0,0,0,0,Matches
64,Ilias Akhomach,ma MAR,MF,Villarreal,es La Liga,21,2004,9,2,188,2.1,0,0,0,0,0,0,0,0,0,0,0,0,0,Matches
65,Ilias Akhomach,ma MAR,"MF,FW",Rayo Vallecano,es La Liga,21,2004,11,7,709,7.9,0,1,1,0,0,0,2,0,0,0.13,0.13,0,0.13,Matches
66,Ebenezer Akinsanmiro,ng NGA,MF,Pisa,it Serie A,20,2004,24,16,"1,444",16,0,1,1,0,0,0,2,0,0,0.06,0.06,0,0.06,Matches
67,Maghnes Akliouche,fr FRA,"MF,FW",Monaco,fr Ligue 1,23,2002,31,28,"2,400",26.7,6,6,12,6,0,0,3,0,0.23,0.23,0.45,0.23,0.45,Matches
68,Clément Akpa,ci CIV,DF,Auxerre,fr Ligue 1,23,2001,26,21,"1,944",21.6,0,0,0,0,0,0,4,1,0,0,0,0,0,Matches
69,Jean-Daniel Akpa-Akpro,ci CIV,MF,Hellas Verona,it Serie A,32,1992,22,17,"1,504",16.7,1,0,1,1,0,0,9,0,0.06,0,0.06,0.06,0.06,Matches
70,Kevin Akpoguma,ng NGA,DF,Hoffenheim,de Bundesliga,30,1995,8,1,61,0.7,0,0,0,0,0,0,0,1,0,0,0,0,0,Matches
71,Al-Musrati,ly LBY,MF,Hellas Verona,it Serie A,29,1996,18,8,844,9.4,0,1,1,0,0,0,6,1,0,0.11,0.11,0,0.11,Matches
72,David Alaba,at AUT,DF,Real Madrid,es La Liga,33,1992,11,5,424,4.7,0,0,0,0,0,0,1,0,0,0,0,0,0,Matches
73,Agustín Albarracín,uy URU,FW,Cagliari,it Serie A,19,2005,2,0,33,0.4,0,0,0,0,0,0,0,0,0,0,0,0,0,Matches
74,Mathis Albert,us USA,FW,Dortmund,de Bundesliga,16,2009,1,0,2,0,0,0,0,0,0,0,0,0,0,0,0,0,0,Matches
75,Raúl Albiol,es ESP,DF,Pisa,it Serie A,39,1985,8,5,500,5.6,0,1,1,0,0,0,1,0,0,0.18,0.18,0,0.18,Matches
Rk,Player,Nation,Pos,Squad,Comp,Age,Born,MP,Starts,Min,90s,Gls,Ast,G+A,G-PK,PK,PKatt,CrdY,CrdR,Gls,Ast,G+A,G-PK,G+A-PK,Matches
76,Carlos Alcaraz,ar ARG,MF,Everton,eng Premier League,22,2002,20,6,689,7.7,0,1,1,0,0,0,4,0,0,0.13,0.13,0,0.13,Matches
77,Omar Alderete,py PAR,DF,Sunderland,eng Premier League,28,1996,33,32,"2,798",31.1,1,1,2,1,0,0,6,0,0.03,0.03,0.06,0.03,0.06,Matches
78,Alexandre Alemão,br BRA,FW,Rayo Vallecano,es La Liga,27,1998,26,11,"1,136",12.6,4,0,4,4,0,0,3,0,0.32,0,0.32,0.32,0.32,Matches
79,Carles Aleñá,es ESP,MF,Alavés,es La Liga,27,1998,34,23,"1,989",22.1,0,4,4,0,0,0,5,0,0,0.18,0.18,0,0.18,Matches
80,Trent Alexander-Arnold,eng ENG,DF,Real Madrid,es La Liga,26,1998,21,14,"1,163",12.9,0,4,4,0,0,0,4,0,0,0.31,0.31,0,0.31,Matches
81,Alfon,es ESP,MF,Villarreal,es La Liga,26,1999,10,3,333,3.7,1,0,1,1,0,0,0,0,0.27,0,0.27,0.27,0.27,Matches
82,Alfon,es ESP,MF,Sevilla,es La Liga,26,1999,10,4,312,3.5,1,0,1,1,0,0,0,0,0.29,0,0.29,0.29,0.29,Matches
83,Mohamed Ali Cho,fr FRA,"FW,MF",Nice,fr Ligue 1,21,2004,24,20,"1,667",18.5,4,3,7,4,0,0,1,0,0.22,0.16,0.38,0.22,0.38,Matches
84,Alisson,br BRA,GK,Liverpool,eng Premier League,32,1992,26,26,"2,340",26,0,0,0,0,0,0,1,0,0,0,0,0,0,Matches
85,Jim Allevinah,ga GAB,MF,Angers,fr Ligue 1,30,1995,6,0,133,1.5,1,0,1,1,0,0,0,0,0.68,0,0.68,0.68,0.68,Matches
86,Max Alleyne,eng ENG,DF,Manchester City,eng Premier League,20,2005,2,2,135,1.5,0,0,0,0,0,0,0,0,0,0,0,0,0,Matches
87,Thiago Almada,ar ARG,"MF,FW",Atlético Madrid,es La Liga,24,2001,27,16,"1,311",14.6,3,1,4,3,0,0,2,1,0.21,0.07,0.27,0.21,0.27,Matches
88,André Almeida,pt POR,MF,Valencia,es La Liga,25,2000,22,11,"1,017",11.3,0,2,2,0,0,0,0,0,0,0.18,0.18,0,0.18,Matches
89,Pontus Almqvist,se SWE,MF,Parma,it Serie A,26,1999,13,4,457,5.1,0,1,1,0,0,0,0,0,0,0.2,0.2,0,0.2,Matches
90,Marcos Alonso,es ESP,DF,Celta Vigo,es La Liga,34,1990,32,31,"2,768",30.8,1,0,1,0,1,1,5,0,0.03,0,0.03,0,0,Matches
91,Adrià Altimira,es ESP,"DF,MF",Villarreal,es La Liga,24,2001,1,0,9,0.1,0,0,0,0,0,0,0,0,0,0,0,0,0,Matches
92,Sergi Altimira,es ESP,MF,Real Betis,es La Liga,23,2001,24,13,"1,186",13.2,1,2,3,1,0,0,3,0,0.08,0.15,0.23,0.08,0.23,Matches
93,Carlos Álvarez,es ESP,MF,Levante,es La Liga,21,2003,30,23,"1,890",21,3,1,4,3,0,0,3,0,0.14,0.05,0.19,0.14,0.19,Matches
94,Hugo Álvarez,es ESP,"FW,MF",Celta Vigo,es La Liga,22,2003,28,15,"1,340",14.9,4,2,6,4,0,0,2,0,0.27,0.13,0.4,0.27,0.4,Matches
95,Julián Álvarez,ar ARG,FW,Atlético Madrid,es La Liga,25,2000,29,22,"1,895",21.1,8,4,12,6,2,3,2,0,0.38,0.19,0.57,0.28,0.47,Matches
96,Yeray Álvarez,es ESP,DF,Athletic Club,es La Liga,30,1995,7,6,513,5.7,0,0,0,0,0,0,0,0,0,0,0,0,0,Matches
97,Skelly Alvero,fr FRA,MF,Werder Bremen,de Bundesliga,23,2002,2,0,34,0.4,0,0,0,0,0,0,0,0,0,0,0,0,0,Matches
98,Alysson,br BRA,MF,Aston Villa,eng Premier League,19,2006,3,0,49,0.5,0,0,0,0,0,0,0,0,0,0,0,0,0,Matches
99,Ayoube Amaimouni,ma MAR,"MF,FW",Frankfurt,de Bundesliga,20,2004,17,6,586,6.5,2,3,5,2,0,0,1,0,0.31,0.46,0.77,0.31,0.77,Matches
100,Jaydon Amauri Banel,nl NED,"FW,MF",Burnley,eng Premier League,20,2004,1,0,10,0.1,0,0,0,0,0,0,0,0,0,0,0,0,0,Matches
Rk,Player,Nation,Pos,Squad,Comp,Age,Born,MP,Starts,Min,90s,Gls,Ast,G+A,G-PK,PK,PKatt,CrdY,CrdR,Gls,Ast,G+A,G-PK,G+A-PK,Matches
101,Giuseppe Ambrosino,it ITA,FW,Napoli,it Serie A,21,2003,3,0,38,0.4,0,0,0,0,0,0,0,0,0,0,0,0,0,Matches
102,Zeki Amdouni,ch SUI,"FW,MF",Burnley,eng Premier League,24,2000,4,0,73,0.8,0,0,0,0,0,0,0,0,0,0,0,0,0,Matches
103,Aurèle Amenda,ch SUI,DF,Frankfurt,de Bundesliga,22,2003,24,18,"1,678",18.6,0,0,0,0,0,0,5,0,0,0,0,0,0,Matches
104,Kelvin Amian,fr FRA,DF,Nantes,fr Ligue 1,27,1998,23,22,"1,961",21.8,0,1,1,0,0,0,3,0,0,0.05,0.05,0,0.05,Matches
105,Michael Amir Murillo,pa PAN,"DF,MF",Marseille,fr Ligue 1,29,1996,16,11,989,11,2,1,3,2,0,0,4,0,0.18,0.09,0.27,0.18,0.27,Matches
106,Nadiem Amiri,de GER,MF,Mainz 05,de Bundesliga,28,1996,26,24,"2,083",23.1,12,2,14,4,8,8,6,0,0.52,0.09,0.6,0.17,0.26,Matches
107,Samuel Amo-Ameyaw,eng ENG,"MF,DF",Strasbourg,fr Ligue 1,19,2006,25,9,"1,047",11.6,2,2,4,2,0,0,2,0,0.17,0.17,0.34,0.17,0.34,Matches
108,Amorim,br BRA,MF,Genoa,it Serie A,20,2005,11,6,552,6.1,0,0,0,0,0,0,1,0,0,0,0,0,0,Matches
109,Mathis Amougou,fr FRA,MF,Strasbourg,fr Ligue 1,19,2006,12,4,409,4.5,0,0,0,0,0,0,1,0,0,0,0,0,0,Matches
110,Mohamed Amoura,dz ALG,"FW,MF",Wolfsburg,de Bundesliga,25,2000,30,23,"1,919",21.3,8,3,11,7,1,1,2,0,0.38,0.14,0.52,0.33,0.47,Matches
111,Ethan Ampadu,wls WAL,MF,Leeds United,eng Premier League,24,2000,35,35,"3,119",34.7,1,1,2,1,0,0,10,0,0.03,0.03,0.06,0.03,0.06,Matches
112,Sofyan Amrabat,ma MAR,MF,Real Betis,es La Liga,28,1996,17,14,"1,295",14.4,0,0,0,0,0,0,4,0,0,0,0,0,0,Matches
113,Joachim Andersen,dk DEN,DF,Fulham,eng Premier League,29,1996,33,33,"2,875",31.9,0,1,1,0,0,0,7,1,0,0.03,0.03,0,0.03,Matches
114,Elliot Anderson,eng ENG,MF,Nottingham,eng Premier League,22,2002,38,37,"3,331",37,4,4,8,3,1,1,8,0,0.11,0.11,0.22,0.08,0.19,Matches
115,Tomoya Ando,jp JPN,DF,St Pauli,de Bundesliga,26,1999,15,14,"1,260",14,0,1,1,0,0,0,3,0,0,0.07,0.07,0,0.07,Matches
116,Nícolas Andrade,br BRA,GK,Pisa,it Serie A,37,1988,6,6,540,6,0,0,0,0,0,0,0,0,0,0,0,0,0,Matches
117,André,br BRA,MF,Wolves,eng Premier League,24,2001,35,30,"2,762",30.7,1,0,1,1,0,0,12,0,0.03,0,0.03,0.03,0.03,Matches
118,Benjamin André,fr FRA,MF,Lille,fr Ligue 1,34,1990,27,26,"2,332",25.9,2,2,4,2,0,0,9,0,0.08,0.08,0.15,0.08,0.15,Matches
119,Robert Andrich,de GER,"DF,MF",Leverkusen,de Bundesliga,30,1994,32,29,"2,546",28.3,2,0,2,2,0,0,6,1,0.07,0,0.07,0.07,0.07,Matches
120,Manuel Ángel,es ESP,MF,Real Madrid,es La Liga,21,2004,4,1,96,1.1,0,0,0,0,0,0,0,0,0,0,0,0,0,Matches
121,Miguel Ángel Rubio,es ESP,DF,Espanyol,es La Liga,27,1998,12,1,206,2.3,1,0,1,1,0,0,0,0,0.44,0,0.44,0.44,0.44,Matches
122,Miguel Ángel Sierra,es ESP,FW,Sevilla,es La Liga,21,2004,4,0,62,0.7,0,0,0,0,0,0,0,0,0,0,0,0,0,Matches
123,Angeliño,es ESP,MF,Roma,it Serie A,28,1997,7,5,416,4.6,0,0,0,0,0,0,2,0,0,0,0,0,0,Matches
124,Samuele Angori,it ITA,MF,Pisa,it Serie A,21,2003,35,30,"2,599",28.9,0,2,2,0,0,0,2,0,0,0.07,0.07,0,0.07,Matches
125,Frank Anguissa,cm CMR,MF,Napoli,it Serie A,29,1995,18,14,"1,258",14,4,1,5,4,0,0,1,0,0.29,0.07,0.36,0.29,0.36,Matches
Rk,Player,Nation,Pos,Squad,Comp,Age,Born,MP,Starts,Min,90s,Gls,Ast,G+A,G-PK,PK,PKatt,CrdY,CrdR,Gls,Ast,G+A,G-PK,G+A-PK,Matches
126,Nilson Angulo,ec ECU,MF,Sunderland,eng Premier League,22,2003,8,5,404,4.5,0,0,0,0,0,0,1,0,0,0,0,0,0,Matches
127,Faustino Anjorin,eng ENG,MF,Torino,it Serie A,23,2001,15,1,289,3.2,0,0,0,0,0,0,1,0,0,0,0,0,0,Matches
128,Ilyas Ansah,de GER,"MF,FW",Union Berlin,de Bundesliga,20,2004,33,23,"1,892",21,5,1,6,5,0,0,1,0,0.24,0.05,0.29,0.24,0.29,Matches
129,Aaron Anselmino,ar ARG,DF,Dortmund,de Bundesliga,20,2005,6,4,368,4.1,1,0,1,1,0,0,0,0,0.24,0,0.24,0.24,0.24,Matches
130,Aaron Anselmino,ar ARG,DF,Strasbourg,fr Ligue 1,20,2005,3,0,16,0.2,0,0,0,0,0,0,0,0,0,0,0,0,0,Matches
131,Andrés Antañón,es ESP,FW,Celta Vigo,es La Liga,18,2007,2,1,63,0.7,0,0,0,0,0,0,0,0,0,0,0,0,0,Matches
132,Jaidon Anthony,eng ENG,MF,Burnley,eng Premier League,25,1999,37,32,"2,722",30.2,8,2,10,8,0,0,4,0,0.26,0.07,0.33,0.26,0.33,Matches
133,Waldemar Anton,de GER,DF,Dortmund,de Bundesliga,29,1996,32,32,"2,880",32,2,0,2,2,0,0,3,0,0.06,0,0.06,0.06,0.06,Matches
134,Kyllian Antonio,fr FRA,DF,Lens,fr Ligue 1,17,2008,4,2,190,2.1,0,1,1,0,0,0,1,0,0,0.47,0.47,0,0.47,Matches
135,Antoniu,es ESP,MF,Espanyol,es La Liga,22,2002,13,3,289,3.2,0,0,0,0,0,0,2,0,0,0,0,0,0,Matches
136,Antony,br BRA,"MF,FW",Real Betis,es La Liga,25,2000,32,30,"2,447",27.2,8,6,14,8,0,0,6,1,0.29,0.22,0.51,0.29,0.51,Matches
137,Youssef El-Arabi,ma MAR,FW,Nantes,fr Ligue 1,38,1987,25,11,941,10.5,3,0,3,3,0,1,0,0,0.29,0,0.29,0.29,0.29,Matches
138,Mauro Arambarri,uy URU,MF,Getafe,es La Liga,29,1995,37,37,"3,249",36.1,6,2,8,4,2,3,6,0,0.17,0.06,0.22,0.11,0.17,Matches
139,Jon Aramburu,ve VEN,DF,Real Sociedad,es La Liga,23,2002,35,31,"2,773",30.8,1,0,1,1,0,0,11,0,0.03,0,0.03,0.03,0.03,Matches
140,Juan Arango,ve VEN,MF,Girona,es La Liga,19,2006,2,0,18,0.2,0,0,0,0,0,0,1,0,0,0,0,0,0,Matches
141,Ronald Araújo,uy URU,DF,Barcelona,es La Liga,26,1999,24,11,"1,071",11.9,3,0,3,3,0,0,2,0,0.25,0,0.25,0.25,0.25,Matches
142,Carlens Arcus,ht HAI,DF,Angers,fr Ligue 1,29,1996,26,24,"2,040",22.7,0,3,3,0,0,0,7,0,0,0.13,0.13,0,0.13,Matches
143,Antonio Arena,it ITA,FW,Roma,it Serie A,16,2009,2,0,23,0.3,0,0,0,0,0,0,0,0,0,0,0,0,0,Matches
144,Alphonse Areola,fr FRA,GK,West Ham,eng Premier League,32,1993,20,20,"1,800",20,0,1,1,0,0,0,0,0,0,0.05,0.05,0,0.05,Matches
145,Jesús Areso,es ESP,DF,Athletic Club,es La Liga,26,1999,26,14,"1,506",16.7,0,1,1,0,0,0,3,0,0,0.06,0.06,0,0.06,Matches
146,Jeremy Arévalo,ec ECU,FW,Stuttgart,de Bundesliga,20,2005,7,0,38,0.4,0,0,0,0,0,0,0,0,0,0,0,0,0,Matches
147,Paul Argney,fr FRA,GK,Le Havre,fr Ligue 1,19,2006,1,1,90,1,0,0,0,0,0,0,0,0,0,0,0,0,0,Matches
148,Iñigo Arguibide,es ESP,DF,Osasuna,es La Liga,20,2005,6,2,187,2.1,0,0,0,0,0,0,0,1,0,0,0,0,0,Matches
149,Jhon Arias,co COL,"FW,MF",Wolves,eng Premier League,27,1997,23,14,"1,124",12.5,1,0,1,1,0,0,1,0,0.08,0,0.08,0.08,0.08,Matches
150,Juan Arizala,co COL,MF,Udinese,it Serie A,19,2005,10,1,191,2.1,0,0,0,0,0,0,0,0,0,0,0,0,0,Matches
Rk,Player,Nation,Pos,Squad,Comp,Age,Born,MP,Starts,Min,90s,Gls,Ast,G+A,G-PK,PK,PKatt,CrdY,CrdR,Gls,Ast,G+A,G-PK,G+A-PK,Matches
151,Adam Armstrong,eng ENG,"FW,MF",Wolves,eng Premier League,28,1997,14,14,"1,140",12.7,2,2,4,1,1,1,3,0,0.16,0.16,0.32,0.08,0.24,Matches
152,Harrison Armstrong,eng ENG,MF,Everton,eng Premier League,18,2007,13,6,529,5.9,0,0,0,0,0,0,0,0,0,0,0,0,0,Matches
153,Maximilian Arnold,de GER,MF,Wolfsburg,de Bundesliga,31,1994,25,20,"1,859",20.7,1,4,5,1,0,0,5,0,0.05,0.19,0.24,0.05,0.24,Matches
154,Tolu Arokodare,ng NGA,FW,Wolves,eng Premier League,24,2000,33,13,"1,419",15.8,3,1,4,3,0,1,1,0,0.19,0.06,0.25,0.19,0.25,Matches
155,Love Arrhov,se SWE,MF,Frankfurt,de Bundesliga,17,2008,5,1,65,0.7,0,0,0,0,0,0,1,0,0,0,0,0,0,Matches
156,Kervin Arriaga,hn HON,MF,Levante,es La Liga,27,1998,27,16,"1,532",17,3,3,6,3,0,0,8,1,0.18,0.18,0.35,0.18,0.35,Matches
157,Kepa Arrizabalaga,es ESP,GK,Arsenal,eng Premier League,30,1994,1,1,90,1,0,0,0,0,0,0,0,0,0,0,0,0,0,Matches
158,Arthur,br BRA,MF,Leverkusen,de Bundesliga,22,2003,20,13,"1,136",12.6,1,3,4,1,0,0,3,0,0.08,0.24,0.32,0.08,0.32,Matches
159,Takuma Asano,jp JPN,"MF,FW",Mallorca,es La Liga,30,1994,20,8,664,7.4,1,0,1,1,0,0,2,0,0.14,0,0.14,0.14,0.14,Matches
160,Raúl Asencio,es ESP,DF,Real Madrid,es La Liga,22,2003,23,18,"1,708",19,2,0,2,2,0,0,4,0,0.11,0,0.11,0.11,0.11,Matches
161,Fisnik Asllani,xk KVX,"FW,MF",Hoffenheim,de Bundesliga,22,2002,33,31,"2,335",25.9,10,7,17,10,0,0,2,0,0.39,0.27,0.66,0.39,0.66,Matches
162,Kristjan Asllani,al ALB,MF,Torino,it Serie A,23,2002,15,13,"1,129",12.5,0,0,0,0,0,1,3,0,0,0,0,0,0,Matches
163,Joel Asoro,se SWE,FW,Metz,fr Ligue 1,26,1999,8,2,227,2.5,0,0,0,0,0,0,0,0,0,0,0,0,0,Matches
164,Iago Aspas,es ESP,"FW,MF",Celta Vigo,es La Liga,37,1987,32,11,"1,140",12.7,5,3,8,3,2,2,4,0,0.39,0.24,0.63,0.24,0.47,Matches
165,Yaser Asprilla,co COL,"FW,MF",Girona,es La Liga,21,2003,15,6,611,6.8,0,0,0,0,0,0,0,0,0,0,0,0,0,Matches
166,Lorenz Assignon,tg TOG,"DF,MF",Stuttgart,de Bundesliga,25,2000,24,12,"1,094",12.2,0,0,0,0,0,0,3,1,0,0,0,0,0,Matches
167,Dehmaine Assoumani,fr FRA,MF,Nantes,fr Ligue 1,20,2005,27,14,"1,276",14.2,1,0,1,1,0,0,5,0,0.07,0,0.07,0.07,0.07,Matches
168,Lander Astiazaran,es ESP,MF,Real Sociedad,es La Liga,19,2006,1,0,1,0,0,0,0,0,0,0,0,0,0,0,0,0,0,Matches
169,Otavio Ataide,br BRA,DF,Paris FC,fr Ligue 1,23,2002,23,21,"1,901",21.1,1,0,1,1,0,0,6,1,0.05,0,0.05,0.05,0.05,Matches
170,Zachary Athekame,ch SUI,"MF,DF",Milan,it Serie A,20,2004,27,7,833,9.3,2,2,4,2,0,0,3,0,0.22,0.22,0.43,0.22,0.43,Matches
171,Arthur Atta,fr FRA,MF,Udinese,it Serie A,22,2003,32,29,"2,557",28.4,5,3,8,5,0,0,3,0,0.18,0.11,0.28,0.18,0.28,Matches
172,Noah Atubolu,de GER,GK,Freiburg,de Bundesliga,23,2002,34,34,"3,060",34,0,0,0,0,0,0,1,0,0,0,0,0,0,Matches
173,Pierre-Emerick Aubameyang,ga GAB,FW,Marseille,fr Ligue 1,36,1989,30,23,"2,039",22.7,10,5,15,10,0,0,1,0,0.44,0.22,0.66,0.44,0.66,Matches
174,Emil Audero,id IDN,GK,Cremonese,it Serie A,28,1997,34,34,"3,060",34,0,0,0,0,0,0,0,0,0,0,0,0,0,Matches
175,Carlos Augusto,br BRA,"MF,DF",Inter,it Serie A,26,1999,34,18,"1,763",19.6,1,1,2,1,0,0,6,0,0.05,0.05,0.1,0.05,0.1,Matches
Rk,Player,Nation,Pos,Squad,Comp,Age,Born,MP,Starts,Min,90s,Gls,Ast,G+A,G-PK,PK,PKatt,CrdY,CrdR,Gls,Ast,G+A,G-PK,G+A-PK,Matches
176,Yann Aurel Bisseck,de GER,DF,Inter,it Serie A,24,2000,23,21,"1,922",21.4,3,1,4,3,0,0,2,0,0.14,0.05,0.19,0.14,0.19,Matches
177,Leon Avdullahu,xk KVX,MF,Hoffenheim,de Bundesliga,21,2004,33,32,"2,834",31.5,0,1,1,0,0,0,5,0,0,0.03,0.03,0,0.03,Matches
178,Ezequiel Ávila,ar ARG,FW,Real Betis,es La Liga,31,1994,16,3,380,4.2,1,0,1,0,1,1,3,0,0.24,0,0.24,0,0,Matches
179,Arthur Avom,cm CMR,MF,Lorient,fr Ligue 1,20,2004,31,22,"2,119",23.5,2,1,3,2,0,0,3,0,0.08,0.04,0.13,0.08,0.13,Matches
180,Chidozie Awaziem,ng NGA,DF,Nantes,fr Ligue 1,28,1997,26,25,"2,231",24.8,1,2,3,1,0,0,7,0,0.04,0.08,0.12,0.04,0.12,Matches
181,Taiwo Awoniyi,ng NGA,FW,Nottingham,eng Premier League,27,1997,17,3,494,5.5,4,1,5,4,0,0,2,0,0.73,0.18,0.91,0.73,0.91,Matches
182,Yasin Ayari,se SWE,MF,Brighton,eng Premier League,21,2003,29,20,"1,929",21.4,3,3,6,3,0,0,1,0,0.14,0.14,0.28,0.14,0.28,Matches
183,Neil El Aynaoui,ma MAR,MF,Roma,it Serie A,24,2001,25,8,999,11.1,1,2,3,1,0,0,5,0,0.09,0.18,0.27,0.09,0.27,Matches
184,Ilyas Azizi,fr FRA,FW,Toulouse,fr Ligue 1,17,2008,3,0,29,0.3,0,0,0,0,0,0,0,0,0,0,0,0,0,Matches
185,César Azpilicueta,es ESP,DF,Sevilla,es La Liga,35,1989,17,17,"1,213",13.5,0,1,1,0,0,0,4,0,0,0.07,0.07,0,0.07,Matches
186,Oussama El Azzouzi,ma MAR,"MF,DF",Auxerre,fr Ligue 1,24,2001,11,10,807,9,1,0,1,1,0,0,1,1,0.11,0,0.11,0.11,0.11,Matches
187,Mio Backhaus,de GER,GK,Werder Bremen,de Bundesliga,21,2004,32,32,"2,880",32,0,0,0,0,0,0,1,0,0,0,0,0,0,Matches
188,Loïc Bade,fr FRA,DF,Leverkusen,de Bundesliga,25,2000,23,19,"1,653",18.4,0,0,0,0,0,0,4,0,0,0,0,0,0,Matches
189,Benoît Badiashile,fr FRA,DF,Chelsea,eng Premier League,24,2001,8,6,471,5.2,0,0,0,0,0,0,2,0,0,0,0,0,0,Matches
190,Álex Baena,es ESP,"MF,FW",Atlético Madrid,es La Liga,24,2001,27,21,"1,560",17.3,2,3,5,2,0,0,5,0,0.12,0.17,0.29,0.12,0.29,Matches
191,Samson Baidoo,at AUT,DF,Lens,fr Ligue 1,21,2004,23,20,"1,827",20.3,2,1,3,2,0,0,2,0,0.1,0.05,0.15,0.1,0.15,Matches
192,Leon Bailey,jm JAM,MF,Aston Villa,eng Premier League,27,1997,13,3,459,5.1,0,1,1,0,0,0,1,0,0,0.2,0.2,0,0.2,Matches
193,Leon Bailey,jm JAM,FW,Roma,it Serie A,27,1997,7,1,186,2.1,0,0,0,0,0,0,0,0,0,0,0,0,0,Matches
194,Eric Bailly,ci CIV,DF,Oviedo,es La Liga,31,1994,15,15,"1,234",13.7,1,0,1,1,0,0,3,0,0.07,0,0.07,0.07,0.07,Matches
195,Theo Bair,ca CAN,FW,Auxerre,fr Ligue 1,25,1999,2,0,10,0.1,0,0,0,0,0,0,0,0,0,0,0,0,0,Matches
196,Cédric Bakambu,cd COD,FW,Real Betis,es La Liga,34,1991,18,5,569,6.3,3,1,4,3,0,0,1,0,0.47,0.16,0.63,0.47,0.63,Matches
197,Johan Bakayoko,be BEL,"FW,MF",RB Leipzig,de Bundesliga,22,2003,20,8,777,8.6,2,0,2,2,0,0,1,0,0.23,0,0.23,0.23,0.23,Matches
198,Mitchel Bakker,nl NED,"DF,MF",Atalanta,it Serie A,25,2000,1,0,9,0.1,0,0,0,0,0,0,0,0,0,0,0,0,0,Matches
199,Darryl Bakola,fr FRA,MF,Marseille,fr Ligue 1,17,2007,8,0,75,0.8,0,0,0,0,0,0,0,0,0,0,0,0,0,Matches
200,Darryl Bakola,fr FRA,MF,Sassuolo,it Serie A,17,2007,6,1,128,1.4,0,1,1,0,0,0,0,0,0,0.7,0.7,0,0.7,Matches
Rk,Player,Nation,Pos,Squad,Comp,Age,Born,MP,Starts,Min,90s,Gls,Ast,G+A,G-PK,PK,PKatt,CrdY,CrdR,Gls,Ast,G+A,G-PK,G+A-PK,Matches
201,Ridle Baku,de GER,DF,RB Leipzig,de Bundesliga,27,1998,32,28,"2,504",27.8,2,3,5,2,0,0,4,0,0.07,0.11,0.18,0.07,0.18,Matches
202,Dilane Bakwa,fr FRA,"FW,MF",Strasbourg,fr Ligue 1,22,2002,3,0,107,1.2,1,2,3,1,0,0,0,0,0.84,1.68,2.52,0.84,2.52,Matches
203,Dilane Bakwa,fr FRA,MF,Nottingham,eng Premier League,22,2002,14,6,553,6.1,0,2,2,0,0,0,1,0,0,0.33,0.33,0,0.33,Matches
204,Luís Balbo,ve VEN,DF,Fiorentina,it Serie A,19,2006,6,1,212,2.4,0,0,0,0,0,0,0,0,0,0,0,0,0,Matches
205,Tommaso Baldanzi,it ITA,MF,Genoa,it Serie A,22,2003,8,5,399,4.4,0,2,2,0,0,0,0,0,0,0.45,0.45,0,0.45,Matches
206,Tommaso Baldanzi,it ITA,"FW,MF",Roma,it Serie A,22,2003,10,3,386,4.3,1,0,1,1,0,0,2,0,0.23,0,0.23,0.23,0.23,Matches
207,Alejandro Balde,es ESP,DF,Barcelona,es La Liga,21,2003,28,21,"1,869",20.8,0,2,2,0,0,0,2,0,0,0.1,0.1,0,0.1,Matches
208,Fabio Baldé,pt POR,"FW,MF",Hamburger SV,de Bundesliga,20,2005,16,3,448,5,1,1,2,1,0,0,1,0,0.2,0.2,0.4,0.2,0.4,Matches
209,Carlos Baleba,cm CMR,MF,Brighton,eng Premier League,21,2004,31,23,"1,652",18.4,0,0,0,0,0,0,5,0,0,0,0,0,0,Matches
210,Leonardo Balerdi,ar ARG,DF,Marseille,fr Ligue 1,26,1999,26,21,"2,001",22.2,0,1,1,0,0,0,5,0,0,0.04,0.04,0,0.04,Matches
211,Daniel Ballard,nir NIR,DF,Sunderland,eng Premier League,25,1999,29,24,"2,149",23.9,2,0,2,2,0,0,4,1,0.08,0,0.08,0.08,0.08,Matches
212,Carlos Ballestero,es ESP,DF,Alavés,es La Liga,21,2004,1,0,1,0,0,0,0,0,0,0,0,0,0,0,0,0,0,Matches
213,Iván Balliu,al ALB,DF,Rayo Vallecano,es La Liga,33,1992,14,6,582,6.5,0,0,0,0,0,0,2,0,0,0,0,0,0,Matches
214,Fodé Ballo-Touré,sn SEN,"DF,MF",Metz,fr Ligue 1,28,1997,13,11,836,9.3,0,0,0,0,0,0,2,0,0,0,0,0,0,Matches
215,Folarin Balogun,us USA,FW,Monaco,fr Ligue 1,24,2001,30,26,"2,230",24.8,13,4,17,10,3,3,4,1,0.52,0.16,0.69,0.4,0.57,Matches
216,Abdoulaye Bamba,ci CIV,DF,Angers,fr Ligue 1,35,1990,6,3,255,2.8,0,0,0,0,0,0,1,0,0,0,0,0,0,Matches
217,Aladji Bamba,fr FRA,MF,Monaco,fr Ligue 1,19,2006,18,10,816,9.1,0,2,2,0,0,0,2,0,0,0.22,0.22,0,0.22,Matches
218,Mohamed Bamba,ci CIV,FW,Lorient,fr Ligue 1,23,2001,18,7,682,7.6,1,2,3,1,0,1,3,0,0.13,0.26,0.4,0.13,0.4,Matches
219,Lameck Banda,zm ZAM,"MF,FW",Lecce,it Serie A,24,2001,32,21,"1,752",19.5,5,4,9,5,0,0,6,1,0.26,0.21,0.46,0.26,0.46,Matches
220,Noahkai Banks,us USA,DF,Augsburg,de Bundesliga,18,2006,23,20,"1,725",19.2,1,1,2,1,0,0,8,0,0.05,0.05,0.1,0.05,0.1,Matches
221,Ezechiel Banzuzi,nl NED,MF,RB Leipzig,de Bundesliga,20,2005,24,2,597,6.6,0,1,1,0,0,0,3,0,0,0.15,0.15,0,0.15,Matches
222,Tommaso Barbieri,it ITA,MF,Cremonese,it Serie A,22,2002,29,18,"1,707",19,0,1,1,0,0,0,8,0,0,0.05,0.05,0,0.05,Matches
223,Valentín Barco,ar ARG,MF,Strasbourg,fr Ligue 1,21,2004,27,24,"2,168",24.1,2,4,6,2,0,0,5,1,0.08,0.17,0.25,0.08,0.25,Matches
224,Bradley Barcola,fr FRA,FW,PSG,fr Ligue 1,22,2002,29,21,"1,743",19.4,11,1,12,11,0,0,2,0,0.57,0.05,0.62,0.57,0.62,Matches
225,Melvin Bard,fr FRA,"DF,MF",Nice,fr Ligue 1,24,2000,29,26,"2,394",26.6,2,1,3,2,0,0,4,0,0.08,0.04,0.11,0.08,0.11,Matches
Rk,Player,Nation,Pos,Squad,Comp,Age,Born,MP,Starts,Min,90s,Gls,Ast,G+A,G-PK,PK,PKatt,CrdY,CrdR,Gls,Ast,G+A,G-PK,G+A-PK,Matches
226,Roony Bardghji,se SWE,"MF,FW",Barcelona,es La Liga,19,2005,21,7,648,7.2,1,1,2,1,0,0,0,0,0.14,0.14,0.28,0.14,0.28,Matches
227,Nicolò Barella,it ITA,MF,Inter,it Serie A,28,1997,34,31,"2,517",28,3,8,11,3,0,0,7,0,0.11,0.29,0.39,0.11,0.39,Matches
228,Kike Barja,es ESP,MF,Osasuna,es La Liga,28,1997,27,2,446,5,2,2,4,2,0,0,3,0,0.4,0.4,0.81,0.4,0.81,Matches
229,Ross Barkley,eng ENG,MF,Aston Villa,eng Premier League,31,1993,21,7,857,9.5,3,1,4,3,0,0,1,0,0.32,0.11,0.42,0.32,0.42,Matches
230,Ashley Barnes,eng ENG,"FW,MF",Burnley,eng Premier League,35,1989,7,0,46,0.5,0,0,0,0,0,0,2,0,0,0,0,0,0,Matches
231,Harvey Barnes,eng ENG,"FW,MF",Newcastle,eng Premier League,27,1997,37,19,"1,966",21.8,7,1,8,7,0,0,1,0,0.32,0.05,0.37,0.32,0.37,Matches
232,Ander Barrenetxea,es ESP,MF,Real Sociedad,es La Liga,23,2001,30,22,"1,763",19.6,3,5,8,3,0,0,5,0,0.15,0.26,0.41,0.15,0.41,Matches
233,Pablo Barrios,es ESP,MF,Atlético Madrid,es La Liga,22,2003,23,20,"1,661",18.5,1,1,2,1,0,0,0,0,0.05,0.05,0.11,0.05,0.11,Matches
234,Thierno Barry,fr FRA,FW,Everton,eng Premier League,22,2002,38,21,"1,914",21.3,8,0,8,8,0,0,3,0,0.38,0,0.38,0.38,0.38,Matches
235,Davide Bartesaghi,it ITA,"MF,DF",Milan,it Serie A,19,2005,31,27,"2,441",27.1,2,0,2,2,0,0,3,0,0.07,0,0.07,0.07,0.07,Matches
236,Marc Bartra,es ESP,DF,Real Betis,es La Liga,34,1991,25,21,"1,978",22,1,0,1,1,0,0,3,0,0.05,0,0.05,0.05,0.05,Matches
237,Federico Baschirotto,it ITA,DF,Cremonese,it Serie A,28,1996,29,29,"2,540",28.2,2,0,2,2,0,0,2,0,0.07,0,0.07,0.07,0.07,Matches
238,Toma Bašić,hr CRO,MF,Lazio,it Serie A,28,1996,23,23,"1,735",19.3,2,3,5,2,0,0,0,1,0.1,0.16,0.26,0.1,0.26,Matches
239,Calvin Bassey,ng NGA,DF,Fulham,eng Premier League,25,1999,30,28,"2,534",28.2,1,0,1,1,0,0,5,0,0.04,0,0.04,0.04,0.04,Matches
240,Alessandro Bastoni,it ITA,DF,Inter,it Serie A,26,1999,28,28,"2,239",24.9,1,4,5,1,0,0,6,0,0.04,0.16,0.2,0.04,0.2,Matches
241,Augusto Batalla,ar ARG,GK,Rayo Vallecano,es La Liga,29,1996,34,34,"3,060",34,0,0,0,0,0,0,6,0,0,0,0,0,0,Matches
242,Michy Batshuayi,be BEL,FW,Frankfurt,de Bundesliga,31,1993,6,1,139,1.5,1,0,1,0,1,1,0,0,0.65,0,0.65,0,0,Matches
243,Martin Baturina,hr CRO,"MF,FW",Como,it Serie A,22,2003,29,17,"1,569",17.4,6,3,9,6,0,0,0,0,0.34,0.17,0.52,0.34,0.52,Matches
244,Daniel Batz,de GER,GK,Mainz 05,de Bundesliga,34,1991,21,21,"1,890",21,0,0,0,0,0,0,2,0,0,0,0,0,0,Matches
245,Elias Baum,de GER,DF,Frankfurt,de Bundesliga,19,2005,5,0,75,0.8,0,0,0,0,0,0,0,0,0,0,0,0,0,Matches
246,Oliver Baumann,de GER,GK,Hoffenheim,de Bundesliga,35,1990,34,34,"3,060",34,0,0,0,0,0,0,3,0,0,0,0,0,0,Matches
247,Christoph Baumgartner,at AUT,MF,RB Leipzig,de Bundesliga,25,1999,33,32,"2,780",30.9,13,8,21,13,0,1,10,0,0.42,0.26,0.68,0.42,0.68,Matches
248,Altay Bayındır,tr TUR,GK,Manchester Utd,eng Premier League,27,1998,6,6,540,6,0,0,0,0,0,0,0,0,0,0,0,0,0,Matches
249,Vakoun Bayo,ci CIV,FW,Udinese,it Serie A,28,1997,15,4,453,5,0,2,2,0,0,0,0,0,0,0.4,0.4,0,0.4,Matches
250,Ihlas Bebou,tg TOG,"FW,MF",Hoffenheim,de Bundesliga,31,1994,16,0,190,2.1,0,0,0,0,0,0,1,0,0,0,0,0,0,Matches
Rk,Player,Nation,Pos,Squad,Comp,Age,Born,MP,Starts,Min,90s,Gls,Ast,G+A,G-PK,PK,PKatt,CrdY,CrdR,Gls,Ast,G+A,G-PK,G+A-PK,Matches
251,Samu Becerra,es ESP,MF,Rayo Vallecano,es La Liga,19,2006,3,0,12,0.1,0,0,0,0,0,0,0,0,0,0,0,0,0,Matches
252,Adrian Beck,de GER,MF,Heidenheim,de Bundesliga,28,1997,24,9,868,9.6,1,1,2,1,0,0,1,0,0.1,0.1,0.21,0.1,0.21,Matches
253,Sheraldo Becker,sr SUR,"FW,MF",Osasuna,es La Liga,30,1995,9,0,158,1.8,0,0,0,0,0,0,0,0,0,0,0,0,0,Matches
254,Sheraldo Becker,sr SUR,FW,Mainz 05,de Bundesliga,30,1995,14,11,946,10.5,3,3,6,3,0,0,2,0,0.29,0.29,0.57,0.29,0.57,Matches
255,Donny van de Beek,nl NED,MF,Girona,es La Liga,28,1997,2,1,41,0.5,0,0,0,0,0,0,0,0,0,0,0,0,0,Matches
256,Tjaš Begić,si SVN,MF,Parma,it Serie A,22,2003,1,0,1,0,0,0,0,0,0,0,0,0,0,0,0,0,0,Matches
257,Hannes Behrens,de GER,"DF,MF",Heidenheim,de Bundesliga,20,2005,16,15,"1,318",14.6,1,2,3,1,0,0,0,0,0.07,0.14,0.2,0.07,0.2,Matches
258,Maximilian Beier,de GER,"MF,FW",Dortmund,de Bundesliga,22,2002,32,24,"2,026",22.5,9,6,15,9,0,0,3,0,0.4,0.27,0.67,0.4,0.67,Matches
259,Luken Beitia,es ESP,DF,Real Sociedad,es La Liga,21,2004,2,1,95,1.1,0,0,0,0,0,0,0,0,0,0,0,0,0,Matches
260,Ismael Bekhoucha,ma MAR,DF,Getafe,es La Liga,20,2004,4,1,122,1.4,0,1,1,0,0,0,2,0,0,0.74,0.74,0,0.74,Matches
261,Reda Belahyane,ma MAR,MF,Lazio,it Serie A,21,2004,13,5,609,6.8,0,2,2,0,0,0,1,1,0,0.3,0.3,0,0.3,Matches
262,Rayane Belaid,es ESP,"MF,FW",Atlético Madrid,es La Liga,20,2005,2,2,132,1.5,0,0,0,0,0,0,0,0,0,0,0,0,0,Matches
263,Rafik Belghali,dz ALG,MF,Hellas Verona,it Serie A,23,2002,26,22,"1,920",21.3,2,0,2,2,0,0,6,0,0.09,0,0.09,0.09,0.09,Matches
264,Haris Belkebla,dz ALG,MF,Angers,fr Ligue 1,31,1994,33,33,"2,875",31.9,0,0,0,0,0,0,7,0,0,0,0,0,0,Matches
265,Yassin Belkhdim,fr FRA,MF,Angers,fr Ligue 1,23,2002,27,26,"2,135",23.7,2,2,4,2,0,0,5,0,0.08,0.08,0.17,0.08,0.17,Matches
266,Stefan Bell,de GER,DF,Mainz 05,de Bundesliga,33,1991,18,13,"1,039",11.5,2,1,3,2,0,0,4,0,0.17,0.09,0.26,0.17,0.26,Matches
267,Armel Bella Kotchap,de GER,DF,Hellas Verona,it Serie A,23,2001,19,14,"1,347",15,0,0,0,0,0,0,3,0,0,0,0,0,0,Matches
268,Raoul Bellanova,it ITA,MF,Atalanta,it Serie A,25,2000,24,15,"1,377",15.3,0,1,1,0,0,0,2,0,0,0.07,0.07,0,0.07,Matches
269,Jean-Ricner Bellegarde,ht HAI,"MF,FW",Wolves,eng Premier League,27,1998,26,15,"1,248",13.9,1,1,2,1,0,0,5,0,0.07,0.07,0.14,0.07,0.14,Matches
270,Héctor Bellerín,es ESP,DF,Real Betis,es La Liga,30,1995,27,20,"1,822",20.2,2,3,5,2,0,0,2,0,0.1,0.15,0.25,0.1,0.25,Matches
271,Jobe Bellingham,eng ENG,MF,Dortmund,de Bundesliga,19,2005,32,20,"1,786",19.8,0,1,1,0,0,0,2,1,0,0.05,0.05,0,0.05,Matches
272,Jude Bellingham,eng ENG,MF,Real Madrid,es La Liga,22,2003,28,22,"1,916",21.3,6,4,10,6,0,0,3,0,0.28,0.19,0.47,0.28,0.47,Matches
273,Jeanuël Belocian,fr FRA,DF,Wolfsburg,de Bundesliga,20,2005,14,14,"1,254",13.9,0,1,1,0,0,0,3,0,0,0.07,0.07,0,0.07,Matches
274,Jeanuël Belocian,fr FRA,DF,Leverkusen,de Bundesliga,20,2005,8,3,292,3.2,0,0,0,0,0,0,0,0,0,0,0,0,0,Matches
275,Andrea Belotti,it ITA,FW,Cagliari,it Serie A,31,1993,8,3,221,2.5,2,0,2,1,1,1,0,0,0.81,0,0.81,0.41,0.41,Matches
Rk,Player,Nation,Pos,Squad,Comp,Age,Born,MP,Starts,Min,90s,Gls,Ast,G+A,G-PK,PK,PKatt,CrdY,CrdR,Gls,Ast,G+A,G-PK,G+A-PK,Matches
276,Fran Beltrán,es ESP,MF,Girona,es La Liga,26,1999,17,11,"1,012",11.2,1,0,1,1,0,0,3,0,0.09,0,0.09,0.09,0.09,Matches
277,Fran Beltrán,es ESP,MF,Celta Vigo,es La Liga,26,1999,10,7,528,5.9,0,0,0,0,0,0,0,0,0,0,0,0,0,Matches
278,Lucas Beltrán,ar ARG,FW,Valencia,es La Liga,24,2001,27,16,"1,365",15.2,1,2,3,1,0,0,1,0,0.07,0.13,0.2,0.07,0.2,Matches
279,Eliesse Ben Seghir,ma MAR,MF,Leverkusen,de Bundesliga,20,2005,10,2,252,2.8,0,0,0,0,0,0,2,0,0,0,0,0,0,Matches
280,Eliesse Ben Seghir,ma MAR,MF,Monaco,fr Ligue 1,20,2005,2,0,45,0.5,0,0,0,0,0,0,0,0,0,0,0,0,0,Matches
281,Carlos Benavídez,uy URU,DF,Alavés,es La Liga,27,1998,13,3,324,3.6,0,0,0,0,0,0,2,1,0,0,0,0,0,Matches
282,Adrian Benedyczak,pl POL,FW,Parma,it Serie A,24,2000,14,5,490,5.4,1,1,2,0,1,1,1,0,0.18,0.18,0.37,0,0.18,Matches
283,Yassine Benhattab,fr FRA,"MF,FW",Nantes,fr Ligue 1,22,2002,10,5,477,5.3,0,0,0,0,0,0,0,0,0,0,0,0,0,Matches
284,Walter Benítez,ar ARG,GK,Crystal Palace,eng Premier League,32,1993,1,1,90,1,0,0,0,0,0,0,0,0,0,0,0,0,0,Matches
285,Iker Benito,es ESP,MF,Osasuna,es La Liga,22,2002,6,1,159,1.8,1,0,1,1,0,0,1,0,0.57,0,0.57,0.57,0.57,Matches
286,Mohamed Benoit Dao,fr FRA,FW,Paris FC,fr Ligue 1,18,2007,1,0,2,0,0,0,0,0,0,0,0,0,0,0,0,0,0,Matches
287,Ramy Bensebaini,dz ALG,DF,Dortmund,de Bundesliga,30,1995,21,15,"1,530",17,5,2,7,3,2,2,6,0,0.29,0.12,0.41,0.18,0.29,Matches
288,Nabil Bentaleb,dz ALG,MF,Lille,fr Ligue 1,30,1994,26,13,"1,287",14.3,2,2,4,1,1,1,3,0,0.14,0.14,0.28,0.07,0.21,Matches
289,Rodrigo Bentancur,uy URU,MF,Tottenham,eng Premier League,28,1997,26,23,"1,883",20.9,1,1,2,1,0,0,7,0,0.05,0.05,0.1,0.05,0.1,Matches
290,Daniel Bentley,eng ENG,GK,Wolves,eng Premier League,32,1993,3,3,270,3,0,0,0,0,0,0,0,0,0,0,0,0,0,Matches
291,Lucas Beraldo,br BRA,"DF,MF",PSG,fr Ligue 1,21,2003,20,18,"1,567",17.4,2,1,3,2,0,0,2,0,0.11,0.06,0.17,0.11,0.17,Matches
292,Domenico Berardi,it ITA,FW,Sassuolo,it Serie A,30,1994,26,24,"1,958",21.8,8,4,12,6,2,3,2,1,0.37,0.18,0.55,0.28,0.46,Matches
293,Yuri Berchiche,es ESP,DF,Athletic Club,es La Liga,35,1990,32,31,"2,705",30.1,0,6,6,0,0,0,5,0,0,0.2,0.2,0,0.2,Matches
294,Álex Berenguer,es ESP,MF,Athletic Club,es La Liga,30,1995,31,25,"2,154",23.9,2,3,5,2,0,0,4,0,0.08,0.13,0.21,0.08,0.21,Matches
295,Sander Berge,no NOR,MF,Fulham,eng Premier League,27,1998,35,34,"2,905",32.3,0,1,1,0,0,0,5,0,0,0.03,0.03,0,0.03,Matches
296,Lucas Bergström,fi FIN,GK,Mallorca,es La Liga,22,2002,5,5,450,5,0,0,0,0,0,0,1,0,0,0,0,0,0,Matches
297,Lucas Bergvall,se SWE,MF,Tottenham,eng Premier League,19,2006,23,11,965,10.7,1,3,4,1,0,0,2,0,0.09,0.28,0.37,0.09,0.37,Matches
298,Medon Berisha,al ALB,MF,Lecce,it Serie A,21,2003,13,12,871,9.7,2,3,5,2,0,0,0,0,0.21,0.31,0.52,0.21,0.52,Matches
299,Anthony Bermont,fr FRA,FW,Lens,fr Ligue 1,20,2005,10,0,104,1.2,0,0,0,0,0,0,0,0,0,0,0,0,0,Matches
300,Adrian Bernabe,es ESP,MF,Parma,it Serie A,24,2001,32,31,"2,470",27.4,3,1,4,3,0,0,0,0,0.11,0.04,0.15,0.11,0.15,Matches
Rk,Player,Nation,Pos,Squad,Comp,Age,Born,MP,Starts,Min,90s,Gls,Ast,G+A,G-PK,PK,PKatt,CrdY,CrdR,Gls,Ast,G+A,G-PK,G+A-PK,Matches
301,Marc Bernal,es ESP,MF,Barcelona,es La Liga,18,2007,22,9,790,8.8,2,1,3,2,0,0,4,0,0.23,0.11,0.34,0.23,0.34,Matches
302,Gabin Bernardeau,fr FRA,MF,Nice,fr Ligue 1,19,2006,4,1,95,1.1,0,0,0,0,0,0,0,0,0,0,0,0,0,Matches
303,Federico Bernardeschi,it ITA,"MF,FW",Bologna,it Serie A,31,1994,29,12,"1,217",13.5,4,2,6,3,1,1,3,0,0.3,0.15,0.44,0.22,0.37,Matches
304,Bernardo,br BRA,DF,Hoffenheim,de Bundesliga,30,1995,29,26,"2,312",25.7,0,0,0,0,0,0,9,0,0,0,0,0,0,Matches
305,Lorenzo Bernasconi,it ITA,MF,Atalanta,it Serie A,21,2003,23,17,"1,572",17.5,0,3,3,0,0,0,3,0,0,0.17,0.17,0,0.17,Matches
306,Antoine Bernede,fr FRA,MF,Hellas Verona,it Serie A,26,1999,32,29,"2,301",25.6,1,2,3,1,0,0,2,0,0.04,0.08,0.12,0.04,0.12,Matches
307,Nicolò Bertola,it ITA,"DF,MF",Udinese,it Serie A,22,2003,28,18,"1,763",19.6,0,1,1,0,0,0,3,0,0,0.05,0.05,0,0.05,Matches
308,Jan-Niklas Beste,de GER,MF,Freiburg,de Bundesliga,26,1999,28,20,"1,704",18.9,2,2,4,2,0,0,5,0,0.11,0.11,0.21,0.11,0.21,Matches
309,Beto,gw GNB,FW,Everton,eng Premier League,27,1998,37,17,"1,568",17.4,9,1,10,9,0,0,3,0,0.52,0.06,0.57,0.52,0.57,Matches
310,Brando Bettazzi,it ITA,MF,Pisa,it Serie A,17,2007,1,0,14,0.2,0,0,0,0,0,0,0,0,0,0,0,0,0,Matches
311,Sam Beukema,nl NED,DF,Napoli,it Serie A,26,1998,24,18,"1,681",18.7,2,0,2,2,0,0,2,0,0.11,0,0.11,0.11,0.11,Matches
312,Matteo Bianchetti,it ITA,DF,Cremonese,it Serie A,32,1993,27,25,"2,192",24.4,0,2,2,0,0,0,4,0,0,0.08,0.08,0,0.08,Matches
313,Mika Biereth,dk DEN,FW,Monaco,fr Ligue 1,22,2003,32,12,"1,074",11.9,2,2,4,2,0,0,0,0,0.17,0.17,0.34,0.17,0.34,Matches
314,Pedro Bigas,es ESP,DF,Elche,es La Liga,34,1990,28,25,"2,063",22.9,1,3,4,1,0,0,5,1,0.04,0.13,0.17,0.04,0.17,Matches
315,Justin Bijlow,nl NED,GK,Genoa,it Serie A,27,1998,16,16,"1,395",15.5,0,0,0,0,0,0,1,0,0,0,0,0,0,Matches
316,Jaka Bijol,si SVN,DF,Leeds United,eng Premier League,26,1999,25,21,"1,890",21,1,2,3,1,0,0,4,0,0.05,0.1,0.14,0.05,0.14,Matches
317,Cristiano Biraghi,it ITA,"MF,DF",Torino,it Serie A,32,1992,14,5,517,5.7,0,0,0,0,0,0,0,0,0,0,0,0,0,Matches
318,Veljko Birmančević,rs SRB,FW,Getafe,es La Liga,27,1998,6,1,142,1.6,0,0,0,0,0,0,0,0,0,0,0,0,0,Matches
319,Tom Bischof,de GER,"DF,MF",Bayern Munich,de Bundesliga,20,2005,26,14,"1,302",14.5,3,3,6,3,0,0,2,0,0.21,0.21,0.41,0.21,0.41,Matches
320,Yves Bissouma,ml MLI,MF,Tottenham,eng Premier League,28,1996,11,7,603,6.7,0,0,0,0,0,0,4,0,0,0,0,0,0,Matches
321,Leonardo Bittencourt,de GER,MF,Werder Bremen,de Bundesliga,31,1993,17,5,615,6.8,0,1,1,0,0,0,5,0,0,0.15,0.15,0,0.15,Matches
322,Emmanuel Biumla,fr FRA,DF,Angers,fr Ligue 1,20,2005,9,3,387,4.3,0,0,0,0,0,0,0,0,0,0,0,0,0,Matches
323,Marco Bizot,nl NED,GK,Aston Villa,eng Premier League,34,1991,7,6,585,6.5,0,0,0,0,0,0,2,0,0,0,0,0,0,Matches
324,Antonio Blanco,es ESP,MF,Alavés,es La Liga,25,2000,36,36,"3,110",34.6,2,3,5,2,0,0,9,0,0.06,0.09,0.14,0.06,0.14,Matches
325,Ludovic Blas,fr FRA,"MF,FW",Rennes,fr Ligue 1,27,1997,32,15,"1,546",17.2,5,4,9,3,2,2,1,0,0.29,0.23,0.52,0.17,0.41,Matches
Rk,Player,Nation,Pos,Squad,Comp,Age,Born,MP,Starts,Min,90s,Gls,Ast,G+A,G-PK,PK,PKatt,CrdY,CrdR,Gls,Ast,G+A,G-PK,G+A-PK,Matches
326,Janis Blaswich,de GER,GK,Leverkusen,de Bundesliga,34,1991,11,10,931,10.3,0,0,0,0,0,0,1,0,0,0,0,0,0,Matches
327,Daley Blind,nl NED,DF,Girona,es La Liga,35,1990,31,30,"2,606",29,0,0,0,0,0,0,1,0,0,0,0,0,0,Matches
328,Adam Boayar,ma MAR,MF,Elche,es La Liga,19,2005,7,0,104,1.2,1,0,1,1,0,0,0,0,0.87,0,0.87,0.87,0.87,Matches
329,Oscar Bobb,no NOR,"MF,FW",Manchester City,eng Premier League,22,2003,9,5,468,5.2,0,1,1,0,0,0,1,0,0,0.19,0.19,0,0.19,Matches
330,Oscar Bobb,no NOR,MF,Fulham,eng Premier League,22,2003,14,6,571,6.3,0,0,0,0,0,0,0,0,0,0,0,0,0,Matches
331,Ben Bobzien,de GER,"FW,MF",Mainz 05,de Bundesliga,22,2003,1,0,9,0.1,0,0,0,0,0,0,0,0,0,0,0,0,0,Matches
332,Arnaud Bodart,be BEL,GK,Lille,fr Ligue 1,27,1998,3,2,226,2.5,0,0,0,0,0,0,0,0,0,0,0,0,0,Matches
333,Sacha Boey,fr FRA,DF,Bayern Munich,de Bundesliga,24,2000,9,5,463,5.1,0,0,0,0,0,0,1,0,0,0,0,0,0,Matches
334,Jeremie Boga,ci CIV,"MF,FW",Nice,fr Ligue 1,28,1997,14,7,646,7.2,2,2,4,2,0,0,0,0,0.28,0.28,0.56,0.28,0.56,Matches
335,Jeremie Boga,ci CIV,"MF,FW",Juventus,it Serie A,28,1997,15,6,679,7.5,4,0,4,4,0,0,1,0,0.53,0,0.53,0.53,0.53,Matches
336,Lamare Bogarde,nl NED,"MF,DF",Aston Villa,eng Premier League,21,2004,28,11,"1,053",11.7,0,0,0,0,0,0,5,0,0,0,0,0,0,Matches
337,Jayden Bogle,eng ENG,"MF,DF",Leeds United,eng Premier League,25,2000,34,32,"2,793",31,1,2,3,1,0,0,6,0,0.03,0.06,0.1,0.03,0.1,Matches
338,Dmytro Bohdanov,ua UKR,MF,Union Berlin,de Bundesliga,18,2007,2,0,6,0.1,0,0,0,0,0,0,0,0,0,0,0,0,0,Matches
339,Adama Boiro,es ESP,DF,Athletic Club,es La Liga,23,2002,14,8,815,9.1,0,0,0,0,0,0,1,0,0,0,0,0,0,Matches
340,Morgan Bokelé Mputu,cm CMR,MF,Metz,fr Ligue 1,21,2004,10,1,227,2.5,0,0,0,0,0,0,0,0,0,0,0,0,0,Matches
341,Hugo Bolin,se SWE,"MF,FW",Gladbach,de Bundesliga,22,2003,13,5,550,6.1,1,1,2,1,0,0,0,0,0.16,0.16,0.33,0.16,0.33,Matches
342,Daniel Boloca,ro ROU,MF,Sassuolo,it Serie A,26,1998,2,2,135,1.5,0,0,0,0,0,0,0,0,0,0,0,0,0,Matches
343,Moïse Bombito,ca CAN,DF,Nice,fr Ligue 1,25,2000,2,2,145,1.6,0,0,0,0,0,0,1,0,0,0,0,0,0,Matches
344,Javier Boñar,es ESP,DF,Atlético Madrid,es La Liga,20,2005,4,3,299,3.3,1,0,1,1,0,0,0,0,0.3,0,0.3,0.3,0.3,Matches
345,Federico Bonazzoli,it ITA,FW,Cremonese,it Serie A,28,1997,35,31,"2,510",27.9,10,1,11,7,3,3,4,0,0.36,0.04,0.39,0.25,0.29,Matches
346,Warren Bondo,fr FRA,MF,Cremonese,it Serie A,21,2003,27,22,"1,762",19.6,0,0,0,0,0,0,5,0,0,0,0,0,0,Matches
347,Giovanni Bonfanti,it ITA,"DF,MF",Pisa,it Serie A,22,2003,9,6,494,5.5,0,0,0,0,0,0,1,0,0,0,0,0,0,Matches
348,Victor Boniface,ng NGA,FW,Werder Bremen,de Bundesliga,24,2000,11,2,333,3.7,0,2,2,0,0,0,1,0,0,0.54,0.54,0,0.54,Matches
349,Rahim Bonkano,ne NIG,DF,Oviedo,es La Liga,23,2002,27,18,"1,713",19,0,0,0,0,0,0,2,0,0,0,0,0,0,Matches
350,Ange-Yoan Bonny,ci CIV,FW,Inter,it Serie A,21,2003,33,10,"1,142",12.7,5,4,9,5,0,0,1,0,0.39,0.32,0.71,0.39,0.71,Matches
Rk,Player,Nation,Pos,Squad,Comp,Age,Born,MP,Starts,Min,90s,Gls,Ast,G+A,G-PK,PK,PKatt,CrdY,CrdR,Gls,Ast,G+A,G-PK,G+A-PK,Matches
351,Thiago Borbas,uy URU,FW,Oviedo,es La Liga,23,2002,12,0,179,2,0,0,0,0,0,0,1,0,0,0,0,0,0,Matches
352,Sebastiaan Bornauw,be BEL,DF,Leeds United,eng Premier League,26,1999,12,5,429,4.8,0,0,0,0,0,0,1,0,0,0,0,0,0,Matches
353,Gennaro Borrelli,it ITA,FW,Cagliari,it Serie A,25,2000,27,13,"1,275",14.2,5,1,6,5,0,0,4,0,0.35,0.07,0.42,0.35,0.42,Matches
354,Olivier Boscagli,fr FRA,DF,Brighton,eng Premier League,27,1997,12,9,802,8.9,0,1,1,0,0,0,2,0,0,0.11,0.11,0,0.11,Matches
355,Sebastián Boselli,uy URU,DF,Getafe,es La Liga,21,2003,11,4,380,4.2,0,0,0,0,0,0,4,0,0,0,0,0,0,Matches
356,Jean-Baptiste Bosey,fr FRA,FW,Strasbourg,fr Ligue 1,17,2008,1,0,1,0,0,0,0,0,0,0,0,0,0,0,0,0,0,Matches
357,Sven Botman,nl NED,DF,Newcastle,eng Premier League,25,2000,25,21,"1,835",20.4,1,1,2,1,0,0,2,0,0.05,0.05,0.1,0.05,0.1,Matches
358,Ayyoub Bouaddi,ma MAR,MF,Lille,fr Ligue 1,17,2007,30,28,"2,321",25.8,0,1,1,0,0,0,7,1,0,0.04,0.04,0,0.04,Matches
359,Badredine Bouanani,dz ALG,MF,Nice,fr Ligue 1,20,2004,2,1,93,1,0,0,0,0,0,0,0,0,0,0,0,0,0,Matches
360,Badredine Bouanani,dz ALG,MF,Stuttgart,de Bundesliga,20,2004,14,5,463,5.1,0,0,0,0,0,0,1,0,0,0,0,0,0,Matches
361,Kaïl Boudache,fr FRA,"MF,FW",Nice,fr Ligue 1,19,2006,13,3,531,5.9,1,0,1,1,0,0,1,0,0.17,0,0.17,0.17,0.17,Matches
362,Hicham Boudaoui,dz ALG,MF,Nice,fr Ligue 1,25,1999,25,18,"1,694",18.8,1,2,3,1,0,0,5,0,0.05,0.11,0.16,0.05,0.16,Matches
363,Sofiane Boufal,ma MAR,"MF,FW",Le Havre,fr Ligue 1,31,1993,17,13,"1,019",11.3,1,4,5,1,0,1,2,0,0.09,0.35,0.44,0.09,0.44,Matches
364,Justin Bourgault,fr FRA,FW,Brest,fr Ligue 1,19,2005,1,0,16,0.2,0,0,0,0,0,0,0,0,0,0,0,0,0,Matches
365,Jarrod Bowen,eng ENG,"MF,FW",West Ham,eng Premier League,28,1996,38,38,"3,403",37.8,9,11,20,8,1,1,4,0,0.24,0.29,0.53,0.21,0.5,Matches
366,Kieron Bowie,sct SCO,FW,Hellas Verona,it Serie A,22,2002,14,14,"1,200",13.3,4,0,4,4,0,0,1,0,0.3,0,0.3,0.3,0.3,Matches
367,Lucas Boyé,ar ARG,FW,Alavés,es La Liga,29,1996,29,22,"1,958",21.8,11,1,12,8,3,3,4,1,0.51,0.05,0.55,0.37,0.41,Matches
368,Enzo Boyomo,cm CMR,DF,Osasuna,es La Liga,23,2001,30,29,"2,542",28.2,1,2,3,1,0,0,7,0,0.04,0.07,0.11,0.04,0.11,Matches
369,Rosen Bozhinov,bg BUL,DF,Pisa,it Serie A,20,2005,9,8,610,6.8,0,0,0,0,0,0,3,1,0,0,0,0,0,Matches
370,Domagoj Bradarić,hr CRO,MF,Hellas Verona,it Serie A,25,1999,29,23,"1,966",21.8,0,1,1,0,0,0,2,0,0,0.05,0.05,0,0.05,Matches
371,Conor Bradley,nir NIR,DF,Liverpool,eng Premier League,22,2003,15,12,929,10.3,0,1,1,0,0,0,5,0,0,0.1,0.1,0,0.1,Matches
372,Bilal Brahimi,dz ALG,"FW,MF",Nice,fr Ligue 1,25,2000,1,0,1,0,0,0,0,0,0,0,0,0,0,0,0,0,0,Matches
373,Julian Brandt,de GER,"MF,FW",Dortmund,de Bundesliga,29,1996,29,17,"1,606",17.8,7,4,11,7,0,0,0,0,0.39,0.22,0.62,0.39,0.62,Matches
374,Jarrad Branthwaite,eng ENG,DF,Everton,eng Premier League,23,2002,10,7,680,7.6,1,0,1,1,0,0,1,0,0.13,0,0.13,0.13,0.13,Matches
375,Riccardo Braschi,it ITA,FW,Fiorentina,it Serie A,18,2006,2,1,105,1.2,0,0,0,0,0,0,0,0,0,0,0,0,0,Matches
Rk,Player,Nation,Pos,Squad,Comp,Age,Born,MP,Starts,Min,90s,Gls,Ast,G+A,G-PK,PK,PKatt,CrdY,CrdR,Gls,Ast,G+A,G-PK,G+A-PK,Matches
376,Lilian Brassier,fr FRA,DF,Rennes,fr Ligue 1,25,1999,27,25,"2,250",25,0,1,1,0,0,0,2,0,0,0.04,0.04,0,0.04,Matches
377,Iker Bravo,es ESP,FW,Udinese,it Serie A,20,2005,8,3,206,2.3,1,0,1,1,0,0,1,0,0.44,0,0.44,0.44,0.44,Matches
378,Josip Brekalo,hr CRO,"MF,FW",Oviedo,es La Liga,27,1998,14,6,486,5.4,0,0,0,0,0,0,1,0,0,0,0,0,0,Matches
379,Gleison Bremer,br BRA,DF,Juventus,it Serie A,28,1997,26,25,"2,171",24.1,4,3,7,4,0,0,5,0,0.17,0.12,0.29,0.17,0.29,Matches
380,Marco Brescianini,it ITA,MF,Fiorentina,it Serie A,25,2000,17,10,862,9.6,1,1,2,1,0,0,1,0,0.1,0.1,0.21,0.1,0.21,Matches
381,Marco Brescianini,it ITA,MF,Atalanta,it Serie A,25,2000,9,0,182,2,1,0,1,1,0,0,1,0,0.49,0,0.49,0.49,0.49,Matches
382,Abel Bretones,es ESP,"MF,DF",Osasuna,es La Liga,24,2000,28,17,"1,624",18,1,2,3,1,0,0,5,1,0.06,0.11,0.17,0.06,0.17,Matches
383,Sascha Britschgi,ch SUI,"MF,DF",Parma,it Serie A,18,2006,29,22,"2,095",23.3,0,2,2,0,0,0,7,1,0,0.09,0.09,0,0.09,Matches
384,Brian Brobbey,nl NED,FW,Sunderland,eng Premier League,23,2002,31,22,"1,927",21.4,7,1,8,7,0,0,6,0,0.33,0.05,0.37,0.33,0.37,Matches
385,Marius Broholm,no NOR,MF,Lille,fr Ligue 1,20,2004,11,3,279,3.1,1,1,2,0,1,1,0,0,0.32,0.32,0.65,0,0.32,Matches
386,Armando Broja,al ALB,FW,Burnley,eng Premier League,23,2001,24,8,860,9.6,1,1,2,1,0,0,0,0,0.1,0.1,0.21,0.1,0.21,Matches
387,David Brooks,wls WAL,MF,Bournemouth,eng Premier League,28,1997,31,13,"1,204",13.4,1,3,4,1,0,0,7,0,0.07,0.22,0.3,0.07,0.3,Matches
388,Nathaniel Brown,de GER,"MF,DF",Frankfurt,de Bundesliga,22,2003,33,29,"2,656",29.5,4,4,8,4,0,0,3,0,0.14,0.14,0.27,0.14,0.27,Matches
389,Brugui,es ESP,"MF,FW",Levante,es La Liga,28,1996,19,10,"1,005",11.2,1,1,2,1,0,0,1,1,0.09,0.09,0.18,0.09,0.18,Matches
390,Paris Brunner,de GER,FW,Monaco,fr Ligue 1,19,2006,7,1,132,1.5,0,0,0,0,0,0,1,0,0,0,0,0,0,Matches
391,Jacob Bruun Larsen,dk DEN,"MF,FW",Burnley,eng Premier League,26,1998,28,10,"1,030",11.4,0,1,1,0,0,0,0,0,0,0.09,0.09,0,0.09,Matches
392,Tajon Buchanan,ca CAN,MF,Villarreal,es La Liga,26,1999,34,21,"1,819",20.2,7,1,8,7,0,0,8,0,0.35,0.05,0.4,0.35,0.4,Matches
393,Ante Budimir,hr CRO,FW,Osasuna,es La Liga,34,1991,37,35,"2,938",32.6,17,0,17,11,6,8,3,0,0.52,0,0.52,0.34,0.34,Matches
394,Emi Buendía,ar ARG,MF,Aston Villa,eng Premier League,28,1996,36,21,"1,755",19.5,6,2,8,6,0,0,6,0,0.31,0.1,0.41,0.31,0.41,Matches
395,Hugo Bueno,es ESP,"MF,DF",Wolves,eng Premier League,22,2002,35,26,"2,366",26.3,1,2,3,1,0,0,3,0,0.04,0.08,0.11,0.04,0.11,Matches
396,Manu Bueno,es ESP,MF,Sevilla,es La Liga,21,2004,8,2,272,3,0,0,0,0,0,0,2,0,0,0,0,0,0,Matches
397,Santiago Bueno,uy URU,DF,Wolves,eng Premier League,26,1998,29,28,"2,553",28.4,3,1,4,3,0,0,4,0,0.11,0.04,0.14,0.11,0.14,Matches
398,Louis Buffon,cz CZE,FW,Pisa,it Serie A,17,2007,4,0,32,0.4,0,0,0,0,0,0,0,0,0,0,0,0,0,Matches
399,Adam Buksa,pl POL,FW,Udinese,it Serie A,29,1996,25,6,922,10.2,3,0,3,3,0,0,3,0,0.29,0,0.29,0.29,0.29,Matches
400,Andrija Bulatović,me MNE,MF,Lens,fr Ligue 1,18,2006,19,6,762,8.5,0,4,4,0,0,0,2,0,0,0.47,0.47,0,0.47,Matches
Rk,Player,Nation,Pos,Squad,Comp,Age,Born,MP,Starts,Min,90s,Gls,Ast,G+A,G-PK,PK,PKatt,CrdY,CrdR,Gls,Ast,G+A,G-PK,G+A-PK,Matches
401,Marius Bülter,de GER,"FW,MF",Köln,de Bundesliga,32,1993,32,18,"1,597",17.7,5,4,9,5,0,0,3,0,0.28,0.23,0.51,0.28,0.51,Matches
402,Facundo Buonanotte,ar ARG,MF,Leeds United,eng Premier League,20,2004,3,0,39,0.4,0,0,0,0,0,0,1,0,0,0,0,0,0,Matches
403,Facundo Buonanotte,ar ARG,MF,Chelsea,eng Premier League,20,2004,1,1,45,0.5,0,0,0,0,0,0,0,0,0,0,0,0,0,Matches
404,Alessandro Buongiorno,it ITA,DF,Napoli,it Serie A,26,1999,33,28,"2,521",28,0,1,1,0,0,0,3,0,0,0.04,0.04,0,0.04,Matches
405,Livan Burcu,tr TUR,"MF,FW",Union Berlin,de Bundesliga,20,2004,18,6,651,7.2,1,1,2,1,0,0,4,0,0.14,0.14,0.28,0.14,0.28,Matches
406,Jan Bürger,de GER,"MF,DF",Wolfsburg,de Bundesliga,18,2007,7,2,247,2.7,0,0,0,0,0,0,0,0,0,0,0,0,0,Matches
407,Wouter Burger,nl NED,MF,Hoffenheim,de Bundesliga,24,2001,30,30,"2,430",27,4,5,9,4,0,0,7,1,0.15,0.19,0.33,0.15,0.33,Matches
408,Jonathan Burkardt,de GER,FW,Frankfurt,de Bundesliga,25,2000,22,15,"1,336",14.8,13,1,14,9,4,4,1,0,0.88,0.07,0.94,0.61,0.67,Matches
409,Oliver Burke,sct SCO,"FW,MF",Union Berlin,de Bundesliga,28,1997,29,21,"1,664",18.5,6,2,8,6,0,0,4,0,0.32,0.11,0.43,0.32,0.43,Matches
410,Vincent Burlet,be BEL,DF,Lille,fr Ligue 1,19,2005,1,0,19,0.2,0,0,0,0,0,0,0,0,0,0,0,0,0,Matches
411,Dan Burn,eng ENG,DF,Newcastle,eng Premier League,33,1992,29,25,"2,199",24.4,1,2,3,1,0,0,11,1,0.04,0.08,0.12,0.04,0.12,Matches
412,Bradley Burrowes,eng ENG,MF,Aston Villa,eng Premier League,17,2008,1,0,17,0.2,0,0,0,0,0,0,0,0,0,0,0,0,0,Matches
413,Marnon Busch,de GER,"DF,MF",Heidenheim,de Bundesliga,30,1994,29,20,"1,915",21.3,1,5,6,1,0,0,4,0,0.05,0.23,0.28,0.05,0.28,Matches
414,Aurélio Buta,pt POR,DF,Frankfurt,de Bundesliga,28,1997,4,1,144,1.6,0,0,0,0,0,0,1,0,0,0,0,0,0,Matches
415,Jean Butez,fr FRA,GK,Como,it Serie A,30,1995,38,38,"3,420",38,0,1,1,0,0,0,3,0,0,0.03,0.03,0,0.03,Matches
416,Jun'ai Byfield,eng ENG,DF,Tottenham,eng Premier League,16,2008,1,0,1,0,0,0,0,0,0,0,0,0,0,0,0,0,0,Matches
417,Sam Byram,eng ENG,"DF,MF",Leeds United,eng Premier League,31,1993,2,0,9,0.1,0,0,0,0,0,0,0,0,0,0,0,0,0,Matches
418,William Bøving,dk DEN,MF,Mainz 05,de Bundesliga,22,2003,9,2,223,2.5,0,1,1,0,0,0,1,0,0,0.4,0.4,0,0.4,Matches
419,Pau Cabanes,es ESP,FW,Villarreal,es La Liga,20,2005,1,0,16,0.2,0,0,0,0,0,0,0,0,0,0,0,0,0,Matches
420,Rémy Cabella,fr FRA,"MF,FW",Nantes,fr Ligue 1,35,1990,11,6,572,6.4,2,0,2,1,1,1,1,0,0.31,0,0.31,0.16,0.16,Matches
421,Jorge Cabello,es ESP,DF,Levante,es La Liga,21,2004,5,4,362,4,0,0,0,0,0,0,1,0,0,0,0,0,0,Matches
422,Pape Cabral,fr FRA,MF,Monaco,fr Ligue 1,18,2007,4,0,77,0.9,0,0,0,0,0,0,0,0,0,0,0,0,0,Matches
423,Leandro Cabrera,uy URU,DF,Espanyol,es La Liga,34,1991,37,37,"3,330",37,3,0,3,3,0,0,4,0,0.08,0,0.08,0.08,0.08,Matches
424,Anthony Caci,fr FRA,MF,Mainz 05,de Bundesliga,28,1997,10,6,519,5.8,0,0,0,0,0,0,3,0,0,0,0,0,0,Matches
425,Noah Cadiou,gp GLP,MF,Lorient,fr Ligue 1,26,1998,28,20,"1,879",20.9,3,1,4,3,0,0,2,0,0.14,0.05,0.19,0.14,0.19,Matches
Rk,Player,Nation,Pos,Squad,Comp,Age,Born,MP,Starts,Min,90s,Gls,Ast,G+A,G-PK,PK,PKatt,CrdY,CrdR,Gls,Ast,G+A,G-PK,G+A-PK,Matches
426,Mathieu Cafaro,fr FRA,FW,Paris FC,fr Ligue 1,28,1997,10,1,152,1.7,0,0,0,0,0,0,0,0,0,0,0,0,0,Matches
427,Moisés Caicedo,ec ECU,MF,Chelsea,eng Premier League,23,2001,33,32,"2,795",31.1,3,1,4,3,0,0,11,1,0.1,0.03,0.13,0.1,0.13,Matches
428,Tom Cairney,sct SCO,MF,Fulham,eng Premier League,34,1991,24,6,775,8.6,2,0,2,2,0,0,3,0,0.23,0,0.23,0.23,0.23,Matches
429,Arturo Calabresi,it ITA,DF,Pisa,it Serie A,29,1996,26,17,"1,514",16.8,0,0,0,0,0,0,8,0,0,0,0,0,0,Matches
430,Riccardo Calafiori,it ITA,DF,Arsenal,eng Premier League,23,2002,26,22,"1,699",18.9,1,2,3,1,0,0,5,0,0.05,0.11,0.16,0.05,0.16,Matches
431,Miguel Calatayud,es ESP,DF,Mallorca,es La Liga,19,2006,2,0,43,0.5,0,0,0,0,0,0,0,0,0,0,0,0,0,Matches
432,Calebe,br BRA,MF,Alavés,es La Liga,25,2000,19,13,752,8.4,0,0,0,0,0,0,2,0,0,0,0,0,0,Matches
433,Fernando Calero,es ESP,DF,Espanyol,es La Liga,29,1995,28,24,"2,148",23.9,0,0,0,0,0,0,5,0,0,0,0,0,0,Matches
434,Duje Ćaleta-Car,hr CRO,DF,Real Sociedad,es La Liga,28,1996,27,24,"2,150",23.9,1,0,1,1,0,0,6,1,0.04,0,0.04,0.04,0.04,Matches
435,Hakan Çalhanoğlu,tr TUR,MF,Inter,it Serie A,31,1994,22,20,"1,639",18.2,9,4,13,5,4,5,7,0,0.49,0.22,0.71,0.27,0.49,Matches
436,Dominic Calvert-Lewin,eng ENG,FW,Leeds United,eng Premier League,28,1997,35,30,"2,721",30.2,14,1,15,10,4,5,3,0,0.46,0.03,0.5,0.33,0.36,Matches
437,Dani Calvo,es ESP,DF,Oviedo,es La Liga,31,1994,20,17,"1,611",17.9,0,0,0,0,0,0,3,0,0,0,0,0,0,Matches
438,Abdoulaye Camara,fr FRA,MF,Udinese,it Serie A,16,2008,1,0,12,0.1,0,0,0,0,0,0,0,0,0,0,0,0,0,Matches
439,Adama Camara,fr FRA,"MF,DF",Paris FC,fr Ligue 1,28,1996,29,26,"2,159",24,1,0,1,1,0,0,8,0,0.04,0,0.04,0.04,0.04,Matches
440,Amady Camara,ml MLI,FW,Nantes,fr Ligue 1,20,2005,10,1,171,1.9,0,0,0,0,0,0,0,0,0,0,0,0,0,Matches
441,Dawda Camara,mr MTN,FW,Girona,es La Liga,22,2002,2,1,72,0.8,0,0,0,0,0,0,0,0,0,0,0,0,0,Matches
442,Lamine Camara,sn SEN,MF,Monaco,fr Ligue 1,21,2004,24,22,"1,847",20.5,3,4,7,3,0,0,6,0,0.15,0.19,0.34,0.15,0.34,Matches
443,Mahdi Camara,fr FRA,MF,Rennes,fr Ligue 1,27,1998,32,31,"2,653",29.5,3,1,4,3,0,0,5,1,0.1,0.03,0.14,0.1,0.14,Matches
444,Ousmane Camara,ml MLI,DF,Angers,fr Ligue 1,22,2003,32,31,"2,718",30.2,1,0,1,1,0,0,4,0,0.03,0,0.03,0.03,0.03,Matches
445,Francesco Camarda,it ITA,FW,Lecce,it Serie A,17,2008,21,7,687,7.6,1,0,1,1,0,1,1,0,0.13,0,0.13,0.13,0.13,Matches
446,Eduardo Camavinga,fr FRA,MF,Real Madrid,es La Liga,22,2002,29,16,"1,528",17,1,0,1,1,0,0,2,0,0.06,0,0.06,0.06,0.06,Matches
447,Nicolò Cambiaghi,it ITA,"MF,FW",Bologna,it Serie A,24,2000,28,17,"1,518",16.9,3,4,7,3,0,0,3,1,0.18,0.24,0.42,0.18,0.42,Matches
448,Andrea Cambiaso,it ITA,"MF,DF",Juventus,it Serie A,25,2000,36,35,"2,769",30.8,3,4,7,3,0,0,3,1,0.1,0.13,0.23,0.1,0.23,Matches
449,Axel Camblan,fr FRA,FW,Brest,fr Ligue 1,21,2003,1,0,12,0.1,0,0,0,0,0,0,0,0,0,0,0,0,0,Matches
450,Sergio Camello,es ESP,"FW,MF",Rayo Vallecano,es La Liga,24,2001,22,8,823,9.1,5,1,6,5,0,0,3,1,0.55,0.11,0.66,0.55,0.66,Matches
Rk,Player,Nation,Pos,Squad,Comp,Age,Born,MP,Starts,Min,90s,Gls,Ast,G+A,G-PK,PK,PKatt,CrdY,CrdR,Gls,Ast,G+A,G-PK,G+A-PK,Matches
451,Cole Campbell,us USA,FW,Hoffenheim,de Bundesliga,19,2006,5,0,79,0.9,0,0,0,0,0,0,0,0,0,0,0,0,0,Matches
452,Cole Campbell,us USA,FW,Dortmund,de Bundesliga,19,2006,1,0,17,0.2,0,0,0,0,0,0,0,0,0,0,0,0,0,Matches
453,Emre Can,de GER,DF,Dortmund,de Bundesliga,31,1994,9,7,621,6.9,3,0,3,0,3,3,3,0,0.43,0,0.43,0,0,Matches
454,Matteo Cancellieri,it ITA,FW,Lazio,it Serie A,23,2002,30,21,"1,725",19.2,4,2,6,4,0,0,6,0,0.21,0.1,0.31,0.21,0.31,Matches
455,João Cancelo,pt POR,DF,Barcelona,es La Liga,31,1994,16,11,954,10.6,2,2,4,2,0,0,1,0,0.19,0.19,0.38,0.19,0.38,Matches
456,Fali Candé,gw GNB,DF,Sassuolo,it Serie A,27,1998,12,5,509,5.7,0,0,0,0,0,0,2,0,0,0,0,0,0,Matches
457,Simone Canestrelli,it ITA,DF,Pisa,it Serie A,24,2000,37,36,"3,201",35.6,1,0,1,1,0,0,4,0,0.03,0,0.03,0.03,0.03,Matches
458,Jaydee Canvot,fr FRA,"MF,DF",Toulouse,fr Ligue 1,19,2006,2,2,180,2,0,0,0,0,0,0,1,0,0,0,0,0,0,Matches
459,Jaydee Canvot,fr FRA,DF,Crystal Palace,eng Premier League,19,2006,20,14,"1,336",14.8,0,0,0,0,0,0,3,0,0,0,0,0,0,Matches
460,Nicolás Capaldo,ar ARG,"DF,MF",Hamburger SV,de Bundesliga,26,1998,26,24,"2,001",22.2,1,3,4,1,0,0,10,0,0.04,0.13,0.18,0.04,0.18,Matches
461,Pierrick Capelle,fr FRA,MF,Angers,fr Ligue 1,38,1987,16,6,651,7.2,0,1,1,0,0,0,2,0,0,0.14,0.14,0,0.14,Matches
462,Elia Caprile,it ITA,GK,Cagliari,it Serie A,23,2001,38,38,"3,420",38,0,0,0,0,0,0,2,0,0,0,0,0,0,Matches
463,Maxence Caqueret,fr FRA,MF,Como,it Serie A,25,2000,30,17,"1,485",16.5,2,6,8,2,0,0,3,0,0.12,0.36,0.48,0.12,0.48,Matches
464,Antonio Caracciolo,it ITA,DF,Pisa,it Serie A,35,1990,35,34,"3,073",34.1,2,0,2,2,0,0,10,0,0.06,0,0.06,0.06,0.06,Matches
465,Filippo Carbone,it ITA,MF,Genoa,it Serie A,18,2006,1,0,8,0.1,0,0,0,0,0,0,0,0,0,0,0,0,0,Matches
466,Franco Carboni,it ITA,MF,Parma,it Serie A,22,2003,7,1,114,1.3,0,0,0,0,0,0,0,0,0,0,0,0,0,Matches
467,Valentin Carboni,ar ARG,MF,Genoa,it Serie A,20,2005,12,3,359,4,0,0,0,0,0,0,2,0,0,0,0,0,0,Matches
468,Dani Cárdenas,es ESP,GK,Rayo Vallecano,es La Liga,28,1997,4,4,360,4,0,0,0,0,0,0,0,0,0,0,0,0,0,Matches
469,Alessandro Cardinali,it ITA,FW,Parma,it Serie A,19,2006,1,0,45,0.5,0,0,0,0,0,0,0,0,0,0,0,0,0,Matches
470,Rio Cardines,tt TRI,MF,Crystal Palace,eng Premier League,19,2006,1,1,90,1,0,0,0,0,0,0,0,0,0,0,0,0,0,Matches
471,Sergi Cardona,es ESP,DF,Villarreal,es La Liga,26,1999,31,20,"1,970",21.9,1,4,5,1,0,0,4,0,0.05,0.18,0.23,0.05,0.23,Matches
472,Fábio Cardoso,pt POR,DF,Sevilla,es La Liga,31,1994,4,4,295,3.3,0,0,0,0,0,0,0,0,0,0,0,0,0,Matches
473,Johnny Cardoso,us USA,MF,Atlético Madrid,es La Liga,23,2001,15,12,887,9.9,0,0,0,0,0,0,5,0,0,0,0,0,0,Matches
474,Maycon Cardozo,br BRA,MF,Bayern Munich,de Bundesliga,16,2008,2,0,34,0.4,0,0,0,0,0,0,0,0,0,0,0,0,0,Matches
475,Igor Carioca,br BRA,DF,Lorient,fr Ligue 1,28,1996,17,13,"1,213",13.5,1,0,1,1,0,0,1,0,0.07,0,0.07,0.07,0.07,Matches
Rk,Player,Nation,Pos,Squad,Comp,Age,Born,MP,Starts,Min,90s,Gls,Ast,G+A,G-PK,PK,PKatt,CrdY,CrdR,Gls,Ast,G+A,G-PK,G+A-PK,Matches
476,Patrik Carlgren,se SWE,GK,Nantes,fr Ligue 1,33,1992,3,2,182,2,0,0,0,0,0,0,0,0,0,0,0,0,0,Matches
477,Diego Carlos,br BRA,DF,Como,it Serie A,32,1993,27,21,"1,949",21.7,1,0,1,1,0,0,8,0,0.05,0,0.05,0.05,0.05,Matches
478,Kevin Carlos,es ESP,FW,Nice,fr Ligue 1,24,2001,23,9,880,9.8,0,0,0,0,0,0,3,0,0,0,0,0,0,Matches
479,David Carmo,ao ANG,DF,Oviedo,es La Liga,26,1999,22,20,"1,786",19.8,1,0,1,1,0,0,8,1,0.05,0,0.05,0.05,0.05,Matches
480,Carmona,es ESP,"DF,MF",Sevilla,es La Liga,23,2002,35,29,"2,565",28.5,1,3,4,1,0,0,13,0,0.04,0.11,0.14,0.04,0.14,Matches
481,Marco Carnesecchi,it ITA,GK,Atalanta,it Serie A,25,2000,37,37,"3,330",37,0,0,0,0,0,0,0,0,0,0,0,0,0,Matches
482,Sergio Carreira,es ESP,MF,Celta Vigo,es La Liga,24,2000,34,29,"2,694",29.9,2,1,3,2,0,0,2,0,0.07,0.03,0.1,0.07,0.1,Matches
483,Gorka Carrera,es ESP,FW,Real Sociedad,es La Liga,20,2005,3,0,62,0.7,0,0,0,0,0,0,1,0,0,0,0,0,0,Matches
484,Álvaro Carreras,es ESP,DF,Real Madrid,es La Liga,22,2003,28,26,"2,332",25.9,2,3,5,2,0,0,5,1,0.08,0.12,0.19,0.08,0.19,Matches
485,Dani Carvajal,es ESP,DF,Real Madrid,es La Liga,33,1992,17,10,977,10.9,0,1,1,0,0,0,0,0,0,0.09,0.09,0,0.09,Matches
486,Fabio Carvalho,pt POR,MF,Brentford,eng Premier League,22,2002,6,1,102,1.1,1,0,1,1,0,0,0,0,0.88,0,0.88,0.88,0.88,Matches
487,Cesare Casadei,it ITA,MF,Torino,it Serie A,22,2003,33,19,"1,997",22.2,6,0,6,6,0,0,5,0,0.27,0,0.27,0.27,0.27,Matches
488,Marc Casado,es ESP,MF,Barcelona,es La Liga,21,2003,24,10,989,11,0,1,1,0,0,0,1,0,0,0.09,0.09,0,0.09,Matches
489,Nicolò Casale,it ITA,DF,Bologna,it Serie A,27,1998,12,8,678,7.5,0,0,0,0,0,0,0,0,0,0,0,0,0,Matches
490,Casemiro,br BRA,MF,Manchester Utd,eng Premier League,33,1992,34,33,"2,571",28.6,9,2,11,9,0,0,11,1,0.32,0.07,0.39,0.32,0.39,Matches
491,Matty Cash,pl POL,DF,Aston Villa,eng Premier League,27,1997,35,34,"3,014",33.5,3,3,6,3,0,0,9,0,0.09,0.09,0.18,0.09,0.18,Matches
492,Josué Casimir,ht HAI,"MF,FW",Auxerre,fr Ligue 1,23,2001,31,16,"1,522",16.9,1,0,1,1,0,1,6,1,0.06,0,0.06,0.06,0.06,Matches
493,Cristian Cásseres Jr.,ve VEN,MF,Toulouse,fr Ligue 1,25,2000,30,28,"2,495",27.7,2,3,5,2,0,1,6,0,0.07,0.11,0.18,0.07,0.18,Matches
494,Timothy Castagne,be BEL,"DF,MF",Fulham,eng Premier League,29,1995,30,20,"1,845",20.5,0,0,0,0,0,0,4,0,0,0,0,0,0,Matches
495,Lluc Castell,es ESP,FW,Espanyol,es La Liga,18,2006,1,0,19,0.2,0,0,0,0,0,0,0,0,0,0,0,0,0,Matches
496,Valentín Castellanos,ar ARG,FW,Lazio,it Serie A,26,1998,11,8,692,7.7,2,3,5,2,0,0,2,0,0.26,0.39,0.65,0.26,0.65,Matches
497,Valentín Castellanos,ar ARG,FW,West Ham,eng Premier League,26,1998,18,17,"1,384",15.4,6,0,6,6,0,0,6,0,0.39,0,0.39,0.39,0.39,Matches
498,Castrin,es ESP,DF,Sevilla,es La Liga,22,2003,19,13,"1,277",14.2,1,0,1,1,0,0,4,0,0.07,0,0.07,0.07,0.07,Matches
499,Jonny Castro,es ESP,DF,Alavés,es La Liga,31,1994,34,34,"2,994",33.3,0,0,0,0,0,0,7,0,0,0,0,0,0,Matches
500,Santiago Castro,ar ARG,FW,Bologna,it Serie A,20,2004,35,26,"2,359",26.2,7,2,9,7,0,0,3,0,0.27,0.08,0.34,0.27,0.34,Matches
Rk,Player,Nation,Pos,Squad,Comp,Age,Born,MP,Starts,Min,90s,Gls,Ast,G+A,G-PK,PK,PKatt,CrdY,CrdR,Gls,Ast,G+A,G-PK,G+A-PK,Matches
501,Alessio Castro-Montes,be BEL,"MF,DF",Köln,de Bundesliga,28,1997,14,7,672,7.5,1,3,4,1,0,0,2,0,0.13,0.4,0.54,0.13,0.54,Matches
502,Jens Castrop,kr KOR,MF,Gladbach,de Bundesliga,22,2003,26,20,"1,584",17.6,3,1,4,3,0,0,2,2,0.17,0.06,0.23,0.17,0.23,Matches
503,Danilo Cataldi,it ITA,MF,Lazio,it Serie A,30,1994,27,24,"1,985",22.1,3,3,6,1,2,2,6,0,0.14,0.14,0.27,0.05,0.18,Matches
504,Catena,es ESP,DF,Osasuna,es La Liga,30,1994,35,35,"3,071",34.1,3,2,5,3,0,0,11,1,0.09,0.06,0.15,0.09,0.15,Matches
505,Nicolò Cavuoti,it ITA,MF,Cagliari,it Serie A,22,2003,4,0,44,0.5,0,0,0,0,0,0,0,0,0,0,0,0,0,Matches
506,Santi Cazorla,es ESP,MF,Oviedo,es La Liga,40,1984,28,6,940,10.4,0,1,1,0,0,0,2,1,0,0.1,0.1,0,0.1,Matches
507,Dani Ceballos,es ESP,MF,Real Madrid,es La Liga,28,1996,16,4,486,5.4,0,0,0,0,0,0,1,0,0,0,0,0,0,Matches
508,Federico Ceccherini,it ITA,DF,Cremonese,it Serie A,33,1992,9,6,476,5.3,0,1,1,0,0,0,1,1,0,0.19,0.19,0,0.19,Matches
509,Abdoulie Ceesay,gm GAM,FW,St Pauli,de Bundesliga,21,2004,20,0,336,3.7,3,0,3,3,0,0,4,0,0.8,0,0.8,0.8,0.8,Matches
510,Nidal Čelik,ba BIH,DF,Lens,fr Ligue 1,19,2006,8,8,616,6.8,0,0,0,0,0,0,2,0,0,0,0,0,0,Matches
511,Zeki Çelik,tr TUR,"MF,DF",Roma,it Serie A,28,1997,34,32,"2,723",30.3,1,2,3,1,0,0,2,1,0.03,0.07,0.1,0.03,0.1,Matches
512,Fabien Centonze,fr FRA,"MF,DF",Nantes,fr Ligue 1,29,1996,15,9,736,8.2,3,0,3,3,0,0,4,0,0.37,0,0.37,0.37,0.37,Matches
513,Lucas Cepeda,cl CHI,MF,Elche,es La Liga,22,2002,10,4,402,4.5,1,0,1,1,0,0,1,0,0.22,0,0.22,0.22,0.22,Matches
514,Václav Černý,cz CZE,"FW,MF",Wolfsburg,de Bundesliga,27,1997,2,0,47,0.5,0,0,0,0,0,0,0,0,0,0,0,0,0,Matches
515,Jorge Cestero,es ESP,MF,Real Madrid,es La Liga,19,2006,2,0,13,0.1,0,0,0,0,0,0,0,0,0,0,0,0,0,Matches
516,Julian Chabot,de GER,DF,Stuttgart,de Bundesliga,27,1998,27,26,"2,294",25.5,0,0,0,0,0,0,3,0,0,0,0,0,0,Matches
517,El Chadaille Bitshiabu,fr FRA,DF,RB Leipzig,de Bundesliga,20,2005,11,8,655,7.3,0,0,0,0,0,0,0,0,0,0,0,0,0,Matches
518,Fares Chaïbi,dz ALG,MF,Frankfurt,de Bundesliga,22,2002,28,21,"1,792",19.9,2,9,11,2,0,0,2,0,0.1,0.45,0.55,0.1,0.55,Matches
519,Ilyas Chaira,ma MAR,"MF,FW",Oviedo,es La Liga,24,2001,36,30,"2,447",27.2,6,2,8,6,0,0,2,1,0.22,0.07,0.29,0.22,0.29,Matches
520,Trevoh Chalobah,eng ENG,DF,Chelsea,eng Premier League,26,1999,34,31,"2,783",30.9,3,0,3,3,0,0,3,1,0.1,0,0.1,0.1,0.1,Matches
521,Fallou Cham,gm GAM,MF,Hellas Verona,it Serie A,19,2006,6,3,228,2.5,0,0,0,0,0,0,0,0,0,0,0,0,0,Matches
522,Timothy Chandler,us USA,"DF,MF",Frankfurt,de Bundesliga,35,1990,1,0,11,0.1,0,0,0,0,0,0,0,0,0,0,0,0,0,Matches
523,Brendan Chardonnet,fr FRA,DF,Brest,fr Ligue 1,30,1994,29,29,"2,546",28.3,1,3,4,1,0,0,6,0,0.04,0.11,0.14,0.04,0.14,Matches
524,Pep Chavarría,es ESP,DF,Rayo Vallecano,es La Liga,27,1998,33,29,"2,682",29.8,1,2,3,1,0,0,6,1,0.03,0.07,0.1,0.03,0.1,Matches
525,Arthur Chaves,br BRA,DF,Hoffenheim,de Bundesliga,24,2001,4,2,240,2.7,0,0,0,0,0,0,1,0,0,0,0,0,0,Matches
Rk,Player,Nation,Pos,Squad,Comp,Age,Born,MP,Starts,Min,90s,Gls,Ast,G+A,G-PK,PK,PKatt,CrdY,CrdR,Gls,Ast,G+A,G-PK,G+A-PK,Matches
526,Arthur Chaves,br BRA,DF,Augsburg,de Bundesliga,24,2001,11,9,829,9.2,2,0,2,2,0,0,1,0,0.22,0,0.22,0.22,0.22,Matches
527,Felipe Chávez,pe PER,MF,Bayern Munich,de Bundesliga,18,2007,2,0,14,0.2,0,0,0,0,0,0,0,0,0,0,0,0,0,Matches
528,Felipe Chávez,pe PER,MF,Köln,de Bundesliga,18,2007,7,0,102,1.1,0,0,0,0,0,0,0,0,0,0,0,0,0,Matches
529,Walid Cheddira,ma MAR,FW,Sassuolo,it Serie A,27,1998,16,1,221,2.5,1,0,1,1,0,0,1,0,0.41,0,0.41,0.41,0.41,Matches
530,Walid Cheddira,ma MAR,FW,Lecce,it Serie A,27,1998,17,11,"1,000",11.1,3,1,4,3,0,0,2,0,0.27,0.09,0.36,0.27,0.36,Matches
531,Chema,es ESP,MF,Stuttgart,de Bundesliga,20,2005,25,14,"1,310",14.6,3,0,3,3,0,0,5,0,0.21,0,0.21,0.21,0.21,Matches
532,Samir Chergui,dz ALG,DF,Paris FC,fr Ligue 1,26,1999,15,13,"1,154",12.8,1,0,1,1,0,0,1,0,0.08,0,0.08,0.08,0.08,Matches
533,Sidiki Cherif,fr FRA,"FW,MF",Angers,fr Ligue 1,18,2006,19,14,"1,157",12.9,4,0,4,4,0,0,3,0,0.31,0,0.31,0.31,0.31,Matches
534,Rayan Cherki,fr FRA,MF,Manchester City,eng Premier League,21,2003,33,19,"1,786",19.8,4,12,16,4,0,0,1,0,0.2,0.6,0.81,0.2,0.81,Matches
535,Lucas Chevalier,fr FRA,GK,PSG,fr Ligue 1,23,2001,17,17,"1,530",17,0,0,0,0,0,0,0,0,0,0,0,0,0,Matches
536,Fabio Chiarodia,it ITA,DF,Gladbach,de Bundesliga,20,2005,15,8,674,7.5,0,0,0,0,0,0,1,0,0,0,0,0,0,Matches
537,Federico Chiesa,it ITA,MF,Liverpool,eng Premier League,27,1997,26,1,339,3.8,2,1,3,2,0,0,3,0,0.53,0.27,0.8,0.53,0.8,Matches
538,Ben Chilwell,eng ENG,"DF,MF",Strasbourg,fr Ligue 1,28,1996,20,19,"1,598",17.8,0,2,2,0,0,0,4,0,0,0.11,0.11,0,0.11,Matches
539,Tawanda Chirewa,zw ZIM,MF,Wolves,eng Premier League,21,2003,2,0,27,0.3,0,0,0,0,0,0,0,0,0,0,0,0,0,Matches
540,Joris Chotard,fr FRA,MF,Brest,fr Ligue 1,23,2001,33,31,"2,773",30.8,2,1,3,2,0,0,2,0,0.06,0.03,0.1,0.06,0.1,Matches
541,Andreas Christensen,dk DEN,DF,Barcelona,es La Liga,29,1996,13,3,409,4.5,0,0,0,0,0,0,2,0,0,0,0,0,0,Matches
542,Oliver Christensen,dk DEN,GK,Fiorentina,it Serie A,26,1999,1,1,86,1,0,0,0,0,0,0,0,0,0,0,0,0,0,Matches
543,Ryan Christie,sct SCO,MF,Bournemouth,eng Premier League,30,1995,26,9,994,11,2,0,2,2,0,0,3,1,0.18,0,0.18,0.18,0.18,Matches
544,Carney Chukwuemeka,at AUT,"MF,FW",Dortmund,de Bundesliga,21,2003,28,8,919,10.2,2,0,2,2,0,0,2,0,0.2,0,0.2,0.2,0.2,Matches
545,Samuel Chukwueze,ng NGA,"FW,MF",Milan,it Serie A,26,1999,1,0,26,0.3,0,0,0,0,0,0,0,0,0,0,0,0,0,Matches
546,Samuel Chukwueze,ng NGA,MF,Fulham,eng Premier League,26,1999,23,10,"1,079",12,3,4,7,3,0,0,0,0,0.25,0.33,0.58,0.25,0.58,Matches
547,Víctor Chust,es ESP,DF,Elche,es La Liga,25,2000,31,22,"2,166",24.1,1,0,1,1,0,0,8,1,0.04,0,0.04,0.04,0.04,Matches
548,Alessandro Circati,au AUS,DF,Parma,it Serie A,21,2003,31,31,"2,664",29.6,1,0,1,1,0,0,6,0,0.03,0,0.03,0.03,0.03,Matches
549,Dennis Cirkin,lv LVA,DF,Sunderland,eng Premier League,23,2002,8,3,323,3.6,0,0,0,0,0,0,2,0,0,0,0,0,0,Matches
550,Pathé Ciss,sn SEN,"MF,DF",Rayo Vallecano,es La Liga,31,1994,29,20,"1,999",22.2,2,1,3,2,0,0,9,2,0.09,0.05,0.14,0.09,0.14,Matches
Rk,Player,Nation,Pos,Squad,Comp,Age,Born,MP,Starts,Min,90s,Gls,Ast,G+A,G-PK,PK,PKatt,CrdY,CrdR,Gls,Ast,G+A,G-PK,G+A-PK,Matches
551,Amadou Cissé,gn GUI,DF,Strasbourg,fr Ligue 1,19,2006,1,1,90,1,0,0,0,0,0,0,0,0,0,0,0,0,0,Matches
552,Djaoui Cissé,fr FRA,MF,Rennes,fr Ligue 1,21,2004,24,12,981,10.9,0,0,0,0,0,0,3,0,0,0,0,0,0,Matches
553,Mamoudou Cissokho,fr FRA,FW,Auxerre,fr Ligue 1,17,2007,2,0,2,0,0,0,0,0,0,0,0,0,0,0,0,0,0,Matches
554,Alexis Claude-Maurice,fr FRA,"MF,FW",Augsburg,de Bundesliga,27,1998,29,25,"2,097",23.3,5,4,9,4,1,2,3,0,0.21,0.17,0.39,0.17,0.34,Matches
555,Jonathan Clauss,fr FRA,"MF,DF",Nice,fr Ligue 1,32,1992,30,28,"2,530",28.1,1,6,7,1,0,0,0,0,0.04,0.21,0.25,0.04,0.25,Matches
556,Nathaniel Clyne,eng ENG,"MF,DF",Crystal Palace,eng Premier League,34,1991,10,7,594,6.6,0,1,1,0,0,0,1,0,0,0.15,0.15,0,0.15,Matches
557,Matteo Cocchi,it ITA,DF,Inter,it Serie A,18,2007,1,0,17,0.2,0,0,0,0,0,0,0,0,0,0,0,0,0,Matches
558,Saúl Coco,gq EQG,DF,Torino,it Serie A,26,1999,35,35,"3,088",34.3,1,1,2,1,0,0,3,0,0.03,0.03,0.06,0.03,0.06,Matches
559,Séamus Coleman,ie IRL,DF,Everton,eng Premier League,36,1988,5,1,21,0.2,0,0,0,0,0,0,0,0,0,0,0,0,0,Matches
560,Maxime Colin,fr FRA,DF,Metz,fr Ligue 1,33,1991,22,18,"1,692",18.8,0,0,0,0,0,0,1,0,0,0,0,0,0,Matches
561,Nathan Collins,ie IRL,DF,Brentford,eng Premier League,24,2001,35,32,"2,975",33.1,1,2,3,1,0,0,7,0,0.03,0.06,0.09,0.03,0.09,Matches
562,Nnamdi Collins,de GER,DF,Frankfurt,de Bundesliga,21,2004,23,16,"1,500",16.7,1,2,3,1,0,0,4,0,0.06,0.12,0.18,0.06,0.18,Matches
563,Michele Collocolo,it ITA,MF,Cremonese,it Serie A,25,1999,8,5,362,4,0,0,0,0,0,0,1,0,0,0,0,0,0,Matches
564,Santiago Colombatto,ar ARG,MF,Oviedo,es La Liga,28,1997,32,23,"2,064",22.9,0,1,1,0,0,0,6,0,0,0.04,0.04,0,0.04,Matches
565,Lorenzo Colombo,it ITA,FW,Genoa,it Serie A,23,2002,38,30,"2,326",25.8,7,1,8,6,1,2,2,0,0.27,0.04,0.31,0.23,0.27,Matches
566,Levi Colwill,eng ENG,DF,Chelsea,eng Premier League,22,2003,3,2,225,2.5,0,0,0,0,0,0,0,0,0,0,0,0,0,Matches
567,Eray Cömert,ch SUI,DF,Valencia,es La Liga,27,1998,17,15,"1,337",14.9,2,1,3,2,0,0,3,1,0.13,0.07,0.2,0.13,0.2,Matches
568,Santi Comesaña,es ESP,MF,Villarreal,es La Liga,28,1996,34,28,"2,407",26.7,3,6,9,3,0,0,5,1,0.11,0.22,0.34,0.11,0.34,Matches
569,Pietro Comuzzo,it ITA,DF,Fiorentina,it Serie A,20,2005,27,18,"1,696",18.8,1,0,1,1,0,0,2,0,0.05,0,0.05,0.05,0.05,Matches
570,Francisco Conceição,pt POR,"MF,FW",Juventus,it Serie A,22,2002,31,27,"2,078",23.1,3,5,8,3,0,0,3,0,0.13,0.22,0.35,0.13,0.35,Matches
571,Christian Conteh,de GER,"MF,FW",Heidenheim,de Bundesliga,25,1999,9,4,404,4.5,0,0,0,0,0,0,0,0,0,0,0,0,0,Matches
572,Sirlord Conteh,de GER,"MF,FW",Heidenheim,de Bundesliga,29,1996,15,3,625,6.9,2,1,3,2,0,0,1,0,0.29,0.14,0.43,0.29,0.43,Matches
573,Nikita Contini,it ITA,GK,Napoli,it Serie A,29,1996,1,0,11,0.1,0,0,0,0,0,0,0,0,0,0,0,0,0,Matches
574,Lewis Cook,eng ENG,"MF,DF",Bournemouth,eng Premier League,28,1997,18,8,874,9.7,0,1,1,0,0,0,1,1,0,0.1,0.1,0,0.1,Matches
575,Copete,es ESP,DF,Valencia,es La Liga,25,1999,21,19,"1,759",19.5,0,0,0,0,0,0,5,0,0,0,0,0,0,Matches
Rk,Player,Nation,Pos,Squad,Comp,Age,Born,MP,Starts,Min,90s,Gls,Ast,G+A,G-PK,PK,PKatt,CrdY,CrdR,Gls,Ast,G+A,G-PK,G+A-PK,Matches
576,Diego Coppola,it ITA,DF,Paris FC,fr Ligue 1,21,2003,13,13,"1,170",13,0,2,2,0,0,0,1,0,0,0.15,0.15,0,0.15,Matches
577,Diego Coppola,it ITA,DF,Brighton,eng Premier League,21,2003,5,2,194,2.2,0,0,0,0,0,0,2,0,0,0,0,0,0,Matches
578,Francesco Coppola,it ITA,DF,Pisa,it Serie A,20,2005,7,5,458,5.1,0,0,0,0,0,0,3,0,0,0,0,0,0,Matches
579,Francis Coquelin,fr FRA,MF,Nantes,fr Ligue 1,34,1991,16,8,655,7.3,0,1,1,0,0,0,2,0,0,0.14,0.14,0,0.14,Matches
580,Derek Cornelius,ca CAN,"DF,FW",Marseille,fr Ligue 1,27,1997,2,0,58,0.6,0,0,0,0,0,0,0,0,0,0,0,0,0,Matches
581,Maxwel Cornet,ci CIV,MF,Genoa,it Serie A,28,1996,8,1,118,1.3,0,0,0,0,0,1,0,0,0,0,0,0,0,Matches
582,Iván Corralejo,es ESP,MF,Real Betis,es La Liga,18,2007,1,0,15,0.2,0,0,0,0,0,0,0,0,0,0,0,0,0,Matches
583,Félix Correia,pt POR,MF,Lille,fr Ligue 1,24,2001,34,26,"2,053",22.8,4,5,9,4,0,0,2,0,0.18,0.22,0.39,0.18,0.39,Matches
584,Thierry Correia,pt POR,"DF,MF",Valencia,es La Liga,26,1999,24,17,"1,392",15.5,0,2,2,0,0,0,5,0,0,0.13,0.13,0,0.13,Matches
585,Alvaro Cortes,es ESP,DF,Barcelona,es La Liga,20,2005,1,1,90,1,0,0,0,0,0,0,0,0,0,0,0,0,0,Matches
586,Paco Cortés,es ESP,"MF,FW",Levante,es La Liga,17,2007,12,4,472,5.2,0,0,0,0,0,0,2,0,0,0,0,0,0,Matches
587,Edoardo Corvi,it ITA,GK,Parma,it Serie A,24,2001,17,17,"1,530",17,0,0,0,0,0,0,1,0,0,0,0,0,0,Matches
588,Coba da Costa,es ESP,MF,Getafe,es La Liga,23,2002,14,2,348,3.9,0,0,0,0,0,0,1,0,0,0,0,0,0,Matches
589,Danny da Costa,de GER,"DF,MF",Mainz 05,de Bundesliga,32,1993,34,30,"2,695",29.9,2,3,5,2,0,0,3,0,0.07,0.1,0.17,0.07,0.17,Matches
590,Logan Costa,cv CPV,DF,Villarreal,es La Liga,24,2001,2,0,30,0.3,0,0,0,0,0,0,0,0,0,0,0,0,0,Matches
591,Samu Costa,pt POR,MF,Mallorca,es La Liga,24,2000,34,31,"2,697",30,7,2,9,7,0,0,11,0,0.23,0.07,0.3,0.23,0.3,Matches
592,David Costas,es ESP,DF,Oviedo,es La Liga,30,1995,25,22,"2,066",23,1,0,1,1,0,0,3,0,0.04,0,0.04,0.04,0.04,Matches
593,Grégoire Coudert,fr FRA,GK,Brest,fr Ligue 1,26,1999,25,24,"2,192",24.4,0,0,0,0,0,0,2,0,0,0,0,0,0,Matches
594,Vladimír Coufal,cz CZE,"DF,MF",Hoffenheim,de Bundesliga,32,1992,34,34,"3,012",33.5,1,8,9,1,0,0,4,0,0.03,0.24,0.27,0.03,0.27,Matches
595,Abdoul Coulibaly,de GER,DF,Werder Bremen,de Bundesliga,18,2007,27,24,"2,120",23.6,1,0,1,1,0,0,5,1,0.04,0,0.04,0.04,0.04,Matches
596,Djibril Coulibaly,fr FRA,MF,Nice,fr Ligue 1,16,2008,2,0,13,0.1,0,0,0,0,0,0,0,0,0,0,0,0,0,Matches
597,Lassana Coulibaly,ml MLI,MF,Lecce,it Serie A,29,1996,33,31,"2,689",29.9,3,1,4,3,0,0,4,0,0.1,0.03,0.13,0.1,0.13,Matches
598,Lasso Coulibaly,ci CIV,MF,Auxerre,fr Ligue 1,22,2002,17,1,321,3.6,0,0,0,0,0,0,1,0,0,0,0,0,0,Matches
599,Mamadou Coulibaly,fr FRA,MF,Monaco,fr Ligue 1,21,2004,25,15,"1,381",15.3,3,3,6,3,0,0,7,1,0.2,0.2,0.39,0.2,0.39,Matches
600,Soumaïla Coulibaly,fr FRA,DF,Brest,fr Ligue 1,21,2003,16,15,"1,338",14.9,0,0,0,0,0,0,3,0,0,0,0,0,0,Matches
Rk,Player,Nation,Pos,Squad,Comp,Age,Born,MP,Starts,Min,90s,Gls,Ast,G+A,G-PK,PK,PKatt,CrdY,CrdR,Gls,Ast,G+A,G-PK,G+A-PK,Matches
601,Woyo Coulibaly,ml MLI,DF,Sassuolo,it Serie A,26,1999,20,9,"1,054",11.7,0,0,0,0,0,0,2,0,0,0,0,0,0,Matches
602,Marius Courcoul,fr FRA,MF,Angers,fr Ligue 1,18,2007,18,3,374,4.2,0,0,0,0,0,0,0,0,0,0,0,0,0,Matches
603,Thibaut Courtois,be BEL,GK,Real Madrid,es La Liga,33,1992,32,32,"2,880",32,0,0,0,0,0,0,1,0,0,0,0,0,0,Matches
604,Yan Couto,br BRA,MF,Dortmund,de Bundesliga,23,2002,19,11,997,11.1,2,2,4,2,0,0,4,0,0.18,0.18,0.36,0.18,0.36,Matches
605,Patrice Čović,hr CRO,MF,Werder Bremen,de Bundesliga,18,2007,15,2,351,3.9,1,0,1,1,0,0,1,0,0.26,0,0.26,0.26,0.26,Matches
606,Nicolas Cozza,fr FRA,DF,Nantes,fr Ligue 1,26,1999,29,25,"2,301",25.6,0,1,1,0,0,0,2,0,0,0.04,0.04,0,0.04,Matches
607,Ben Cremaschi,us USA,MF,Parma,it Serie A,20,2005,8,2,132,1.5,0,0,0,0,0,0,0,0,0,0,0,0,0,Matches
608,Charlie Cresswell,eng ENG,DF,Toulouse,fr Ligue 1,22,2002,29,28,"2,533",28.1,3,2,5,3,0,0,8,0,0.11,0.07,0.18,0.11,0.18,Matches
609,Bryan Cristante,it ITA,MF,Roma,it Serie A,30,1995,37,36,"3,094",34.4,2,1,3,2,0,0,6,0,0.06,0.03,0.09,0.06,0.09,Matches
610,Juan Cruz Armada,es ESP,DF,Osasuna,es La Liga,33,1992,15,7,649,7.2,0,0,0,0,0,0,2,0,0,0,0,0,0,Matches
611,Juan Cuadrado,co COL,MF,Pisa,it Serie A,37,1988,19,2,506,5.6,1,0,1,0,1,1,3,0,0.18,0,0.18,0,0,Matches
612,Pau Cubarsí,es ESP,DF,Barcelona,es La Liga,18,2007,31,31,"2,703",30,1,0,1,1,0,0,3,0,0.03,0,0.03,0.03,0.03,Matches
613,Miguel Cubo,es ESP,FW,Atlético Madrid,es La Liga,17,2008,2,0,50,0.6,1,0,1,1,0,0,0,0,1.8,0,1.8,1.8,1.8,Matches
614,Cucho,co COL,FW,Real Betis,es La Liga,26,1999,32,30,"2,580",28.7,11,3,14,10,1,1,5,0,0.38,0.1,0.49,0.35,0.45,Matches
615,Marc Cucurella,es ESP,DF,Chelsea,eng Premier League,27,1998,34,31,"2,707",30.1,1,4,5,1,0,0,8,1,0.03,0.13,0.17,0.03,0.17,Matches
616,Jorge Cuenca,es ESP,DF,Fulham,eng Premier League,25,1999,15,11,938,10.4,0,0,0,0,0,0,6,0,0,0,0,0,0,Matches
617,Montrell Culbreath,de GER,"MF,DF",Leverkusen,de Bundesliga,17,2007,12,9,736,8.2,1,0,1,1,0,0,0,0,0.12,0,0.12,0.12,0.12,Matches
618,Josh Cullen,ie IRL,MF,Burnley,eng Premier League,29,1996,18,18,"1,514",16.8,2,2,4,2,0,0,2,0,0.12,0.12,0.24,0.12,0.24,Matches
619,Pablo Cuñat,es ESP,GK,Levante,es La Liga,23,2002,2,2,180,2,0,0,0,0,0,0,0,0,0,0,0,0,0,Matches
620,Jair Cunha,br BRA,DF,Nottingham,eng Premier League,20,2005,9,6,517,5.7,0,0,0,0,0,0,0,0,0,0,0,0,0,Matches
621,Matheus Cunha,br BRA,"MF,FW",Manchester Utd,eng Premier League,26,1999,33,29,"2,494",27.7,10,2,12,10,0,0,4,0,0.36,0.07,0.43,0.36,0.43,Matches
622,Patrick Cutrone,it ITA,FW,Parma,it Serie A,27,1998,15,11,888,9.9,1,0,1,1,0,0,0,0,0.1,0,0.1,0.1,0.1,Matches
623,Lucas Da Cunha,fr FRA,MF,Como,it Serie A,24,2001,36,31,"2,739",30.4,6,4,10,2,4,4,4,0,0.2,0.13,0.33,0.07,0.2,Matches
624,Adam Daghim,dk DEN,"MF,FW",Wolfsburg,de Bundesliga,19,2005,27,12,"1,364",15.2,2,3,5,2,0,0,3,0,0.13,0.2,0.33,0.13,0.33,Matches
625,Finn Dahmen,de GER,GK,Augsburg,de Bundesliga,27,1998,34,34,"3,060",34,0,0,0,0,0,0,1,0,0,0,0,0,0,Matches
Rk,Player,Nation,Pos,Squad,Comp,Age,Born,MP,Starts,Min,90s,Gls,Ast,G+A,G-PK,PK,PKatt,CrdY,CrdR,Gls,Ast,G+A,G-PK,G+A-PK,Matches
626,Mahmoud Dahoud,de GER,"MF,FW",Frankfurt,de Bundesliga,29,1996,15,8,716,8,2,3,5,2,0,0,0,0,0.25,0.38,0.63,0.25,0.63,Matches
627,David Daiber,pt POR,FW,Bayern Munich,de Bundesliga,18,2007,2,0,29,0.3,0,0,0,0,0,0,0,0,0,0,0,0,0,Matches
628,Ameen Al-Dakhil,be BEL,DF,Stuttgart,de Bundesliga,23,2002,8,3,380,4.2,0,0,0,0,0,0,1,0,0,0,0,0,0,Matches
629,Thijs Dallinga,nl NED,FW,Bologna,it Serie A,24,2000,23,9,811,9,2,2,4,2,0,0,2,0,0.22,0.22,0.44,0.22,0.44,Matches
630,Diogo Dalot,pt POR,"DF,MF",Manchester Utd,eng Premier League,26,1999,34,29,"2,614",29,1,3,4,1,0,0,5,0,0.03,0.1,0.14,0.03,0.14,Matches
631,Muhammed Damar,de GER,"MF,FW",Hoffenheim,de Bundesliga,21,2004,15,2,277,3.1,0,0,0,0,0,0,0,0,0,0,0,0,0,Matches
632,Damián,es ESP,MF,Getafe,es La Liga,22,2003,3,2,151,1.7,0,0,0,0,0,0,0,0,0,0,0,0,0,Matches
633,Mikkel Damsgaard,dk DEN,MF,Brentford,eng Premier League,25,2000,33,24,"2,054",22.8,4,4,8,4,0,0,0,0,0.18,0.18,0.35,0.18,0.35,Matches
634,Arnaut Danjuma,nl NED,"MF,FW",Valencia,es La Liga,28,1997,30,18,"1,628",18.1,3,2,5,3,0,1,0,0,0.17,0.11,0.28,0.17,0.28,Matches
635,Kévin Danois,fr FRA,MF,Auxerre,fr Ligue 1,21,2004,33,32,"2,830",31.4,3,1,4,3,0,0,3,0,0.1,0.03,0.13,0.1,0.13,Matches
636,Kevin Danso,at AUT,DF,Tottenham,eng Premier League,26,1998,24,17,"1,494",16.6,0,0,0,0,0,0,8,0,0,0,0,0,0,Matches
637,Dante,br BRA,DF,Nice,fr Ligue 1,41,1983,12,9,849,9.4,0,1,1,0,0,0,1,0,0,0.11,0.11,0,0.11,Matches
638,Bence Dárdai,hu HUN,MF,Wolfsburg,de Bundesliga,19,2006,1,0,35,0.4,0,0,0,0,0,0,0,0,0,0,0,0,0,Matches
639,Aiman Dardari,lu LUX,MF,Augsburg,de Bundesliga,20,2005,3,0,34,0.4,0,0,0,0,0,0,1,0,0,0,0,0,0,Matches
640,Sergi Darder,es ESP,MF,Mallorca,es La Liga,31,1993,38,30,"2,680",29.8,1,5,6,1,0,0,3,0,0.03,0.17,0.2,0.03,0.2,Matches
641,Karl Darlow,wls WAL,GK,Leeds United,eng Premier League,34,1990,22,22,"1,980",22,0,0,0,0,0,0,1,0,0,0,0,0,0,Matches
642,Matteo Darmian,it ITA,"MF,DF",Inter,it Serie A,35,1989,6,2,248,2.8,0,0,0,0,0,0,0,0,0,0,0,0,0,Matches
643,Josh Dasilva,eng ENG,MF,Brentford,eng Premier League,26,1998,2,0,3,0,0,0,0,0,0,0,0,0,0,0,0,0,0,Matches
644,David Datro Fofana,ci CIV,FW,Strasbourg,fr Ligue 1,22,2002,5,3,171,1.9,0,0,0,0,0,0,0,0,0,0,0,0,0,Matches
645,Juan David Cabal,co COL,MF,Juventus,it Serie A,24,2001,12,2,296,3.3,2,0,2,2,0,0,1,0,0.61,0,0.61,0.61,0.61,Matches
646,Jonathan David,ca CAN,FW,Juventus,it Serie A,25,2000,35,20,"1,781",19.8,6,4,10,6,0,1,0,0,0.3,0.2,0.51,0.3,0.51,Matches
647,Alphonso Davies,ca CAN,DF,Bayern Munich,de Bundesliga,24,2000,13,6,525,5.8,1,3,4,1,0,0,1,0,0.17,0.51,0.69,0.17,0.69,Matches
648,Ben Davies,wls WAL,DF,Tottenham,eng Premier League,32,1993,3,2,137,1.5,1,0,1,1,0,0,1,0,0.66,0,0.66,0.66,0.66,Matches
649,Davinchi,es ESP,DF,Getafe,es La Liga,17,2007,14,7,700,7.8,0,0,0,0,0,0,2,0,0,0,0,0,0,Matches
650,Keinan Davis,eng ENG,FW,Udinese,it Serie A,27,1998,30,27,"2,065",22.9,10,4,14,6,4,4,5,0,0.44,0.17,0.61,0.26,0.44,Matches
Rk,Player,Nation,Pos,Squad,Comp,Age,Born,MP,Starts,Min,90s,Gls,Ast,G+A,G-PK,PK,PKatt,CrdY,CrdR,Gls,Ast,G+A,G-PK,G+A-PK,Matches
651,Kevin De Bruyne,be BEL,MF,Napoli,it Serie A,34,1991,18,13,"1,165",12.9,5,2,7,2,3,3,1,0,0.39,0.15,0.54,0.15,0.31,Matches
652,Mathys De Carvalho,fr FRA,MF,Lyon,fr Ligue 1,20,2005,11,3,295,3.3,0,0,0,0,0,0,1,0,0,0,0,0,0,Matches
653,Maxim De Cuyper,be BEL,"DF,MF",Brighton,eng Premier League,24,2000,30,17,"1,414",15.7,2,3,5,2,0,0,2,0,0.13,0.19,0.32,0.13,0.32,Matches
654,Charles De Ketelaere,be BEL,"MF,FW",Atalanta,it Serie A,24,2001,31,26,"2,177",24.2,3,5,8,3,0,0,4,0,0.12,0.21,0.33,0.12,0.33,Matches
655,Jeffrey De Lange,nl NED,GK,Marseille,fr Ligue 1,27,1998,5,5,450,5,0,0,0,0,0,0,0,0,0,0,0,0,0,Matches
656,Manuel De Luca,it ITA,FW,Cremonese,it Serie A,27,1998,2,0,16,0.2,1,0,1,0,1,1,0,0,5.63,0,5.63,0,0,Matches
657,Théo De Percin,mq MTQ,GK,Auxerre,fr Ligue 1,24,2001,8,5,598,6.6,0,0,0,0,0,0,0,0,0,0,0,0,0,Matches
658,Lorenzo De Silvestri,it ITA,DF,Bologna,it Serie A,37,1988,12,6,491,5.5,0,0,0,0,0,0,2,0,0,0,0,0,0,Matches
659,Thibault De Smet,be BEL,DF,Paris FC,fr Ligue 1,27,1998,17,13,"1,144",12.7,0,1,1,0,0,0,6,2,0,0.08,0.08,0,0.08,Matches
660,Koni De Winter,be BEL,DF,Milan,it Serie A,23,2002,26,19,"1,800",20,1,1,2,1,0,0,1,0,0.05,0.05,0.1,0.05,0.1,Matches
661,Alessandro Deiola,it ITA,"MF,DF",Cagliari,it Serie A,29,1995,20,17,"1,430",15.9,0,2,2,0,0,0,3,0,0,0.13,0.13,0,0.13,Matches
662,Romain Del Castillo,fr FRA,"MF,FW",Brest,fr Ligue 1,29,1996,32,32,"2,625",29.2,9,3,12,3,6,8,2,1,0.31,0.1,0.41,0.1,0.21,Matches
663,Thomas Delaine,fr FRA,"MF,DF",Le Havre,fr Ligue 1,33,1992,5,2,201,2.2,0,0,0,0,0,0,1,0,0,0,0,0,0,Matches
664,Liam Delap,eng ENG,FW,Chelsea,eng Premier League,22,2003,28,12,"1,107",12.3,1,0,1,1,0,0,4,0,0.08,0,0.08,0.08,0.08,Matches
665,Fisayo Dele-Bashiru,ng NGA,MF,Lazio,it Serie A,24,2001,24,11,"1,187",13.2,1,0,1,1,0,0,0,0,0.08,0,0.08,0.08,0.08,Matches
666,Enrico Delprato,it ITA,"DF,MF",Parma,it Serie A,25,1999,35,34,"2,951",32.8,2,0,2,2,0,0,5,0,0.06,0,0.06,0.06,0.06,Matches
667,Olivier Deman,be BEL,"DF,MF",Werder Bremen,de Bundesliga,25,2000,16,14,"1,254",13.9,1,2,3,1,0,0,3,0,0.07,0.14,0.22,0.07,0.22,Matches
668,Pape Demba Diop,sn SEN,MF,Toulouse,fr Ligue 1,21,2003,15,13,"1,181",13.1,1,2,3,1,0,0,2,0,0.08,0.15,0.23,0.08,0.23,Matches
669,Ali Dembélé,fr FRA,DF,Torino,it Serie A,21,2004,2,0,21,0.2,0,0,0,0,0,0,0,0,0,0,0,0,0,Matches
670,Ousmane Dembélé,fr FRA,FW,PSG,fr Ligue 1,28,1997,22,11,"1,063",11.8,10,7,17,8,2,3,0,0,0.85,0.59,1.44,0.68,1.27,Matches
671,Jessy Deminguet,fr FRA,MF,Metz,fr Ligue 1,27,1998,31,25,"1,995",22.2,2,0,2,2,0,0,4,0,0.09,0,0.09,0.09,0.09,Matches
672,Ermedin Demirović,ba BIH,FW,Stuttgart,de Bundesliga,27,1998,25,17,"1,497",16.6,12,3,15,11,1,1,5,0,0.72,0.18,0.9,0.66,0.84,Matches
673,Rav van den Berg,nl NED,DF,Köln,de Bundesliga,21,2004,14,12,"1,131",12.6,0,1,1,0,0,0,0,1,0,0.08,0.08,0,0.08,Matches
674,Sepp van den Berg,nl NED,DF,Brentford,eng Premier League,23,2001,32,30,"2,763",30.7,0,2,2,0,0,0,2,0,0,0.07,0.07,0,0.07,Matches
675,Branco van den Boomen,nl NED,MF,Angers,fr Ligue 1,30,1995,15,14,"1,238",13.8,0,1,1,0,0,1,3,0,0,0.07,0.07,0,0.07,Matches
Rk,Player,Nation,Pos,Squad,Comp,Age,Born,MP,Starts,Min,90s,Gls,Ast,G+A,G-PK,PK,PKatt,CrdY,CrdR,Gls,Ast,G+A,G-PK,G+A-PK,Matches
676,Leander Dendoncker,be BEL,MF,Oviedo,es La Liga,30,1995,19,15,"1,330",14.8,1,0,1,1,0,0,2,0,0.07,0,0.07,0.07,0.07,Matches
677,Daniel Denoon,ch SUI,DF,Pisa,it Serie A,21,2004,2,2,122,1.4,0,0,0,0,0,0,1,0,0,0,0,0,0,Matches
678,Nelson Deossa,co COL,MF,Real Betis,es La Liga,25,2000,20,8,743,8.3,0,0,0,0,0,0,3,0,0,0,0,0,0,Matches
679,Jesse Derry,eng ENG,MF,Chelsea,eng Premier League,18,2007,1,1,44,0.5,0,0,0,0,0,0,0,0,0,0,0,0,0,Matches
680,Rémy Descamps,fr FRA,GK,Lyon,fr Ligue 1,29,1996,5,5,450,5,0,0,0,0,0,0,0,0,0,0,0,0,0,Matches
681,Bahmed Deuff,mr MTN,MF,Nantes,fr Ligue 1,19,2006,11,1,250,2.8,0,0,0,0,0,0,1,0,0,0,0,0,0,Matches
682,Justin Devenny,nir NIR,"MF,FW",Crystal Palace,eng Premier League,21,2003,21,7,796,8.8,1,0,1,0,1,1,0,0,0.11,0,0.11,0,0,Matches
683,Tidiane Devernois,fr FRA,MF,Auxerre,fr Ligue 1,17,2007,2,0,10,0.1,0,0,0,0,0,0,0,0,0,0,0,0,0,Matches
684,Kiernan Dewsbury-Hall,eng ENG,MF,Everton,eng Premier League,26,1998,31,30,"2,626",29.2,8,4,12,8,0,0,6,0,0.27,0.14,0.41,0.27,0.41,Matches
685,Raffaele Di Gennaro,it ITA,GK,Inter,it Serie A,31,1993,1,0,10,0.1,0,0,0,0,0,0,0,0,0,0,0,0,0,Matches
686,Michele Di Gregorio,it ITA,GK,Juventus,it Serie A,28,1997,30,29,"2,655",29.5,0,0,0,0,0,0,1,0,0,0,0,0,0,Matches
687,Giovanni Di Lorenzo,it ITA,"DF,MF",Napoli,it Serie A,31,1993,26,26,"2,276",25.3,2,1,3,2,0,0,1,0,0.08,0.04,0.12,0.08,0.12,Matches
688,Alessandro Di Pardo,it ITA,"DF,MF",Cagliari,it Serie A,26,1999,3,0,54,0.6,0,0,0,0,0,0,0,0,0,0,0,0,0,Matches
689,Boulaye Dia,sn SEN,"FW,MF",Lazio,it Serie A,28,1996,27,14,"1,253",13.9,1,2,3,1,0,0,1,0,0.07,0.14,0.22,0.07,0.22,Matches
690,Ibrahim Diabaté,ci CIV,FW,Alavés,es La Liga,25,1999,10,6,578,6.4,2,0,2,2,0,0,1,0,0.31,0,0.31,0.31,0.31,Matches
691,Bambo Diaby,sn SEN,DF,Elche,es La Liga,27,1997,4,1,102,1.1,0,0,0,0,0,0,1,0,0,0,0,0,0,Matches
692,Mouctar Diakhaby,gn GUI,DF,Valencia,es La Liga,28,1996,8,7,543,6,1,0,1,1,0,0,3,0,0.17,0,0.17,0.17,0.17,Matches
693,Bafodé Diakité,fr FRA,DF,Bournemouth,eng Premier League,24,2001,18,15,"1,277",14.2,0,0,0,0,0,0,1,0,0,0,0,0,0,Matches
694,Amad Diallo,ci CIV,MF,Manchester Utd,eng Premier League,23,2002,32,27,"2,341",26,2,3,5,2,0,0,2,0,0.08,0.12,0.19,0.08,0.19,Matches
695,Habib Diallo,sn SEN,FW,Metz,fr Ligue 1,30,1995,25,21,"1,909",21.2,4,1,5,4,0,1,0,0,0.19,0.05,0.24,0.19,0.24,Matches
696,Zoumana Diallo,fr FRA,FW,Nice,fr Ligue 1,20,2005,1,0,10,0.1,0,0,0,0,0,0,0,0,0,0,0,0,0,Matches
697,Grady Diangana,cd COD,"MF,FW",Elche,es La Liga,27,1998,20,13,926,10.3,1,0,1,1,0,0,3,0,0.1,0,0.1,0.1,0.1,Matches
698,Assane Diao,sn SEN,MF,Como,it Serie A,19,2005,17,13,"1,075",11.9,2,1,3,2,0,0,2,0,0.17,0.08,0.25,0.17,0.25,Matches
699,Soriba Diaoune,fr FRA,MF,Lille,fr Ligue 1,17,2007,10,1,185,2.1,1,1,2,1,0,0,0,0,0.49,0.49,0.97,0.49,0.97,Matches
700,Habib Diarra,sn SEN,MF,Sunderland,eng Premier League,21,2004,20,15,"1,405",15.6,2,2,4,1,1,1,6,0,0.13,0.13,0.26,0.06,0.19,Matches
Rk,Player,Nation,Pos,Squad,Comp,Age,Born,MP,Starts,Min,90s,Gls,Ast,G+A,G-PK,PK,PKatt,CrdY,CrdR,Gls,Ast,G+A,G-PK,G+A-PK,Matches
701,Moussa Diarra,ml MLI,DF,Alavés,es La Liga,24,2000,3,3,216,2.4,0,0,0,0,0,0,1,0,0,0,0,0,0,Matches
702,Rúben Dias,pt POR,DF,Manchester City,eng Premier League,28,1997,26,24,"2,141",23.8,2,0,2,2,0,0,3,0,0.08,0,0.08,0.08,0.08,Matches
703,Alassane Diatta,sn SEN,MF,Villarreal,es La Liga,20,2005,1,0,25,0.3,0,0,0,0,0,0,0,0,0,0,0,0,0,Matches
704,Bane Diatta,fr FRA,MF,Angers,fr Ligue 1,17,2008,1,0,5,0.1,0,0,0,0,0,0,0,0,0,0,0,0,0,Matches
705,Krépin Diatta,sn SEN,"MF,DF",Monaco,fr Ligue 1,26,1999,18,10,"1,013",11.3,0,1,1,0,0,0,2,0,0,0.09,0.09,0,0.09,Matches
706,Mory Diaw,sn SEN,GK,Le Havre,fr Ligue 1,32,1993,30,30,"2,655",29.5,0,1,1,0,0,0,1,0,0,0.03,0.03,0,0.03,Matches
707,Brahim Díaz,ma MAR,"FW,MF",Real Madrid,es La Liga,25,1999,30,13,"1,257",14,1,6,7,1,0,0,2,0,0.07,0.43,0.5,0.07,0.5,Matches
708,Daniel Díaz,es ESP,FW,Real Sociedad,es La Liga,19,2006,1,0,18,0.2,0,0,0,0,0,0,0,0,0,0,0,0,0,Matches
709,Julio Diaz,es ESP,DF,Atlético Madrid,es La Liga,20,2005,4,4,310,3.4,0,1,1,0,0,0,2,0,0,0.29,0.29,0,0.29,Matches
710,Junior Diaz,ci CIV,DF,Brest,fr Ligue 1,22,2003,20,17,"1,562",17.4,0,0,0,0,0,0,4,0,0,0,0,0,0,Matches
711,Luis Díaz,co COL,MF,Bayern Munich,de Bundesliga,28,1997,32,27,"2,447",27.2,15,14,29,15,0,0,7,1,0.55,0.51,1.07,0.55,1.07,Matches
712,Pedro Díaz,es ESP,MF,Rayo Vallecano,es La Liga,27,1998,34,21,"1,870",20.8,0,1,1,0,0,0,2,0,0,0.05,0.05,0,0.05,Matches
713,Tyler Dibling,eng ENG,MF,Everton,eng Premier League,19,2006,14,4,358,4,0,0,0,0,0,0,2,0,0,0,0,0,0,Matches
714,Nouha Dicko,ml MLI,"FW,MF",Paris FC,fr Ligue 1,33,1992,8,0,72,0.8,1,1,2,1,0,0,0,0,1.25,1.25,2.5,1.25,2.5,Matches
715,Yaya Diémé,sn SEN,FW,Strasbourg,fr Ligue 1,17,2007,3,2,154,1.7,0,0,0,0,0,0,2,0,0,0,0,0,0,Matches
716,Bamba Dieng,sn SEN,FW,Lorient,fr Ligue 1,25,2000,22,15,"1,212",13.5,10,1,11,9,1,2,2,0,0.74,0.07,0.82,0.67,0.74,Matches
717,Eric Dier,eng ENG,DF,Monaco,fr Ligue 1,31,1994,9,7,688,7.6,1,0,1,1,0,0,0,0,0.13,0,0.13,0.13,0.13,Matches
718,Lucas Digne,fr FRA,DF,Aston Villa,eng Premier League,32,1993,31,21,"1,852",20.6,0,6,6,0,0,0,3,0,0,0.29,0.29,0,0.29,Matches
719,Kevin Diks,id IDN,DF,Gladbach,de Bundesliga,28,1996,30,28,"2,464",27.4,5,0,5,1,4,4,6,0,0.18,0,0.18,0.04,0.04,Matches
720,Federico Dimarco,it ITA,MF,Inter,it Serie A,27,1997,35,30,"2,698",30,7,16,23,7,0,0,3,0,0.23,0.53,0.77,0.23,0.77,Matches
721,Stole Dimitrievski,mk MKD,GK,Valencia,es La Liga,31,1993,20,20,"1,800",20,0,0,0,0,0,0,1,0,0,0,0,0,0,Matches
722,Junior Dina Ebimbe,cm CMR,MF,Brest,fr Ligue 1,24,2000,27,15,"1,165",12.9,5,0,5,5,0,0,3,0,0.39,0,0.39,0.39,0.39,Matches
723,Eren Dinkçi,de GER,"MF,FW",Heidenheim,de Bundesliga,23,2001,14,13,"1,131",12.6,3,1,4,3,0,0,3,0,0.24,0.08,0.32,0.24,0.32,Matches
724,Eren Dinkçi,de GER,MF,Freiburg,de Bundesliga,23,2001,8,3,248,2.8,0,0,0,0,0,0,1,0,0,0,0,0,0,Matches
725,Sinaly Diomande,ci CIV,DF,Auxerre,fr Ligue 1,24,2001,24,24,"2,131",23.7,2,2,4,2,0,0,4,1,0.08,0.08,0.17,0.08,0.17,Matches
Rk,Player,Nation,Pos,Squad,Comp,Age,Born,MP,Starts,Min,90s,Gls,Ast,G+A,G-PK,PK,PKatt,CrdY,CrdR,Gls,Ast,G+A,G-PK,G+A-PK,Matches
726,Yan Diomandé,ci CIV,"FW,MF",RB Leipzig,de Bundesliga,18,2006,33,28,"2,472",27.5,12,8,20,12,0,0,2,0,0.44,0.29,0.73,0.44,0.73,Matches
727,Issa Diop,ma MAR,DF,Fulham,eng Premier League,28,1997,13,8,816,9.1,1,0,1,1,0,0,2,0,0.11,0,0.11,0.11,0.11,Matches
728,Sérigné Diop,sn SEN,FW,Brest,fr Ligue 1,20,2005,2,0,12,0.1,0,0,0,0,0,0,0,0,0,0,0,0,0,Matches
729,Sofiane Diop,ma MAR,"MF,FW",Nice,fr Ligue 1,25,2000,33,26,"2,130",23.7,8,2,10,6,2,2,5,0,0.34,0.08,0.42,0.25,0.34,Matches
730,Andy Diouf,fr FRA,MF,Inter,it Serie A,22,2003,19,4,493,5.5,1,0,1,1,0,0,1,0,0.18,0,0.18,0.18,0.18,Matches
731,Andy Diouf,fr FRA,MF,Lens,fr Ligue 1,22,2003,1,1,90,1,0,0,0,0,0,0,0,0,0,0,0,0,0,Matches
732,El Hadji Malick Diouf,sn SEN,"DF,MF",West Ham,eng Premier League,20,2004,32,30,"2,707",30.1,0,5,5,0,0,0,6,0,0,0.17,0.17,0,0.17,Matches
733,Yehvann Diouf,sn SEN,GK,Nice,fr Ligue 1,25,1999,26,26,"2,340",26,0,0,0,0,0,0,1,0,0,0,0,0,0,Matches
734,Assane Dioussé,sn SEN,MF,Auxerre,fr Ligue 1,27,1997,15,1,219,2.4,0,0,0,0,0,0,3,0,0,0,0,0,0,Matches
735,Axel Disasi,fr FRA,DF,West Ham,eng Premier League,27,1998,14,14,"1,254",13.9,0,0,0,0,0,0,1,0,0,0,0,0,0,Matches
736,Matías Dituro,ar ARG,GK,Elche,es La Liga,38,1987,22,22,"1,980",22,0,0,0,0,0,0,1,0,0,0,0,0,0,Matches
737,Djené,tg TOG,"DF,MF",Getafe,es La Liga,33,1991,34,32,"2,578",28.6,0,0,0,0,0,0,10,2,0,0,0,0,0,Matches
738,Harouna Djibrin,cm CMR,MF,Angers,fr Ligue 1,18,2006,15,1,336,3.7,2,1,3,2,0,0,2,0,0.54,0.27,0.8,0.54,0.8,Matches
739,Berat Djimsiti,al ALB,DF,Atalanta,it Serie A,32,1993,34,29,"2,525",28.1,0,0,0,0,0,0,4,0,0,0,0,0,0,Matches
740,Marko Dmitrović,rs SRB,GK,Espanyol,es La Liga,33,1992,37,37,"3,330",37,0,0,0,0,0,0,0,0,0,0,0,0,0,Matches
741,Henrick Do Marcolino,fr FRA,FW,Rennes,fr Ligue 1,19,2006,1,0,3,0,0,0,0,0,0,0,0,0,0,0,0,0,0,Matches
742,Ritsu Doan,jp JPN,MF,Frankfurt,de Bundesliga,27,1998,31,28,"2,364",26.3,5,5,10,5,0,0,5,0,0.19,0.19,0.38,0.19,0.38,Matches
743,Dodô,br BRA,"DF,MF",Fiorentina,it Serie A,26,1998,36,36,"3,134",34.8,1,2,3,1,0,0,7,0,0.03,0.06,0.09,0.03,0.09,Matches
744,Danilho Doekhi,nl NED,DF,Union Berlin,de Bundesliga,27,1998,34,34,"3,060",34,5,0,5,5,0,0,4,0,0.15,0,0.15,0.15,0.15,Matches
745,Matt Doherty,ie IRL,"DF,MF",Wolves,eng Premier League,33,1992,11,11,787,8.7,0,0,0,0,0,0,4,0,0,0,0,0,0,Matches
746,Josh Doig,sct SCO,DF,Sassuolo,it Serie A,23,2002,30,22,"1,917",21.3,0,0,0,0,0,0,5,0,0,0,0,0,0,Matches
747,Jeremy Doku,be BEL,"MF,FW",Manchester City,eng Premier League,23,2002,30,19,"1,784",19.8,5,5,10,5,0,0,0,0,0.25,0.25,0.5,0.25,0.5,Matches
748,Tyrhys Dolan,eng ENG,MF,Espanyol,es La Liga,23,2001,36,28,"2,415",26.8,2,5,7,2,0,0,7,1,0.07,0.19,0.26,0.07,0.26,Matches
749,Marc Domenech,es ESP,MF,Mallorca,es La Liga,19,2006,7,2,214,2.4,0,1,1,0,0,0,0,0,0,0.42,0.42,0,0.42,Matches
750,Benjamín Domínguez,ar ARG,MF,Bologna,it Serie A,21,2003,15,6,547,6.1,0,3,3,0,0,0,1,0,0,0.49,0.49,0,0.49,Matches
Rk,Player,Nation,Pos,Squad,Comp,Age,Born,MP,Starts,Min,90s,Gls,Ast,G+A,G-PK,PK,PKatt,CrdY,CrdR,Gls,Ast,G+A,G-PK,G+A-PK,Matches
751,Carlos Dominguez,es ESP,DF,Celta Vigo,es La Liga,24,2001,8,6,610,6.8,0,0,0,0,0,0,1,0,0,0,0,0,0,Matches
752,Nicolás Domínguez,ar ARG,MF,Nottingham,eng Premier League,27,1998,27,17,"1,175",13.1,1,1,2,1,0,0,3,0,0.08,0.08,0.15,0.08,0.15,Matches
753,Jean-Luc Dompé,fr FRA,"FW,MF",Hamburger SV,de Bundesliga,29,1995,20,12,"1,138",12.6,3,0,3,2,1,1,0,0,0.24,0,0.24,0.16,0.16,Matches
754,John Donald,es ESP,"DF,MF",Elche,es La Liga,24,2000,21,6,665,7.4,1,0,1,1,0,0,3,0,0.14,0,0.14,0.14,0.14,Matches
755,Gianluigi Donnarumma,it ITA,GK,Manchester City,eng Premier League,26,1999,34,34,"3,060",34,0,0,0,0,0,0,8,0,0,0,0,0,0,Matches
756,Romelle Donovan,eng ENG,FW,Brentford,eng Premier League,18,2006,4,0,41,0.5,0,0,0,0,0,0,0,0,0,0,0,0,0,Matches
757,Patrick Dorgu,dk DEN,MF,Manchester Utd,eng Premier League,20,2004,26,15,"1,449",16.1,4,4,8,4,0,0,5,0,0.25,0.25,0.5,0.25,0.5,Matches
758,Niklas Dorsch,de GER,MF,Heidenheim,de Bundesliga,27,1998,32,27,"2,258",25.1,0,1,1,0,0,0,2,0,0,0.04,0.04,0,0.04,Matches
759,Alberto Dossena,it ITA,DF,Cagliari,it Serie A,26,1998,12,9,859,9.5,0,1,1,0,0,0,5,0,0,0.1,0.1,0,0.1,Matches
760,Lohann Doucet,bf BFA,MF,Paris FC,fr Ligue 1,22,2002,5,1,121,1.3,1,0,1,1,0,0,2,0,0.74,0,0.74,0.74,0.74,Matches
761,Fodé Doucouré,ml MLI,"MF,FW",Le Havre,fr Ligue 1,24,2001,26,15,"1,239",13.8,3,1,4,3,0,0,2,0,0.22,0.07,0.29,0.22,0.29,Matches
762,Mamedi Doucouré,fr FRA,DF,Genoa,it Serie A,18,2007,1,0,9,0.1,0,0,0,0,0,0,0,0,0,0,0,0,0,Matches
763,Sékou Doucoure,fr FRA,DF,Nantes,fr Ligue 1,20,2005,1,0,45,0.5,0,0,0,0,0,0,0,0,0,0,0,0,0,Matches
764,Désiré Doué,fr FRA,"FW,MF",PSG,fr Ligue 1,20,2005,23,16,"1,348",15,7,4,11,7,0,1,0,0,0.47,0.27,0.73,0.47,0.73,Matches
765,Guéla Doué,ci CIV,"DF,MF",Strasbourg,fr Ligue 1,22,2002,24,23,"2,061",22.9,2,6,8,2,0,0,3,0,0.09,0.26,0.35,0.09,0.35,Matches
766,Ismaël Doukouré,fr FRA,"DF,MF",Strasbourg,fr Ligue 1,22,2003,25,25,"2,072",23,0,2,2,0,0,0,4,2,0,0.09,0.09,0,0.09,Matches
767,Kamory Doumbia,ml MLI,MF,Brest,fr Ligue 1,22,2003,24,22,"1,750",19.4,5,4,9,5,0,0,6,0,0.26,0.21,0.46,0.26,0.46,Matches
768,Anastasios Douvikas,gr GRE,FW,Como,it Serie A,25,1999,38,25,"2,273",25.3,14,1,15,13,1,1,0,0,0.55,0.04,0.59,0.51,0.55,Matches
769,Artem Dovbyk,ua UKR,FW,Roma,it Serie A,28,1997,14,3,393,4.4,3,1,4,3,0,0,0,0,0.69,0.23,0.92,0.69,0.92,Matches
770,Max Dowman,eng ENG,MF,Arsenal,eng Premier League,15,2009,6,1,157,1.7,1,0,1,1,0,0,0,0,0.57,0,0.57,0.57,0.57,Matches
771,Damion Downs,us USA,FW,Hamburger SV,de Bundesliga,21,2004,12,6,536,6,0,0,0,0,0,0,0,0,0,0,0,0,0,Matches
772,Radu Drăgușin,ro ROU,DF,Tottenham,eng Premier League,23,2002,10,5,517,5.7,0,0,0,0,0,0,0,0,0,0,0,0,0,Matches
773,Joél Drakes-Thomas,eng ENG,MF,Crystal Palace,eng Premier League,16,2009,2,0,9,0.1,0,0,0,0,0,0,0,0,0,0,0,0,0,Matches
774,Domingos Duarte,pt POR,DF,Getafe,es La Liga,30,1995,34,34,"2,923",32.5,1,1,2,1,0,0,11,0,0.03,0.03,0.06,0.03,0.06,Matches
775,Martin Dúbravka,sk SVK,GK,Burnley,eng Premier League,36,1989,35,35,"3,150",35,0,0,0,0,0,0,1,0,0,0,0,0,0,Matches
Rk,Player,Nation,Pos,Squad,Comp,Age,Born,MP,Starts,Min,90s,Gls,Ast,G+A,G-PK,PK,PKatt,CrdY,CrdR,Gls,Ast,G+A,G-PK,G+A-PK,Matches
776,Denzel Dumfries,nl NED,MF,Inter,it Serie A,29,1996,20,15,"1,325",14.7,3,1,4,3,0,0,2,0,0.2,0.07,0.27,0.2,0.27,Matches
777,Lewis Dunk,eng ENG,DF,Brighton,eng Premier League,33,1991,33,31,"2,838",31.5,1,0,1,1,0,0,10,0,0.03,0,0.03,0.03,0.03,Matches
778,Maxime Dupé,fr FRA,GK,Nice,fr Ligue 1,32,1993,8,8,720,8,0,0,0,0,0,0,0,0,0,0,0,0,0,Matches
779,Pablo Durán,es ESP,"FW,MF",Celta Vigo,es La Liga,24,2001,30,17,"1,425",15.8,2,2,4,2,0,0,1,0,0.13,0.13,0.25,0.13,0.25,Matches
780,Hugo Duro,es ESP,FW,Valencia,es La Liga,25,1999,36,22,"1,979",22,10,0,10,9,1,2,4,0,0.45,0,0.45,0.41,0.41,Matches
781,Rafiu Durosinmi,ng NGA,FW,Pisa,it Serie A,22,2003,12,4,432,4.8,1,1,2,1,0,0,1,1,0.21,0.21,0.42,0.21,0.42,Matches
782,Paulo Dybala,ar ARG,"MF,FW",Roma,it Serie A,31,1993,22,15,"1,354",15,2,6,8,2,0,1,0,0,0.13,0.4,0.53,0.13,0.53,Matches
783,Edin Džeko,ba BIH,FW,Fiorentina,it Serie A,39,1986,11,2,244,2.7,0,0,0,0,0,0,1,0,0,0,0,0,0,Matches
784,Adam Dźwigała,pl POL,DF,St Pauli,de Bundesliga,29,1995,19,14,"1,288",14.3,1,1,2,1,0,0,5,0,0.07,0.07,0.14,0.07,0.14,Matches
785,Aron Dønnum,no NOR,MF,Toulouse,fr Ligue 1,27,1998,28,28,"2,419",26.9,4,4,8,1,3,3,10,1,0.15,0.15,0.3,0.04,0.19,Matches
786,George Earthy,eng ENG,MF,West Ham,eng Premier League,20,2004,1,0,9,0.1,0,0,0,0,0,0,0,0,0,0,0,0,0,Matches
787,Younes Ebnoutalib,de GER,FW,Frankfurt,de Bundesliga,21,2003,5,2,133,1.5,1,0,1,1,0,0,0,0,0.68,0,0.68,0.68,0.68,Matches
788,Simon Ebonog,cm CMR,MF,Le Havre,fr Ligue 1,20,2004,30,21,"1,759",19.5,1,0,1,1,0,0,8,0,0.05,0,0.05,0.05,0.05,Matches
789,Enzo Ebosse,cm CMR,DF,Hellas Verona,it Serie A,26,1999,4,3,214,2.4,0,0,0,0,0,0,1,0,0,0,0,0,0,Matches
790,Enzo Ebosse,cm CMR,DF,Torino,it Serie A,26,1999,13,13,"1,115",12.4,0,1,1,0,0,0,3,0,0,0.08,0.08,0,0.08,Matches
791,Claudio Echeverri,ar ARG,"FW,MF",Girona,es La Liga,19,2006,17,5,624,6.9,1,1,2,1,0,0,4,0,0.14,0.14,0.29,0.14,0.29,Matches
792,Claudio Echeverri,ar ARG,MF,Leverkusen,de Bundesliga,19,2006,6,1,134,1.5,0,0,0,0,0,0,0,0,0,0,0,0,0,Matches
793,Noah Edjouma,fr FRA,FW,Toulouse,fr Ligue 1,19,2005,12,2,256,2.8,0,0,0,0,0,0,0,0,0,0,0,0,0,Matches
794,Noah Edjouma,fr FRA,MF,Lille,fr Ligue 1,19,2005,3,1,92,1,0,0,0,0,0,0,0,0,0,0,0,0,0,Matches
795,Andrias Edmundsson,fo FRO,DF,Hellas Verona,it Serie A,24,2000,15,15,"1,319",14.7,0,0,0,0,0,0,3,0,0,0,0,0,0,Matches
796,Odsonne Édouard,fr FRA,FW,Crystal Palace,eng Premier League,27,1998,1,0,3,0,0,0,0,0,0,0,0,0,0,0,0,0,0,Matches
797,Odsonne Édouard,fr FRA,FW,Lens,fr Ligue 1,27,1998,29,26,"1,796",20,12,3,15,11,1,1,2,0,0.6,0.15,0.75,0.55,0.7,Matches
798,Tom Edozie,eng ENG,MF,Wolves,eng Premier League,19,2006,3,0,14,0.2,1,0,1,1,0,0,0,0,6.43,0,6.43,6.43,6.43,Matches
799,Yannick Eduardo,cz CZE,FW,Hoffenheim,de Bundesliga,19,2006,1,0,1,0,0,0,0,0,0,0,0,0,0,0,0,0,0,Matches
800,Marcus Edwards,eng ENG,"MF,FW",Burnley,eng Premier League,26,1998,23,11,"1,067",11.9,1,3,4,1,0,0,0,0,0.08,0.25,0.34,0.08,0.34,Matches
Rk,Player,Nation,Pos,Squad,Comp,Age,Born,MP,Starts,Min,90s,Gls,Ast,G+A,G-PK,PK,PKatt,CrdY,CrdR,Gls,Ast,G+A,G-PK,G+A-PK,Matches
801,CJ Egan-Riley,eng ENG,"DF,MF",Marseille,fr Ligue 1,22,2003,11,8,624,6.9,0,0,0,0,0,0,1,1,0,0,0,0,0,Matches
802,Maximilian Eggestein,de GER,MF,Freiburg,de Bundesliga,28,1996,34,34,"3,060",34,3,1,4,3,0,0,4,0,0.09,0.03,0.12,0.09,0.12,Matches
803,Kingsley Ehizibue,nl NED,"MF,DF",Udinese,it Serie A,30,1995,32,20,"1,811",20.1,2,0,2,2,0,0,5,0,0.1,0,0.1,0.1,0.1,Matches
804,Ovie Ejaria,eng ENG,MF,Oviedo,es La Liga,27,1997,8,2,200,2.2,0,0,0,0,0,0,1,0,0,0,0,0,0,Matches
805,Chidera Ejuke,ng NGA,"MF,FW",Sevilla,es La Liga,27,1998,27,6,932,10.4,1,1,2,1,0,0,0,0,0.1,0.1,0.19,0.1,0.19,Matches
806,Hjalmar Ekdal,se SWE,DF,Burnley,eng Premier League,26,1998,19,17,"1,539",17.1,0,0,0,0,0,0,0,0,0,0,0,0,0,Matches
807,Jeff Ekhator,it ITA,"FW,MF",Genoa,it Serie A,18,2006,30,9,956,10.6,3,0,3,3,0,0,3,0,0.28,0,0.28,0.28,0.28,Matches
808,Hugo Ekitike,fr FRA,FW,Liverpool,eng Premier League,23,2002,28,21,"1,803",20,11,4,15,11,0,0,0,0,0.55,0.2,0.75,0.55,0.75,Matches
809,Jurgen Ekkelenkamp,nl NED,MF,Udinese,it Serie A,25,2000,31,27,"2,186",24.3,5,3,8,5,0,0,1,0,0.21,0.12,0.33,0.21,0.33,Matches
810,Jacques Ekomie,ga GAB,"DF,MF",Angers,fr Ligue 1,21,2003,32,25,"2,239",24.9,0,0,0,0,0,0,3,0,0,0,0,0,0,Matches
811,Caleb Ekuban,gh GHA,"FW,MF",Genoa,it Serie A,31,1994,31,6,994,11,4,1,5,4,0,0,0,0,0.36,0.09,0.45,0.36,0.45,Matches
812,Anthony Elanga,se SWE,"FW,MF",Newcastle,eng Premier League,23,2002,32,14,"1,319",14.7,0,1,1,0,0,0,0,0,0,0.07,0.07,0,0.07,Matches
813,Daniel Elfadli,ly LBY,DF,Hamburger SV,de Bundesliga,28,1997,21,15,"1,253",13.9,0,0,0,0,0,0,6,1,0,0,0,0,0,Matches
814,Unai Elgezabal,es ESP,"DF,MF",Levante,es La Liga,32,1993,12,11,958,10.6,1,0,1,1,0,0,2,0,0.09,0,0.09,0.09,0.09,Matches
815,Melker Ellborg,se SWE,GK,Sunderland,eng Premier League,22,2003,3,3,270,3,0,0,0,0,0,0,0,0,0,0,0,0,0,Matches
816,Mikael Ellertsson,is ISL,MF,Genoa,it Serie A,23,2002,36,31,"2,767",30.7,1,1,2,1,0,0,1,1,0.03,0.03,0.07,0.03,0.07,Matches
817,Harvey Elliott,eng ENG,"FW,MF",Liverpool,eng Premier League,22,2003,1,0,1,0,0,0,0,0,0,0,0,0,0,0,0,0,0,Matches
818,Harvey Elliott,eng ENG,MF,Aston Villa,eng Premier League,22,2003,4,1,112,1.2,0,0,0,0,0,0,0,0,0,0,0,0,0,Matches
819,Elif Elmas,mk MKD,"MF,FW",Napoli,it Serie A,25,1999,33,20,"1,783",19.8,1,3,4,1,0,0,3,0,0.05,0.15,0.2,0.05,0.2,Matches
820,Nesta Elphege,fr FRA,FW,Parma,it Serie A,24,2001,9,2,309,3.4,2,1,3,2,0,0,0,0,0.58,0.29,0.87,0.58,0.87,Matches
821,Aritz Elustondo,es ESP,DF,Real Sociedad,es La Liga,31,1994,16,8,720,8,0,1,1,0,0,0,0,0,0,0.12,0.12,0,0.12,Matches
822,Nico Elvedi,ch SUI,DF,Gladbach,de Bundesliga,28,1996,33,33,"2,966",33,0,2,2,0,0,0,5,0,0,0.06,0.06,0,0.06,Matches
823,Breel Embolo,ch SUI,FW,Rennes,fr Ligue 1,28,1997,31,20,"1,872",20.8,8,3,11,8,0,0,3,0,0.38,0.14,0.53,0.38,0.53,Matches
824,Emanuel Emegha,nl NED,FW,Strasbourg,fr Ligue 1,22,2003,10,4,443,4.9,4,2,6,4,0,0,3,0,0.81,0.41,1.22,0.81,1.22,Matches
825,Emersonn,br BRA,FW,Toulouse,fr Ligue 1,21,2004,27,18,"1,499",16.7,6,2,8,6,0,0,5,1,0.36,0.12,0.48,0.36,0.48,Matches
Rk,Player,Nation,Pos,Squad,Comp,Age,Born,MP,Starts,Min,90s,Gls,Ast,G+A,G-PK,PK,PKatt,CrdY,CrdR,Gls,Ast,G+A,G-PK,G+A-PK,Matches
826,Julio Enciso,py PAR,"MF,FW",Strasbourg,fr Ligue 1,21,2004,27,22,"1,883",20.9,3,6,9,2,1,1,2,0,0.14,0.29,0.43,0.1,0.38,Matches
827,Wataru Endo,jp JPN,DF,Liverpool,eng Premier League,32,1993,8,1,175,1.9,0,1,1,0,0,0,1,0,0,0.51,0.51,0,0.51,Matches
828,Endrick,br BRA,FW,Real Madrid,es La Liga,19,2006,1,0,12,0.1,0,0,0,0,0,0,0,1,0,0,0,0,0,Matches
829,Endrick,br BRA,"FW,MF",Lyon,fr Ligue 1,19,2006,16,14,"1,215",13.5,5,7,12,4,1,1,4,1,0.37,0.52,0.89,0.3,0.81,Matches
830,Yannik Engelhardt,de GER,MF,Gladbach,de Bundesliga,24,2001,31,29,"2,487",27.6,2,2,4,2,0,0,7,0,0.07,0.07,0.14,0.07,0.14,Matches
831,Christian Eriksen,dk DEN,MF,Wolfsburg,de Bundesliga,33,1992,31,27,"2,410",26.8,3,9,12,0,3,4,4,0,0.11,0.34,0.45,0,0.34,Matches
832,Aarón Escandell,es ESP,GK,Oviedo,es La Liga,29,1995,36,36,"3,240",36,0,1,1,0,0,0,3,0,0,0.03,0.03,0,0.03,Matches
833,Xavi Espart,es ESP,DF,Barcelona,es La Liga,18,2007,4,1,165,1.8,0,0,0,0,0,0,0,0,0,0,0,0,0,Matches
834,Carlos Espí,es ESP,FW,Levante,es La Liga,20,2005,25,13,"1,343",14.9,11,0,11,11,0,0,3,0,0.74,0,0.74,0.74,0.74,Matches
835,Alfonso Espino,uy URU,"DF,MF",Rayo Vallecano,es La Liga,33,1992,30,15,"1,486",16.5,2,0,2,2,0,0,3,0,0.12,0,0.12,0.12,0.12,Matches
836,Francesco Esposito,it ITA,FW,Inter,it Serie A,20,2005,35,15,"1,571",17.5,7,3,10,7,0,0,1,0,0.4,0.17,0.57,0.4,0.57,Matches
837,Sebastiano Esposito,it ITA,"FW,MF",Cagliari,it Serie A,23,2002,36,34,"2,675",29.7,7,5,12,6,1,1,6,0,0.24,0.17,0.4,0.2,0.37,Matches
838,Romain Esse,eng ENG,MF,Crystal Palace,eng Premier League,20,2005,4,0,44,0.5,0,0,0,0,0,0,0,0,0,0,0,0,0,Matches
839,Samuel Essende,cd COD,"MF,FW",Augsburg,de Bundesliga,27,1998,14,2,414,4.6,1,0,1,1,0,0,2,0,0.22,0,0.22,0.22,0.22,Matches
840,Dario Essugo,pt POR,MF,Chelsea,eng Premier League,20,2005,3,0,30,0.3,0,0,0,0,0,0,2,0,0,0,0,0,0,Matches
841,Marco Esteban,es ESP,DF,Oviedo,es La Liga,19,2006,1,0,45,0.5,0,0,0,0,0,0,0,0,0,0,0,0,0,Matches
842,Maxime Estève,fr FRA,DF,Burnley,eng Premier League,23,2002,34,34,"2,932",32.6,0,0,0,0,0,0,1,0,0,0,0,0,0,Matches
843,Tomás Esteves,pt POR,"DF,MF",Pisa,it Serie A,23,2002,1,0,14,0.2,0,0,0,0,0,0,0,0,0,0,0,0,0,Matches
844,Nahuel Estévez,ar ARG,MF,Parma,it Serie A,29,1995,32,9,"1,049",11.7,0,1,1,0,0,0,2,0,0,0.09,0.09,0,0.09,Matches
845,Pervis Estupiñán,ec ECU,MF,Milan,it Serie A,27,1998,19,13,"1,034",11.5,1,1,2,1,0,0,5,1,0.09,0.09,0.17,0.09,0.17,Matches
846,Karl Etta Eyong,cm CMR,FW,Villarreal,es La Liga,21,2003,3,3,256,2.8,1,2,3,1,0,0,0,0,0.35,0.7,1.05,0.35,1.05,Matches
847,Karl Etta Eyong,cm CMR,FW,Levante,es La Liga,21,2003,30,15,"1,416",15.7,6,2,8,6,0,1,3,0,0.38,0.13,0.51,0.38,0.51,Matches
848,Evanilson,br BRA,FW,Bournemouth,eng Premier League,25,1999,36,32,"2,742",30.5,6,1,7,6,0,0,2,0,0.2,0.03,0.23,0.2,0.23,Matches
849,Edu Expósito,es ESP,MF,Espanyol,es La Liga,28,1996,36,32,"2,523",28,1,6,7,1,0,0,9,0,0.04,0.21,0.25,0.04,0.25,Matches
850,Eberechi Eze,eng ENG,"MF,FW",Arsenal,eng Premier League,27,1998,32,21,"1,812",20.1,7,2,9,7,0,0,1,0,0.35,0.1,0.45,0.35,0.45,Matches
Rk,Player,Nation,Pos,Squad,Comp,Age,Born,MP,Starts,Min,90s,Gls,Ast,G+A,G-PK,PK,PKatt,CrdY,CrdR,Gls,Ast,G+A,G-PK,G+A-PK,Matches
851,Eberechi Eze,eng ENG,MF,Crystal Palace,eng Premier League,27,1998,1,1,83,0.9,0,0,0,0,0,0,0,0,0,0,0,0,0,Matches
852,Abde Ezzalzouli,ma MAR,"MF,FW",Real Betis,es La Liga,23,2001,29,26,"2,247",25,10,8,18,10,0,0,3,0,0.4,0.32,0.72,0.4,0.72,Matches
853,Giovanni Fabbian,it ITA,MF,Bologna,it Serie A,22,2003,14,8,705,7.8,2,0,2,2,0,0,0,0,0.26,0,0.26,0.26,0.26,Matches
854,Giovanni Fabbian,it ITA,MF,Fiorentina,it Serie A,22,2003,15,4,468,5.2,0,0,0,0,0,0,2,0,0,0,0,0,0,Matches
855,Alieu Fadera,gm GAM,FW,Sassuolo,it Serie A,23,2001,28,8,987,11,2,1,3,2,0,0,5,0,0.18,0.09,0.27,0.18,0.27,Matches
856,Wout Faes,be BEL,DF,Monaco,fr Ligue 1,27,1998,14,13,"1,141",12.7,0,0,0,0,0,0,3,0,0,0,0,0,0,Matches
857,Nicolò Fagioli,it ITA,MF,Fiorentina,it Serie A,24,2001,33,30,"2,554",28.4,2,3,5,2,0,0,5,0,0.07,0.11,0.18,0.07,0.18,Matches
858,Romain Faivre,fr FRA,"MF,FW",Auxerre,fr Ligue 1,27,1998,10,7,581,6.5,0,2,2,0,0,0,0,0,0,0.31,0.31,0,0.31,Matches
859,Omar Falah,es ESP,DF,Oviedo,es La Liga,21,2003,1,0,14,0.2,0,0,0,0,0,0,0,0,0,0,0,0,0,Matches
860,Wladimiro Falcone,it ITA,GK,Lecce,it Serie A,30,1995,38,38,"3,420",38,0,0,0,0,0,0,2,0,0,0,0,0,0,Matches
861,Ansu Fati,es ESP,"MF,FW",Monaco,fr Ligue 1,22,2002,25,10,"1,093",12.1,11,0,11,8,3,4,1,0,0.91,0,0.91,0.66,0.66,Matches
862,Abdoulaye Faye,sn SEN,DF,Lorient,fr Ligue 1,20,2004,17,16,"1,444",16,0,0,0,0,0,0,8,0,0,0,0,0,0,Matches
863,Jacopo Fazzini,it ITA,"MF,FW",Fiorentina,it Serie A,22,2003,20,5,584,6.5,0,0,0,0,0,0,2,0,0,0,0,0,0,Matches
864,Aleix Febas,es ESP,MF,Elche,es La Liga,29,1996,36,36,"3,160",35.1,2,2,4,2,0,0,10,0,0.06,0.06,0.11,0.06,0.11,Matches
865,Mattia Felici,it ITA,MF,Cagliari,it Serie A,24,2001,12,4,412,4.6,2,1,3,2,0,0,3,0,0.44,0.22,0.66,0.44,0.66,Matches
866,Luiz Felipe,it ITA,DF,Rayo Vallecano,es La Liga,28,1997,10,7,470,5.2,0,0,0,0,0,0,1,0,0,0,0,0,0,Matches
867,Pedro Felipe,br BRA,DF,Sassuolo,it Serie A,21,2004,3,1,129,1.4,0,1,1,0,0,0,0,0,0,0.7,0.7,0,0.7,Matches
868,Frank Feller,de GER,GK,Heidenheim,de Bundesliga,21,2004,3,3,270,3,0,0,0,0,0,0,0,0,0,0,0,0,0,Matches
869,Robin Fellhauer,de GER,MF,Augsburg,de Bundesliga,27,1998,34,31,"2,799",31.1,3,2,5,3,0,0,2,0,0.1,0.06,0.16,0.1,0.16,Matches
870,Kiko Femenía,es ESP,"DF,MF",Getafe,es La Liga,34,1991,28,25,"2,008",22.3,1,1,2,1,0,0,6,0,0.04,0.04,0.09,0.04,0.09,Matches
871,Evan Ferguson,ie IRL,FW,Roma,it Serie A,20,2004,16,10,773,8.6,3,2,5,3,0,0,1,0,0.35,0.23,0.58,0.35,0.58,Matches
872,Lewis Ferguson,sct SCO,MF,Bologna,it Serie A,25,1999,27,17,"1,601",17.8,1,0,1,1,0,0,7,1,0.06,0,0.06,0.06,0.06,Matches
873,Bruno Fernandes,pt POR,MF,Manchester Utd,eng Premier League,30,1994,35,35,"3,063",34,9,21,30,5,4,6,5,0,0.26,0.62,0.88,0.15,0.76,Matches
874,Mateus Fernandes,pt POR,MF,West Ham,eng Premier League,21,2004,36,35,"3,016",33.5,3,4,7,3,0,0,7,0,0.09,0.12,0.21,0.09,0.21,Matches
875,Aitor Fernández,es ESP,GK,Osasuna,es La Liga,34,1991,2,1,136,1.5,0,0,0,0,0,0,3,0,0,0,0,0,0,Matches
Rk,Player,Nation,Pos,Squad,Comp,Age,Born,MP,Starts,Min,90s,Gls,Ast,G+A,G-PK,PK,PKatt,CrdY,CrdR,Gls,Ast,G+A,G-PK,G+A-PK,Matches
876,Dro Fernández,es ESP,MF,Barcelona,es La Liga,17,2008,4,1,92,1,0,0,0,0,0,0,0,0,0,0,0,0,0,Matches
877,Dro Fernández,es ESP,MF,PSG,fr Ligue 1,17,2008,12,7,682,7.6,1,0,1,1,0,0,0,0,0.13,0,0.13,0.13,0.13,Matches
878,Enzo Fernández,ar ARG,MF,Chelsea,eng Premier League,24,2001,36,35,"3,115",34.6,10,4,14,8,2,2,10,0,0.29,0.12,0.4,0.23,0.35,Matches
879,Ezequiél Fernández,ar ARG,MF,Leverkusen,de Bundesliga,23,2002,20,12,984,10.9,0,1,1,0,0,0,4,1,0,0.09,0.09,0,0.09,Matches
880,Manu Fernández,es ESP,DF,Celta Vigo,es La Liga,24,2001,14,9,758,8.4,0,0,0,0,0,0,2,0,0,0,0,0,0,Matches
881,Pelayo Fernandez,es ESP,DF,Rayo Vallecano,es La Liga,22,2003,1,0,45,0.5,0,0,0,0,0,0,0,0,0,0,0,0,0,Matches
882,Roberto Férnandez,es ESP,FW,Espanyol,es La Liga,23,2002,38,25,"2,382",26.5,7,3,10,6,1,1,3,0,0.26,0.11,0.38,0.23,0.34,Matches
883,Thiago Fernández,ar ARG,"MF,FW",Oviedo,es La Liga,21,2004,16,9,817,9.1,0,4,4,0,0,0,4,0,0,0.44,0.44,0,0.44,Matches
884,Toni Fernández,es ESP,FW,Barcelona,es La Liga,17,2008,1,1,45,0.5,0,0,0,0,0,0,0,0,0,0,0,0,0,Matches
885,Matias Fernandez-Pardo,be BEL,"FW,MF",Lille,fr Ligue 1,20,2005,29,27,"2,370",26.3,8,5,13,6,2,2,5,0,0.3,0.19,0.49,0.23,0.42,Matches
886,Álvaro Fidalgo,mx MEX,MF,Real Betis,es La Liga,28,1997,9,8,542,6,1,0,1,1,0,0,0,0,0.17,0,0.17,0.17,0.17,Matches
887,Seydou Fini,it ITA,FW,Genoa,it Serie A,19,2006,1,0,32,0.4,0,0,0,0,0,0,0,0,0,0,0,0,0,Matches
888,Max Finkgräfe,de GER,DF,RB Leipzig,de Bundesliga,21,2004,13,5,504,5.6,1,1,2,1,0,0,2,0,0.18,0.18,0.36,0.18,0.36,Matches
889,Junior Firpo,do DOM,DF,Real Betis,es La Liga,28,1996,12,10,827,9.2,0,1,1,0,0,0,2,0,0,0.11,0.11,0,0.11,Matches
890,Jonathan Fischer,dk DEN,GK,Metz,fr Ligue 1,23,2001,27,26,"2,354",26.2,0,0,0,0,0,0,0,0,0,0,0,0,0,Matches
891,Kilian Fischer,de GER,DF,Wolfsburg,de Bundesliga,24,2000,11,10,800,8.9,0,0,0,0,0,0,0,0,0,0,0,0,0,Matches
892,Mark Flekken,nl NED,GK,Leverkusen,de Bundesliga,32,1993,24,24,"2,129",23.7,0,0,0,0,0,0,2,0,0,0,0,0,0,Matches
893,Zian Flemming,nl NED,FW,Burnley,eng Premier League,26,1998,29,21,"1,769",19.7,11,0,11,9,2,2,5,0,0.56,0,0.56,0.46,0.46,Matches
894,Jack Fletcher,eng ENG,MF,Manchester Utd,eng Premier League,18,2007,3,0,108,1.2,0,0,0,0,0,0,0,0,0,0,0,0,0,Matches
895,Tyler Fletcher,sct SCO,MF,Manchester Utd,eng Premier League,18,2007,2,0,18,0.2,0,0,0,0,0,0,0,0,0,0,0,0,0,Matches
896,Romano Floriani,it ITA,MF,Cremonese,it Serie A,22,2003,28,12,"1,168",13,0,1,1,0,0,0,2,0,0,0.08,0.08,0,0.08,Matches
897,Phil Foden,eng ENG,MF,Manchester City,eng Premier League,25,2000,33,23,"2,086",23.2,7,5,12,7,0,0,4,0,0.3,0.22,0.52,0.3,0.52,Matches
898,Malick Fofana,be BEL,"MF,FW",Lyon,fr Ligue 1,20,2005,12,9,749,8.3,2,1,3,2,0,0,1,0,0.24,0.12,0.36,0.24,0.36,Matches
899,Rayan Fofana,fr FRA,"FW,MF",Lens,fr Ligue 1,19,2006,25,7,798,8.9,5,0,5,5,0,0,0,0,0.56,0,0.56,0.56,0.56,Matches
900,Sadik Fofana,tg TOG,MF,Lecce,it Serie A,22,2003,5,1,84,0.9,0,0,0,0,0,0,0,0,0,0,0,0,0,Matches
Rk,Player,Nation,Pos,Squad,Comp,Age,Born,MP,Starts,Min,90s,Gls,Ast,G+A,G-PK,PK,PKatt,CrdY,CrdR,Gls,Ast,G+A,G-PK,G+A-PK,Matches
901,Seko Fofana,ci CIV,MF,Rennes,fr Ligue 1,30,1995,12,7,655,7.3,1,0,1,1,0,0,0,0,0.14,0,0.14,0.14,0.14,Matches
902,Wesley Fofana,fr FRA,DF,Chelsea,eng Premier League,24,2000,25,20,"1,722",19.1,0,1,1,0,0,0,9,2,0,0.05,0.05,0,0.05,Matches
903,Youssouf Fofana,fr FRA,MF,Milan,it Serie A,26,1999,33,28,"2,203",24.5,2,3,5,2,0,0,4,0,0.08,0.12,0.2,0.08,0.2,Matches
904,Jonas Föhrenbach,de GER,"DF,MF",Heidenheim,de Bundesliga,29,1996,27,25,"2,325",25.8,1,1,2,1,0,0,3,0,0.04,0.04,0.08,0.04,0.08,Matches
905,Francesco Folino,it ITA,DF,Cremonese,it Serie A,23,2002,18,7,722,8,1,0,1,1,0,0,1,0,0.12,0,0.12,0.12,0.12,Matches
906,Michael Folorunsho,it ITA,"MF,FW",Cagliari,it Serie A,27,1998,27,24,"1,999",22.2,2,0,2,2,0,0,3,0,0.09,0,0.09,0.09,0.09,Matches
907,Nicolas Fonseca,uy URU,MF,Oviedo,es La Liga,26,1998,19,12,"1,018",11.3,0,0,0,0,0,0,6,0,0,0,0,0,0,Matches
908,Álex Forés,es ESP,FW,Oviedo,es La Liga,24,2001,18,3,360,4,0,1,1,0,0,0,0,0,0,0.25,0.25,0,0.25,Matches
909,Pablo Fornals,es ESP,MF,Real Betis,es La Liga,29,1996,37,34,"2,848",31.6,9,6,15,9,0,0,2,0,0.28,0.19,0.47,0.28,0.47,Matches
910,Héctor Fort,es ESP,"DF,MF",Elche,es La Liga,18,2006,14,7,482,5.4,2,2,4,2,0,0,0,0,0.37,0.37,0.75,0.37,0.75,Matches
911,Niccolò Fortini,it ITA,MF,Fiorentina,it Serie A,19,2006,16,2,541,6,0,0,0,0,0,0,0,0,0,0,0,0,0,Matches
912,Fortuño,es ESP,GK,Espanyol,es La Liga,23,2001,1,1,90,1,0,0,0,0,0,0,0,0,0,0,0,0,0,Matches
913,Lyle Foster,za RSA,"FW,MF",Burnley,eng Premier League,24,2000,26,15,"1,371",15.2,3,2,5,3,0,0,4,0,0.2,0.13,0.33,0.2,0.33,Matches
914,Dimitri Foulquier,fr FRA,DF,Valencia,es La Liga,32,1993,15,12,"1,150",12.8,0,0,0,0,0,0,1,0,0,0,0,0,0,Matches
915,Juan Foyth,ar ARG,DF,Villarreal,es La Liga,27,1998,13,12,934,10.4,0,0,0,0,0,0,2,0,0,0,0,0,0,Matches
916,Alejandro Francés,es ESP,DF,Girona,es La Liga,22,2002,24,11,"1,116",12.4,0,2,2,0,0,0,2,1,0,0.16,0.16,0,0.16,Matches
917,Christian Frangella,it ITA,MF,Sassuolo,it Serie A,18,2006,1,0,3,0,0,0,0,0,0,0,0,0,0,0,0,0,0,Matches
918,Przemysław Frankowski,pl POL,"MF,DF",Rennes,fr Ligue 1,30,1995,19,15,"1,210",13.4,1,2,3,1,0,0,5,0,0.07,0.15,0.22,0.07,0.22,Matches
919,Davide Frattesi,it ITA,MF,Inter,it Serie A,25,1999,22,3,569,6.3,0,0,0,0,0,0,0,0,0,0,0,0,0,Matches
920,Oscar Fraulo,dk DEN,MF,Gladbach,de Bundesliga,21,2003,4,0,43,0.5,1,0,1,1,0,0,0,0,2.09,0,2.09,2.09,2.09,Matches
921,Tyler Fredricson,eng ENG,DF,Manchester Utd,eng Premier League,20,2005,1,0,3,0,0,0,0,0,0,0,0,0,0,0,0,0,0,Matches
922,Alex Freeman,us USA,DF,Villarreal,es La Liga,20,2004,9,3,346,3.8,0,0,0,0,0,0,0,0,0,0,0,0,0,Matches
923,Morten Frendrup,dk DEN,MF,Genoa,it Serie A,24,2001,36,35,"3,081",34.2,1,0,1,1,0,0,5,0,0.03,0,0.03,0.03,0.03,Matches
924,Martin Frese,dk DEN,"MF,DF",Hellas Verona,it Serie A,27,1998,31,27,"2,408",26.8,2,0,2,2,0,0,8,0,0.07,0,0.07,0.07,0.07,Matches
925,Remo Freuler,ch SUI,MF,Bologna,it Serie A,33,1992,29,26,"2,213",24.6,1,2,3,1,0,0,5,0,0.04,0.08,0.12,0.04,0.12,Matches
Rk,Player,Nation,Pos,Squad,Comp,Age,Born,MP,Starts,Min,90s,Gls,Ast,G+A,G-PK,PK,PKatt,CrdY,CrdR,Gls,Ast,G+A,G-PK,G+A-PK,Matches
926,Marco Friedl,at AUT,DF,Werder Bremen,de Bundesliga,27,1998,30,29,"2,546",28.3,1,0,1,1,0,0,9,1,0.04,0,0.04,0.04,0.04,Matches
927,Marvin Friedrich,de GER,DF,Gladbach,de Bundesliga,29,1995,6,1,152,1.7,0,0,0,0,0,0,0,0,0,0,0,0,0,Matches
928,Jeremie Frimpong,nl NED,"DF,MF",Liverpool,eng Premier League,24,2000,21,12,"1,040",11.6,0,1,1,0,0,0,1,0,0,0.09,0.09,0,0.09,Matches
929,Jorge de Frutos,es ESP,"FW,MF",Rayo Vallecano,es La Liga,28,1997,36,31,"2,463",27.4,10,1,11,9,1,1,3,0,0.37,0.04,0.4,0.33,0.37,Matches
930,Chris Führich,de GER,MF,Stuttgart,de Bundesliga,27,1998,33,20,"1,698",18.9,7,7,14,7,0,0,2,0,0.37,0.37,0.74,0.37,0.74,Matches
931,Joel Fujita,jp JPN,MF,St Pauli,de Bundesliga,23,2002,32,31,"2,665",29.6,1,3,4,1,0,0,6,0,0.03,0.1,0.14,0.03,0.14,Matches
932,Niclas Füllkrug,de GER,FW,West Ham,eng Premier League,32,1993,8,5,409,4.5,0,0,0,0,0,0,0,0,0,0,0,0,0,Matches
933,Niclas Füllkrug,de GER,FW,Milan,it Serie A,32,1993,20,3,659,7.3,1,0,1,1,0,1,0,0,0.14,0,0.14,0.14,0.14,Matches
934,Alessio Furlanetto,it ITA,GK,Lazio,it Serie A,23,2002,2,2,180,2,0,0,0,0,0,0,0,0,0,0,0,0,0,Matches
935,Kaye Furo,be BEL,FW,Brentford,eng Premier League,18,2007,1,0,1,0,0,0,0,0,0,0,0,0,0,0,0,0,0,Matches
936,Matteo Gabbia,it ITA,DF,Milan,it Serie A,25,1999,30,28,"2,530",28.1,0,0,0,0,0,0,4,0,0,0,0,0,0,Matches
937,Tiago Gabriel,pt POR,DF,Lecce,it Serie A,20,2004,37,36,"3,219",35.8,2,0,2,2,0,0,7,0,0.06,0,0.06,0.06,0.06,Matches
938,Gianluca Gaetano,it ITA,"MF,FW",Cagliari,it Serie A,25,2000,33,21,"1,912",21.2,2,4,6,2,0,0,4,0,0.09,0.19,0.28,0.09,0.28,Matches
939,Roberto Gagliardini,it ITA,MF,Hellas Verona,it Serie A,31,1994,29,25,"2,272",25.2,1,0,1,1,0,0,9,0,0.04,0,0.04,0.04,0.04,Matches
940,Cody Gakpo,nl NED,"MF,FW",Liverpool,eng Premier League,26,1999,36,32,"2,737",30.4,7,5,12,7,0,0,3,0,0.23,0.16,0.39,0.23,0.39,Matches
941,Javi Galán,es ESP,DF,Osasuna,es La Liga,30,1994,20,19,"1,672",18.6,0,1,1,0,0,0,3,0,0,0.05,0.05,0,0.05,Matches
942,Javi Galán,es ESP,DF,Atlético Madrid,es La Liga,30,1994,5,1,134,1.5,0,0,0,0,0,0,0,0,0,0,0,0,0,Matches
943,Iñigo Ruiz de Galarreta,es ESP,MF,Athletic Club,es La Liga,31,1993,34,30,"2,206",24.5,1,2,3,1,0,0,10,0,0.04,0.08,0.12,0.04,0.12,Matches
944,Conor Gallagher,eng ENG,MF,Tottenham,eng Premier League,25,2000,16,14,"1,184",13.2,1,1,2,1,0,0,2,0,0.08,0.08,0.15,0.08,0.15,Matches
945,Conor Gallagher,eng ENG,MF,Atlético Madrid,es La Liga,25,2000,19,4,679,7.5,2,0,2,2,0,0,2,0,0.27,0,0.27,0.27,0.27,Matches
946,Antonino Gallo,it ITA,DF,Lecce,it Serie A,25,2000,37,34,"3,056",34,0,4,4,0,0,0,3,0,0,0.12,0.12,0,0.12,Matches
947,Ignatius Ganago,cm CMR,FW,Nantes,fr Ligue 1,26,1999,13,10,839,9.3,3,1,4,2,1,1,1,0,0.32,0.11,0.43,0.21,0.32,Matches
948,Omri Gandelman,il ISR,"MF,FW",Lecce,it Serie A,25,2000,19,10,975,10.8,2,1,3,2,0,0,0,0,0.18,0.09,0.28,0.18,0.28,Matches
949,Ismaëlo Ganiou,fr FRA,DF,Lens,fr Ligue 1,20,2005,23,22,"2,014",22.4,3,0,3,3,0,0,4,1,0.13,0,0.13,0.13,0.13,Matches
950,Ben Gannon-Doak,sct SCO,MF,Bournemouth,eng Premier League,19,2005,8,0,113,1.3,0,1,1,0,0,0,0,0,0,0.8,0.8,0,0.8,Matches
Rk,Player,Nation,Pos,Squad,Comp,Age,Born,MP,Starts,Min,90s,Gls,Ast,G+A,G-PK,PK,PKatt,CrdY,CrdR,Gls,Ast,G+A,G-PK,G+A-PK,Matches
951,Facundo Garcés,my MAS,DF,Alavés,es La Liga,25,1999,10,8,793,8.8,0,0,0,0,0,0,3,0,0,0,0,0,0,Matches
952,Aleix García,es ESP,MF,Leverkusen,de Bundesliga,28,1997,33,31,"2,667",29.6,3,8,11,3,0,0,6,0,0.1,0.27,0.37,0.1,0.37,Matches
953,Álvaro García,es ESP,"MF,FW",Rayo Vallecano,es La Liga,32,1992,32,23,"2,101",23.3,4,5,9,4,0,0,3,0,0.17,0.21,0.39,0.17,0.39,Matches
954,Andrés García,es ESP,DF,Aston Villa,eng Premier League,22,2003,6,1,86,1,0,0,0,0,0,0,0,0,0,0,0,0,0,Matches
955,Eder García,es ESP,FW,Athletic Club,es La Liga,21,2004,2,0,38,0.4,0,0,0,0,0,0,1,0,0,0,0,0,0,Matches
956,Eric García,es ESP,"DF,MF",Barcelona,es La Liga,24,2001,34,32,"2,721",30.2,1,1,2,1,0,0,6,0,0.03,0.03,0.07,0.03,0.07,Matches
957,Fran Garcia,es ESP,"DF,MF",Real Madrid,es La Liga,25,1999,13,10,929,10.3,1,1,2,1,0,0,2,1,0.1,0.1,0.19,0.1,0.19,Matches
958,Gonzalo García,es ESP,FW,Real Madrid,es La Liga,21,2004,30,9,964,10.7,6,1,7,6,0,0,2,0,0.56,0.09,0.65,0.56,0.65,Matches
959,Hugo García,es ESP,MF,Celta Vigo,es La Liga,18,2006,1,0,8,0.1,0,0,0,0,0,0,0,0,0,0,0,0,0,Matches
960,Joan García,es ESP,GK,Barcelona,es La Liga,24,2001,30,30,"2,700",30,0,0,0,0,0,0,1,0,0,0,0,0,0,Matches
961,Pablo Garcia,es ESP,MF,Real Betis,es La Liga,19,2006,15,2,388,4.3,0,0,0,0,0,0,1,0,0,0,0,0,0,Matches
962,Rubén García,es ESP,"MF,FW",Osasuna,es La Liga,32,1993,35,28,"2,229",24.8,2,5,7,2,0,0,6,0,0.08,0.2,0.28,0.08,0.28,Matches
963,Ulisses Garcia,ch SUI,"MF,DF",Marseille,fr Ligue 1,29,1996,4,2,211,2.3,0,0,0,0,0,0,1,1,0,0,0,0,0,Matches
964,Ulisses Garcia,ch SUI,DF,Sassuolo,it Serie A,29,1996,13,10,943,10.5,1,2,3,1,0,0,3,0,0.1,0.19,0.29,0.1,0.29,Matches
965,Víctor García,es ESP,"MF,FW",Levante,es La Liga,27,1997,21,12,"1,040",11.6,2,1,3,2,0,0,1,0,0.17,0.09,0.26,0.17,0.26,Matches
966,Alejandro Garnacho,ar ARG,MF,Chelsea,eng Premier League,21,2004,24,14,"1,268",14.1,1,4,5,1,0,0,2,0,0.07,0.28,0.35,0.07,0.35,Matches
967,James Garner,eng ENG,"MF,DF",Everton,eng Premier League,24,2001,38,38,"3,413",37.9,2,7,9,2,0,0,12,0,0.05,0.18,0.24,0.05,0.24,Matches
968,Erawan Garnier,th THA,DF,Lens,fr Ligue 1,19,2006,1,0,7,0.1,0,0,0,0,0,0,0,0,0,0,0,0,0,Matches
969,Federico Gatti,it ITA,DF,Juventus,it Serie A,27,1998,21,12,"1,093",12.1,2,0,2,2,0,0,3,0,0.16,0,0.16,0.16,0.16,Matches
970,Federico Gattoni,ar ARG,DF,Sevilla,es La Liga,26,1999,1,0,10,0.1,0,0,0,0,0,0,0,0,0,0,0,0,0,Matches
971,Gavi,es ESP,MF,Barcelona,es La Liga,20,2004,11,7,573,6.4,0,1,1,0,0,0,3,0,0,0.16,0.16,0,0.16,Matches
972,Jusuf Gazibegović,ba BIH,DF,Köln,de Bundesliga,25,2000,1,0,23,0.3,0,0,0,0,0,0,0,0,0,0,0,0,0,Matches
973,Paulo Gazzaniga,ar ARG,GK,Girona,es La Liga,33,1992,35,35,"3,102",34.5,0,0,0,0,0,0,4,1,0,0,0,0,0,Matches
974,Jean-Philippe Gbamin,ci CIV,"DF,MF",Metz,fr Ligue 1,29,1995,31,30,"2,485",27.6,1,1,2,1,0,0,2,1,0.04,0.04,0.07,0.04,0.07,Matches
975,Yann Gboho,fr FRA,"MF,FW",Toulouse,fr Ligue 1,24,2001,31,30,"2,601",28.9,8,3,11,8,0,0,1,1,0.28,0.1,0.38,0.28,0.38,Matches
Rk,Player,Nation,Pos,Squad,Comp,Age,Born,MP,Starts,Min,90s,Gls,Ast,G+A,G-PK,PK,PKatt,CrdY,CrdR,Gls,Ast,G+A,G-PK,G+A-PK,Matches
976,David de Gea,es ESP,GK,Fiorentina,it Serie A,34,1990,37,37,"3,330",37,0,0,0,0,0,0,0,0,0,0,0,0,0,Matches
977,Lutsharel Geertruida,nl NED,"DF,MF",Sunderland,eng Premier League,25,2000,28,17,"1,693",18.8,0,0,0,0,0,0,2,0,0,0,0,0,0,Matches
978,Valentin Gendrey,fr FRA,DF,Hoffenheim,de Bundesliga,25,2000,8,0,59,0.7,1,1,2,1,0,0,0,0,1.53,1.53,3.05,1.53,3.05,Matches
979,Tyrique George,eng ENG,FW,Chelsea,eng Premier League,19,2006,4,0,145,1.6,0,0,0,0,0,0,2,0,0,0,0,0,0,Matches
980,Tyrique George,eng ENG,MF,Everton,eng Premier League,19,2006,11,1,218,2.4,0,0,0,0,0,0,0,0,0,0,0,0,0,Matches
981,Yannick Gerhardt,de GER,MF,Wolfsburg,de Bundesliga,31,1994,19,12,"1,068",11.9,1,0,1,1,0,0,1,0,0.08,0,0.08,0.08,0.08,Matches
982,Willem Geubbels,fr FRA,FW,Paris FC,fr Ligue 1,23,2001,24,12,"1,013",11.3,5,0,5,4,1,1,0,0,0.44,0,0.44,0.36,0.36,Matches
983,Ismaël Gharbi,tn TUN,MF,Augsburg,de Bundesliga,21,2004,6,0,94,1,0,0,0,0,0,0,0,0,0,0,0,0,0,Matches
984,Mourad El Ghezouani,ma MAR,FW,Elche,es La Liga,27,1998,2,0,50,0.6,0,0,0,0,0,0,0,0,0,0,0,0,0,Matches
985,Rachid Ghezzal,dz ALG,"MF,FW",Lyon,fr Ligue 1,33,1992,10,2,225,2.5,0,0,0,0,0,0,0,0,0,0,0,0,0,Matches
986,Daniele Ghilardi,it ITA,DF,Roma,it Serie A,22,2003,23,9,"1,097",12.2,0,0,0,0,0,0,1,0,0,0,0,0,0,Matches
987,Andrea Ghion,it ITA,MF,Sassuolo,it Serie A,25,2000,1,0,10,0.1,0,0,0,0,0,0,0,0,0,0,0,0,0,Matches
988,Dimitris Giannoulis,gr GRE,MF,Augsburg,de Bundesliga,29,1995,27,25,"1,888",21,2,5,7,2,0,0,8,0,0.1,0.24,0.33,0.1,0.33,Matches
989,Morgan Gibbs-White,eng ENG,MF,Nottingham,eng Premier League,25,2000,37,35,"3,097",34.4,15,4,19,14,1,1,1,0,0.44,0.12,0.55,0.41,0.52,Matches
990,Bryan Gil,es ESP,"MF,FW",Girona,es La Liga,24,2001,29,20,"1,578",17.5,0,3,3,0,0,0,6,0,0,0.17,0.17,0,0.17,Matches
991,Mario Gila,es ESP,DF,Lazio,it Serie A,24,2000,31,31,"2,472",27.5,0,0,0,0,0,0,4,1,0,0,0,0,0,Matches
992,Billy Gilmour,sct SCO,MF,Napoli,it Serie A,24,2001,17,8,805,8.9,1,0,1,1,0,0,1,0,0.11,0,0.11,0.11,0.11,Matches
993,Benedikt Gimber,de GER,DF,Heidenheim,de Bundesliga,28,1997,21,18,"1,436",16,0,0,0,0,0,0,6,0,0,0,0,0,0,Matches
994,Santiago Giménez,mx MEX,FW,Milan,it Serie A,24,2001,16,11,892,9.9,0,1,1,0,0,0,2,0,0,0.1,0.1,0,0.1,Matches
995,Gvidas Gineitis,lt LTU,MF,Torino,it Serie A,21,2004,29,23,"1,756",19.5,0,1,1,0,0,0,5,0,0,0.05,0.05,0,0.05,Matches
996,Matthias Ginter,de GER,DF,Freiburg,de Bundesliga,31,1994,32,32,"2,833",31.5,3,3,6,3,0,0,3,0,0.1,0.1,0.19,0.1,0.19,Matches
997,Giovane,br BRA,"FW,MF",Hellas Verona,it Serie A,21,2003,21,19,"1,533",17,3,4,7,3,0,0,2,0,0.18,0.23,0.41,0.18,0.41,Matches
998,Giovane,br BRA,"MF,FW",Napoli,it Serie A,21,2003,12,2,338,3.8,0,1,1,0,0,0,0,0,0,0.27,0.27,0,0.27,Matches
999,Olivier Giroud,fr FRA,FW,Lille,fr Ligue 1,38,1986,30,17,"1,609",17.9,7,1,8,4,3,4,2,0,0.39,0.06,0.45,0.22,0.28,Matches
1000,Jamie Gittens,eng ENG,MF,Chelsea,eng Premier League,20,2004,16,5,495,5.5,0,2,2,0,0,0,0,0,0,0.36,0.36,0,0.36,Matches
Rk,Player,Nation,Pos,Squad,Comp,Age,Born,MP,Starts,Min,90s,Gls,Ast,G+A,G-PK,PK,PKatt,CrdY,CrdR,Gls,Ast,G+A,G-PK,G+A-PK,Matches
1001,Robert Glatzel,de GER,FW,Hamburger SV,de Bundesliga,31,1994,19,7,612,6.8,3,2,5,2,1,1,0,0,0.44,0.29,0.74,0.29,0.59,Matches
1002,Serge Gnabry,de GER,MF,Bayern Munich,de Bundesliga,30,1995,21,16,"1,219",13.5,8,6,14,8,0,0,1,0,0.59,0.44,1.03,0.59,1.03,Matches
1003,Wilfried Gnonto,it ITA,FW,Leeds United,eng Premier League,21,2003,23,4,537,6,0,1,1,0,0,0,3,0,0,0.17,0.17,0,0.17,Matches
1004,Giorgi Gocholeishvili,ge GEO,MF,Hamburger SV,de Bundesliga,24,2001,24,9,940,10.4,0,2,2,0,0,0,3,1,0,0.19,0.19,0,0.19,Matches
1005,Martial Godo,ci CIV,MF,Strasbourg,fr Ligue 1,22,2003,28,18,"1,584",17.6,10,1,11,10,0,0,2,0,0.57,0.06,0.62,0.57,0.62,Matches
1006,Maxima Goffi,fr FRA,DF,Lille,fr Ligue 1,17,2008,1,0,39,0.4,0,0,0,0,0,0,0,0,0,0,0,0,0,Matches
1007,Saba Goglichidze,ge GEO,DF,Udinese,it Serie A,21,2004,8,4,424,4.7,0,0,0,0,0,0,2,0,0,0,0,0,0,Matches
1008,Edoardo Goldaniga,it ITA,DF,Como,it Serie A,31,1993,2,0,15,0.2,0,0,0,0,0,0,0,0,0,0,0,0,0,Matches
1009,Aleksandr Golovin,ru RUS,MF,Monaco,fr Ligue 1,29,1996,25,21,"1,649",18.3,5,5,10,5,0,0,4,1,0.27,0.27,0.55,0.27,0.55,Matches
1010,André Gomes,pt POR,MF,Lille,fr Ligue 1,32,1993,2,0,8,0.1,0,0,0,0,0,0,0,0,0,0,0,0,0,Matches
1011,Angel Gomes,eng ENG,MF,Marseille,fr Ligue 1,24,2000,14,12,888,9.9,3,0,3,3,0,0,4,0,0.3,0,0.3,0.3,0.3,Matches
1012,Angel Gomes,eng ENG,"MF,FW",Wolves,eng Premier League,24,2000,12,7,461,5.1,0,0,0,0,0,0,1,0,0,0,0,0,0,Matches
1013,João Gomes,br BRA,MF,Wolves,eng Premier League,24,2001,35,32,"2,829",31.4,1,1,2,1,0,0,10,0,0.03,0.03,0.06,0.03,0.06,Matches
1014,Rodrigo Gomes,pt POR,"MF,FW",Wolves,eng Premier League,22,2003,22,9,960,10.7,3,0,3,3,0,0,0,0,0.28,0,0.28,0.28,0.28,Matches
1015,Toti Gomes,pt POR,DF,Wolves,eng Premier League,26,1999,19,17,"1,424",15.8,0,0,0,0,0,0,2,1,0,0,0,0,0,Matches
1016,Diego Gómez,py PAR,"MF,FW",Brighton,eng Premier League,22,2003,32,26,"2,120",23.6,5,1,6,5,0,0,9,0,0.21,0.04,0.25,0.21,0.25,Matches
1017,Joe Gomez,eng ENG,DF,Liverpool,eng Premier League,28,1997,21,7,607,6.7,0,2,2,0,0,0,4,0,0,0.3,0.3,0,0.3,Matches
1018,Moi Gómez,es ESP,MF,Osasuna,es La Liga,31,1994,26,12,"1,201",13.3,0,2,2,0,0,0,3,0,0,0.15,0.15,0,0.15,Matches
1019,Sergio Gómez,es ESP,DF,Real Sociedad,es La Liga,24,2000,35,30,"2,701",30,0,6,6,0,0,0,5,1,0,0.2,0.2,0,0.2,Matches
1020,Unai Gómez,es ESP,MF,Athletic Club,es La Liga,22,2003,26,12,936,10.4,1,1,2,1,0,0,1,0,0.1,0.1,0.19,0.1,0.19,Matches
1021,Valentín Gómez,ar ARG,DF,Real Betis,es La Liga,22,2003,28,19,"1,882",20.9,1,0,1,1,0,0,5,0,0.05,0,0.05,0.05,0.05,Matches
1022,Georges Gomis,sn SEN,DF,Le Havre,fr Ligue 1,17,2008,1,0,1,0,0,0,0,0,0,0,0,0,0,0,0,0,0,Matches
1023,Tidiam Gomis,fr FRA,FW,RB Leipzig,de Bundesliga,18,2006,18,2,348,3.9,1,0,1,1,0,0,1,0,0.26,0,0.26,0.26,0.26,Matches
1024,Rafael Gonçalves,pt POR,"MF,DF",Strasbourg,fr Ligue 1,20,2005,12,6,588,6.5,0,1,1,0,0,0,0,0,0,0.15,0.15,0,0.15,Matches
1025,Hugo González,es ESP,FW,Celta Vigo,es La Liga,22,2003,1,0,8,0.1,0,0,0,0,0,0,0,0,0,0,0,0,0,Matches
Rk,Player,Nation,Pos,Squad,Comp,Age,Born,MP,Starts,Min,90s,Gls,Ast,G+A,G-PK,PK,PKatt,CrdY,CrdR,Gls,Ast,G+A,G-PK,G+A-PK,Matches
1026,Nicolás González,es ESP,MF,Manchester City,eng Premier League,23,2002,25,17,"1,569",17.4,1,0,1,1,0,0,6,0,0.06,0,0.06,0.06,0.06,Matches
1027,Nicolás González,ar ARG,"MF,DF",Atlético Madrid,es La Liga,27,1998,24,18,"1,448",16.1,5,0,5,5,0,0,4,1,0.31,0,0.31,0.31,0.31,Matches
1028,Nicolás González,ar ARG,"FW,MF",Juventus,it Serie A,27,1998,2,0,19,0.2,0,0,0,0,0,0,0,0,0,0,0,0,0,Matches
1029,Urko González,es ESP,MF,Espanyol,es La Liga,24,2001,35,28,"2,623",29.1,0,1,1,0,0,0,7,0,0,0.03,0.03,0,0.03,Matches
1030,Urko González,es ESP,"DF,MF",Real Sociedad,es La Liga,24,2001,1,0,11,0.1,0,0,0,0,0,0,0,0,0,0,0,0,0,Matches
1031,Anthony Gordon,eng ENG,FW,Newcastle,eng Premier League,24,2001,26,24,"1,795",19.9,6,2,8,3,3,3,3,1,0.3,0.1,0.4,0.15,0.25,Matches
1032,Leon Goretzka,de GER,MF,Bayern Munich,de Bundesliga,30,1995,31,25,"1,947",21.6,5,3,8,5,0,0,4,0,0.23,0.14,0.37,0.23,0.37,Matches
1033,Mathieu Gorgelin,fr FRA,GK,Lens,fr Ligue 1,34,1990,1,1,90,1,0,0,0,0,0,0,0,0,0,0,0,0,0,Matches
1034,Andoni Gorosabel,es ESP,DF,Athletic Club,es La Liga,28,1996,24,15,"1,360",15.1,0,1,1,0,0,0,3,0,0,0.07,0.07,0,0.07,Matches
1035,Jon Gorrotxategi,es ESP,MF,Real Sociedad,es La Liga,23,2002,30,26,"2,210",24.6,1,3,4,1,0,0,7,0,0.04,0.12,0.16,0.04,0.16,Matches
1036,Olaf Gorter,nl NED,MF,Lecce,it Serie A,20,2005,2,0,28,0.3,0,0,0,0,0,0,0,0,0,0,0,0,0,Matches
1037,Alimami Gory,ml MLI,"MF,DF",Paris FC,fr Ligue 1,28,1996,24,9,982,10.9,5,1,6,5,0,0,3,0,0.46,0.09,0.55,0.46,0.55,Matches
1038,Robin Gosens,de GER,"DF,MF",Fiorentina,it Serie A,31,1994,26,24,"1,881",20.9,3,1,4,3,0,0,2,0,0.14,0.05,0.19,0.14,0.19,Matches
1039,Mikel Goti,es ESP,MF,Real Sociedad,es La Liga,23,2002,4,1,76,0.8,0,0,0,0,0,0,0,0,0,0,0,0,0,Matches
1040,Mario Götze,de GER,MF,Frankfurt,de Bundesliga,33,1992,21,8,886,9.8,0,0,0,0,0,0,1,0,0,0,0,0,0,Matches
1041,Amine Gouiri,dz ALG,"FW,MF",Marseille,fr Ligue 1,25,2000,22,15,"1,326",14.7,8,3,11,8,0,0,1,0,0.54,0.2,0.75,0.54,0.75,Matches
1042,Lucas Gourna-Douath,fr FRA,MF,Le Havre,fr Ligue 1,21,2003,15,14,"1,272",14.1,0,0,0,0,0,0,5,0,0,0,0,0,0,Matches
1043,Tiago Gouveia,pt POR,MF,Nice,fr Ligue 1,24,2001,15,5,532,5.9,0,0,0,0,0,0,3,0,0,0,0,0,0,Matches
1044,Jeffrey Gouweleeuw,nl NED,DF,Augsburg,de Bundesliga,34,1991,11,10,848,9.4,0,1,1,0,0,0,3,0,0,0.11,0.11,0,0.11,Matches
1045,Kamil Grabara,pl POL,GK,Wolfsburg,de Bundesliga,26,1999,34,34,"3,060",34,0,0,0,0,0,0,1,0,0,0,0,0,0,Matches
1046,Jonathan Gradit,fr FRA,DF,Lens,fr Ligue 1,32,1992,10,10,807,9,0,0,0,0,0,0,2,1,0,0,0,0,0,Matches
1047,Alberto Grassi,it ITA,MF,Cremonese,it Serie A,30,1995,30,18,"1,753",19.5,0,0,0,0,0,0,4,1,0,0,0,0,0,Matches
1048,Ryan Gravenberch,nl NED,MF,Liverpool,eng Premier League,23,2002,36,34,"2,992",33.2,5,3,8,5,0,0,5,0,0.15,0.09,0.24,0.15,0.24,Matches
1049,Archie Gray,eng ENG,"MF,DF",Tottenham,eng Premier League,19,2006,24,18,"1,478",16.4,2,2,4,2,0,0,5,0,0.12,0.12,0.24,0.12,0.24,Matches
1050,Jack Grealish,eng ENG,MF,Everton,eng Premier League,29,1995,20,18,"1,627",18.1,2,6,8,2,0,0,5,1,0.11,0.33,0.44,0.11,0.44,Matches
Rk,Player,Nation,Pos,Squad,Comp,Age,Born,MP,Starts,Min,90s,Gls,Ast,G+A,G-PK,PK,PKatt,CrdY,CrdR,Gls,Ast,G+A,G-PK,G+A-PK,Matches
1051,Mason Greenwood,eng ENG,MF,Marseille,fr Ligue 1,23,2001,32,29,"2,462",27.4,16,7,23,10,6,8,4,0,0.58,0.26,0.84,0.37,0.62,Matches
1052,Michael Gregoritsch,at AUT,FW,Augsburg,de Bundesliga,31,1994,17,11,913,10.1,6,2,8,5,1,1,2,0,0.59,0.2,0.79,0.49,0.69,Matches
1053,Dominik Greif,sk SVK,GK,Lyon,fr Ligue 1,28,1997,29,29,"2,610",29,0,1,1,0,0,0,1,0,0,0.03,0.03,0,0.03,Matches
1054,Antoine Griezmann,fr FRA,FW,Atlético Madrid,es La Liga,34,1991,34,13,"1,481",16.5,7,4,11,7,0,0,1,0,0.43,0.24,0.67,0.43,0.67,Matches
1055,Vincenzo Grifo,it ITA,MF,Freiburg,de Bundesliga,32,1993,33,21,"1,710",19,7,4,11,3,4,4,0,0,0.37,0.21,0.58,0.16,0.37,Matches
1056,Álex Grimaldo,es ESP,MF,Leverkusen,de Bundesliga,29,1995,29,29,"2,521",28,8,7,15,5,3,3,5,0,0.29,0.25,0.54,0.18,0.43,Matches
1057,Pascal Groß,de GER,MF,Dortmund,de Bundesliga,34,1991,11,7,613,6.8,0,1,1,0,0,0,0,0,0,0.15,0.15,0,0.15,Matches
1058,Pascal Groß,de GER,MF,Brighton,eng Premier League,34,1991,19,18,"1,636",18.2,1,3,4,1,0,0,2,0,0.06,0.17,0.22,0.06,0.22,Matches
1059,Jacopo Grossi,it ITA,MF,Genoa,it Serie A,18,2006,1,0,22,0.2,0,0,0,0,0,0,0,0,0,0,0,0,0,Matches
1060,Brajan Gruda,de GER,"MF,FW",RB Leipzig,de Bundesliga,21,2004,13,8,753,8.4,3,3,6,3,0,0,1,0,0.36,0.36,0.72,0.36,0.72,Matches
1061,Brajan Gruda,de GER,MF,Brighton,eng Premier League,21,2004,18,8,719,8,1,1,2,1,0,0,2,0,0.13,0.13,0.25,0.13,0.25,Matches
1062,Ilia Gruev,bg BUL,MF,Leeds United,eng Premier League,25,2000,23,15,"1,323",14.7,0,3,3,0,0,0,3,0,0,0.2,0.2,0,0.2,Matches
1063,Marco Grüll,at AUT,"MF,FW",Werder Bremen,de Bundesliga,27,1998,33,23,"2,006",22.3,3,1,4,3,0,0,5,0,0.13,0.04,0.18,0.13,0.18,Matches
1064,Albert Grønbaek,dk DEN,MF,Hamburger SV,de Bundesliga,24,2001,7,6,492,5.5,1,2,3,1,0,0,0,0,0.18,0.37,0.55,0.18,0.55,Matches
1065,Albert Grønbaek,dk DEN,MF,Genoa,it Serie A,24,2001,4,1,103,1.1,0,0,0,0,0,0,1,0,0,0,0,0,0,Matches
1066,Nemanja Gudelj,rs SRB,"DF,MF",Sevilla,es La Liga,33,1991,34,26,"2,348",26.1,2,0,2,2,0,0,9,0,0.08,0,0.08,0.08,0.08,Matches
1067,Gabriel Gudmundsson,se SWE,"DF,MF",Leeds United,eng Premier League,26,1999,32,31,"2,631",29.2,0,0,0,0,0,0,6,1,0,0,0,0,0,Matches
1068,Gonçalo Guedes,pt POR,MF,Real Sociedad,es La Liga,28,1996,32,22,"1,823",20.3,8,4,12,8,0,0,3,0,0.39,0.2,0.59,0.39,0.59,Matches
1069,Marc Guéhi,eng ENG,DF,Crystal Palace,eng Premier League,25,2000,20,20,"1,800",20,2,2,4,2,0,0,4,0,0.1,0.1,0.2,0.1,0.2,Matches
1070,Marc Guéhi,eng ENG,DF,Manchester City,eng Premier League,25,2000,15,15,"1,350",15,1,1,2,1,0,0,2,0,0.07,0.07,0.13,0.07,0.13,Matches
1071,Mattéo Guendouzi,fr FRA,MF,Lazio,it Serie A,26,1999,16,16,"1,428",15.9,2,1,3,2,0,0,5,1,0.13,0.06,0.19,0.13,0.19,Matches
1072,Javier Guerra,es ESP,"MF,FW",Valencia,es La Liga,22,2003,36,25,"2,061",22.9,4,6,10,4,0,0,3,0,0.17,0.26,0.44,0.17,0.44,Matches
1073,Raphaël Guerreiro,pt POR,MF,Bayern Munich,de Bundesliga,31,1993,18,8,784,8.7,5,2,7,5,0,0,0,0,0.57,0.23,0.8,0.57,0.8,Matches
1074,Daniel Guerrero,es ESP,MF,Real Betis,es La Liga,20,2005,1,0,1,0,0,0,0,0,0,0,0,0,0,0,0,0,0,Matches
1075,Ismaël Guerti,fr FRA,FW,Metz,fr Ligue 1,21,2004,3,0,27,0.3,0,0,0,0,0,0,0,0,0,0,0,0,0,Matches
Rk,Player,Nation,Pos,Squad,Comp,Age,Born,MP,Starts,Min,90s,Gls,Ast,G+A,G-PK,PK,PKatt,CrdY,CrdR,Gls,Ast,G+A,G-PK,G+A-PK,Matches
1076,Evann Guessand,ci CIV,MF,Crystal Palace,eng Premier League,24,2001,8,3,330,3.7,1,1,2,1,0,0,0,0,0.27,0.27,0.55,0.27,0.55,Matches
1077,Evann Guessand,ci CIV,MF,Aston Villa,eng Premier League,24,2001,13,6,588,6.5,0,1,1,0,0,0,0,0,0,0.15,0.15,0,0.15,Matches
1078,Ander Guevara,es ESP,MF,Alavés,es La Liga,28,1997,25,2,654,7.3,1,1,2,1,0,0,4,1,0.14,0.14,0.28,0.14,0.28,Matches
1079,Idrissa Gueye,sn SEN,MF,Everton,eng Premier League,35,1989,25,25,"2,093",23.3,2,3,5,2,0,0,1,1,0.09,0.13,0.22,0.09,0.22,Matches
1080,Idrissa Guèye,sn SEN,FW,Udinese,it Serie A,18,2006,19,1,421,4.7,1,0,1,1,0,0,2,0,0.21,0,0.21,0.21,0.21,Matches
1081,Idrissa Guèye,sn SEN,FW,Metz,fr Ligue 1,18,2006,3,1,132,1.5,0,0,0,0,0,0,0,0,0,0,0,0,0,Matches
1082,Pape Gueye,sn SEN,MF,Villarreal,es La Liga,26,1999,30,26,"2,131",23.7,5,2,7,4,1,1,8,0,0.21,0.08,0.3,0.17,0.25,Matches
1083,Morgan Guilavogui,gn GUI,MF,Lens,fr Ligue 1,27,1998,16,3,491,5.5,1,0,1,1,0,0,3,1,0.18,0,0.18,0.18,0.18,Matches
1084,Frederic Guilbert,fr FRA,"DF,MF",Nantes,fr Ligue 1,30,1994,8,7,607,6.7,0,0,0,0,0,0,1,0,0,0,0,0,0,Matches
1085,Luis Guilherme,br BRA,FW,West Ham,eng Premier League,19,2006,5,1,125,1.4,0,0,0,0,0,0,0,0,0,0,0,0,0,Matches
1086,Bruno Guimarães,br BRA,MF,Newcastle,eng Premier League,27,1997,29,27,"2,453",27.3,9,5,14,7,2,2,6,0,0.33,0.18,0.51,0.26,0.44,Matches
1087,Daouda Guindo,ml MLI,DF,Brest,fr Ligue 1,22,2002,25,19,"1,686",18.7,1,1,2,1,0,0,4,1,0.05,0.05,0.11,0.05,0.11,Matches
1088,Bahereba Guirassy,fr FRA,"FW,MF",Nantes,fr Ligue 1,18,2006,20,9,821,9.1,2,1,3,2,0,0,2,0,0.22,0.11,0.33,0.22,0.33,Matches
1089,Serhou Guirassy,gn GUI,FW,Dortmund,de Bundesliga,29,1996,33,27,"2,337",26,17,1,18,16,1,3,3,0,0.65,0.04,0.69,0.62,0.65,Matches
1090,Marc Guiu,es ESP,FW,Sunderland,eng Premier League,19,2006,2,0,15,0.2,0,0,0,0,0,0,0,0,0,0,0,0,0,Matches
1091,Marc Guiu,es ESP,FW,Chelsea,eng Premier League,19,2006,8,1,257,2.9,0,1,1,0,0,0,1,0,0,0.35,0.35,0,0.35,Matches
1092,Péter Gulácsi,hu HUN,GK,RB Leipzig,de Bundesliga,35,1990,23,23,"2,008",22.3,0,0,0,0,0,0,1,0,0,0,0,0,0,Matches
1093,Arda Güler,tr TUR,MF,Real Madrid,es La Liga,20,2005,33,25,"2,014",22.4,4,9,13,4,0,0,1,0,0.18,0.4,0.58,0.18,0.58,Matches
1094,Gerard Gumbau,es ESP,MF,Rayo Vallecano,es La Liga,30,1994,28,14,"1,175",13.1,0,3,3,0,0,0,4,0,0,0.23,0.23,0,0.23,Matches
1095,Angus Gunn,sct SCO,GK,Nottingham,eng Premier League,29,1996,1,0,45,0.5,0,0,0,0,0,0,0,0,0,0,0,0,0,Matches
1096,Christian Günter,de GER,DF,Freiburg,de Bundesliga,32,1993,24,18,"1,547",17.2,0,3,3,0,0,0,3,0,0,0.17,0.17,0,0.17,Matches
1097,Jon Guridi,es ESP,"MF,FW",Alavés,es La Liga,30,1995,28,15,"1,238",13.8,0,0,0,0,0,0,1,0,0,0,0,0,0,Matches
1098,Gorka Guruzeta,es ESP,FW,Athletic Club,es La Liga,28,1996,35,28,"2,363",26.3,10,3,13,9,1,1,6,1,0.38,0.11,0.5,0.34,0.46,Matches
1099,Malo Gusto,fr FRA,"DF,MF",Chelsea,eng Premier League,22,2003,34,26,"2,261",25.1,2,3,5,2,0,0,5,1,0.08,0.12,0.2,0.08,0.2,Matches
1100,Linus Güther,de GER,MF,Union Berlin,de Bundesliga,15,2010,1,0,7,0.1,0,0,0,0,0,0,1,0,0,0,0,0,0,Matches
Rk,Player,Nation,Pos,Squad,Comp,Age,Born,MP,Starts,Min,90s,Gls,Ast,G+A,G-PK,PK,PKatt,CrdY,CrdR,Gls,Ast,G+A,G-PK,G+A-PK,Matches
1101,Miguel Gutiérrez,es ESP,"MF,DF",Napoli,it Serie A,24,2001,28,15,"1,488",16.5,1,1,2,1,0,0,0,0,0.06,0.06,0.12,0.06,0.12,Matches
1102,Albert Guðmundsson,is ISL,"FW,MF",Fiorentina,it Serie A,28,1997,33,27,"2,250",25,5,4,9,2,3,3,4,1,0.2,0.16,0.36,0.08,0.24,Matches
1103,Joško Gvardiol,hr CRO,DF,Manchester City,eng Premier League,23,2002,18,16,"1,372",15.2,2,2,4,2,0,0,2,0,0.13,0.13,0.26,0.13,0.26,Matches
1104,Viktor Gyökeres,se SWE,FW,Arsenal,eng Premier League,27,1998,36,26,"2,224",24.7,14,1,15,11,3,3,5,0,0.57,0.04,0.61,0.45,0.49,Matches
1105,Erling Haaland,no NOR,FW,Manchester City,eng Premier League,25,2000,35,34,"2,953",32.8,27,8,35,24,3,4,2,0,0.82,0.24,1.07,0.73,0.98,Matches
1106,Janik Haberer,de GER,MF,Union Berlin,de Bundesliga,31,1994,28,20,"1,646",18.3,0,1,1,0,0,0,8,0,0,0.05,0.05,0,0.05,Matches
1107,Robin Hack,de GER,MF,Gladbach,de Bundesliga,26,1998,8,3,320,3.6,1,0,1,1,0,0,1,0,0.28,0,0.28,0.28,0.28,Matches
1108,Amadou Haidara,ml MLI,MF,Lens,fr Ligue 1,27,1998,7,2,259,2.9,1,1,2,1,0,0,0,0,0.35,0.35,0.69,0.35,0.69,Matches
1109,Albian Hajdari,xk KVX,DF,Hoffenheim,de Bundesliga,22,2003,30,28,"2,434",27,1,2,3,1,0,0,10,0,0.04,0.07,0.11,0.04,0.11,Matches
1110,Achraf Hakimi,ma MAR,DF,PSG,fr Ligue 1,26,1998,18,15,"1,375",15.3,2,2,4,2,0,0,3,1,0.13,0.13,0.26,0.13,0.26,Matches
1111,Lewis Hall,eng ENG,DF,Newcastle,eng Premier League,20,2004,30,24,"2,181",24.2,1,1,2,1,0,0,4,0,0.04,0.04,0.08,0.04,0.08,Matches
1112,Adil Hamdani,fr FRA,MF,Lyon,fr Ligue 1,16,2009,4,0,27,0.3,0,0,0,0,0,0,0,0,0,0,0,0,0,Matches
1113,Pierre-Yves Hamel,fr FRA,FW,Paris FC,fr Ligue 1,31,1994,2,1,78,0.9,0,0,0,0,0,0,0,0,0,0,0,0,0,Matches
1114,Hilan Hamzaoui,fr FRA,DF,Marseille,fr Ligue 1,19,2006,1,0,3,0,0,0,0,0,0,0,0,0,0,0,0,0,0,Matches
1115,Andreas Hanche-Olsen,no NOR,DF,Mainz 05,de Bundesliga,28,1997,13,8,851,9.5,0,1,1,0,0,0,3,0,0,0.11,0.11,0,0.11,Matches
1116,Dávid Hancko,sk SVK,DF,Atlético Madrid,es La Liga,27,1997,30,27,"2,432",27,0,2,2,0,0,0,2,0,0,0.07,0.07,0,0.07,Matches
1117,Florent Hanin,dz ALG,"DF,MF",Angers,fr Ligue 1,35,1990,25,9,865,9.6,0,0,0,0,0,0,0,0,0,0,0,0,0,Matches
1118,Isak Hansen-Aarøen,no NOR,MF,Werder Bremen,de Bundesliga,20,2004,1,0,2,0,0,0,0,0,0,0,0,0,0,0,0,0,0,Matches
1119,Taichi Hara,jp JPN,FW,St Pauli,de Bundesliga,26,1999,4,0,27,0.3,0,0,0,0,0,0,0,0,0,0,0,0,0,Matches
1120,Hákon Haraldsson,is ISL,MF,Lille,fr Ligue 1,22,2003,32,29,"2,460",27.3,8,2,10,8,0,0,6,0,0.29,0.07,0.37,0.29,0.37,Matches
1121,Conrad Harder,dk DEN,FW,RB Leipzig,de Bundesliga,20,2005,29,8,932,10.4,3,3,6,3,0,0,3,0,0.29,0.29,0.58,0.29,0.58,Matches
1122,Jack Harrison,eng ENG,"FW,MF",Fiorentina,it Serie A,28,1996,15,10,981,10.9,1,3,4,1,0,0,1,0,0.09,0.28,0.37,0.09,0.37,Matches
1123,Jack Harrison,eng ENG,FW,Leeds United,eng Premier League,28,1996,11,1,269,3,0,0,0,0,0,0,0,0,0,0,0,0,0,Matches
1124,Abdou Harroui,nl NED,MF,Hellas Verona,it Serie A,27,1998,23,11,907,10.1,1,0,1,0,1,1,3,0,0.1,0,0.1,0,0,Matches
1125,Quilindschy Hartman,nl NED,DF,Burnley,eng Premier League,23,2001,21,21,"1,825",20.3,0,5,5,0,0,0,1,0,0,0.25,0.25,0,0.25,Matches
Rk,Player,Nation,Pos,Squad,Comp,Age,Born,MP,Starts,Min,90s,Gls,Ast,G+A,G-PK,PK,PKatt,CrdY,CrdR,Gls,Ast,G+A,G-PK,G+A-PK,Matches
1126,Haissem Hassan,eg EGY,"MF,FW",Oviedo,es La Liga,23,2002,37,20,"1,942",21.6,0,3,3,0,0,0,1,0,0,0.14,0.14,0,0.14,Matches
1127,Hans Hateboer,nl NED,"DF,MF",Rennes,fr Ligue 1,31,1994,1,0,22,0.2,0,0,0,0,0,0,0,0,0,0,0,0,0,Matches
1128,Hans Hateboer,nl NED,"DF,MF",Lyon,fr Ligue 1,31,1994,15,8,740,8.2,0,0,0,0,0,0,0,1,0,0,0,0,0,Matches
1129,Jorrel Hato,nl NED,DF,Chelsea,eng Premier League,19,2006,22,12,"1,148",12.8,0,0,0,0,0,0,7,0,0,0,0,0,0,Matches
1130,Kjetil Haug,no NOR,GK,Toulouse,fr Ligue 1,27,1998,1,0,31,0.3,0,0,0,0,0,0,0,0,0,0,0,0,0,Matches
1131,Kai Havertz,de GER,"FW,MF",Arsenal,eng Premier League,26,1999,12,7,581,6.5,2,3,5,2,0,0,1,0,0.31,0.46,0.77,0.31,0.77,Matches
1132,Ayden Heaven,eng ENG,DF,Manchester Utd,eng Premier League,18,2006,17,11,924,10.3,0,1,1,0,0,0,2,0,0,0.1,0.1,0,0.1,Matches
1133,Jan Paul van Hecke,nl NED,DF,Brighton,eng Premier League,25,2000,36,36,"3,210",35.7,3,3,6,3,0,0,9,0,0.08,0.08,0.17,0.08,0.17,Matches
1134,Hwang Hee-chan,kr KOR,"FW,MF",Wolves,eng Premier League,29,1996,26,18,"1,446",16.1,2,2,4,1,1,1,5,0,0.12,0.12,0.25,0.06,0.19,Matches
1135,Torbjørn Heggem,no NOR,DF,Bologna,it Serie A,26,1999,27,23,"2,113",23.5,0,0,0,0,0,0,0,1,0,0,0,0,0,Matches
1136,Gauthier Hein,fr FRA,"MF,FW",Metz,fr Ligue 1,28,1996,29,26,"2,351",26.1,8,7,15,3,5,5,3,1,0.31,0.27,0.57,0.11,0.38,Matches
1137,Dominique Heintz,de GER,DF,Köln,de Bundesliga,31,1993,9,5,382,4.2,0,0,0,0,0,0,0,0,0,0,0,0,0,Matches
1138,Eivind Helland,no NOR,DF,Bologna,it Serie A,20,2005,6,6,484,5.4,0,0,0,0,0,0,2,0,0,0,0,0,0,Matches
1139,George Hemmings,eng ENG,MF,Aston Villa,eng Premier League,18,2007,2,0,27,0.3,0,0,0,0,0,0,0,0,0,0,0,0,0,Matches
1140,Dean Henderson,eng ENG,GK,Crystal Palace,eng Premier League,28,1997,37,37,"3,330",37,0,0,0,0,0,0,5,0,0,0,0,0,0,Matches
1141,Jordan Henderson,eng ENG,MF,Brentford,eng Premier League,35,1990,32,22,"1,919",21.3,1,3,4,1,0,0,6,0,0.05,0.14,0.19,0.05,0.19,Matches
1142,Ramon Hendriks,nl NED,DF,Stuttgart,de Bundesliga,24,2001,31,22,"2,025",22.5,0,3,3,0,0,0,3,0,0,0.13,0.13,0,0.13,Matches
1143,Benjamin Henrichs,de GER,DF,RB Leipzig,de Bundesliga,28,1997,17,3,305,3.4,1,0,1,1,0,0,0,0,0.3,0,0.3,0.3,0.3,Matches
1144,Caio Henrique,br BRA,"DF,MF",Monaco,fr Ligue 1,28,1997,22,17,"1,536",17.1,0,2,2,0,0,0,2,0,0,0.12,0.12,0,0.12,Matches
1145,Luis Henrique,br BRA,MF,Inter,it Serie A,23,2001,30,18,"1,624",18,1,2,3,1,0,0,1,0,0.06,0.11,0.17,0.06,0.17,Matches
1146,Rico Henry,jm JAM,DF,Brentford,eng Premier League,28,1997,25,14,"1,328",14.8,0,1,1,0,0,0,2,0,0,0.07,0.07,0,0.07,Matches
1147,Pharell Hensel,de GER,MF,Wolfsburg,de Bundesliga,18,2007,5,1,69,0.8,0,0,0,0,0,0,0,0,0,0,0,0,0,Matches
1148,Mads Hermansen,dk DEN,GK,West Ham,eng Premier League,25,2000,18,18,"1,620",18,0,1,1,0,0,0,0,0,0,0.06,0.06,0,0.06,Matches
1149,Mario Hermoso,es ESP,DF,Roma,it Serie A,30,1995,27,25,"2,085",23.2,3,2,5,3,0,0,9,0,0.13,0.09,0.22,0.13,0.22,Matches
1150,Lucas Hernández,fr FRA,DF,PSG,fr Ligue 1,29,1996,25,20,"1,747",19.4,0,3,3,0,0,0,4,0,0,0.15,0.15,0,0.15,Matches
Rk,Player,Nation,Pos,Squad,Comp,Age,Born,MP,Starts,Min,90s,Gls,Ast,G+A,G-PK,PK,PKatt,CrdY,CrdR,Gls,Ast,G+A,G-PK,G+A-PK,Matches
1151,Hernani,br BRA,MF,Parma,it Serie A,31,1994,4,0,73,0.8,0,0,0,0,0,0,0,0,0,0,0,0,0,Matches
1152,Jorge Herrando,es ESP,DF,Osasuna,es La Liga,24,2001,28,17,"1,600",17.8,0,1,1,0,0,0,3,0,0,0.06,0.06,0,0.06,Matches
1153,Sergio Herrera,es ESP,GK,Osasuna,es La Liga,32,1993,37,37,"3,284",36.5,0,0,0,0,0,0,3,1,0,0,0,0,0,Matches
1154,Yangel Herrera,ve VEN,MF,Girona,es La Liga,27,1998,2,2,110,1.2,0,0,0,0,0,0,0,0,0,0,0,0,0,Matches
1155,Yangel Herrera,ve VEN,MF,Real Sociedad,es La Liga,27,1998,12,6,526,5.8,0,0,0,0,0,0,2,0,0,0,0,0,0,Matches
1156,Charles Herrmann,de GER,FW,Gladbach,de Bundesliga,19,2006,1,0,5,0.1,0,1,1,0,0,0,0,0,0,18,18,0,18,Matches
1157,Daniel Heuer Fernandes,pt POR,GK,Hamburger SV,de Bundesliga,32,1992,33,33,"2,970",33,0,0,0,0,0,0,3,0,0,0,0,0,0,Matches
1158,Aaron Hickey,sct SCO,"DF,MF",Brentford,eng Premier League,23,2002,21,8,691,7.7,0,0,0,0,0,0,1,0,0,0,0,0,0,Matches
1159,Santiago Hidalgo,ar ARG,"MF,FW",Toulouse,fr Ligue 1,20,2005,28,14,"1,306",14.5,4,6,10,4,0,0,4,0,0.28,0.41,0.69,0.28,0.69,Matches
1160,Isak Hien,se SWE,DF,Atalanta,it Serie A,26,1999,28,20,"1,970",21.9,1,0,1,1,0,0,5,0,0.05,0,0.05,0.05,0.05,Matches
1161,Asier Hierro,es ESP,FW,Athletic Club,es La Liga,20,2005,1,0,34,0.4,0,0,0,0,0,0,0,0,0,0,0,0,0,Matches
1162,Omar El Hilali,ma MAR,DF,Espanyol,es La Liga,21,2003,36,32,"2,826",31.4,0,2,2,0,0,0,9,0,0,0.06,0.06,0,0.06,Matches
1163,James Hill,eng ENG,DF,Bournemouth,eng Premier League,23,2002,29,22,"2,106",23.4,0,3,3,0,0,0,5,0,0,0.13,0.13,0,0.13,Matches
1164,Rémi Himbert,fr FRA,FW,Lyon,fr Ligue 1,17,2008,6,1,131,1.5,1,0,1,1,0,0,0,0,0.69,0,0.69,0.69,0.69,Matches
1165,Piero Hincapié,ec ECU,DF,Arsenal,eng Premier League,23,2002,25,20,"1,792",19.9,1,2,3,1,0,0,2,0,0.05,0.1,0.15,0.05,0.15,Matches
1166,Piero Hincapié,ec ECU,DF,Leverkusen,de Bundesliga,23,2002,1,1,90,1,0,0,0,0,0,0,0,0,0,0,0,0,0,Matches
1167,Jack Hinshelwood,eng ENG,MF,Brighton,eng Premier League,20,2005,27,20,"1,741",19.3,4,3,7,4,0,0,0,0,0.21,0.16,0.36,0.21,0.36,Matches
1168,Adam Hložek,cz CZE,"FW,MF",Hoffenheim,de Bundesliga,23,2002,5,0,41,0.5,0,0,0,0,0,0,0,0,0,0,0,0,0,Matches
1169,Ki-Jana Hoever,nl NED,"MF,DF",Wolves,eng Premier League,23,2002,8,6,425,4.7,0,0,0,0,0,0,0,0,0,0,0,0,0,Matches
1170,Nicolas Höfler,de GER,MF,Freiburg,de Bundesliga,35,1990,13,2,291,3.2,0,0,0,0,0,0,0,0,0,0,0,0,0,Matches
1171,Jonas Hofmann,de GER,MF,Leverkusen,de Bundesliga,33,1992,23,11,"1,013",11.3,2,2,4,2,0,0,3,0,0.18,0.18,0.36,0.18,0.36,Matches
1172,Malthe Hojholt,dk DEN,MF,Pisa,it Serie A,24,2001,17,9,850,9.4,0,0,0,0,0,0,2,0,0,0,0,0,0,Matches
1173,Lucas Höler,de GER,"FW,MF",Freiburg,de Bundesliga,31,1994,33,25,"2,037",22.6,3,1,4,3,0,0,4,0,0.13,0.04,0.18,0.13,0.18,Matches
1174,Benedict Hollerbach,de GER,"FW,MF",Mainz 05,de Bundesliga,24,2001,14,13,872,9.7,1,3,4,1,0,0,0,0,0.1,0.31,0.41,0.1,0.41,Matches
1175,Emil Holm,se SWE,DF,Bologna,it Serie A,25,2000,11,8,655,7.3,1,4,5,1,0,0,3,1,0.14,0.55,0.69,0.14,0.69,Matches
Rk,Player,Nation,Pos,Squad,Comp,Age,Born,MP,Starts,Min,90s,Gls,Ast,G+A,G-PK,PK,PKatt,CrdY,CrdR,Gls,Ast,G+A,G-PK,G+A-PK,Matches
1176,Emil Holm,se SWE,MF,Juventus,it Serie A,25,2000,7,2,230,2.6,0,0,0,0,0,0,0,0,0,0,0,0,0,Matches
1177,Franck Honorat,fr FRA,"MF,FW",Gladbach,de Bundesliga,28,1996,28,24,"1,977",22,2,6,8,2,0,0,0,0,0.09,0.27,0.36,0.09,0.36,Matches
1178,Mathias Honsak,at AUT,"MF,FW",Heidenheim,de Bundesliga,28,1996,27,15,"1,249",13.9,2,1,3,2,0,0,1,0,0.14,0.07,0.22,0.14,0.22,Matches
1179,Ali Houary,ma MAR,MF,Elche,es La Liga,19,2005,2,2,123,1.4,0,0,0,0,0,0,0,0,0,0,0,0,0,Matches
1180,Andreas Hountondji,bj BEN,FW,St Pauli,de Bundesliga,23,2002,21,15,"1,067",11.9,4,0,4,4,0,1,2,0,0.34,0,0.34,0.34,0.34,Matches
1181,Harry Howell,eng ENG,MF,Brighton,eng Premier League,17,2008,3,1,94,1,0,0,0,0,0,0,0,0,0,0,0,0,0,Matches
1182,Lukáš Hrádecký,fi FIN,GK,Monaco,fr Ligue 1,35,1989,17,17,"1,439",16,0,0,0,0,0,0,1,0,0,0,0,0,0,Matches
1183,Robin Hranáč,cz CZE,DF,Hoffenheim,de Bundesliga,25,2000,29,26,"2,251",25,1,0,1,1,0,0,5,0,0.04,0,0.04,0.04,0.04,Matches
1184,Timo Hübers,de GER,DF,Köln,de Bundesliga,29,1996,8,8,675,7.5,0,0,0,0,0,0,0,0,0,0,0,0,0,Matches
1185,Callum Hudson-Odoi,eng ENG,MF,Nottingham,eng Premier League,24,2000,30,21,"1,841",20.5,3,4,7,3,0,0,0,0,0.15,0.2,0.34,0.15,0.34,Matches
1186,Will Hughes,eng ENG,MF,Crystal Palace,eng Premier League,30,1995,31,19,"1,571",17.5,0,0,0,0,0,0,7,0,0,0,0,0,0,Matches
1187,Dean Huijsen,es ESP,DF,Real Madrid,es La Liga,20,2005,28,24,"2,034",22.6,2,2,4,2,0,0,7,1,0.09,0.09,0.18,0.09,0.18,Matches
1188,Trai Hume,nir NIR,"DF,MF",Sunderland,eng Premier League,23,2002,38,34,"3,036",33.7,2,1,3,2,0,0,9,0,0.06,0.03,0.09,0.06,0.09,Matches
1189,Bashir Humphreys,eng ENG,"DF,MF",Burnley,eng Premier League,22,2003,20,17,"1,578",17.5,0,0,0,0,0,0,6,0,0,0,0,0,0,Matches
1190,Denis Huseinbasic,ba BIH,MF,Köln,de Bundesliga,24,2001,15,9,726,8.1,0,0,0,0,0,0,1,0,0,0,0,0,0,Matches
1191,Omari Hutchinson,eng ENG,MF,Nottingham,eng Premier League,21,2003,31,17,"1,688",18.8,1,5,6,1,0,0,1,0,0.05,0.27,0.32,0.05,0.32,Matches
1192,Kwon Hyeokkyu,kr KOR,MF,Nantes,fr Ligue 1,24,2001,12,9,753,8.4,0,0,0,0,0,0,2,0,0,0,0,0,0,Matches
1193,Elseid Hysaj,al ALB,DF,Lazio,it Serie A,31,1994,5,1,174,1.9,0,0,0,0,0,0,0,0,0,0,0,0,0,Matches
1194,Hong Hyunseok,kr KOR,MF,Nantes,fr Ligue 1,26,1999,6,3,284,3.2,0,0,0,0,0,0,0,0,0,0,0,0,0,Matches
1195,Lucas Høgsberg,dk DEN,DF,Strasbourg,fr Ligue 1,19,2006,24,21,"1,792",19.9,0,0,0,0,0,0,4,1,0,0,0,0,0,Matches
1196,Pierre Højbjerg,dk DEN,MF,Marseille,fr Ligue 1,29,1995,32,30,"2,712",30.1,4,5,9,4,0,0,4,0,0.13,0.17,0.3,0.13,0.3,Matches
1197,Oscar Højlund,dk DEN,MF,Frankfurt,de Bundesliga,20,2005,24,12,"1,089",12.1,1,1,2,1,0,0,4,1,0.08,0.08,0.17,0.08,0.17,Matches
1198,Rasmus Højlund,dk DEN,FW,Napoli,it Serie A,22,2003,33,32,"2,750",30.6,12,5,17,11,1,1,1,0,0.39,0.16,0.56,0.36,0.52,Matches
1199,Edoardo Iannoni,it ITA,MF,Sassuolo,it Serie A,24,2001,15,1,260,2.9,1,0,1,1,0,0,3,0,0.35,0,0.35,0.35,0.35,Matches
1200,Pablo Ibáñez,es ESP,MF,Alavés,es La Liga,26,1998,37,28,"2,236",24.8,1,1,2,1,0,0,7,0,0.04,0.04,0.08,0.04,0.08,Matches
Rk,Player,Nation,Pos,Squad,Comp,Age,Born,MP,Starts,Min,90s,Gls,Ast,G+A,G-PK,PK,PKatt,CrdY,CrdR,Gls,Ast,G+A,G-PK,G+A-PK,Matches
1201,Arijon Ibrahimović,de GER,"MF,FW",Heidenheim,de Bundesliga,19,2005,32,25,"2,169",24.1,2,4,6,1,1,1,2,0,0.08,0.17,0.25,0.04,0.21,Matches
1202,Riyad Idrissi,it ITA,"MF,DF",Cagliari,it Serie A,20,2005,23,4,783,8.7,2,0,2,2,0,0,3,0,0.23,0,0.23,0.23,0.23,Matches
1203,Stanis Idumbo,be BEL,MF,Sevilla,es La Liga,20,2005,1,1,45,0.5,0,0,0,0,0,0,0,0,0,0,0,0,0,Matches
1204,Stanis Idumbo,be BEL,MF,Monaco,fr Ligue 1,20,2005,8,0,171,1.9,1,1,2,1,0,0,0,0,0.53,0.53,1.05,0.53,1.05,Matches
1205,Jay Idzes,id IDN,DF,Sassuolo,it Serie A,25,2000,35,35,"3,061",34,0,0,0,0,0,0,2,0,0,0,0,0,0,Matches
1206,Hamza Igamane,ma MAR,FW,Lille,fr Ligue 1,22,2002,13,4,432,4.8,5,1,6,5,0,0,2,0,1.04,0.21,1.25,1.04,1.25,Matches
1207,Iglesias,es ESP,DF,Getafe,es La Liga,27,1998,37,36,"3,185",35.4,1,2,3,1,0,0,4,0,0.03,0.06,0.08,0.03,0.08,Matches
1208,Borja Iglesias,es ESP,FW,Celta Vigo,es La Liga,32,1993,35,21,"1,900",21.1,14,2,16,10,4,4,7,0,0.66,0.09,0.76,0.47,0.57,Matches
1209,Igor,br BRA,DF,West Ham,eng Premier League,27,1998,4,1,105,1.2,0,0,0,0,0,0,0,0,0,0,0,0,0,Matches
1210,Jonathan Ikone,fr FRA,"MF,FW",Paris FC,fr Ligue 1,27,1998,23,13,"1,100",12.2,3,1,4,3,0,0,2,0,0.25,0.08,0.33,0.25,0.33,Matches
1211,George Ilenikhena,ng NGA,FW,Monaco,fr Ligue 1,18,2006,15,3,385,4.3,2,0,2,2,0,0,0,0,0.47,0,0.47,0.47,0.47,Matches
1212,Andrej Ilic,rs SRB,FW,Union Berlin,de Bundesliga,25,2000,32,24,"2,257",25.1,5,10,15,5,0,1,5,0,0.2,0.4,0.6,0.2,0.6,Matches
1213,Ivan Ilić,rs SRB,MF,Torino,it Serie A,24,2001,8,5,416,4.6,0,0,0,0,0,0,2,0,0,0,0,0,0,Matches
1214,Luka Ilić,rs SRB,"MF,FW",Oviedo,es La Liga,26,1999,19,8,742,8.2,1,0,1,1,0,0,4,1,0.12,0,0.12,0.12,0.12,Matches
1215,Samuel Iling-Junior,eng ENG,MF,Pisa,it Serie A,21,2003,5,1,110,1.2,0,0,0,0,0,0,0,0,0,0,0,0,0,Matches
1216,Emirhan İlkhan,tr TUR,MF,Torino,it Serie A,21,2004,19,13,"1,001",11.1,1,2,3,1,0,0,2,1,0.09,0.18,0.27,0.09,0.27,Matches
1217,Ciro Immobile,it ITA,FW,Paris FC,fr Ligue 1,35,1990,12,9,705,7.8,2,2,4,2,0,0,2,0,0.26,0.26,0.51,0.26,0.51,Matches
1218,Ciro Immobile,it ITA,FW,Bologna,it Serie A,35,1990,6,2,193,2.1,0,0,0,0,0,0,1,0,0,0,0,0,0,Matches
1219,Samuele Inácio,it ITA,MF,Dortmund,de Bundesliga,17,2008,7,4,384,4.3,1,0,1,1,0,0,2,0,0.23,0,0.23,0.23,0.23,Matches
1220,Cyriaque Irié,bf BFA,MF,Freiburg,de Bundesliga,20,2005,10,3,347,3.9,0,0,0,0,0,0,3,0,0,0,0,0,0,Matches
1221,Tim Iroegbunam,eng ENG,MF,Everton,eng Premier League,22,2003,29,17,"1,487",16.5,0,2,2,0,0,0,9,0,0,0.12,0.12,0,0.12,Matches
1222,Jackson Irvine,au AUS,MF,St Pauli,de Bundesliga,32,1993,24,18,"1,624",18,0,1,1,0,0,0,2,1,0,0.06,0.06,0,0.06,Matches
1223,Andy Irving,sct SCO,MF,West Ham,eng Premier League,25,2000,7,2,158,1.8,0,0,0,0,0,0,0,0,0,0,0,0,0,Matches
1224,Isaac,br BRA,FW,Hellas Verona,it Serie A,21,2004,3,0,40,0.4,0,0,0,0,0,0,0,0,0,0,0,0,0,Matches
1225,Alexander Isak,se SWE,FW,Liverpool,eng Premier League,25,1999,14,8,699,7.8,3,1,4,3,0,0,0,0,0.39,0.13,0.52,0.39,0.52,Matches
Rk,Player,Nation,Pos,Squad,Comp,Age,Born,MP,Starts,Min,90s,Gls,Ast,G+A,G-PK,PK,PKatt,CrdY,CrdR,Gls,Ast,G+A,G-PK,G+A-PK,Matches
1226,Gustav Isaksen,dk DEN,FW,Lazio,it Serie A,24,2001,30,18,"1,593",17.7,5,1,6,5,0,0,0,0,0.28,0.06,0.34,0.28,0.34,Matches
1227,Isco,es ESP,MF,Real Betis,es La Liga,33,1992,8,1,233,2.6,1,1,2,0,1,1,0,0,0.39,0.39,0.77,0,0.39,Matches
1228,Wilson Isidor,ht HAI,FW,Sunderland,eng Premier League,24,2000,32,11,"1,165",12.9,6,0,6,6,0,0,1,0,0.46,0,0.46,0.46,0.46,Matches
1229,Ardian Ismajli,al ALB,DF,Torino,it Serie A,28,1996,25,21,"1,906",21.2,0,1,1,0,0,0,5,0,0,0.05,0.05,0,0.05,Matches
1230,Franco Israel,uy URU,GK,Torino,it Serie A,25,2000,9,9,810,9,0,0,0,0,0,0,1,0,0,0,0,0,0,Matches
1231,Hiroki Ito,jp JPN,DF,Bayern Munich,de Bundesliga,26,1999,16,10,920,10.2,1,2,3,1,0,0,0,0,0.1,0.2,0.29,0.1,0.29,Matches
1232,Alex Iwobi,ng NGA,MF,Fulham,eng Premier League,29,1996,29,29,"2,419",26.9,4,3,7,4,0,0,3,0,0.15,0.11,0.26,0.15,0.26,Matches
1233,Urko Izeta,es ESP,FW,Athletic Club,es La Liga,25,1999,13,1,193,2.1,1,0,1,1,0,0,2,0,0.47,0,0.47,0.47,0.47,Matches
1234,Jairo Izquierdo,es ESP,"DF,FW",Elche,es La Liga,31,1993,1,0,24,0.3,0,0,0,0,0,0,0,0,0,0,0,0,0,Matches
1235,Nicolas Jackson,sn SEN,FW,Bayern Munich,de Bundesliga,24,2001,23,12,"1,007",11.2,8,1,9,8,0,0,2,1,0.71,0.09,0.8,0.71,0.8,Matches
1236,Jérémy Jacquet,fr FRA,DF,Rennes,fr Ligue 1,20,2005,19,19,"1,671",18.6,0,0,0,0,0,0,6,1,0,0,0,0,0,Matches
1237,Lee Jae-sung,kr KOR,"MF,FW",Mainz 05,de Bundesliga,32,1992,28,26,"2,185",24.3,4,2,6,4,0,0,4,0,0.16,0.08,0.25,0.16,0.25,Matches
1238,Kristijan Jakić,hr CRO,"MF,DF",Augsburg,de Bundesliga,28,1997,26,18,"1,653",18.4,2,1,3,2,0,0,5,0,0.11,0.05,0.16,0.11,0.16,Matches
1239,Karl Jakob Hein,ee EST,GK,Werder Bremen,de Bundesliga,23,2002,2,2,180,2,0,0,0,0,0,0,0,0,0,0,0,0,0,Matches
1240,Daniel James,wls WAL,"FW,MF",Leeds United,eng Premier League,27,1997,19,6,559,6.2,0,0,0,0,0,0,0,0,0,0,0,0,0,Matches
1241,Reece James,eng ENG,"DF,MF",Chelsea,eng Premier League,25,1999,29,20,"1,963",21.8,2,4,6,2,0,0,4,0,0.09,0.18,0.28,0.09,0.28,Matches
1242,Vitaly Janelt,de GER,MF,Brentford,eng Premier League,27,1998,25,15,"1,443",16,1,4,5,1,0,0,8,0,0.06,0.25,0.31,0.06,0.31,Matches
1243,Mathis Jangeal,fr FRA,FW,PSG,fr Ligue 1,17,2008,1,0,11,0.1,0,0,0,0,0,0,0,0,0,0,0,0,0,Matches
1244,Isak Jansson,se SWE,"FW,MF",Nice,fr Ligue 1,23,2002,22,7,644,7.2,1,0,1,1,0,0,3,0,0.14,0,0.14,0.14,0.14,Matches
1245,Adnan Januzaj,be BEL,"MF,FW",Sevilla,es La Liga,30,1995,12,2,321,3.6,0,0,0,0,0,0,1,0,0,0,0,0,0,Matches
1246,Luca Jaquez,ch SUI,DF,Stuttgart,de Bundesliga,22,2003,14,10,898,10,0,1,1,0,0,0,1,0,0,0.1,0.1,0,0.1,Matches
1247,Ardon Jashari,ch SUI,MF,Milan,it Serie A,23,2002,14,7,701,7.8,0,1,1,0,0,0,0,0,0,0.13,0.13,0,0.13,Matches
1248,Bakery Jatta,gm GAM,MF,Hamburger SV,de Bundesliga,27,1998,15,12,911,10.1,1,1,2,1,0,0,1,0,0.1,0.1,0.2,0.1,0.2,Matches
1249,Mikel Jauregizar,es ESP,MF,Athletic Club,es La Liga,21,2003,36,34,"2,831",31.5,2,0,2,2,0,0,6,1,0.06,0,0.06,0.06,0.06,Matches
1250,Gaby Jean,fr FRA,DF,Lecce,it Serie A,25,2000,7,1,197,2.2,0,0,0,0,0,0,1,0,0,0,0,0,0,Matches
Rk,Player,Nation,Pos,Squad,Comp,Age,Born,MP,Starts,Min,90s,Gls,Ast,G+A,G-PK,PK,PKatt,CrdY,CrdR,Gls,Ast,G+A,G-PK,G+A-PK,Matches
1251,Finn Jeltsch,de GER,DF,Stuttgart,de Bundesliga,19,2006,23,17,"1,511",16.8,0,1,1,0,0,0,3,0,0,0.06,0.06,0,0.06,Matches
1252,Mathias Jensen,dk DEN,MF,Brentford,eng Premier League,29,1996,36,26,"2,247",25,3,1,4,3,0,0,3,0,0.12,0.04,0.16,0.12,0.16,Matches
1253,Oliver Jensen,dk DEN,MF,Parma,it Serie A,23,2002,34,19,"1,840",20.4,1,1,2,1,0,0,2,0,0.05,0.05,0.1,0.05,0.1,Matches
1254,Moritz Jenz,de GER,DF,Wolfsburg,de Bundesliga,26,1999,22,20,"1,787",19.9,1,0,1,1,0,0,8,1,0.05,0,0.05,0.05,0.05,Matches
1255,Gabriel Jesus,br BRA,FW,Arsenal,eng Premier League,28,1997,14,3,429,4.8,3,0,3,3,0,0,3,0,0.63,0,0.63,0.63,0.63,Matches
1256,Igor Jesus,br BRA,FW,Nottingham,eng Premier League,24,2001,37,28,"2,298",25.5,6,4,10,5,1,1,2,0,0.23,0.16,0.39,0.2,0.35,Matches
1257,Juan Jesus,br BRA,DF,Napoli,it Serie A,34,1991,24,19,"1,675",18.6,0,0,0,0,0,0,10,1,0,0,0,0,0,Matches
1258,Álex Jiménez,es ESP,"DF,MF",Bournemouth,eng Premier League,20,2005,31,26,"2,317",25.7,1,0,1,1,0,0,10,0,0.04,0,0.04,0.04,0.04,Matches
1259,Álex Jiménez,es ESP,DF,Milan,it Serie A,20,2005,1,0,45,0.5,0,0,0,0,0,0,1,0,0,0,0,0,0,Matches
1260,David Jiménez,es ESP,DF,Real Madrid,es La Liga,21,2004,2,1,76,0.8,0,0,0,0,0,0,0,0,0,0,0,0,0,Matches
1261,Raúl Jiménez,mx MEX,FW,Fulham,eng Premier League,34,1991,36,27,"2,189",24.3,9,3,12,5,4,4,5,0,0.37,0.12,0.49,0.21,0.33,Matches
1262,Jamaldeen Jimoh,eng ENG,MF,Aston Villa,eng Premier League,18,2006,1,0,9,0.1,0,0,0,0,0,0,0,0,0,0,0,0,0,Matches
1263,João Pedro,br BRA,"FW,MF",Chelsea,eng Premier League,23,2001,35,31,"2,661",29.6,15,5,20,15,0,0,5,0,0.51,0.17,0.68,0.51,0.68,Matches
1264,Joelinton,br BRA,MF,Newcastle,eng Premier League,28,1996,27,23,"1,951",21.7,2,1,3,2,0,0,10,0,0.09,0.05,0.14,0.09,0.14,Matches
1265,Jofre,es ESP,MF,Espanyol,es La Liga,24,2001,26,9,930,10.3,1,0,1,1,0,0,1,0,0.1,0,0.1,0.1,0.1,Matches
1266,Þórir Jóhann Helgason,is ISL,MF,Lecce,it Serie A,24,2000,8,1,147,1.6,0,0,0,0,0,0,0,0,0,0,0,0,0,Matches
1267,Ísak Jóhannesson,is ISL,MF,Köln,de Bundesliga,22,2003,31,21,"1,809",20.1,1,2,3,1,0,0,6,0,0.05,0.1,0.15,0.05,0.15,Matches
1268,John,br BRA,GK,Nottingham,eng Premier League,29,1996,5,5,437,4.9,0,0,0,0,0,0,1,0,0,0,0,0,0,Matches
1269,Dennis Johnsen,no NOR,"MF,FW",Cremonese,it Serie A,27,1998,11,5,390,4.3,1,1,2,1,0,0,0,0,0.23,0.23,0.46,0.23,0.46,Matches
1270,Brennan Johnson,wls WAL,"MF,FW",Tottenham,eng Premier League,24,2001,16,6,610,6.8,2,0,2,2,0,0,2,0,0.3,0,0.3,0.3,0.3,Matches
1271,Brennan Johnson,wls WAL,"MF,FW",Crystal Palace,eng Premier League,24,2001,18,13,"1,112",12.4,0,1,1,0,0,0,4,0,0,0.08,0.08,0,0.08,Matches
1272,Karl-Johan Johnsson,se SWE,GK,Strasbourg,fr Ligue 1,35,1990,1,1,90,1,0,0,0,0,0,0,0,0,0,0,0,0,0,Matches
1273,Sam Johnstone,eng ENG,GK,Wolves,eng Premier League,32,1993,12,12,"1,080",12,0,0,0,0,0,0,0,0,0,0,0,0,0,Matches
1274,Curtis Jones,eng ENG,"MF,DF",Liverpool,eng Premier League,24,2001,34,18,"1,937",21.5,1,2,3,1,0,0,2,0,0.05,0.09,0.14,0.05,0.14,Matches
1275,Ricky-Jade Jones,eng ENG,FW,St Pauli,de Bundesliga,24,2001,9,3,351,3.9,2,0,2,2,0,0,1,0,0.51,0,0.51,0.51,0.51,Matches
Rk,Player,Nation,Pos,Squad,Comp,Age,Born,MP,Starts,Min,90s,Gls,Ast,G+A,G-PK,PK,PKatt,CrdY,CrdR,Gls,Ast,G+A,G-PK,G+A-PK,Matches
1276,Frenkie de Jong,nl NED,MF,Barcelona,es La Liga,28,1997,25,16,"1,636",18.2,1,5,6,1,0,0,4,1,0.06,0.28,0.33,0.06,0.33,Matches
1277,Joan Jordán,es ESP,MF,Sevilla,es La Liga,31,1994,3,0,25,0.3,0,0,0,0,0,0,1,1,0,0,0,0,0,Matches
1278,Josan,es ESP,"MF,DF",Elche,es La Liga,35,1989,19,4,565,6.3,0,3,3,0,0,0,2,0,0,0.48,0.48,0,0.48,Matches
1279,Mateo Joseph,es ESP,"MF,FW",Mallorca,es La Liga,21,2003,29,19,"1,699",18.9,2,3,5,2,0,0,2,0,0.11,0.16,0.26,0.11,0.26,Matches
1280,Lazar Jovanović,rs SRB,FW,Stuttgart,de Bundesliga,18,2006,3,0,40,0.4,0,0,0,0,0,0,0,0,0,0,0,0,0,Matches
1281,Juanmi,es ESP,"FW,MF",Getafe,es La Liga,32,1993,8,0,179,2,1,0,1,1,0,0,0,0,0.5,0,0.5,0.5,0.5,Matches
1282,Abdulai Juma Bah,sl SLE,DF,Nice,fr Ligue 1,19,2006,26,22,"1,958",21.8,0,0,0,0,0,0,7,0,0,0,0,0,0,Matches
1283,Anthony Jung,de GER,DF,Freiburg,de Bundesliga,33,1991,12,4,526,5.8,0,0,0,0,0,0,2,0,0,0,0,0,0,Matches
1284,Eli Junior Kroupi,fr FRA,"MF,FW",Bournemouth,eng Premier League,19,2006,33,21,"1,672",18.6,13,0,13,11,2,2,5,0,0.7,0,0.7,0.59,0.59,Matches
1285,Luiz Lúcio Reis Júnior,br BRA,GK,Villarreal,es La Liga,24,2001,28,28,"2,520",28,0,0,0,0,0,0,3,0,0,0,0,0,0,Matches
1286,Hamed Junior Traorè,ci CIV,MF,Bournemouth,eng Premier League,25,2000,1,0,17,0.2,0,1,1,0,0,0,0,0,0,5.29,5.29,0,5.29,Matches
1287,Hamed Junior Traorè,ci CIV,MF,Marseille,fr Ligue 1,25,2000,13,7,619,6.9,2,1,3,2,0,0,1,0,0.29,0.15,0.44,0.29,0.44,Matches
1288,Vinicius Júnior,br BRA,"FW,MF",Real Madrid,es La Liga,25,2000,36,32,"2,815",31.3,16,5,21,12,4,5,8,0,0.51,0.16,0.67,0.38,0.54,Matches
1289,Josip Juranović,hr CRO,MF,Union Berlin,de Bundesliga,29,1995,11,3,330,3.7,1,1,2,1,0,0,1,0,0.27,0.27,0.55,0.27,0.55,Matches
1290,James Justin,eng ENG,"DF,MF",Leeds United,eng Premier League,27,1998,29,21,"1,901",21.1,2,1,3,2,0,0,4,0,0.09,0.05,0.14,0.09,0.14,Matches
1291,Ferran Jutglà,es ESP,FW,Celta Vigo,es La Liga,26,1999,30,21,"1,652",18.4,9,3,12,9,0,0,4,0,0.49,0.16,0.65,0.49,0.65,Matches
1292,Filip Jørgensen,dk DEN,GK,Chelsea,eng Premier League,23,2002,5,3,379,4.2,0,0,0,0,0,0,0,0,0,0,0,0,0,Matches
1293,Martijn Kaars,nl NED,FW,St Pauli,de Bundesliga,26,1999,29,14,"1,348",15,3,1,4,2,1,1,2,0,0.2,0.07,0.27,0.13,0.2,Matches
1294,Mohamed Kaba,gn GUI,MF,Nantes,fr Ligue 1,23,2001,12,11,918,10.2,0,2,2,0,0,0,2,0,0,0.2,0.2,0,0.2,Matches
1295,Mohamed Kaba,gn GUI,MF,Lecce,it Serie A,23,2001,15,5,633,7,0,0,0,0,0,0,1,0,0,0,0,0,0,Matches
1296,Ozan Kabak,tr TUR,DF,Hoffenheim,de Bundesliga,25,2000,25,18,"1,751",19.5,4,0,4,4,0,0,5,0,0.21,0,0.21,0.21,0.21,Matches
1297,Almugera Kabar,de GER,DF,Dortmund,de Bundesliga,19,2006,1,0,16,0.2,0,0,0,0,0,0,0,0,0,0,0,0,0,Matches
1298,Christian Kabasele,be BEL,DF,Udinese,it Serie A,34,1991,30,28,"2,247",25,3,0,3,3,0,0,5,1,0.12,0,0.12,0.12,0.12,Matches
1299,Anton Kade,de GER,"MF,FW",Augsburg,de Bundesliga,21,2004,28,18,"1,743",19.4,6,0,6,6,0,0,3,0,0.31,0,0.31,0.31,0.31,Matches
1300,Ferdi Kadioglu,tr TUR,"DF,MF",Brighton,eng Premier League,25,1999,37,34,"3,133",34.8,1,0,1,1,0,0,6,0,0.03,0,0.03,0.03,0.03,Matches
Rk,Player,Nation,Pos,Squad,Comp,Age,Born,MP,Starts,Min,90s,Gls,Ast,G+A,G-PK,PK,PKatt,CrdY,CrdR,Gls,Ast,G+A,G-PK,G+A-PK,Matches
1301,Florian Kainz,at AUT,MF,Köln,de Bundesliga,32,1992,15,2,279,3.1,1,1,2,1,0,0,1,0,0.32,0.32,0.65,0.32,0.65,Matches
1302,Saša Kalajdžić,at AUT,"FW,MF",Wolves,eng Premier League,28,1997,1,0,15,0.2,0,0,0,0,0,0,0,0,0,0,0,0,0,Matches
1303,Arnaud Kalimuendo,fr FRA,FW,Nottingham,eng Premier League,23,2002,9,0,96,1.1,0,0,0,0,0,0,0,0,0,0,0,0,0,Matches
1304,Arnaud Kalimuendo,fr FRA,"FW,MF",Frankfurt,de Bundesliga,23,2002,19,17,"1,417",15.7,6,1,7,6,0,0,4,0,0.38,0.06,0.44,0.38,0.44,Matches
1305,Pierre Kalulu,fr FRA,"DF,MF",Juventus,it Serie A,25,2000,37,37,"3,281",36.5,2,4,6,2,0,0,4,1,0.05,0.11,0.16,0.05,0.16,Matches
1306,Justin-Noël Kalumba,fr FRA,FW,Mallorca,es La Liga,20,2004,3,1,81,0.9,0,0,0,0,0,0,0,0,0,0,0,0,0,Matches
1307,Justin-Noël Kalumba,fr FRA,"FW,MF",Angers,fr Ligue 1,20,2004,4,3,224,2.5,0,0,0,0,0,0,0,0,0,0,0,0,0,Matches
1308,Daichi Kamada,jp JPN,MF,Crystal Palace,eng Premier League,28,1996,28,22,"1,902",21.1,0,0,0,0,0,0,3,0,0,0,0,0,0,Matches
1309,Warren Kamanzi,no NOR,MF,Toulouse,fr Ligue 1,24,2000,24,7,870,9.7,1,1,2,1,0,0,1,0,0.1,0.1,0.21,0.1,0.21,Matches
1310,Abu Kamara,eng ENG,MF,Getafe,es La Liga,22,2003,12,1,256,2.8,0,0,0,0,0,0,1,0,0,0,0,0,0,Matches
1311,Bingourou Kamara,sn SEN,GK,Lorient,fr Ligue 1,28,1996,3,3,270,3,0,0,0,0,0,0,0,0,0,0,0,0,0,Matches
1312,Boubacar Kamara,fr FRA,MF,Aston Villa,eng Premier League,25,1999,18,17,"1,411",15.7,1,3,4,1,0,0,5,0,0.06,0.19,0.26,0.06,0.26,Matches
1313,Glen Kamara,fi FIN,MF,Rennes,fr Ligue 1,29,1995,4,0,61,0.7,0,0,0,0,0,0,0,0,0,0,0,0,0,Matches
1314,Hassane Kamara,ci CIV,"MF,DF",Udinese,it Serie A,31,1994,26,22,"1,861",20.7,0,2,2,0,0,0,5,0,0,0.1,0.1,0,0.1,Matches
1315,Noham Kamara,fr FRA,DF,Lyon,fr Ligue 1,18,2007,2,0,7,0.1,0,0,0,0,0,0,0,0,0,0,0,0,0,Matches
1316,Willy Kambwala,fr FRA,DF,Villarreal,es La Liga,20,2004,2,1,86,1,0,0,0,0,0,0,0,0,0,0,0,0,0,Matches
1317,Jakub Kamiński,pl POL,"MF,FW",Köln,de Bundesliga,23,2002,34,34,"3,016",33.5,7,3,10,7,0,0,4,0,0.21,0.09,0.3,0.21,0.3,Matches
1318,Nouhoum Kamissoko,ml MLI,MF,Marseille,fr Ligue 1,20,2004,3,0,24,0.3,0,0,0,0,0,0,0,0,0,0,0,0,0,Matches
1319,Kevin Kampl,si SVN,MF,RB Leipzig,de Bundesliga,34,1990,3,0,3,0,0,0,0,0,0,0,0,0,0,0,0,0,0,Matches
1320,Harry Kane,eng ENG,"FW,MF",Bayern Munich,de Bundesliga,32,1993,31,25,"2,377",26.4,36,5,41,26,10,11,1,0,1.36,0.19,1.55,0.98,1.17,Matches
1321,Lee Kang-in,kr KOR,"MF,FW",PSG,fr Ligue 1,24,2001,27,18,"1,519",16.9,3,4,7,3,0,0,3,0,0.18,0.24,0.41,0.18,0.41,Matches
1322,Steeve Kango,fr FRA,DF,Lyon,fr Ligue 1,18,2006,4,1,80,0.9,0,0,0,0,0,0,0,0,0,0,0,0,0,Matches
1323,Ibrahim Kanté,fr FRA,MF,Brest,fr Ligue 1,18,2007,1,0,9,0.1,0,0,0,0,0,0,0,0,0,0,0,0,0,Matches
1324,Mohamadou Kanté,fr FRA,MF,West Ham,eng Premier League,19,2005,11,0,75,0.8,0,0,0,0,0,0,2,0,0,0,0,0,0,Matches
1325,Adam Karabec,cz CZE,"MF,FW",Lyon,fr Ligue 1,22,2003,21,11,922,10.2,1,0,1,1,0,0,3,0,0.1,0,0.1,0.1,0.1,Matches
Rk,Player,Nation,Pos,Squad,Comp,Age,Born,MP,Starts,Min,90s,Gls,Ast,G+A,G-PK,PK,PKatt,CrdY,CrdR,Gls,Ast,G+A,G-PK,G+A-PK,Matches
1326,Atakan Karazor,tr TUR,MF,Stuttgart,de Bundesliga,28,1996,28,22,"1,884",20.9,0,1,1,0,0,0,5,1,0,0.05,0.05,0,0.05,Matches
1327,Dermane Karim,tg TOG,MF,Lorient,fr Ligue 1,21,2003,30,15,"1,365",15.2,1,2,3,1,0,0,3,0,0.07,0.13,0.2,0.07,0.2,Matches
1328,Lennart Karl,de GER,MF,Bayern Munich,de Bundesliga,17,2008,26,16,"1,281",14.2,5,5,10,5,0,0,1,0,0.35,0.35,0.7,0.35,0.7,Matches
1329,Jesper Karlström,se SWE,MF,Udinese,it Serie A,30,1995,36,36,"3,146",35,1,0,1,1,0,0,6,0,0.03,0,0.03,0.03,0.03,Matches
1330,Jon Karrikaburu,es ESP,FW,Real Sociedad,es La Liga,22,2002,7,0,135,1.5,0,0,0,0,0,0,0,0,0,0,0,0,0,Matches
1331,Grigoris Kastanos,cy CYP,MF,Hellas Verona,it Serie A,27,1998,6,0,44,0.5,0,0,0,0,0,0,0,0,0,0,0,0,0,Matches
1332,Silas Katompa,cd COD,FW,Mainz 05,de Bundesliga,26,1998,8,4,334,3.7,1,0,1,1,0,0,1,0,0.27,0,0.27,0.27,0.27,Matches
1333,Panos Katseris,gr GRE,"MF,DF",Lorient,fr Ligue 1,24,2001,16,8,747,8.3,1,2,3,1,0,0,3,0,0.12,0.24,0.36,0.12,0.36,Matches
1334,Mikkel Kaufmann,dk DEN,FW,Heidenheim,de Bundesliga,24,2001,16,6,537,6,1,1,2,1,0,0,2,0,0.17,0.17,0.34,0.17,0.34,Matches
1335,Sota Kawasaki,jp JPN,"MF,DF",Mainz 05,de Bundesliga,24,2001,10,3,309,3.4,0,0,0,0,0,0,1,0,0,0,0,0,0,Matches
1336,Michael Kayode,it ITA,DF,Brentford,eng Premier League,21,2004,37,37,"3,258",36.2,1,1,2,1,0,0,8,0,0.03,0.03,0.06,0.03,0.06,Matches
1337,Moise Kean,it ITA,FW,Fiorentina,it Serie A,25,2000,26,23,"2,036",22.6,8,1,9,6,2,2,4,0,0.35,0.04,0.4,0.27,0.31,Matches
1338,Michael Keane,eng ENG,DF,Everton,eng Premier League,32,1993,33,29,"2,591",28.8,3,1,4,3,0,0,1,1,0.1,0.03,0.14,0.1,0.14,Matches
1339,Ilan Kebbal,dz ALG,"MF,FW",Paris FC,fr Ligue 1,27,1998,29,26,"2,222",24.7,9,4,13,6,3,4,7,0,0.36,0.16,0.53,0.24,0.41,Matches
1340,Yassine Kechta,ma MAR,MF,Le Havre,fr Ligue 1,23,2002,30,14,"1,332",14.8,2,1,3,2,0,0,3,0,0.14,0.07,0.2,0.14,0.2,Matches
1341,Thilo Kehrer,de GER,DF,Monaco,fr Ligue 1,28,1996,28,28,"2,353",26.1,0,0,0,0,0,0,8,2,0,0,0,0,0,Matches
1342,Mandela Keita,be BEL,MF,Parma,it Serie A,23,2002,37,36,"2,979",33.1,1,1,2,1,0,0,1,0,0.03,0.03,0.06,0.03,0.06,Matches
1343,Yannik Keitel,de GER,"MF,DF",Augsburg,de Bundesliga,25,2000,6,2,248,2.8,0,0,0,0,0,0,2,0,0,0,0,0,0,Matches
1344,Caoimhín Kelleher,ie IRL,GK,Brentford,eng Premier League,26,1998,37,37,"3,330",37,0,0,0,0,0,0,1,0,0,0,0,0,0,Matches
1345,Thomas Keller,de GER,DF,Heidenheim,de Bundesliga,25,1999,4,3,188,2.1,0,0,0,0,0,0,1,0,0,0,0,0,0,Matches
1346,Lloyd Kelly,eng ENG,DF,Juventus,it Serie A,26,1998,35,33,"2,996",33.3,1,1,2,1,0,0,4,0,0.03,0.03,0.06,0.03,0.06,Matches
1347,Aljoscha Kemlein,de GER,MF,Union Berlin,de Bundesliga,20,2004,30,23,"1,959",21.8,0,2,2,0,0,0,4,0,0,0.09,0.09,0,0.09,Matches
1348,Marc-Oliver Kempf,de GER,DF,Como,it Serie A,30,1995,34,27,"2,326",25.8,4,1,5,4,0,0,3,0,0.15,0.04,0.19,0.15,0.19,Matches
1349,Luca Kerber,de GER,MF,Heidenheim,de Bundesliga,23,2002,18,8,682,7.6,2,0,2,2,0,0,3,0,0.26,0,0.26,0.26,0.26,Matches
1350,Milos Kerkez,hu HUN,DF,Liverpool,eng Premier League,21,2003,34,27,"2,257",25.1,2,1,3,2,0,0,4,0,0.08,0.04,0.12,0.08,0.12,Matches
Rk,Player,Nation,Pos,Squad,Comp,Age,Born,MP,Starts,Min,90s,Gls,Ast,G+A,G-PK,PK,PKatt,CrdY,CrdR,Gls,Ast,G+A,G-PK,G+A-PK,Matches
1351,Kevin,br BRA,MF,Fulham,eng Premier League,22,2003,26,9,"1,041",11.6,1,1,2,1,0,0,1,0,0.09,0.09,0.17,0.09,0.17,Matches
1352,Reda Khadra,de GER,FW,Le Havre,fr Ligue 1,24,2001,8,1,229,2.5,0,0,0,0,0,0,0,0,0,0,0,0,0,Matches
1353,Bilal El Khannouss,ma MAR,"MF,FW",Stuttgart,de Bundesliga,21,2004,25,19,"1,630",18.1,4,5,9,4,0,0,6,0,0.22,0.28,0.5,0.22,0.5,Matches
1354,Rani Khedira,tn TUN,MF,Union Berlin,de Bundesliga,31,1994,32,32,"2,830",31.4,5,1,6,5,0,0,7,0,0.16,0.03,0.19,0.16,0.19,Matches
1355,Abdukodir Khusanov,uz UZB,DF,Manchester City,eng Premier League,21,2004,21,15,"1,432",15.9,0,0,0,0,0,0,2,0,0,0,0,0,0,Matches
1356,Cassiano Kiala,de GER,DF,Bayern Munich,de Bundesliga,16,2009,1,0,1,0,0,0,0,0,0,0,0,0,0,0,0,0,0,Matches
1357,Kialonda,ao ANG,DF,Lecce,it Serie A,27,1997,23,21,"1,830",20.3,0,0,0,0,0,0,6,1,0,0,0,0,0,Matches
1358,Kiké,es ESP,FW,Espanyol,es La Liga,35,1989,37,17,"1,734",19.3,8,1,9,7,1,2,3,0,0.42,0.05,0.47,0.36,0.42,Matches
1359,Semih Kılıçsoy,tr TUR,FW,Cagliari,it Serie A,19,2005,22,11,975,10.8,4,0,4,4,0,0,1,0,0.37,0,0.37,0.37,0.37,Matches
1360,Max Kilman,eng ENG,DF,West Ham,eng Premier League,28,1997,21,17,"1,561",17.3,0,0,0,0,0,0,4,0,0,0,0,0,0,Matches
1361,Joshua Kimmich,de GER,MF,Bayern Munich,de Bundesliga,30,1995,29,24,"2,280",25.3,2,8,10,2,0,0,4,0,0.08,0.32,0.39,0.08,0.39,Matches
1362,Joshua King,eng ENG,MF,Fulham,eng Premier League,18,2007,32,15,"1,308",14.5,1,2,3,1,0,0,4,0,0.07,0.14,0.21,0.07,0.21,Matches
1363,Antonín Kinský,cz CZE,GK,Tottenham,eng Premier League,22,2003,7,7,630,7,0,0,0,0,0,0,1,0,0,0,0,0,0,Matches
1364,Carl Klaus,de GER,GK,Union Berlin,de Bundesliga,31,1994,4,3,330,3.7,0,0,0,0,0,0,0,0,0,0,0,0,0,Matches
1365,Tim Kleindienst,de GER,FW,Gladbach,de Bundesliga,29,1995,3,0,7,0.1,0,0,0,0,0,0,0,0,0,0,0,0,0,Matches
1366,Lukas Klostermann,de GER,DF,RB Leipzig,de Bundesliga,29,1996,5,1,95,1.1,0,1,1,0,0,0,0,0,0,0.95,0.95,0,0.95,Matches
1367,Justin Kluivert,nl NED,MF,Bournemouth,eng Premier League,26,1999,20,10,952,10.6,2,0,2,2,0,0,5,0,0.19,0,0.19,0.19,0.19,Matches
1368,Ruben Kluivert,nl NED,DF,Lyon,fr Ligue 1,24,2001,16,9,772,8.6,1,2,3,1,0,0,4,0,0.12,0.23,0.35,0.12,0.35,Matches
1369,Ansgar Knauff,de GER,"MF,FW",Frankfurt,de Bundesliga,23,2002,28,12,"1,326",14.7,4,1,5,4,0,0,3,0,0.27,0.07,0.34,0.27,0.34,Matches
1370,Joe Knight,eng ENG,MF,Brighton,eng Premier League,19,2005,1,0,1,0,0,0,0,0,0,0,0,0,0,0,0,0,0,Matches
1371,Gregor Kobel,ch SUI,GK,Dortmund,de Bundesliga,27,1997,34,34,"3,060",34,0,0,0,0,0,0,3,0,0,0,0,0,0,Matches
1372,Robin Koch,de GER,DF,Frankfurt,de Bundesliga,29,1996,32,32,"2,833",31.5,3,1,4,3,0,0,3,1,0.1,0.03,0.13,0.1,0.13,Matches
1373,Christian Kofane,cm CMR,FW,Leverkusen,de Bundesliga,19,2006,29,12,"1,239",13.8,5,4,9,5,0,0,3,0,0.36,0.29,0.65,0.36,0.65,Matches
1374,Hervé Koffi,bf BFA,GK,Angers,fr Ligue 1,28,1996,30,30,"2,658",29.5,0,0,0,0,0,0,1,0,0,0,0,0,0,Matches
1375,Enzo Koffi Vinette,fr FRA,DF,Le Havre,fr Ligue 1,19,2006,14,4,385,4.3,0,0,0,0,0,0,2,0,0,0,0,0,0,Matches
Rk,Player,Nation,Pos,Squad,Comp,Age,Born,MP,Starts,Min,90s,Gls,Ast,G+A,G-PK,PK,PKatt,CrdY,CrdR,Gls,Ast,G+A,G-PK,G+A-PK,Matches
1376,Derrick Köhn,gh GHA,"MF,DF",Union Berlin,de Bundesliga,26,1999,29,21,"1,899",21.1,1,2,3,0,1,1,5,1,0.05,0.09,0.14,0,0.09,Matches
1377,Philipp Köhn,ch SUI,GK,Monaco,fr Ligue 1,27,1998,19,17,"1,621",18,0,0,0,0,0,0,1,0,0,0,0,0,0,Matches
1378,Dominik Kohr,de GER,DF,Mainz 05,de Bundesliga,31,1994,29,28,"2,338",26,2,0,2,2,0,0,11,2,0.08,0,0.08,0.08,0.08,Matches
1379,Koke,es ESP,MF,Atlético Madrid,es La Liga,33,1992,34,24,"2,219",24.7,2,2,4,2,0,0,6,0,0.08,0.08,0.16,0.08,0.16,Matches
1380,Sead Kolašinac,ba BIH,DF,Atalanta,it Serie A,32,1993,19,15,"1,212",13.5,0,0,0,0,0,0,3,0,0,0,0,0,0,Matches
1381,Luca Koleosho,it ITA,MF,Paris FC,fr Ligue 1,20,2004,16,3,554,6.2,3,1,4,3,0,0,0,0,0.49,0.16,0.65,0.49,0.65,Matches
1382,Luca Koleosho,it ITA,MF,Espanyol,es La Liga,20,2004,3,0,63,0.7,0,0,0,0,0,0,0,0,0,0,0,0,0,Matches
1383,Adam Kölle,de GER,DF,Heidenheim,de Bundesliga,19,2006,6,0,93,1,1,0,1,1,0,0,1,0,0.97,0,0.97,0.97,0.97,Matches
1384,Randal Kolo Muani,fr FRA,"FW,MF",Tottenham,eng Premier League,26,1998,30,21,"1,664",18.5,1,1,2,1,0,0,3,0,0.05,0.05,0.11,0.05,0.11,Matches
1385,Timothée Kolodziejczak,fr FRA,DF,Paris FC,fr Ligue 1,33,1991,11,7,662,7.4,0,0,0,0,0,0,2,0,0,0,0,0,0,Matches
1386,Mert Kömür,de GER,"MF,FW",Augsburg,de Bundesliga,20,2005,28,17,"1,464",16.3,2,4,6,2,0,0,1,0,0.12,0.25,0.37,0.12,0.37,Matches
1387,Ibrahima Konaté,fr FRA,DF,Liverpool,eng Premier League,26,1999,36,36,"3,090",34.3,1,0,1,1,0,0,7,0,0.03,0,0.03,0.03,0.03,Matches
1388,Samba Konaté,fr FRA,FW,RB Leipzig,de Bundesliga,16,2009,1,0,4,0,0,0,0,0,0,0,0,0,0,0,0,0,0,Matches
1389,Geoffrey Kondogbia,cf CTA,"MF,DF",Marseille,fr Ligue 1,32,1993,10,9,587,6.5,0,0,0,0,0,0,3,0,0,0,0,0,0,Matches
1390,Ismaël Koné,ca CAN,MF,Sassuolo,it Serie A,23,2002,35,33,"2,737",30.4,6,0,6,6,0,0,5,1,0.2,0,0.2,0.2,0.2,Matches
1391,Manu Koné,fr FRA,MF,Roma,it Serie A,24,2001,29,28,"2,456",27.3,2,3,5,2,0,0,2,0,0.07,0.11,0.18,0.07,0.18,Matches
1392,Ransford Königsdörffer,gh GHA,"FW,MF",Hamburger SV,de Bundesliga,23,2001,33,29,"2,329",25.9,5,1,6,5,0,1,2,0,0.19,0.04,0.23,0.19,0.23,Matches
1393,Ezri Konsa,eng ENG,DF,Aston Villa,eng Premier League,27,1997,34,34,"3,035",33.7,0,0,0,0,0,0,0,1,0,0,0,0,0,Matches
1394,Teun Koopmeiners,nl NED,"MF,DF",Juventus,it Serie A,27,1998,33,18,"1,827",20.3,0,0,0,0,0,0,5,0,0,0,0,0,0,Matches
1395,Ville Koski,fi FIN,DF,Alavés,es La Liga,23,2002,5,3,282,3.1,0,0,0,0,0,0,0,0,0,0,0,0,0,Matches
1396,Odilon Kossounou,ci CIV,DF,Atalanta,it Serie A,24,2001,19,10,988,11,1,0,1,1,0,0,1,0,0.09,0,0.09,0.09,0.09,Matches
1397,Filip Kostić,rs SRB,MF,Juventus,it Serie A,32,1992,18,4,479,5.3,3,1,4,3,0,0,1,0,0.56,0.19,0.75,0.56,0.75,Matches
1398,Charalampos Kostoulas,gr GRE,FW,Brighton,eng Premier League,18,2007,21,2,369,4.1,2,1,3,2,0,0,2,0,0.49,0.24,0.73,0.49,0.73,Matches
1399,Eddy Kouadio,ci CIV,DF,Fiorentina,it Serie A,19,2006,3,0,72,0.8,0,0,0,0,0,0,0,0,0,0,0,0,0,Matches
1400,Christian Kouamé,ci CIV,"FW,MF",Fiorentina,it Serie A,27,1997,2,0,27,0.3,0,0,0,0,0,0,0,0,0,0,0,0,0,Matches
Rk,Player,Nation,Pos,Squad,Comp,Age,Born,MP,Starts,Min,90s,Gls,Ast,G+A,G-PK,PK,PKatt,CrdY,CrdR,Gls,Ast,G+A,G-PK,G+A-PK,Matches
1401,Koffi Kouao,ci CIV,"DF,MF",Metz,fr Ligue 1,27,1998,27,27,"2,265",25.2,2,1,3,2,0,0,10,0,0.08,0.04,0.12,0.08,0.12,Matches
1402,Arsène Kouassi,bf BFA,MF,Lorient,fr Ligue 1,20,2004,31,30,"2,605",28.9,2,6,8,2,0,0,4,0,0.07,0.21,0.28,0.07,0.28,Matches
1403,Christ-Owen Kouassi,fr FRA,DF,Lecce,it Serie A,22,2003,4,3,228,2.5,0,0,0,0,0,0,0,0,0,0,0,0,0,Matches
1404,Konstantinos Koulierakis,gr GRE,DF,Wolfsburg,de Bundesliga,21,2003,29,27,"2,482",27.6,4,1,5,4,0,0,5,0,0.15,0.04,0.18,0.15,0.18,Matches
1405,Seny Koumbassa,fr FRA,DF,Toulouse,fr Ligue 1,18,2007,9,4,444,4.9,1,0,1,1,0,0,0,0,0.2,0,0.2,0.2,0.2,Matches
1406,Jules Koundé,fr FRA,DF,Barcelona,es La Liga,26,1998,30,24,"2,261",25.1,1,3,4,1,0,0,6,0,0.04,0.12,0.16,0.04,0.16,Matches
1407,Lancinet Kourouma,gn GUI,FW,Girona,es La Liga,21,2004,5,0,43,0.5,0,0,0,0,0,0,0,1,0,0,0,0,0,Matches
1408,Hamza Koutoune,ma MAR,DF,Nice,fr Ligue 1,18,2006,1,0,1,0,0,0,0,0,0,0,0,0,0,0,0,0,0,Matches
1409,Mateo Kovačić,hr CRO,MF,Manchester City,eng Premier League,31,1994,6,1,130,1.4,0,1,1,0,0,0,0,0,0,0.69,0.69,0,0.69,Matches
1410,Goduine Koyalipou,cf CTA,FW,Angers,fr Ligue 1,25,2000,13,7,668,7.4,2,1,3,1,1,1,0,0,0.27,0.13,0.4,0.13,0.27,Matches
1411,Goduine Koyalipou,cf CTA,FW,Levante,es La Liga,25,2000,11,2,247,2.7,1,0,1,1,0,0,1,0,0.36,0,0.36,0.36,0.36,Matches
1412,Emil Krafth,se SWE,DF,Newcastle,eng Premier League,30,1994,1,1,45,0.5,0,0,0,0,0,0,0,0,0,0,0,0,0,Matches
1413,Alex Král,cz CZE,MF,Union Berlin,de Bundesliga,27,1998,20,2,459,5.1,0,0,0,0,0,0,1,0,0,0,0,0,0,Matches
1414,Andrej Kramarić,hr CRO,"MF,FW",Hoffenheim,de Bundesliga,34,1991,34,26,"2,207",24.5,14,6,20,9,5,5,2,0,0.57,0.24,0.82,0.37,0.61,Matches
1415,Vladyslav Krapyvtsov,ua UKR,GK,Girona,es La Liga,20,2005,2,1,136,1.5,0,0,0,0,0,0,0,0,0,0,0,0,0,Matches
1416,Jean-Philippe Krasso,ci CIV,FW,Paris FC,fr Ligue 1,28,1997,25,12,"1,092",12.1,2,2,4,1,1,1,0,0,0.16,0.16,0.33,0.08,0.25,Matches
1417,Tom Krauß,de GER,"MF,DF",Köln,de Bundesliga,24,2001,26,19,"1,780",19.8,0,2,2,0,0,0,4,0,0,0.1,0.1,0,0.1,Matches
1418,Ladislav Krejčí,cz CZE,"DF,MF",Wolves,eng Premier League,26,1999,28,27,"2,356",26.2,2,1,3,2,0,0,5,1,0.08,0.04,0.11,0.08,0.11,Matches
1419,Ladislav Krejčí,cz CZE,DF,Girona,es La Liga,26,1999,2,2,180,2,0,0,0,0,0,0,1,0,0,0,0,0,0,Matches
1420,Rasmus Kristensen,dk DEN,"DF,MF",Frankfurt,de Bundesliga,28,1997,22,19,"1,538",17.1,2,0,2,2,0,0,6,1,0.12,0,0.12,0.12,0.12,Matches
1421,Thomas Kristensen,dk DEN,DF,Udinese,it Serie A,23,2002,28,28,"2,472",27.5,3,0,3,3,0,0,4,0,0.11,0,0.11,0.11,0.11,Matches
1422,Nikola Krstović,me MNE,FW,Atalanta,it Serie A,25,2000,33,18,"1,791",19.9,10,5,15,10,0,0,4,0,0.5,0.25,0.75,0.5,0.75,Matches
1423,Lukas Kübler,de GER,DF,Freiburg,de Bundesliga,32,1992,23,19,"1,587",17.6,2,2,4,2,0,0,3,0,0.11,0.11,0.23,0.11,0.23,Matches
1424,Takefusa Kubo,jp JPN,MF,Real Sociedad,es La Liga,24,2001,24,17,"1,503",16.7,2,4,6,2,0,0,2,0,0.12,0.24,0.36,0.12,0.36,Matches
1425,Mohammed Kudus,gh GHA,"MF,FW",Tottenham,eng Premier League,24,2000,19,19,"1,535",17.1,2,5,7,2,0,0,3,0,0.12,0.29,0.41,0.12,0.41,Matches
Rk,Player,Nation,Pos,Squad,Comp,Age,Born,MP,Starts,Min,90s,Gls,Ast,G+A,G-PK,PK,PKatt,CrdY,CrdR,Gls,Ast,G+A,G-PK,G+A-PK,Matches
1426,Nicolas-Gerrit Kühn,de GER,MF,Como,it Serie A,25,2000,23,6,665,7.4,1,1,2,1,0,0,0,0,0.14,0.14,0.27,0.14,0.27,Matches
1427,Sandro Kulenović,hr CRO,FW,Torino,it Serie A,25,1999,13,3,300,3.3,0,1,1,0,0,0,2,0,0,0.3,0.3,0,0.3,Matches
1428,Sael Kumbedi,fr FRA,"DF,MF",Wolfsburg,de Bundesliga,20,2005,24,20,"1,804",20,0,5,5,0,0,0,2,0,0,0.25,0.25,0,0.25,Matches
1429,Sael Kumbedi,fr FRA,DF,Lyon,fr Ligue 1,20,2005,1,1,65,0.7,0,0,0,0,0,0,1,0,0,0,0,0,0,Matches
1430,Marash Kumbulla,al ALB,DF,Mallorca,es La Liga,25,2000,8,5,439,4.9,0,0,0,0,0,0,1,0,0,0,0,0,0,Matches
1431,Jonah Kusi-Asare,se SWE,FW,Bayern Munich,de Bundesliga,18,2007,1,0,5,0.1,0,0,0,0,0,0,0,0,0,0,0,0,0,Matches
1432,Jonah Kusi-Asare,se SWE,FW,Fulham,eng Premier League,18,2007,7,0,55,0.6,0,0,0,0,0,0,1,0,0,0,0,0,0,Matches
1433,Khvicha Kvaratskhelia,ge GEO,FW,PSG,fr Ligue 1,24,2001,28,18,"1,479",16.4,8,4,12,7,1,1,1,0,0.49,0.24,0.73,0.43,0.67,Matches
1434,Giorgi Kvilitaia,ge GEO,FW,Metz,fr Ligue 1,31,1993,10,5,495,5.5,2,0,2,2,0,0,1,0,0.36,0,0.36,0.36,0.36,Matches
1435,Godson Kyeremeh,fr FRA,FW,Le Havre,fr Ligue 1,25,2000,13,3,381,4.2,1,1,2,1,0,0,0,0,0.24,0.24,0.47,0.24,0.47,Matches
1436,Adrián de la Fuente,es ESP,DF,Levante,es La Liga,26,1999,33,30,"2,711",30.1,3,1,4,2,1,3,5,0,0.1,0.03,0.13,0.07,0.1,Matches
1437,Rémy Labeau Lascary,gp GLP,"MF,FW",Brest,fr Ligue 1,22,2003,27,12,"1,200",13.3,5,1,6,5,0,0,2,0,0.37,0.07,0.45,0.37,0.45,Matches
1438,Shea Lacey,eng ENG,FW,Manchester Utd,eng Premier League,18,2007,3,0,43,0.5,0,0,0,0,0,0,0,0,0,0,0,0,0,Matches
1439,Maxence Lacroix,fr FRA,DF,Crystal Palace,eng Premier League,25,2000,35,35,"3,085",34.3,1,2,3,1,0,0,4,1,0.03,0.06,0.09,0.03,0.09,Matches
1440,Gael Lafont,fr FRA,FW,Genoa,it Serie A,19,2006,1,0,8,0.1,0,0,0,0,0,0,0,0,0,0,0,0,0,Matches
1441,Emmanuel Lago,ci CIV,FW,Marseille,fr Ligue 1,20,2004,2,0,49,0.5,0,0,0,0,0,0,1,0,0,0,0,0,0,Matches
1442,Yoel Lago,es ESP,DF,Celta Vigo,es La Liga,21,2004,12,11,938,10.4,0,0,0,0,0,0,4,0,0,0,0,0,0,Matches
1443,Mayckel Lahdo,se SWE,"FW,MF",Nantes,fr Ligue 1,22,2002,8,5,415,4.6,1,1,2,1,0,0,0,0,0.22,0.22,0.43,0.22,0.43,Matches
1444,Konrad Laimer,at AUT,DF,Bayern Munich,de Bundesliga,28,1997,29,22,"1,994",22.2,3,9,12,3,0,0,9,0,0.14,0.41,0.54,0.14,0.54,Matches
1445,Kenny Lala,mg MAD,DF,Brest,fr Ligue 1,33,1991,32,31,"2,791",31,0,3,3,0,0,0,4,0,0,0.1,0.1,0,0.1,Matches
1446,Ugo Lamare,fr FRA,FW,Marseille,fr Ligue 1,18,2007,3,0,17,0.2,0,0,0,0,0,0,0,0,0,0,0,0,0,Matches
1447,Senne Lammens,be BEL,GK,Manchester Utd,eng Premier League,23,2002,32,32,"2,880",32,0,0,0,0,0,0,0,0,0,0,0,0,0,Matches
1448,Tariq Lamptey,gh GHA,MF,Fiorentina,it Serie A,24,2000,2,1,25,0.3,0,0,0,0,0,0,0,0,0,0,0,0,0,Matches
1449,Noa Lang,nl NED,"FW,MF",Napoli,it Serie A,26,1999,18,7,666,7.4,1,2,3,1,0,0,2,0,0.14,0.27,0.41,0.14,0.41,Matches
1450,Aymeric Laporte,es ESP,DF,Athletic Club,es La Liga,31,1994,25,24,"2,058",22.9,0,1,1,0,0,0,4,0,0,0.04,0.04,0,0.04,Matches
Rk,Player,Nation,Pos,Squad,Comp,Age,Born,MP,Starts,Min,90s,Gls,Ast,G+A,G-PK,PK,PKatt,CrdY,CrdR,Gls,Ast,G+A,G-PK,G+A-PK,Matches
1451,Hugo Larsson,se SWE,MF,Frankfurt,de Bundesliga,21,2004,25,21,"1,812",20.1,2,2,4,2,0,0,0,0,0.1,0.1,0.2,0.1,0.2,Matches
1452,Jamaal Lascelles,eng ENG,DF,Newcastle,eng Premier League,31,1993,2,0,21,0.2,0,0,0,0,0,0,0,0,0,0,0,0,0,Matches
1453,Toni Lato,es ESP,"DF,MF",Mallorca,es La Liga,27,1997,12,7,583,6.5,0,1,1,0,0,0,3,0,0,0.15,0.15,0,0.15,Matches
1454,Josh Laurent,eng ENG,"DF,MF",Burnley,eng Premier League,30,1995,33,18,"1,764",19.6,1,0,1,1,0,0,7,1,0.05,0,0.05,0.05,0.05,Matches
1455,Armand Lauriente,fr FRA,FW,Sassuolo,it Serie A,26,1998,38,33,"2,592",28.8,7,9,16,7,0,0,4,0,0.24,0.31,0.56,0.24,0.56,Matches
1456,Matteo Lavelli,it ITA,FW,Inter,it Serie A,18,2006,1,0,8,0.1,0,0,0,0,0,0,0,0,0,0,0,0,0,Matches
1457,Roméo Lavia,be BEL,MF,Chelsea,eng Premier League,21,2004,12,4,382,4.2,0,0,0,0,0,0,0,0,0,0,0,0,0,Matches
1458,Valentino Lazaro,at AUT,MF,Torino,it Serie A,29,1996,31,26,"2,252",25,0,2,2,0,0,0,4,0,0,0.08,0.08,0,0.08,Matches
1459,Manuel Lazzari,it ITA,DF,Lazio,it Serie A,31,1993,23,9,938,10.4,0,0,0,0,0,0,2,0,0,0,0,0,0,Matches
1460,Andréa Le Borgne,fr FRA,MF,Como,it Serie A,19,2006,1,0,1,0,0,0,0,0,0,0,0,0,0,0,0,0,0,Matches
1461,Théo Le Bris,fr FRA,MF,Lorient,fr Ligue 1,22,2002,28,22,"1,893",21,2,2,4,2,0,0,0,0,0.1,0.1,0.19,0.1,0.19,Matches
1462,Julien Le Cardinal,fr FRA,DF,Brest,fr Ligue 1,27,1997,5,3,328,3.6,1,0,1,1,0,0,1,0,0.27,0,0.27,0.27,0.27,Matches
1463,Enzo Le Fée,fr FRA,"MF,FW",Sunderland,eng Premier League,25,2000,36,33,"2,930",32.6,5,6,11,2,3,4,5,0,0.15,0.18,0.34,0.06,0.25,Matches
1464,Raphael Le Guen,fr FRA,DF,Brest,fr Ligue 1,18,2006,6,4,375,4.2,0,0,0,0,0,0,0,0,0,0,0,0,0,Matches
1465,Robin Le Normand,es ESP,DF,Atlético Madrid,es La Liga,28,1996,28,17,"1,789",19.9,1,1,2,1,0,0,5,0,0.05,0.05,0.1,0.05,0.1,Matches
1466,Nicola Leali,it ITA,GK,Genoa,it Serie A,32,1993,22,21,"1,847",20.5,0,0,0,0,0,0,2,1,0,0,0,0,0,Matches
1467,Rafael Leão,pt POR,FW,Milan,it Serie A,26,1999,29,23,"1,851",20.6,9,3,12,7,2,2,5,0,0.44,0.15,0.58,0.34,0.49,Matches
1468,Pierre Lees-Melou,fr FRA,MF,Paris FC,fr Ligue 1,32,1993,22,20,"1,782",19.8,1,3,4,1,0,0,7,1,0.05,0.15,0.2,0.05,0.2,Matches
1469,Pierre Lees-Melou,fr FRA,MF,Brest,fr Ligue 1,32,1993,2,2,180,2,0,0,0,0,0,0,0,0,0,0,0,0,0,Matches
1470,Jordan Lefort,mr MTN,DF,Angers,fr Ligue 1,31,1993,34,34,"3,060",34,0,2,2,0,0,0,2,0,0,0.06,0.06,0,0.06,Matches
1471,Alexander Legendre,ec ECU,MF,Rennes,fr Ligue 1,17,2008,6,0,45,0.5,0,0,0,0,0,0,0,0,0,0,0,0,0,Matches
1472,Diogo Leite,pt POR,DF,Union Berlin,de Bundesliga,26,1999,23,23,"1,963",21.8,0,0,0,0,0,0,4,0,0,0,0,0,0,Matches
1473,Maxim Leitsch,de GER,DF,Mainz 05,de Bundesliga,27,1998,3,2,162,1.8,0,0,0,0,0,0,0,0,0,0,0,0,0,Matches
1474,Álvaro Leiva,es ESP,FW,Real Madrid,es La Liga,22,2002,1,0,4,0,0,0,0,0,0,0,0,0,0,0,0,0,0,Matches
1475,Florian Lejeune,fr FRA,DF,Rayo Vallecano,es La Liga,34,1991,36,36,"3,230",35.9,2,1,3,2,0,0,7,0,0.06,0.03,0.08,0.06,0.08,Matches
Rk,Player,Nation,Pos,Squad,Comp,Age,Born,MP,Starts,Min,90s,Gls,Ast,G+A,G-PK,PK,PKatt,CrdY,CrdR,Gls,Ast,G+A,G-PK,G+A-PK,Matches
1476,Youssef Lekhedim,es ESP,"DF,MF",Alavés,es La Liga,19,2005,25,13,"1,335",14.8,0,1,1,0,0,0,7,0,0,0.07,0.07,0,0.07,Matches
1477,Iñigo Lekue,es ESP,DF,Athletic Club,es La Liga,32,1993,11,8,600,6.7,0,0,0,0,0,0,2,2,0,0,0,0,0,Matches
1478,Thomas Lemar,fr FRA,MF,Girona,es La Liga,29,1995,27,14,"1,258",14,3,1,4,3,0,0,4,0,0.21,0.07,0.29,0.21,0.29,Matches
1479,Félix Lemaréchal,fr FRA,"MF,FW",Strasbourg,fr Ligue 1,21,2003,11,7,555,6.2,0,2,2,0,0,0,1,0,0,0.32,0.32,0,0.32,Matches
1480,Louis Lemke,de GER,DF,Hamburger SV,de Bundesliga,15,2009,1,0,1,0,0,0,0,0,0,0,0,0,0,0,0,0,0,Matches
1481,Tim Lemperle,de GER,FW,Hoffenheim,de Bundesliga,23,2002,29,24,"1,944",21.6,8,2,10,7,1,1,3,1,0.37,0.09,0.46,0.32,0.42,Matches
1482,Ruben Lendinez,es ESP,DF,Valencia,es La Liga,22,2003,1,0,4,0,0,0,0,0,0,0,0,0,0,0,0,0,0,Matches
1483,Clément Lenglet,fr FRA,DF,Atlético Madrid,es La Liga,30,1995,19,17,"1,391",15.5,0,1,1,0,0,0,6,1,0,0.06,0.06,0,0.06,Matches
1484,Bernd Leno,de GER,GK,Fulham,eng Premier League,33,1992,38,38,"3,420",38,0,0,0,0,0,0,3,0,0,0,0,0,0,Matches
1485,Donovan Léon,gf GUF,GK,Auxerre,fr Ligue 1,32,1992,29,29,"2,460",27.3,0,0,0,0,0,0,1,2,0,0,0,0,0,Matches
1486,Esteban Lepaul,fr FRA,FW,Angers,fr Ligue 1,25,2000,2,2,174,1.9,1,0,1,1,0,0,0,0,0.52,0,0.52,0.52,0.52,Matches
1487,Esteban Lepaul,fr FRA,FW,Rennes,fr Ligue 1,25,2000,32,31,"2,511",27.9,20,5,25,17,3,4,3,0,0.72,0.18,0.9,0.61,0.79,Matches
1488,Johann Lepenant,fr FRA,MF,Nantes,fr Ligue 1,22,2002,27,23,"2,173",24.1,0,1,1,0,0,0,4,0,0,0.04,0.04,0,0.04,Matches
1489,Mehdi Léris,dz ALG,MF,Pisa,it Serie A,27,1998,34,21,"1,900",21.1,2,3,5,2,0,0,2,0,0.09,0.14,0.24,0.09,0.24,Matches
1490,Jefferson Lerma,co COL,"MF,DF",Crystal Palace,eng Premier League,30,1994,31,18,"1,733",19.3,0,2,2,0,0,0,7,0,0,0.1,0.1,0,0.1,Matches
1491,Louis Leroux,fr FRA,"MF,DF",Nantes,fr Ligue 1,19,2006,23,16,"1,441",16,1,1,2,1,0,0,2,0,0.06,0.06,0.12,0.06,0.12,Matches
1492,Robert Lewandowski,pl POL,FW,Barcelona,es La Liga,36,1988,31,17,"1,664",18.5,14,2,16,13,1,3,2,0,0.76,0.11,0.87,0.7,0.81,Matches
1493,Jamie Leweling,de GER,MF,Stuttgart,de Bundesliga,24,2001,32,26,"2,367",26.3,7,9,16,7,0,0,4,0,0.27,0.34,0.61,0.27,0.61,Matches
1494,Rico Lewis,eng ENG,DF,Manchester City,eng Premier League,20,2004,11,4,407,4.5,0,1,1,0,0,0,2,0,0,0.22,0.22,0,0.22,Matches
1495,Keane Lewis-Potter,eng ENG,"DF,MF",Brentford,eng Premier League,24,2001,36,22,"1,972",21.9,3,3,6,3,0,0,1,0,0.14,0.14,0.27,0.14,0.27,Matches
1496,Myles Lewis-Skelly,eng ENG,"MF,DF",Arsenal,eng Premier League,18,2006,20,5,709,7.9,0,0,0,0,0,0,3,0,0,0,0,0,0,Matches
1497,Luca Lezzerini,it ITA,GK,Fiorentina,it Serie A,30,1995,1,0,4,0,0,0,0,0,0,0,0,0,0,0,0,0,0,Matches
1498,Philipp Lienhart,at AUT,DF,Freiburg,de Bundesliga,29,1996,20,14,"1,302",14.5,1,0,1,1,0,0,4,1,0.07,0,0.07,0.07,0.07,Matches
1499,Matthijs de Ligt,nl NED,DF,Manchester Utd,eng Premier League,25,1999,13,13,"1,170",13,1,0,1,1,0,0,0,0,0.08,0,0.08,0.08,0.08,Matches
1500,Pedro Lima,br BRA,MF,Wolves,eng Premier League,19,2006,9,3,260,2.9,0,0,0,0,0,0,0,0,0,0,0,0,0,Matches
Rk,Player,Nation,Pos,Squad,Comp,Age,Born,MP,Starts,Min,90s,Gls,Ast,G+A,G-PK,PK,PKatt,CrdY,CrdR,Gls,Ast,G+A,G-PK,G+A-PK,Matches
1501,Victor Lindelöf,se SWE,"DF,MF",Aston Villa,eng Premier League,31,1994,17,11,948,10.5,0,1,1,0,0,0,0,0,0,0.09,0.09,0,0.09,Matches
1502,Jesper Lindstrøm,dk DEN,MF,Wolfsburg,de Bundesliga,25,2000,13,4,379,4.2,0,0,0,0,0,0,2,0,0,0,0,0,0,Matches
1503,Luca Lipani,it ITA,MF,Sassuolo,it Serie A,20,2005,24,10,"1,034",11.5,0,1,1,0,0,0,3,0,0,0.09,0.09,0,0.09,Matches
1504,Pol Lirola,es ESP,MF,Hellas Verona,it Serie A,27,1997,6,3,305,3.4,0,0,0,0,0,0,1,0,0,0,0,0,0,Matches
1505,Pol Lirola,es ESP,"DF,MF",Marseille,fr Ligue 1,27,1997,3,0,34,0.4,0,0,0,0,0,0,0,0,0,0,0,0,0,Matches
1506,Adrián Liso,es ESP,"FW,MF",Getafe,es La Liga,20,2005,28,21,"1,702",18.9,3,0,3,3,0,0,5,1,0.16,0,0.16,0.16,0.16,Matches
1507,Joseph Liteta,zm ZAM,MF,Cagliari,it Serie A,19,2006,4,4,264,2.9,0,0,0,0,0,0,0,0,0,0,0,0,0,Matches
1508,Tino Livramento,eng ENG,DF,Newcastle,eng Premier League,22,2002,17,14,"1,328",14.8,0,1,1,0,0,0,1,0,0,0.07,0.07,0,0.07,Matches
1509,Marin Ljubicic,hr CRO,FW,Union Berlin,de Bundesliga,23,2002,2,0,22,0.2,2,0,2,2,0,0,0,0,8.18,0,8.18,8.18,8.18,Matches
1510,Javier Llabrés,es ESP,MF,Mallorca,es La Liga,22,2002,16,1,187,2.1,0,0,0,0,0,0,0,0,0,0,0,0,0,Matches
1511,Diego Llorente,es ESP,DF,Real Betis,es La Liga,31,1993,18,14,"1,229",13.7,1,0,1,1,0,0,5,0,0.07,0,0.07,0.07,0.07,Matches
1512,Marcos Llorente,es ESP,"DF,MF",Atlético Madrid,es La Liga,30,1995,29,25,"2,181",24.2,0,4,4,0,0,0,7,1,0,0.17,0.17,0,0.17,Matches
1513,Gautier Lloris,fr FRA,DF,Le Havre,fr Ligue 1,30,1995,29,28,"2,398",26.6,1,1,2,1,0,0,2,1,0.04,0.04,0.08,0.04,0.08,Matches
1514,Giovani Lo Celso,ar ARG,MF,Real Betis,es La Liga,29,1996,24,15,"1,393",15.5,2,3,5,2,0,0,4,0,0.13,0.19,0.32,0.13,0.32,Matches
1515,Danny Loader,cm CMR,"MF,FW",Auxerre,fr Ligue 1,24,2000,30,29,"2,517",28,3,3,6,3,0,0,9,0,0.11,0.11,0.21,0.11,0.21,Matches
1516,Stanislav Lobotka,sk SVK,MF,Napoli,it Serie A,30,1994,32,29,"2,431",27,1,1,2,1,0,0,3,0,0.04,0.04,0.07,0.04,0.07,Matches
1517,Manuel Locatelli,it ITA,MF,Juventus,it Serie A,27,1998,36,36,"2,994",33.3,1,2,3,1,0,1,9,0,0.03,0.06,0.09,0.03,0.09,Matches
1518,Bradley Locko,fr FRA,DF,Brest,fr Ligue 1,23,2002,21,14,"1,286",14.3,0,2,2,0,0,0,0,0,0,0.14,0.14,0,0.14,Matches
1519,Ruben Loftus-Cheek,eng ENG,"MF,FW",Milan,it Serie A,29,1996,28,12,"1,133",12.6,3,1,4,3,0,0,2,0,0.24,0.08,0.32,0.24,0.32,Matches
1520,Sean Longstaff,eng ENG,MF,Leeds United,eng Premier League,27,1997,23,10,"1,011",11.2,2,2,4,2,0,0,2,0,0.18,0.18,0.36,0.18,0.36,Matches
1521,Ademola Lookman,ng NGA,"FW,MF",Atalanta,it Serie A,27,1997,12,9,795,8.8,2,0,2,2,0,0,0,0,0.23,0,0.23,0.23,0.23,Matches
1522,Ademola Lookman,ng NGA,"FW,MF",Atlético Madrid,es La Liga,27,1997,12,9,617,6.9,4,0,4,3,1,1,1,0,0.58,0,0.58,0.44,0.44,Matches
1523,Anthony Lopes,pt POR,GK,Nantes,fr Ligue 1,34,1990,31,31,"2,788",31,0,0,0,0,0,0,4,0,0,0,0,0,0,Matches
1524,David López,es ESP,DF,Girona,es La Liga,35,1989,6,3,293,3.3,0,0,0,0,0,0,0,0,0,0,0,0,0,Matches
1525,David López,es ESP,DF,Mallorca,es La Liga,22,2003,14,9,837,9.3,0,0,0,0,0,0,2,0,0,0,0,0,0,Matches
Rk,Player,Nation,Pos,Squad,Comp,Age,Born,MP,Starts,Min,90s,Gls,Ast,G+A,G-PK,PK,PKatt,CrdY,CrdR,Gls,Ast,G+A,G-PK,G+A-PK,Matches
1526,Diego López,es ESP,"MF,FW",Valencia,es La Liga,23,2002,34,20,"1,762",19.6,4,1,5,4,0,0,2,0,0.2,0.05,0.26,0.2,0.26,Matches
1527,Fer López,es ESP,MF,Wolves,eng Premier League,21,2004,9,2,235,2.6,0,1,1,0,0,0,1,0,0,0.38,0.38,0,0.38,Matches
1528,Fer López,es ESP,"MF,FW",Celta Vigo,es La Liga,21,2004,17,13,"1,170",13,1,1,2,1,0,0,3,0,0.08,0.08,0.15,0.08,0.15,Matches
1529,Fermin López,es ESP,MF,Barcelona,es La Liga,22,2003,30,19,"1,797",20,6,9,15,6,0,0,3,0,0.3,0.45,0.75,0.3,0.75,Matches
1530,Hugo López,es ESP,MF,Villarreal,es La Liga,18,2007,2,1,56,0.6,0,0,0,0,0,0,0,0,0,0,0,0,0,Matches
1531,Javi López,es ESP,DF,Oviedo,es La Liga,23,2002,25,20,"1,711",19,0,1,1,0,0,0,3,1,0,0.05,0.05,0,0.05,Matches
1532,Julien López,dz ALG,"FW,MF",Paris FC,fr Ligue 1,33,1992,5,0,45,0.5,0,0,0,0,0,0,0,0,0,0,0,0,0,Matches
1533,Maxime Lopez,fr FRA,MF,Paris FC,fr Ligue 1,27,1997,26,22,"1,960",21.8,0,3,3,0,0,0,11,0,0,0.14,0.14,0,0.14,Matches
1534,Pau López,es ESP,GK,Real Betis,es La Liga,30,1994,9,9,810,9,0,0,0,0,0,0,1,0,0,0,0,0,0,Matches
1535,Unai López,es ESP,MF,Rayo Vallecano,es La Liga,29,1995,28,19,"1,612",17.9,0,4,4,0,0,0,8,1,0,0.22,0.22,0,0.22,Matches
1536,Dachi Lordkipanidze,ge GEO,MF,Cremonese,it Serie A,20,2005,1,0,29,0.3,0,0,0,0,0,0,0,0,0,0,0,0,0,Matches
1537,Lorran,br BRA,FW,Pisa,it Serie A,19,2006,9,0,122,1.4,1,0,1,1,0,0,0,0,0.74,0,0.74,0.74,0.74,Matches
1538,Iker Losada,es ESP,MF,Levante,es La Liga,23,2001,23,10,902,10,3,1,4,3,0,0,1,0,0.3,0.1,0.4,0.3,0.4,Matches
1539,Simone Lottici Tessadri,it ITA,MF,Cremonese,it Serie A,19,2006,1,0,6,0.1,0,0,0,0,0,0,0,0,0,0,0,0,0,Matches
1540,Tom Louchet,fr FRA,MF,Nice,fr Ligue 1,22,2003,27,14,"1,367",15.2,3,2,5,3,0,0,1,1,0.2,0.13,0.33,0.2,0.33,Matches
1541,Marius Louer,fr FRA,DF,Angers,fr Ligue 1,18,2007,9,6,543,6,0,0,0,0,0,0,1,0,0,0,0,0,0,Matches
1542,Sandi Lovrić,si SVN,MF,Udinese,it Serie A,27,1998,6,1,161,1.8,0,1,1,0,0,0,1,0,0,0.56,0.56,0,0.56,Matches
1543,Sandi Lovrić,si SVN,MF,Hellas Verona,it Serie A,27,1998,7,3,309,3.4,0,0,0,0,0,0,1,0,0,0,0,0,0,Matches
1544,Felipe Loyola,cl CHI,MF,Pisa,it Serie A,24,2000,11,6,538,6,1,0,1,1,0,0,0,1,0.17,0,0.17,0.17,0.17,Matches
1545,Pol Lozano,es ESP,MF,Espanyol,es La Liga,25,1999,33,28,"2,157",24,2,1,3,2,0,0,12,1,0.08,0.04,0.13,0.08,0.13,Matches
1546,Sergio Lozano,es ESP,MF,Levante,es La Liga,26,1999,1,0,12,0.1,0,0,0,0,0,0,0,0,0,0,0,0,0,Matches
1547,Lucas,br BRA,"MF,DF",Burnley,eng Premier League,24,2001,20,15,"1,409",15.7,0,0,0,0,0,0,1,1,0,0,0,0,0,Matches
1548,Lorenzo Lucca,it ITA,FW,Napoli,it Serie A,24,2000,16,4,408,4.5,1,0,1,1,0,0,1,0,0.22,0,0.22,0.22,0.22,Matches
1549,Lorenzo Lucca,it ITA,FW,Nottingham,eng Premier League,24,2000,4,1,129,1.4,1,0,1,1,0,0,0,0,0.7,0,0.7,0.7,0.7,Matches
1550,Dimitri Lucea,fr FRA,DF,PSG,fr Ligue 1,18,2007,2,1,60,0.7,0,0,0,0,0,0,0,0,0,0,0,0,0,Matches
Rk,Player,Nation,Pos,Squad,Comp,Age,Born,MP,Starts,Min,90s,Gls,Ast,G+A,G-PK,PK,PKatt,CrdY,CrdR,Gls,Ast,G+A,G-PK,G+A-PK,Matches
1551,Jhon Lucumí,co COL,DF,Bologna,it Serie A,27,1998,29,26,"2,287",25.4,1,0,1,1,0,0,5,0,0.04,0,0.04,0.04,0.04,Matches
1552,Oier Luengo,es ESP,DF,Oviedo,es La Liga,27,1997,3,3,225,2.5,0,1,1,0,0,0,1,0,0,0.4,0.4,0,0.4,Matches
1553,Florentino Luís,pt POR,MF,Burnley,eng Premier League,25,1999,31,25,"2,105",23.4,0,2,2,0,0,0,6,0,0,0.09,0.09,0,0.09,Matches
1554,José Luis Gayà,es ESP,DF,Valencia,es La Liga,30,1995,32,31,"2,448",27.2,1,2,3,1,0,0,6,1,0.04,0.07,0.11,0.04,0.11,Matches
1555,José Luis Morales,es ESP,MF,Levante,es La Liga,38,1987,20,1,363,4,1,1,2,0,1,1,1,0,0.25,0.25,0.5,0,0.25,Matches
1556,Douglas Luiz,br BRA,MF,Aston Villa,eng Premier League,27,1998,13,7,604,6.7,1,0,1,1,0,0,1,0,0.15,0,0.15,0.15,0.15,Matches
1557,Douglas Luiz,br BRA,MF,Nottingham,eng Premier League,27,1998,8,5,315,3.5,0,0,0,0,0,0,2,0,0,0,0,0,0,Matches
1558,Romelu Lukaku,be BEL,FW,Napoli,it Serie A,32,1993,5,0,44,0.5,1,0,1,1,0,0,1,0,2.05,0,2.05,2.05,2.05,Matches
1559,Castello Lukeba,fr FRA,DF,RB Leipzig,de Bundesliga,22,2002,26,24,"2,176",24.2,1,0,1,1,0,0,3,0,0.04,0,0.04,0.04,0.04,Matches
1560,Dodi Lukebakio,be BEL,MF,Sevilla,es La Liga,27,1997,2,2,180,2,1,0,1,1,0,0,0,0,0.5,0,0.5,0.5,0.5,Matches
1561,Saša Lukić,rs SRB,MF,Fulham,eng Premier League,28,1996,26,20,"1,734",19.3,1,2,3,1,0,0,9,0,0.05,0.1,0.16,0.05,0.16,Matches
1562,Kristoffer Lund,us USA,"DF,MF",Köln,de Bundesliga,23,2002,33,26,"2,276",25.3,0,2,2,0,0,0,2,0,0,0.08,0.08,0,0.08,Matches
1563,Andriy Lunin,ua UKR,GK,Real Madrid,es La Liga,26,1999,6,6,540,6,0,0,0,0,0,0,0,1,0,0,0,0,0,Matches
1564,Sebastiano Luperto,it ITA,DF,Cremonese,it Serie A,28,1996,15,15,"1,307",14.5,0,1,1,0,0,0,1,0,0,0.07,0.07,0,0.07,Matches
1565,Sebastiano Luperto,it ITA,DF,Cagliari,it Serie A,28,1996,19,19,"1,706",19,1,0,1,1,0,0,3,0,0.05,0,0.05,0.05,0.05,Matches
1566,Iker Luque,es ESP,DF,Atlético Madrid,es La Liga,20,2005,1,0,28,0.3,1,0,1,1,0,0,0,0,3.21,0,3.21,3.21,3.21,Matches
1567,Mateus Lusuardi,br BRA,DF,Pisa,it Serie A,21,2004,3,3,198,2.2,0,0,0,0,0,0,1,0,0,0,0,0,0,Matches
1568,Zito Luvumbo,ao ANG,"FW,MF",Mallorca,es La Liga,23,2002,10,6,508,5.6,0,2,2,0,0,0,2,0,0,0.35,0.35,0,0.35,Matches
1569,Zito Luvumbo,ao ANG,"MF,FW",Cagliari,it Serie A,23,2002,12,2,329,3.7,0,0,0,0,0,0,0,0,0,0,0,0,0,Matches
1570,Babis Lykogiannis,gr GRE,DF,Bologna,it Serie A,31,1993,10,7,627,7,0,1,1,0,0,0,3,0,0,0.14,0.14,0,0.14,Matches
1571,Senne Lynen,be BEL,MF,Werder Bremen,de Bundesliga,26,1999,31,31,"2,752",30.6,0,0,0,0,0,0,4,0,0,0,0,0,0,Matches
1572,Mathias Løvik,no NOR,MF,Parma,it Serie A,21,2003,9,5,471,5.2,0,0,0,0,0,0,0,0,0,0,0,0,0,Matches
1573,Ian Maatsen,nl NED,DF,Aston Villa,eng Premier League,23,2002,30,17,"1,605",17.8,0,1,1,0,0,0,2,0,0,0.06,0.06,0,0.06,Matches
1574,Alexis Mac Allister,ar ARG,MF,Liverpool,eng Premier League,26,1998,37,31,"2,658",29.5,2,4,6,2,0,0,7,0,0.07,0.14,0.2,0.07,0.2,Matches
1575,Tommaso Macchioni,it ITA,DF,Sassuolo,it Serie A,19,2006,1,1,90,1,0,0,0,0,0,0,1,0,0,0,0,0,0,Matches
Rk,Player,Nation,Pos,Squad,Comp,Age,Born,MP,Starts,Min,90s,Gls,Ast,G+A,G-PK,PK,PKatt,CrdY,CrdR,Gls,Ast,G+A,G-PK,G+A-PK,Matches
1576,Deiver Machado,co COL,"DF,MF",Nantes,fr Ligue 1,31,1993,14,12,907,10.1,0,1,1,0,0,0,2,0,0,0.1,0.1,0,0.1,Matches
1577,Deiver Machado,co COL,MF,Lens,fr Ligue 1,31,1993,5,4,273,3,0,0,0,0,0,0,1,0,0,0,0,0,0,Matches
1578,Koki Machida,jp JPN,DF,Hoffenheim,de Bundesliga,27,1997,1,1,44,0.5,0,0,0,0,0,0,1,0,0,0,0,0,0,Matches
1579,Lanroy Machine,fr FRA,FW,Angers,fr Ligue 1,19,2005,22,3,519,5.8,1,0,1,1,0,0,1,0,0.17,0,0.17,0.17,0.17,Matches
1580,Shuto Machino,jp JPN,"FW,MF",Gladbach,de Bundesliga,25,1999,32,9,"1,076",12,3,1,4,3,0,0,2,0,0.25,0.08,0.33,0.25,0.33,Matches
1581,Carlos Macià,es ESP,MF,Villarreal,es La Liga,16,2008,5,0,83,0.9,0,0,0,0,0,0,1,0,0,0,0,0,0,Matches
1582,James Maddison,eng ENG,"FW,MF",Tottenham,eng Premier League,28,1996,3,0,37,0.4,0,0,0,0,0,0,0,0,0,0,0,0,0,Matches
1583,Brian Madjo,lu LUX,FW,Metz,fr Ligue 1,16,2009,5,2,157,1.7,0,0,0,0,0,0,0,0,0,0,0,0,0,Matches
1584,Noni Madueke,eng ENG,"FW,MF",Arsenal,eng Premier League,23,2002,26,16,"1,211",13.5,3,1,4,3,0,0,0,0,0.22,0.07,0.3,0.22,0.3,Matches
1585,Pablo Maffeo,es ESP,DF,Mallorca,es La Liga,28,1997,31,30,"2,662",29.6,1,2,3,1,0,0,11,0,0.03,0.07,0.1,0.03,0.1,Matches
1586,Gabriel Magalhães,br BRA,DF,Arsenal,eng Premier League,27,1997,32,30,"2,751",30.6,3,4,7,3,0,0,4,0,0.1,0.13,0.23,0.1,0.23,Matches
1587,Soungoutou Magassa,fr FRA,MF,West Ham,eng Premier League,21,2003,22,11,981,10.9,1,0,1,1,0,0,4,0,0.09,0,0.09,0.09,0.09,Matches
1588,Hugo Magnetti,fr FRA,MF,Brest,fr Ligue 1,27,1998,33,31,"2,688",29.9,1,1,2,1,0,0,4,1,0.03,0.03,0.07,0.03,0.07,Matches
1589,Frank Magri,cm CMR,"FW,MF",Toulouse,fr Ligue 1,25,1999,17,16,"1,253",13.9,5,1,6,5,0,1,3,0,0.36,0.07,0.43,0.36,0.43,Matches
1590,Harry Maguire,eng ENG,DF,Manchester Utd,eng Premier League,32,1993,23,19,"1,653",18.4,1,2,3,1,0,0,3,1,0.05,0.11,0.16,0.05,0.16,Matches
1591,Arne Maier,de GER,MF,Augsburg,de Bundesliga,26,1999,1,0,4,0,0,0,0,0,0,0,0,0,0,0,0,0,0,Matches
1592,Mike Maignan,fr FRA,GK,Milan,it Serie A,30,1995,37,37,"3,295",36.6,0,0,0,0,0,0,4,0,0,0,0,0,0,Matches
1593,Linton Maina,de GER,"MF,FW",Köln,de Bundesliga,26,1999,24,9,"1,023",11.4,2,0,2,2,0,0,0,0,0.18,0,0.18,0.18,0.18,Matches
1594,Patrick Mainka,de GER,DF,Heidenheim,de Bundesliga,30,1994,34,34,"3,060",34,2,2,4,2,0,0,1,0,0.06,0.06,0.12,0.06,0.12,Matches
1595,Kobbie Mainoo,eng ENG,MF,Manchester Utd,eng Premier League,20,2005,28,16,"1,662",18.5,1,2,3,1,0,0,2,0,0.05,0.11,0.16,0.05,0.16,Matches
1596,Ainsley Maitland-Niles,eng ENG,"DF,MF",Lyon,fr Ligue 1,27,1997,30,28,"2,483",27.6,1,4,5,1,0,1,7,1,0.04,0.14,0.18,0.04,0.18,Matches
1597,Radosław Majecki,pl POL,GK,Brest,fr Ligue 1,25,1999,10,10,864,9.6,0,0,0,0,0,0,0,1,0,0,0,0,0,Matches
1598,Lovro Majer,hr CRO,MF,Wolfsburg,de Bundesliga,27,1998,28,16,"1,371",15.2,2,3,5,2,0,0,5,0,0.13,0.2,0.33,0.13,0.33,Matches
1599,Hamidou Makalou,ml MLI,MF,Brest,fr Ligue 1,19,2006,17,2,341,3.8,0,0,0,0,0,0,0,0,0,0,0,0,0,Matches
1600,Jean-Victor Makengo,fr FRA,MF,Lorient,fr Ligue 1,27,1998,31,23,"1,800",20,4,2,6,4,0,0,2,0,0.2,0.1,0.3,0.2,0.3,Matches
Rk,Player,Nation,Pos,Squad,Comp,Age,Born,MP,Starts,Min,90s,Gls,Ast,G+A,G-PK,PK,PKatt,CrdY,CrdR,Gls,Ast,G+A,G-PK,G+A-PK,Matches
1601,Jordy Makengo,fr FRA,DF,Freiburg,de Bundesliga,23,2001,20,12,"1,178",13.1,0,1,1,0,0,0,1,0,0,0.08,0.08,0,0.08,Matches
1602,Andrija Maksimović,rs SRB,FW,RB Leipzig,de Bundesliga,18,2007,8,0,93,1,0,0,0,0,0,0,0,0,0,0,0,0,0,Matches
1603,Said El Mala,de GER,"FW,MF",Köln,de Bundesliga,18,2006,34,20,"1,956",21.7,13,4,17,12,1,1,4,0,0.6,0.18,0.78,0.55,0.74,Matches
1604,Tyrell Malacia,nl NED,DF,Manchester Utd,eng Premier League,25,1999,3,0,18,0.2,0,0,0,0,0,0,0,0,0,0,0,0,0,Matches
1605,Julián Malatini,ar ARG,DF,Werder Bremen,de Bundesliga,24,2001,11,5,516,5.7,0,0,0,0,0,0,3,0,0,0,0,0,0,Matches
1606,Daniel Maldini,it ITA,FW,Lazio,it Serie A,23,2001,12,9,687,7.6,2,1,3,2,0,0,0,0,0.26,0.13,0.39,0.26,0.39,Matches
1607,Daniel Maldini,it ITA,MF,Atalanta,it Serie A,23,2001,9,3,264,2.9,0,0,0,0,0,0,1,0,0,0,0,0,0,Matches
1608,Youssef Maleh,ma MAR,MF,Cremonese,it Serie A,26,1998,14,14,"1,100",12.2,1,0,1,1,0,0,2,1,0.08,0,0.08,0.08,0.08,Matches
1609,Youssef Maleh,ma MAR,MF,Lecce,it Serie A,26,1998,9,5,460,5.1,0,0,0,0,0,0,2,0,0,0,0,0,0,Matches
1610,Donyell Malen,nl NED,"FW,MF",Aston Villa,eng Premier League,26,1999,21,5,656,7.3,4,1,5,4,0,0,0,0,0.55,0.14,0.69,0.55,0.69,Matches
1611,Donyell Malen,nl NED,FW,Roma,it Serie A,26,1999,18,18,"1,467",16.3,14,2,16,11,3,4,1,0,0.86,0.12,0.98,0.67,0.8,Matches
1612,Ruslan Malinovskyi,ua UKR,MF,Genoa,it Serie A,32,1993,34,28,"2,235",24.8,6,3,9,3,3,3,10,0,0.24,0.12,0.36,0.12,0.24,Matches
1613,Lennard Maloney,us USA,"DF,MF",Mainz 05,de Bundesliga,25,1999,21,4,485,5.4,0,0,0,0,0,0,1,0,0,0,0,0,0,Matches
1614,Pape Mamadou Sy,sn SEN,GK,Metz,fr Ligue 1,28,1997,8,8,706,7.8,0,0,0,0,0,0,0,0,0,0,0,0,0,Matches
1615,Giorgi Mamardashvili,ge GEO,GK,Liverpool,eng Premier League,24,2000,10,10,867,9.6,0,0,0,0,0,0,0,0,0,0,0,0,0,Matches
1616,Felix Mambimbi,ch SUI,"FW,MF",Le Havre,fr Ligue 1,24,2001,17,7,530,5.9,1,0,1,1,0,0,1,0,0.17,0,0.17,0.17,0.17,Matches
1617,Aitor Mañas,es ESP,FW,Alavés,es La Liga,22,2003,9,0,122,1.4,0,0,0,0,0,0,0,0,0,0,0,0,0,Matches
1618,Gianluca Mancini,it ITA,DF,Roma,it Serie A,29,1996,36,36,"3,059",34,4,2,6,4,0,0,9,0,0.12,0.06,0.18,0.12,0.18,Matches
1619,Reinildo Mandava,mz MOZ,DF,Sunderland,eng Premier League,31,1994,25,23,"1,966",21.8,0,1,1,0,0,0,7,1,0,0.05,0.05,0,0.05,Matches
1620,Aïssa Mandi,dz ALG,DF,Lille,fr Ligue 1,33,1991,29,28,"2,424",26.9,1,0,1,1,0,0,8,0,0.04,0,0.04,0.04,0.04,Matches
1621,Rolando Mandragora,it ITA,MF,Fiorentina,it Serie A,28,1997,34,30,"2,421",26.9,7,3,10,6,1,1,7,0,0.26,0.11,0.37,0.22,0.33,Matches
1622,Filippo Mane,it ITA,DF,Dortmund,de Bundesliga,20,2005,4,2,131,1.5,0,0,0,0,0,0,0,1,0,0,0,0,0,Matches
1623,Mateus Mane,pt POR,MF,Wolves,eng Premier League,17,2007,27,19,"1,795",19.9,3,1,4,3,0,0,0,0,0.15,0.05,0.2,0.15,0.2,Matches
1624,Orel Mangala,be BEL,MF,Lyon,fr Ligue 1,27,1998,9,5,414,4.6,0,0,0,0,0,0,0,0,0,0,0,0,0,Matches
1625,Bendito Mantato,eng ENG,MF,Manchester Utd,eng Premier League,17,2008,1,0,16,0.2,0,0,0,0,0,0,0,0,0,0,0,0,0,Matches
Rk,Player,Nation,Pos,Squad,Comp,Age,Born,MP,Starts,Min,90s,Gls,Ast,G+A,G-PK,PK,PKatt,CrdY,CrdR,Gls,Ast,G+A,G-PK,G+A-PK,Matches
1626,Brad Mantsounga,cg CGO,DF,Nice,fr Ligue 1,17,2007,1,1,90,1,0,0,0,0,0,0,0,0,0,0,0,0,0,Matches
1627,Johan Manzambi,ch SUI,MF,Freiburg,de Bundesliga,19,2005,27,26,"2,077",23.1,5,4,9,5,0,0,4,2,0.22,0.17,0.39,0.22,0.39,Matches
1628,Sekou Mara,fr FRA,FW,Auxerre,fr Ligue 1,23,2002,27,14,"1,226",13.6,3,2,5,3,0,0,0,0,0.22,0.15,0.37,0.22,0.37,Matches
1629,Alessandro Marcandalli,it ITA,DF,Genoa,it Serie A,22,2002,32,29,"2,597",28.9,0,2,2,0,0,0,4,0,0,0.07,0.07,0,0.07,Matches
1630,Marcão,br BRA,DF,Sevilla,es La Liga,29,1996,13,11,938,10.4,1,0,1,1,0,0,5,1,0.1,0,0.1,0.1,0.1,Matches
1631,Solly March,eng ENG,MF,Brighton,eng Premier League,31,1994,4,0,41,0.5,0,0,0,0,0,0,0,0,0,0,0,0,0,Matches
1632,Vincent Marchetti,fr FRA,MF,Paris FC,fr Ligue 1,28,1997,23,9,825,9.2,2,1,3,2,0,0,1,0,0.22,0.11,0.33,0.22,0.33,Matches
1633,Pablo Marí,es ESP,DF,Fiorentina,it Serie A,31,1993,11,9,808,9,0,0,0,0,0,0,3,0,0,0,0,0,0,Matches
1634,José María Giménez,uy URU,DF,Atlético Madrid,es La Liga,30,1995,16,13,"1,178",13.1,0,1,1,0,0,0,3,0,0,0.08,0.08,0,0.08,Matches
1635,Mariano,do DOM,FW,Alavés,es La Liga,31,1993,10,3,288,3.2,0,0,0,0,0,0,1,0,0,0,0,0,0,Matches
1636,Luca Marianucci,it ITA,DF,Torino,it Serie A,21,2004,10,6,575,6.4,0,0,0,0,0,0,2,0,0,0,0,0,0,Matches
1637,Luca Marianucci,it ITA,DF,Napoli,it Serie A,21,2004,2,1,119,1.3,0,1,1,0,0,0,0,0,0,0.76,0.76,0,0.76,Matches
1638,Arkaitz Mariezkurrena,es ESP,FW,Real Sociedad,es La Liga,20,2005,1,0,1,0,0,0,0,0,0,0,0,0,0,0,0,0,0,Matches
1639,Marius Marin,ro ROU,MF,Pisa,it Serie A,26,1998,23,18,"1,281",14.2,0,0,0,0,0,0,7,0,0,0,0,0,0,Matches
1640,Pablo Marín,es ESP,MF,Real Sociedad,es La Liga,22,2003,34,15,"1,502",16.7,0,1,1,0,0,0,2,0,0,0.06,0.06,0,0.06,Matches
1641,Rafa Marín,es ESP,DF,Villarreal,es La Liga,23,2002,23,21,"1,979",22,1,0,1,1,0,0,1,0,0.05,0,0.05,0.05,0.05,Matches
1642,Renato Marin,it ITA,GK,PSG,fr Ligue 1,19,2006,2,2,180,2,0,0,0,0,0,0,0,0,0,0,0,0,0,Matches
1643,João Mário Lopes,pt POR,"DF,MF",Bologna,it Serie A,25,2000,10,10,735,8.2,1,0,1,1,0,0,1,0,0.12,0,0.12,0.12,0.12,Matches
1644,João Mário Lopes,pt POR,MF,Juventus,it Serie A,25,2000,10,2,258,2.9,0,0,0,0,0,0,1,0,0,0,0,0,0,Matches
1645,Guillermo Maripán,cl CHI,DF,Torino,it Serie A,31,1994,27,24,"2,145",23.8,2,0,2,2,0,0,4,0,0.08,0,0.08,0.08,0.08,Matches
1646,Omar Marmoush,eg EGY,"FW,MF",Manchester City,eng Premier League,26,1999,21,8,700,7.8,3,3,6,3,0,0,3,0,0.39,0.39,0.77,0.39,0.77,Matches
1647,Tomas Marques,es ESP,MF,Barcelona,es La Liga,18,2006,2,0,11,0.1,0,0,0,0,0,0,0,0,0,0,0,0,0,Matches
1648,Marquinhos,br BRA,DF,PSG,fr Ligue 1,31,1994,14,11,"1,052",11.7,0,0,0,0,0,0,0,0,0,0,0,0,0,Matches
1649,Unai Marrero,es ESP,GK,Real Sociedad,es La Liga,23,2001,1,1,90,1,0,0,0,0,0,0,1,0,0,0,0,0,0,Matches
1650,Callum Marshall,nir NIR,FW,West Ham,eng Premier League,20,2004,2,0,60,0.7,0,0,0,0,0,0,0,0,0,0,0,0,0,Matches
Rk,Player,Nation,Pos,Squad,Comp,Age,Born,MP,Starts,Min,90s,Gls,Ast,G+A,G-PK,PK,PKatt,CrdY,CrdR,Gls,Ast,G+A,G-PK,G+A-PK,Matches
1651,Eric Martel,de GER,"MF,DF",Köln,de Bundesliga,23,2002,31,30,"2,559",28.4,2,2,4,2,0,0,12,1,0.07,0.07,0.14,0.07,0.14,Matches
1652,Aarón Martín,es ESP,"MF,DF",Genoa,it Serie A,28,1997,33,26,"2,156",24,1,5,6,1,0,1,2,0,0.04,0.21,0.25,0.04,0.25,Matches
1653,Carlos Martín,es ESP,"MF,FW",Rayo Vallecano,es La Liga,23,2002,11,7,450,5,0,0,0,0,0,0,1,0,0,0,0,0,0,Matches
1654,Gerard Martín,es ESP,DF,Barcelona,es La Liga,23,2002,32,26,"2,119",23.5,0,0,0,0,0,0,6,0,0,0,0,0,0,Matches
1655,Iván Martín,es ESP,MF,Girona,es La Liga,26,1999,35,29,"2,532",28.1,0,1,1,0,0,0,5,1,0,0.04,0.04,0,0.04,Matches
1656,Jon Martin,es ESP,DF,Real Sociedad,es La Liga,19,2006,25,25,"2,250",25,2,0,2,2,0,0,6,0,0.08,0,0.08,0.08,0.08,Matches
1657,Mario Martín,es ESP,"MF,FW",Getafe,es La Liga,21,2004,35,26,"2,125",23.6,2,1,3,2,0,0,11,0,0.08,0.04,0.13,0.08,0.13,Matches
1658,Gabriel Martinelli,br BRA,"FW,MF",Arsenal,eng Premier League,24,2001,30,11,"1,081",12,1,4,5,1,0,0,3,0,0.08,0.33,0.42,0.08,0.42,Matches
1659,Arnau Martinez,es ESP,"DF,MF",Girona,es La Liga,22,2003,35,33,"2,666",29.6,2,3,5,2,0,0,6,0,0.07,0.1,0.17,0.07,0.17,Matches
1660,Daniel Martinez,es ESP,DF,Atlético Madrid,es La Liga,21,2004,1,1,90,1,0,0,0,0,0,0,0,0,0,0,0,0,0,Matches
1661,Emiliano Martínez,ar ARG,GK,Aston Villa,eng Premier League,32,1992,32,32,"2,835",31.5,0,1,1,0,0,0,2,0,0,0.03,0.03,0,0.03,Matches
1662,Joaquín Martínez Gauna,es ESP,"MF,DF",Sevilla,es La Liga,22,2003,21,14,"1,408",15.6,2,3,5,2,0,0,1,0,0.13,0.19,0.32,0.13,0.32,Matches
1663,Josep Martinez,es ESP,GK,Inter,it Serie A,27,1998,5,5,450,5,0,0,0,0,0,0,0,0,0,0,0,0,0,Matches
1664,Lautaro Martínez,ar ARG,FW,Inter,it Serie A,27,1997,30,27,"2,159",24,17,6,23,17,0,0,4,0,0.71,0.25,0.96,0.71,0.96,Matches
1665,Lisandro Martínez,ar ARG,DF,Manchester Utd,eng Premier League,27,1998,18,13,"1,233",13.7,0,0,0,0,0,0,0,1,0,0,0,0,0,Matches
1666,Pablo Martínez,es ESP,MF,Levante,es La Liga,27,1998,27,21,"1,857",20.6,1,5,6,1,0,0,3,0,0.05,0.24,0.29,0.05,0.29,Matches
1667,Ramón Martínez,es ESP,DF,Sevilla,es La Liga,22,2002,2,0,102,1.1,0,0,0,0,0,0,0,0,0,0,0,0,0,Matches
1668,Toni Martínez,es ESP,FW,Alavés,es La Liga,28,1997,37,32,"2,714",30.2,14,3,17,13,1,1,2,0,0.46,0.1,0.56,0.43,0.53,Matches
1669,Adam Marušić,me MNE,DF,Lazio,it Serie A,32,1992,33,32,"2,778",30.9,1,2,3,1,0,0,1,1,0.03,0.06,0.1,0.03,0.1,Matches
1670,Omar Mascarell,gq EQG,"MF,DF",Mallorca,es La Liga,32,1993,30,26,"2,239",24.9,2,2,4,2,0,0,5,0,0.08,0.08,0.16,0.08,0.16,Matches
1671,Adam Masina,ma MAR,DF,Torino,it Serie A,31,1994,5,2,235,2.6,0,1,1,0,0,0,0,0,0,0.38,0.38,0,0.38,Matches
1672,Patrizio Masini,it ITA,MF,Genoa,it Serie A,24,2001,28,13,"1,413",15.7,0,1,1,0,0,0,5,0,0,0.06,0.06,0,0.06,Matches
1673,Han-Noah Massengo,fr FRA,MF,Augsburg,de Bundesliga,24,2001,33,29,"2,427",27,2,1,3,2,0,0,5,0,0.07,0.04,0.11,0.07,0.11,Matches
1674,Franco Mastantuono,ar ARG,"MF,FW",Real Madrid,es La Liga,17,2007,23,11,"1,037",11.5,1,0,1,1,0,0,5,1,0.09,0,0.09,0.09,0.09,Matches
1675,Arthur Masuaku,cd COD,DF,Sunderland,eng Premier League,31,1993,3,2,126,1.4,0,0,0,0,0,0,1,0,0,0,0,0,0,Matches
Rk,Player,Nation,Pos,Squad,Comp,Age,Born,MP,Starts,Min,90s,Gls,Ast,G+A,G-PK,PK,PKatt,CrdY,CrdR,Gls,Ast,G+A,G-PK,G+A-PK,Matches
1676,Arthur Masuaku,cd COD,"DF,MF",Lens,fr Ligue 1,31,1993,4,3,227,2.5,0,0,0,0,0,0,1,0,0,0,0,0,0,Matches
1677,Clinton Mata,ao ANG,DF,Lyon,fr Ligue 1,32,1992,32,32,"2,833",31.5,0,0,0,0,0,0,5,0,0,0,0,0,0,Matches
1678,Igor Matanović,hr CRO,FW,Freiburg,de Bundesliga,22,2003,31,14,"1,571",17.5,11,2,13,10,1,2,0,0,0.63,0.11,0.74,0.57,0.69,Matches
1679,Pape Matar Sarr,sn SEN,MF,Tottenham,eng Premier League,22,2002,26,13,"1,398",15.5,2,4,6,2,0,0,3,0,0.13,0.26,0.39,0.13,0.39,Matches
1680,Jean-Philippe Mateta,fr FRA,FW,Crystal Palace,eng Premier League,28,1997,32,25,"2,218",24.6,12,0,12,8,4,4,2,0,0.49,0,0.49,0.32,0.32,Matches
1681,Nemanja Matić,rs SRB,MF,Sassuolo,it Serie A,36,1988,34,31,"2,660",29.6,1,1,2,1,0,0,7,1,0.03,0.03,0.07,0.03,0.07,Matches
1682,Rudy Matondo,fr FRA,MF,Paris FC,fr Ligue 1,17,2008,11,8,743,8.3,2,0,2,2,0,0,1,1,0.24,0,0.24,0.24,0.24,Matches
1683,Rudy Matondo,fr FRA,MF,Auxerre,fr Ligue 1,17,2008,16,6,614,6.8,0,0,0,0,0,0,3,0,0,0,0,0,0,Matches
1684,Chrislain Matsima,fr FRA,DF,Augsburg,de Bundesliga,23,2002,18,17,"1,489",16.5,1,1,2,1,0,0,5,0,0.06,0.06,0.12,0.06,0.12,Matches
1685,Jean Mattéo Bahoya,fr FRA,"MF,FW",Frankfurt,de Bundesliga,20,2005,27,15,"1,331",14.8,3,4,7,3,0,0,2,0,0.2,0.27,0.47,0.2,0.47,Matches
1686,Alan Matturro,uy URU,DF,Levante,es La Liga,20,2004,19,10,947,10.5,1,1,2,1,0,0,0,1,0.1,0.1,0.19,0.1,0.19,Matches
1687,Neal Maupay,fr FRA,"FW,MF",Marseille,fr Ligue 1,28,1996,1,0,2,0,0,0,0,0,0,0,0,0,0,0,0,0,0,Matches
1688,Neal Maupay,fr FRA,FW,Sevilla,es La Liga,28,1996,12,10,865,9.6,2,1,3,2,0,0,2,0,0.21,0.1,0.31,0.21,0.31,Matches
1689,Konstantinos Mavropanos,gr GRE,DF,West Ham,eng Premier League,27,1997,31,27,"2,534",28.2,3,0,3,3,0,0,2,0,0.11,0,0.11,0.11,0.11,Matches
1690,Christian Mawissa,fr FRA,"DF,MF",Monaco,fr Ligue 1,20,2005,18,13,"1,191",13.2,0,0,0,0,0,0,4,0,0,0,0,0,0,Matches
1691,Eliezer Mayenda,es ESP,"FW,MF",Sunderland,eng Premier League,20,2005,20,8,759,8.4,2,0,2,2,0,0,0,0,0.24,0,0.24,0.24,0.24,Matches
1692,Ezra Mayers,bb BRB,DF,West Ham,eng Premier League,18,2007,6,0,117,1.3,0,0,0,0,0,0,0,0,0,0,0,0,0,Matches
1693,Borja Mayoral,es ESP,FW,Getafe,es La Liga,28,1997,16,12,"1,058",11.8,4,1,5,4,0,1,0,0,0.34,0.09,0.43,0.34,0.43,Matches
1694,Senny Mayulu,fr FRA,"MF,FW",PSG,fr Ligue 1,19,2006,26,21,"1,672",18.6,4,4,8,4,0,0,3,0,0.22,0.22,0.43,0.22,0.43,Matches
1695,Ibrahim Maza,dz ALG,MF,Leverkusen,de Bundesliga,19,2005,28,20,"1,849",20.5,3,4,7,3,0,0,2,0,0.15,0.19,0.34,0.15,0.34,Matches
1696,Noussair Mazraoui,ma MAR,"DF,MF",Manchester Utd,eng Premier League,27,1997,20,11,985,10.9,0,0,0,0,0,0,3,0,0,0,0,0,0,Matches
1697,Luca Mazzitelli,it ITA,MF,Cagliari,it Serie A,29,1995,18,9,767,8.5,2,2,4,2,0,0,3,0,0.23,0.23,0.47,0.23,0.47,Matches
1698,Pasquale Mazzocchi,it ITA,MF,Napoli,it Serie A,30,1995,16,2,310,3.4,0,1,1,0,0,0,0,1,0,0.29,0.29,0,0.29,Matches
1699,Nathan Mbala,,"MF,FW",Metz,fr Ligue 1,17,2008,13,4,441,4.9,2,2,4,2,0,0,0,0,0.41,0.41,0.82,0.41,0.82,Matches
1700,Samuel Mbangula,be BEL,"MF,FW",Werder Bremen,de Bundesliga,21,2004,26,12,"1,171",13,3,2,5,3,0,0,0,0,0.23,0.15,0.38,0.23,0.38,Matches
Rk,Player,Nation,Pos,Squad,Comp,Age,Born,MP,Starts,Min,90s,Gls,Ast,G+A,G-PK,PK,PKatt,CrdY,CrdR,Gls,Ast,G+A,G-PK,G+A-PK,Matches
1701,Ethan Mbappé,fr FRA,"MF,FW",Lille,fr Ligue 1,18,2006,18,4,567,6.3,3,1,4,3,0,0,1,0,0.48,0.16,0.63,0.48,0.63,Matches
1702,Kylian Mbappé,fr FRA,FW,Real Madrid,es La Liga,26,1998,31,29,"2,599",28.9,25,5,30,17,8,9,4,0,0.87,0.17,1.04,0.59,0.76,Matches
1703,Ibrahim Mbaye,sn SEN,"FW,MF",PSG,fr Ligue 1,17,2008,24,10,"1,006",11.2,3,2,5,3,0,0,0,0,0.27,0.18,0.45,0.27,0.45,Matches
1704,Malick Mbaye,sn SEN,MF,Metz,fr Ligue 1,21,2004,5,3,300,3.3,0,0,0,0,0,0,1,0,0,0,0,0,0,Matches
1705,Chancel Mbemba,cd COD,DF,Lille,fr Ligue 1,30,1994,13,9,954,10.6,0,0,0,0,0,0,3,0,0,0,0,0,0,Matches
1706,Bryan Mbeumo,cm CMR,"MF,FW",Manchester Utd,eng Premier League,25,1999,33,31,"2,609",29,11,3,14,11,0,0,4,0,0.38,0.1,0.48,0.38,0.48,Matches
1707,Michel Mboula,ga GAB,"DF,MF",Metz,fr Ligue 1,22,2003,14,10,746,8.3,0,0,0,0,0,0,2,0,0,0,0,0,0,Matches
1708,Pathé Mboup,sn SEN,MF,Brest,fr Ligue 1,21,2003,28,9,"1,054",11.7,1,0,1,1,0,0,6,0,0.09,0,0.09,0.09,0.09,Matches
1709,Moustapha Mbow,sn SEN,DF,Paris FC,fr Ligue 1,25,2000,31,30,"2,717",30.2,0,1,1,0,0,0,5,0,0,0.03,0.03,0,0.03,Matches
1710,James Mcatee,eng ENG,MF,Nottingham,eng Premier League,22,2002,14,2,298,3.3,0,1,1,0,0,0,1,0,0,0.3,0.3,0,0.3,Matches
1711,John McGinn,sct SCO,MF,Aston Villa,eng Premier League,30,1994,30,28,"2,137",23.7,5,4,9,5,0,0,5,0,0.21,0.17,0.38,0.21,0.38,Matches
1712,Weston McKennie,us USA,MF,Juventus,it Serie A,26,1998,36,32,"2,835",31.5,5,5,10,5,0,0,5,0,0.16,0.16,0.32,0.16,0.32,Matches
1713,Mark McKenzie,us USA,DF,Toulouse,fr Ligue 1,26,1999,29,27,"2,404",26.7,0,2,2,0,0,0,7,1,0,0.07,0.07,0,0.07,Matches
1714,Dwight McNeil,eng ENG,MF,Everton,eng Premier League,25,1999,22,14,"1,168",13,0,1,1,0,0,0,1,0,0,0.08,0.08,0,0.08,Matches
1715,Scott McTominay,sct SCO,MF,Napoli,it Serie A,28,1996,33,31,"2,791",31,10,3,13,10,0,1,1,0,0.32,0.1,0.42,0.32,0.42,Matches
1716,Facundo Medina,ar ARG,DF,Marseille,fr Ligue 1,26,1999,17,16,"1,365",15.2,0,1,1,0,0,0,7,0,0,0.07,0.07,0,0.07,Matches
1717,Jonas Meffert,de GER,MF,Hamburger SV,de Bundesliga,30,1994,4,1,145,1.6,0,0,0,0,0,0,0,0,0,0,0,0,0,Matches
1718,Henrik Meister,dk DEN,FW,Pisa,it Serie A,21,2003,28,15,"1,515",16.8,2,0,2,2,0,0,2,0,0.12,0,0.12,0.12,0.12,Matches
1719,Bamo Meïté,ci CIV,DF,Lorient,fr Ligue 1,23,2001,25,22,"1,979",22,0,3,3,0,0,0,5,0,0,0.14,0.14,0,0.14,Matches
1720,Kader Meïté,fr FRA,FW,Rennes,fr Ligue 1,17,2007,17,6,535,5.9,3,2,5,3,0,0,0,0,0.5,0.34,0.84,0.5,0.84,Matches
1721,Hannibal Mejbri,tn TUN,MF,Burnley,eng Premier League,22,2003,27,15,"1,229",13.7,1,4,5,1,0,0,10,0,0.07,0.29,0.37,0.07,0.37,Matches
1722,Cléo Melieres,fr FRA,FW,Metz,fr Ligue 1,20,2005,2,0,31,0.3,0,0,0,0,0,0,1,0,0,0,0,0,0,Matches
1723,Nuno Mendes,pt POR,DF,PSG,fr Ligue 1,23,2002,20,13,"1,256",14,4,5,9,3,1,1,1,0,0.29,0.36,0.64,0.21,0.57,Matches
1724,Brais Méndez,es ESP,"MF,FW",Real Sociedad,es La Liga,28,1997,29,21,"1,660",18.4,6,2,8,5,1,2,4,1,0.33,0.11,0.43,0.27,0.38,Matches
1725,Rodrigo Mendoza,es ESP,"MF,FW",Elche,es La Liga,20,2005,16,6,794,8.8,1,0,1,1,0,0,4,0,0.11,0,0.11,0.11,0.11,Matches
Rk,Player,Nation,Pos,Squad,Comp,Age,Born,MP,Starts,Min,90s,Gls,Ast,G+A,G-PK,PK,PKatt,CrdY,CrdR,Gls,Ast,G+A,G-PK,G+A-PK,Matches
1726,Rodrigo Mendoza,es ESP,MF,Atlético Madrid,es La Liga,20,2005,8,8,434,4.8,0,1,1,0,0,0,2,0,0,0.21,0.21,0,0.21,Matches
1727,Antoine Mendy,sn SEN,DF,Nice,fr Ligue 1,21,2004,25,24,"2,097",23.3,1,0,1,1,0,0,5,0,0.04,0,0.04,0.04,0.04,Matches
1728,Batista Mendy,fr FRA,MF,Sevilla,es La Liga,25,2000,27,19,"1,617",18,1,0,1,1,0,0,6,0,0.06,0,0.06,0.06,0.06,Matches
1729,Ferland Mendy,fr FRA,DF,Real Madrid,es La Liga,30,1995,5,3,207,2.3,0,0,0,0,0,0,0,0,0,0,0,0,0,Matches
1730,Formose Mendy,sn SEN,DF,Lorient,fr Ligue 1,24,2001,2,2,135,1.5,0,0,0,0,0,0,1,0,0,0,0,0,0,Matches
1731,Nobel Mendy,sn SEN,DF,Rayo Vallecano,es La Liga,20,2004,24,22,"1,797",20,2,0,2,2,0,0,9,2,0.1,0,0.1,0.1,0.1,Matches
1732,Paul Mendy,sn SEN,FW,Cagliari,it Serie A,18,2007,9,3,335,3.7,2,0,2,2,0,0,1,0,0.54,0,0.54,0.54,0.54,Matches
1733,Gideon Mensah,gh GHA,DF,Auxerre,fr Ligue 1,27,1998,30,26,"2,327",25.9,0,2,2,0,0,0,8,0,0,0.08,0.08,0,0.08,Matches
1734,Khalis Merah,fr FRA,"MF,FW",Lyon,fr Ligue 1,18,2007,22,15,"1,130",12.6,0,1,1,0,0,0,2,0,0,0.08,0.08,0,0.08,Matches
1735,Alex Meret,it ITA,GK,Napoli,it Serie A,28,1997,11,11,979,10.9,0,1,1,0,0,0,1,0,0,0.09,0.09,0,0.09,Matches
1736,Mikel Merino,es ESP,"MF,FW",Arsenal,eng Premier League,29,1996,22,10,"1,036",11.5,4,3,7,4,0,0,1,0,0.35,0.26,0.61,0.35,0.61,Matches
1737,Quentin Merlin,fr FRA,"DF,MF",Rennes,fr Ligue 1,23,2002,33,27,"2,533",28.1,1,5,6,1,0,0,2,0,0.04,0.18,0.21,0.04,0.21,Matches
1738,Rafik Messali,fr FRA,MF,Toulouse,fr Ligue 1,22,2003,12,5,502,5.6,0,0,0,0,0,0,2,0,0,0,0,0,0,Matches
1739,Junior Messias,br BRA,MF,Genoa,it Serie A,34,1991,20,5,685,7.6,3,1,4,2,1,1,1,0,0.39,0.13,0.53,0.26,0.39,Matches
1740,Alejandro Mestanza,es ESP,MF,Getafe,es La Liga,20,2004,3,1,71,0.8,0,0,0,0,0,0,0,0,0,0,0,0,0,Matches
1741,Connor Metcalfe,au AUS,"MF,FW",St Pauli,de Bundesliga,25,1999,25,3,592,6.6,0,2,2,0,0,0,2,0,0,0.3,0.3,0,0.3,Matches
1742,Dayann Methalie,fr FRA,MF,Toulouse,fr Ligue 1,19,2006,27,22,"1,871",20.8,2,1,3,2,0,0,9,0,0.1,0.05,0.14,0.1,0.14,Matches
1743,Karol Mets,ee EST,DF,St Pauli,de Bundesliga,32,1993,23,22,"1,932",21.5,1,0,1,1,0,0,3,0,0.05,0,0.05,0.05,0.05,Matches
1744,Thomas Meunier,be BEL,DF,Lille,fr Ligue 1,33,1991,25,21,"1,909",21.2,2,2,4,2,0,0,3,0,0.09,0.09,0.19,0.09,0.19,Matches
1745,Shumaira Mheuka,eng ENG,FW,Chelsea,eng Premier League,17,2007,1,0,2,0,0,0,0,0,0,0,0,0,0,0,0,0,0,Matches
1746,Lucas Michal,fr FRA,MF,Metz,fr Ligue 1,20,2005,9,2,212,2.4,0,0,0,0,0,0,1,0,0,0,0,0,0,Matches
1747,Lucas Michal,fr FRA,FW,Monaco,fr Ligue 1,20,2005,2,0,59,0.7,0,0,0,0,0,0,0,0,0,0,0,0,0,Matches
1748,Georges Mikautadze,ge GEO,FW,Villarreal,es La Liga,24,2000,32,23,"2,109",23.4,13,6,19,13,0,0,1,0,0.55,0.26,0.81,0.55,0.81,Matches
1749,Georges Mikautadze,ge GEO,FW,Lyon,fr Ligue 1,24,2000,2,2,179,2,1,0,1,1,0,0,0,0,0.5,0,0.5,0.5,0.5,Matches
1750,Wisdom Mike,de GER,FW,Bayern Munich,de Bundesliga,16,2008,4,0,30,0.3,0,0,0,0,0,0,0,0,0,0,0,0,0,Matches
Rk,Player,Nation,Pos,Squad,Comp,Age,Born,MP,Starts,Min,90s,Gls,Ast,G+A,G-PK,PK,PKatt,CrdY,CrdR,Gls,Ast,G+A,G-PK,G+A-PK,Matches
1751,William Mikelbrencis,fr FRA,"MF,DF",Hamburger SV,de Bundesliga,21,2004,26,15,"1,372",15.2,0,4,4,0,0,0,3,0,0,0.26,0.26,0,0.26,Matches
1752,Daniel Mikołajewski,pl POL,FW,Parma,it Serie A,19,2006,3,1,70,0.8,0,0,0,0,0,0,0,0,0,0,0,0,0,Matches
1753,Antoni Milambo,nl NED,MF,Brentford,eng Premier League,20,2005,1,1,45,0.5,0,0,0,0,0,0,0,0,0,0,0,0,0,Matches
1754,Nikola Milenković,rs SRB,DF,Nottingham,eng Premier League,27,1997,38,37,"3,375",37.5,0,0,0,0,0,0,6,0,0,0,0,0,0,Matches
1755,Lewis Miley,eng ENG,"MF,DF",Newcastle,eng Premier League,19,2006,23,15,"1,496",16.6,1,4,5,1,0,0,0,0,0.06,0.24,0.3,0.06,0.3,Matches
1756,Arkadiusz Milik,pl POL,FW,Juventus,it Serie A,31,1994,2,0,36,0.4,0,0,0,0,0,0,0,0,0,0,0,0,0,Matches
1757,Vanja Milinković-Savić,rs SRB,GK,Napoli,it Serie A,28,1997,27,27,"2,430",27,0,1,1,0,0,0,0,0,0,0.04,0.04,0,0.04,Matches
1758,Éder Militão,br BRA,DF,Real Madrid,es La Liga,27,1998,16,14,"1,139",12.7,2,1,3,2,0,0,2,0,0.16,0.08,0.24,0.16,0.24,Matches
1759,Luis Milla,es ESP,MF,Getafe,es La Liga,30,1994,37,37,"3,271",36.3,1,10,11,1,0,0,5,1,0.03,0.28,0.3,0.03,0.3,Matches
1760,Pere Milla,es ESP,"MF,FW",Espanyol,es La Liga,32,1992,33,24,"1,973",21.9,7,1,8,7,0,0,6,1,0.32,0.05,0.36,0.32,0.36,Matches
1761,Lennon Miller,sct SCO,MF,Udinese,it Serie A,18,2006,24,9,996,11.1,0,2,2,0,0,0,4,0,0,0.18,0.18,0,0.18,Matches
1762,James Milner,eng ENG,MF,Brighton,eng Premier League,39,1986,20,7,784,8.7,1,1,2,0,1,1,2,0,0.11,0.11,0.23,0,0.11,Matches
1763,Veljko Milosavljević,rs SRB,DF,Bournemouth,eng Premier League,18,2007,7,4,368,4.1,0,0,0,0,0,0,0,0,0,0,0,0,0,Matches
1764,Jovan Milošević,rs SRB,FW,Werder Bremen,de Bundesliga,20,2005,13,5,488,5.4,3,1,4,3,0,0,2,0,0.55,0.18,0.74,0.55,0.74,Matches
1765,Kim Min-jae,kr KOR,DF,Bayern Munich,de Bundesliga,28,1996,25,19,"1,602",17.8,1,1,2,1,0,0,1,0,0.06,0.06,0.11,0.06,0.11,Matches
1766,Yerry Mina,co COL,DF,Cagliari,it Serie A,30,1994,26,26,"2,150",23.9,2,0,2,2,0,0,5,1,0.08,0,0.08,0.08,0.08,Matches
1767,Takumi Minamino,jp JPN,MF,Monaco,fr Ligue 1,30,1995,15,11,944,10.5,3,2,5,3,0,0,4,0,0.29,0.19,0.48,0.29,0.48,Matches
1768,Tyrone Mings,eng ENG,DF,Aston Villa,eng Premier League,32,1993,17,15,"1,324",14.7,0,0,0,0,0,0,1,0,0,0,0,0,0,Matches
1769,Óscar Mingueza,es ESP,MF,Celta Vigo,es La Liga,26,1999,34,21,"1,968",21.9,1,4,5,1,0,0,4,0,0.05,0.18,0.23,0.05,0.23,Matches
1770,Yankuba Minteh,gm GAM,MF,Brighton,eng Premier League,21,2004,34,26,"2,391",26.6,3,4,7,3,0,0,3,0,0.11,0.15,0.26,0.11,0.26,Matches
1771,Bojan Miovski,mk MKD,FW,Girona,es La Liga,26,1999,1,1,44,0.5,0,0,0,0,0,0,0,0,0,0,0,0,0,Matches
1772,Rafa Mir,es ESP,"FW,MF",Elche,es La Liga,28,1997,27,21,"1,803",20,8,0,8,7,1,2,4,0,0.4,0,0.4,0.35,0.35,Matches
1773,Juan Miranda,es ESP,DF,Bologna,it Serie A,25,2000,32,29,"2,573",28.6,1,3,4,1,0,0,6,0,0.03,0.1,0.14,0.03,0.14,Matches
1774,Fabio Miretti,it ITA,MF,Juventus,it Serie A,21,2003,23,5,617,6.9,1,2,3,1,0,0,1,0,0.15,0.29,0.44,0.15,0.44,Matches
1775,Tyrick Mitchell,eng ENG,MF,Crystal Palace,eng Premier League,25,1999,38,36,"3,251",36.1,1,2,3,1,0,0,6,0,0.03,0.06,0.08,0.03,0.08,Matches
Rk,Player,Nation,Pos,Squad,Comp,Age,Born,MP,Starts,Min,90s,Gls,Ast,G+A,G-PK,PK,PKatt,CrdY,CrdR,Gls,Ast,G+A,G-PK,G+A-PK,Matches
1776,Kaoru Mitoma,jp JPN,"MF,FW",Brighton,eng Premier League,28,1997,25,19,"1,721",19.1,3,1,4,3,0,0,5,0,0.16,0.05,0.21,0.16,0.21,Matches
1777,Maximilian Mittelstädt,de GER,"DF,MF",Stuttgart,de Bundesliga,28,1997,32,24,"2,186",24.3,6,4,10,2,4,4,4,0,0.25,0.16,0.41,0.08,0.25,Matches
1778,Henrikh Mkhitaryan,am ARM,MF,Inter,it Serie A,36,1989,30,16,"1,560",17.3,4,1,5,4,0,0,5,0,0.23,0.06,0.29,0.23,0.29,Matches
1779,Branimir Mlacic,hr CRO,DF,Udinese,it Serie A,18,2007,7,2,166,1.8,0,0,0,0,0,0,2,0,0,0,0,0,0,Matches
1780,Tadjidine Mmadi,fr FRA,FW,Marseille,fr Ligue 1,18,2007,3,0,45,0.5,0,0,0,0,0,0,0,0,0,0,0,0,0,Matches
1781,Rui Modesto,ao ANG,MF,Udinese,it Serie A,25,1999,3,0,119,1.3,0,1,1,0,0,0,0,0,0,0.76,0.76,0,0.76,Matches
1782,Luka Modrić,hr CRO,MF,Milan,it Serie A,39,1985,34,32,"2,811",31.2,2,3,5,2,0,0,4,0,0.06,0.1,0.16,0.06,0.16,Matches
1783,Max Moerstedt,de GER,FW,Hoffenheim,de Bundesliga,19,2006,22,1,420,4.7,2,0,2,2,0,0,2,0,0.43,0,0.43,0.43,0.43,Matches
1784,Terem Moffi,ng NGA,FW,Nice,fr Ligue 1,26,1999,10,6,488,5.4,2,0,2,2,0,0,0,0,0.37,0,0.37,0.37,0.37,Matches
1785,Mostafa Mohamed,eg EGY,FW,Nantes,fr Ligue 1,27,1997,24,13,"1,152",12.8,4,0,4,4,0,0,1,0,0.31,0,0.31,0.31,0.31,Matches
1786,Wael Mohya,de GER,"MF,FW",Gladbach,de Bundesliga,16,2008,15,6,552,6.1,2,1,3,2,0,0,1,0,0.33,0.16,0.49,0.33,0.49,Matches
1787,Johan Mojica,co COL,DF,Mallorca,es La Liga,32,1992,35,30,"2,724",30.3,0,4,4,0,0,0,6,1,0,0.13,0.13,0,0.13,Matches
1788,Horaţiu Moldovan,ro ROU,GK,Oviedo,es La Liga,27,1998,2,2,180,2,0,0,0,0,0,0,0,0,0,0,0,0,0,Matches
1789,Enzo Molebe,fr FRA,FW,Lyon,fr Ligue 1,17,2007,1,0,10,0.1,0,0,0,0,0,0,0,0,0,0,0,0,0,Matches
1790,Alberto Moleiro,es ESP,MF,Villarreal,es La Liga,21,2003,37,30,"2,478",27.5,10,5,15,10,0,0,4,0,0.36,0.18,0.54,0.36,0.54,Matches
1791,Nahuel Molina,ar ARG,"DF,MF",Atlético Madrid,es La Liga,27,1998,26,13,"1,331",14.8,2,2,4,2,0,0,4,0,0.14,0.14,0.27,0.14,0.27,Matches
1792,Jon Moncayola,es ESP,MF,Osasuna,es La Liga,27,1998,36,35,"3,016",33.5,0,4,4,0,0,0,9,0,0,0.12,0.12,0,0.12,Matches
1793,Jano Monserrate,es ESP,MF,Atlético Madrid,es La Liga,19,2006,2,0,23,0.3,0,0,0,0,0,0,0,0,0,0,0,0,0,Matches
1794,Jorge Montes,es ESP,DF,Getafe,es La Liga,21,2004,1,0,27,0.3,0,0,0,0,0,0,0,0,0,0,0,0,0,Matches
1795,Lorenzo Montipò,it ITA,GK,Hellas Verona,it Serie A,29,1996,35,35,"3,150",35,0,1,1,0,0,0,0,0,0,0.03,0.03,0,0.03,Matches
1796,Álvaro Morata,es ESP,FW,Como,it Serie A,32,1992,26,9,930,10.3,0,1,1,0,0,1,4,1,0,0.1,0.1,0,0.1,Matches
1797,Morato,br BRA,DF,Nottingham,eng Premier League,24,2001,21,14,"1,345",14.9,1,0,1,1,0,0,5,0,0.07,0,0.07,0.07,0.07,Matches
1798,Diego Morcillo,es ESP,FW,Alavés,es La Liga,22,2003,1,0,10,0.1,0,0,0,0,0,0,0,0,0,0,0,0,0,Matches
1799,Javi Morcillo,es ESP,MF,Atlético Madrid,es La Liga,19,2006,5,1,172,1.9,0,0,0,0,0,0,2,0,0,0,0,0,0,Matches
1800,Afonso Moreira,pt POR,"MF,FW",Lyon,fr Ligue 1,20,2005,27,18,"1,722",19.1,4,7,11,4,0,0,3,0,0.21,0.37,0.57,0.21,0.57,Matches
Rk,Player,Nation,Pos,Squad,Comp,Age,Born,MP,Starts,Min,90s,Gls,Ast,G+A,G-PK,PK,PKatt,CrdY,CrdR,Gls,Ast,G+A,G-PK,G+A-PK,Matches
1801,Diego Moreira,be BEL,MF,Strasbourg,fr Ligue 1,20,2004,27,23,"2,034",22.6,4,6,10,4,0,0,4,0,0.18,0.27,0.44,0.18,0.44,Matches
1802,Alberto Moreno,es ESP,DF,Como,it Serie A,33,1992,19,13,"1,233",13.7,2,1,3,2,0,0,4,0,0.15,0.07,0.22,0.15,0.22,Matches
1803,Álex Moreno,es ESP,DF,Girona,es La Liga,32,1993,31,28,"2,559",28.4,0,3,3,0,0,0,5,0,0,0.11,0.11,0,0.11,Matches
1804,Fabio Moreno Fell,de GER,FW,Mainz 05,de Bundesliga,25,2000,2,1,77,0.9,0,0,0,0,0,0,0,0,0,0,0,0,0,Matches
1805,Gerard Moreno,es ESP,FW,Villarreal,es La Liga,33,1992,22,16,"1,343",14.9,10,0,10,7,3,3,0,0,0.67,0,0.67,0.47,0.47,Matches
1806,Matias Moreno,ar ARG,DF,Levante,es La Liga,21,2003,28,27,"2,252",25,0,0,0,0,0,0,8,0,0,0,0,0,0,Matches
1807,Tete Morente,es ESP,MF,Elche,es La Liga,28,1996,13,11,929,10.3,1,1,2,1,0,0,1,0,0.1,0.1,0.19,0.1,0.19,Matches
1808,Tete Morente,es ESP,"FW,MF",Lecce,it Serie A,28,1996,16,9,859,9.5,0,0,0,0,0,0,2,0,0,0,0,0,0,Matches
1809,Stefano Moreo,it ITA,"FW,MF",Pisa,it Serie A,32,1993,37,29,"2,307",25.6,7,1,8,5,2,2,2,0,0.27,0.04,0.31,0.2,0.23,Matches
1810,Mateu Morey,es ESP,"DF,MF",Mallorca,es La Liga,25,2000,18,9,704,7.8,1,0,1,1,0,0,2,0,0.13,0,0.13,0.13,0.13,Matches
1811,Ilaix Moriba,gn GUI,MF,Celta Vigo,es La Liga,22,2003,36,26,"2,495",27.7,2,3,5,2,0,0,8,0,0.07,0.11,0.18,0.07,0.18,Matches
1812,Manu Morlanes,es ESP,MF,Mallorca,es La Liga,26,1999,32,22,"1,765",19.6,3,0,3,3,0,0,5,1,0.15,0,0.15,0.15,0.15,Matches
1813,Luca Moro,it ITA,FW,Sassuolo,it Serie A,24,2001,14,1,211,2.3,0,0,0,0,0,0,1,0,0,0,0,0,0,Matches
1814,Nikola Moro,hr CRO,MF,Bologna,it Serie A,27,1998,30,19,"1,799",20,2,0,2,2,0,0,1,0,0.1,0,0.1,0.1,0.1,Matches
1815,Raúl Moro,es ESP,MF,Osasuna,es La Liga,22,2002,14,7,625,6.9,0,2,2,0,0,0,0,0,0,0.29,0.29,0,0.29,Matches
1816,Tyler Morton,eng ENG,MF,Lyon,fr Ligue 1,22,2002,29,29,"2,517",28,2,2,4,2,0,0,6,1,0.07,0.07,0.14,0.07,0.14,Matches
1817,Mattia Mosconi,it ITA,FW,Inter,it Serie A,18,2007,2,0,27,0.3,0,0,0,0,0,0,0,0,0,0,0,0,0,Matches
1818,Daren Mosengo,fr FRA,MF,Le Havre,fr Ligue 1,18,2006,7,0,108,1.2,0,0,0,0,0,0,0,0,0,0,0,0,0,Matches
1819,Cristhian Mosquera,es ESP,DF,Arsenal,eng Premier League,21,2004,20,9,994,11,0,0,0,0,0,0,4,0,0,0,0,0,0,Matches
1820,Daniel Mosquera,co COL,FW,Hellas Verona,it Serie A,25,1999,22,5,597,6.6,0,2,2,0,0,0,1,0,0,0.3,0.3,0,0.3,Matches
1821,Yerson Mosquera,co COL,DF,Wolves,eng Premier League,24,2001,27,24,"2,136",23.7,0,0,0,0,0,0,12,0,0,0,0,0,0,Matches
1822,Edoardo Motta,it ITA,GK,Lazio,it Serie A,20,2005,9,9,810,9,0,0,0,0,0,0,1,0,0,0,0,0,0,Matches
1823,Pierre Mounguengue,fr FRA,FW,PSG,fr Ligue 1,17,2008,1,0,16,0.2,0,0,0,0,0,0,0,0,0,0,0,0,0,Matches
1824,Mason Mount,eng ENG,MF,Manchester Utd,eng Premier League,26,1999,23,12,"1,017",11.3,3,0,3,3,0,0,2,0,0.27,0,0.27,0.27,0.27,Matches
1825,Samir El Mourabet,ma MAR,MF,Strasbourg,fr Ligue 1,19,2005,33,25,"2,128",23.6,1,2,3,1,0,0,4,0,0.04,0.08,0.13,0.04,0.13,Matches
Rk,Player,Nation,Pos,Squad,Comp,Age,Born,MP,Starts,Min,90s,Gls,Ast,G+A,G-PK,PK,PKatt,CrdY,CrdR,Gls,Ast,G+A,G-PK,G+A-PK,Matches
1826,Santiago Mouriño,uy URU,DF,Villarreal,es La Liga,23,2002,28,27,"2,377",26.4,1,2,3,1,0,0,11,1,0.04,0.08,0.11,0.04,0.11,Matches
1827,Louis Mouton,fr FRA,MF,Angers,fr Ligue 1,23,2002,32,24,"1,891",21,2,1,3,2,0,0,2,1,0.1,0.05,0.14,0.1,0.14,Matches
1828,Lionel Mpasi,cd COD,GK,Le Havre,fr Ligue 1,30,1994,4,3,315,3.5,0,0,0,0,0,0,1,0,0,0,0,0,0,Matches
1829,Tarik Muharemovic,ba BIH,DF,Sassuolo,it Serie A,22,2003,32,32,"2,835",31.5,2,2,4,2,0,0,7,0,0.06,0.06,0.13,0.06,0.13,Matches
1830,Miro Muheim,ch SUI,"MF,DF",Hamburger SV,de Bundesliga,27,1998,29,27,"2,435",27.1,0,4,4,0,0,0,7,1,0,0.15,0.15,0,0.15,Matches
1831,Divine Mukasa,eng ENG,MF,Manchester City,eng Premier League,17,2007,2,0,27,0.3,0,0,0,0,0,0,0,0,0,0,0,0,0,Matches
1832,Ngal'Ayel Mukau,cd COD,MF,Lille,fr Ligue 1,20,2004,30,19,"1,534",17,1,0,1,1,0,0,3,0,0.06,0,0.06,0.06,0.06,Matches
1833,Nordan Mukiele,fr FRA,MF,Rennes,fr Ligue 1,19,2006,8,0,96,1.1,1,0,1,1,0,0,0,0,0.94,0,0.94,0.94,0.94,Matches
1834,Nordi Mukiele,fr FRA,DF,Sunderland,eng Premier League,27,1997,32,32,"2,784",30.9,3,3,6,3,0,0,5,0,0.1,0.1,0.19,0.1,0.19,Matches
1835,Abdul Mumin,gh GHA,DF,Rayo Vallecano,es La Liga,27,1998,3,1,79,0.9,0,0,0,0,0,0,0,0,0,0,0,0,0,Matches
1836,Romaine Mundle,eng ENG,MF,Sunderland,eng Premier League,22,2003,14,2,411,4.6,0,0,0,0,0,0,1,0,0,0,0,0,0,Matches
1837,Marshall Munetsi,zw ZIM,MF,Paris FC,fr Ligue 1,29,1996,15,11,975,10.8,4,1,5,4,0,0,0,0,0.37,0.09,0.46,0.37,0.46,Matches
1838,Marshall Munetsi,zw ZIM,"MF,FW",Wolves,eng Premier League,29,1996,13,9,875,9.7,1,1,2,1,0,0,2,0,0.1,0.1,0.21,0.1,0.21,Matches
1839,Rodrigo Muniz,br BRA,FW,Fulham,eng Premier League,24,2001,21,10,"1,000",11.1,1,1,2,1,0,0,2,0,0.09,0.09,0.18,0.09,0.18,Matches
1840,Believe Munongo,fr FRA,MF,Metz,fr Ligue 1,15,2009,11,5,431,4.8,0,0,0,0,0,0,1,0,0,0,0,0,0,Matches
1841,Aihen Muñoz,es ESP,DF,Real Sociedad,es La Liga,27,1997,21,9,848,9.4,1,0,1,1,0,0,1,0,0.11,0,0.11,0.11,0.11,Matches
1842,Daniel Muñoz,co COL,MF,Crystal Palace,eng Premier League,29,1996,29,29,"2,399",26.7,4,3,7,4,0,0,7,0,0.15,0.11,0.26,0.15,0.26,Matches
1843,Iker Muñoz,es ESP,MF,Osasuna,es La Liga,22,2002,19,8,952,10.6,0,0,0,0,0,0,5,0,0,0,0,0,0,Matches
1844,Javier Muñoz,es ESP,"MF,FW",Getafe,es La Liga,30,1995,17,4,551,6.1,0,0,0,0,0,0,0,0,0,0,0,0,0,Matches
1845,Víctor Muñoz,es ESP,"MF,FW",Osasuna,es La Liga,22,2003,34,31,"2,656",29.5,6,2,8,6,0,0,3,0,0.2,0.07,0.27,0.2,0.27,Matches
1846,Arijanet Muric,xk KVX,GK,Sassuolo,it Serie A,26,1998,32,32,"2,880",32,0,0,0,0,0,0,4,0,0,0,0,0,0,Matches
1847,Murillo,br BRA,DF,Nottingham,eng Premier League,23,2002,25,25,"2,130",23.7,1,0,1,1,0,0,5,0,0.04,0,0.04,0.04,0.04,Matches
1848,Vedat Muriqi,xk KVX,FW,Mallorca,es La Liga,31,1994,37,36,"3,128",34.8,23,1,24,18,5,7,4,1,0.66,0.03,0.69,0.52,0.55,Matches
1849,Alex Murphy,ie IRL,DF,Newcastle,eng Premier League,21,2004,2,0,9,0.1,0,0,0,0,0,0,0,0,0,0,0,0,0,Matches
1850,Jacob Murphy,eng ENG,"FW,MF",Newcastle,eng Premier League,30,1995,33,19,"1,617",18,3,2,5,3,0,0,2,0,0.17,0.11,0.28,0.17,0.28,Matches
Rk,Player,Nation,Pos,Squad,Comp,Age,Born,MP,Starts,Min,90s,Gls,Ast,G+A,G-PK,PK,PKatt,CrdY,CrdR,Gls,Ast,G+A,G-PK,G+A-PK,Matches
1851,Salim Musah,de GER,FW,Werder Bremen,de Bundesliga,19,2006,8,2,198,2.2,1,0,1,1,0,0,0,0,0.45,0,0.45,0.45,0.45,Matches
1852,Yunus Musah,us USA,MF,Atalanta,it Serie A,22,2002,19,4,574,6.4,1,0,1,1,0,0,1,0,0.16,0,0.16,0.16,0.16,Matches
1853,Yunus Musah,us USA,MF,Milan,it Serie A,22,2002,1,1,90,1,0,0,0,0,0,0,0,0,0,0,0,0,0,Matches
1854,Jamal Musiala,de GER,"MF,FW",Bayern Munich,de Bundesliga,22,2003,15,7,683,7.6,3,4,7,2,1,1,1,0,0.4,0.53,0.92,0.26,0.79,Matches
1855,Juan Musso,ar ARG,GK,Atlético Madrid,es La Liga,31,1994,8,8,720,8,0,0,0,0,0,0,2,0,0,0,0,0,0,Matches
1856,Cheveyo Muy,nl NED,FW,Milan,it Serie A,18,2006,2,0,5,0.1,0,0,0,0,0,0,0,0,0,0,0,0,0,Matches
1857,Yvon Mvogo,ch SUI,GK,Lorient,fr Ligue 1,31,1994,31,31,"2,790",31,0,0,0,0,0,0,0,0,0,0,0,0,0,Matches
1858,Joel Mvuka,no NOR,"MF,DF",Lorient,fr Ligue 1,22,2002,15,5,560,6.2,0,0,0,0,0,0,0,0,0,0,0,0,0,Matches
1859,Junior Mwanga,fr FRA,"DF,MF",Strasbourg,fr Ligue 1,22,2003,5,5,377,4.2,0,0,0,0,0,0,0,0,0,0,0,0,0,Matches
1860,Junior Mwanga,fr FRA,MF,Nantes,fr Ligue 1,22,2003,15,15,"1,260",14,1,1,2,1,0,0,2,1,0.07,0.07,0.14,0.07,0.14,Matches
1861,Phillipp Mwene,at AUT,MF,Mainz 05,de Bundesliga,31,1994,29,24,"2,069",23,1,2,3,1,0,0,4,0,0.04,0.09,0.13,0.04,0.13,Matches
1862,Vitaliy Mykolenko,ua UKR,DF,Everton,eng Premier League,26,1999,33,33,"2,958",32.9,0,1,1,0,0,0,6,0,0,0.03,0.03,0,0.03,Matches
1863,Joakim Mæhle,dk DEN,"MF,DF",Wolfsburg,de Bundesliga,28,1997,16,14,"1,222",13.6,1,2,3,1,0,0,1,0,0.07,0.15,0.22,0.07,0.22,Matches
1864,David Møller Wolfe,no NOR,"MF,DF",Wolves,eng Premier League,23,2002,22,11,"1,049",11.7,0,2,2,0,0,0,1,0,0,0.17,0.17,0,0.17,Matches
1865,Obite N'Dicka,ci CIV,DF,Roma,it Serie A,25,1999,31,31,"2,680",29.8,3,0,3,3,0,0,5,0,0.1,0,0.1,0.1,0.1,Matches
1866,Konan N'dri,ne NIG,MF,Lecce,it Serie A,24,2000,27,1,544,6,2,0,2,2,0,0,3,0,0.33,0,0.33,0.33,0.33,Matches
1867,Stanley N'Soki,fr FRA,"DF,MF",Union Berlin,de Bundesliga,26,1999,13,10,816,9.1,1,2,3,1,0,0,2,0,0.11,0.22,0.33,0.11,0.33,Matches
1868,Bilal Nadir,ma MAR,MF,Marseille,fr Ligue 1,21,2003,20,5,598,6.6,0,4,4,0,0,0,6,1,0,0.6,0.6,0,0.6,Matches
1869,Mahamadou Nagida,cm CMR,DF,Rennes,fr Ligue 1,20,2005,19,7,805,8.9,0,0,0,0,0,0,2,0,0,0,0,0,0,Matches
1870,Younes Namli,dk DEN,"FW,MF",Le Havre,fr Ligue 1,31,1994,12,3,327,3.6,0,1,1,0,0,0,2,0,0,0.28,0.28,0,0.28,Matches
1871,Sebastian Nanasi,se SWE,MF,Strasbourg,fr Ligue 1,23,2002,19,11,"1,050",11.7,7,2,9,7,0,0,0,0,0.6,0.17,0.77,0.6,0.77,Matches
1872,Shafiq Nandja,de GER,DF,Hamburger SV,de Bundesliga,18,2007,2,0,15,0.2,0,0,0,0,0,0,0,0,0,0,0,0,0,Matches
1873,Nikolas Nartey,dk DEN,MF,Stuttgart,de Bundesliga,25,2000,28,14,"1,256",14,4,3,7,4,0,0,2,0,0.29,0.21,0.5,0.29,0.5,Matches
1874,Noah Nartey,dk DEN,"MF,FW",Lyon,fr Ligue 1,19,2005,11,5,545,6.1,2,0,2,2,0,0,0,0,0.33,0,0.33,0.33,0.33,Matches
1875,Natan,br BRA,DF,Real Betis,es La Liga,24,2001,33,32,"2,807",31.2,0,0,0,0,0,0,8,0,0,0,0,0,0,Matches
Rk,Player,Nation,Pos,Squad,Comp,Age,Born,MP,Starts,Min,90s,Gls,Ast,G+A,G-PK,PK,PKatt,CrdY,CrdR,Gls,Ast,G+A,G-PK,G+A-PK,Matches
1876,Pau Navarro,es ESP,DF,Villarreal,es La Liga,20,2005,23,23,"1,921",21.3,0,0,0,0,0,0,4,0,0,0,0,0,0,Matches
1877,Roberto Navarro,es ESP,MF,Athletic Club,es La Liga,23,2002,32,10,"1,307",14.5,6,1,7,6,0,0,1,0,0.41,0.07,0.48,0.41,0.48,Matches
1878,Corrie Ndaba,ie IRL,DF,Lecce,it Serie A,25,1999,14,6,543,6,0,0,0,0,0,0,0,0,0,0,0,0,0,Matches
1879,Michel Ndary Adopo,fr FRA,MF,Cagliari,it Serie A,25,2000,38,33,"3,050",33.9,1,2,3,1,0,0,4,0,0.03,0.06,0.09,0.03,0.09,Matches
1880,Youssouf Ndayishimiye,bi BDI,MF,Nice,fr Ligue 1,26,1998,2,1,72,0.8,0,0,0,0,0,0,0,1,0,0,0,0,0,Matches
1881,Abdoulaye Ndiaye,sn SEN,DF,Parma,it Serie A,23,2002,11,9,780,8.7,0,0,0,0,0,0,5,1,0,0,0,0,0,Matches
1882,Iliman Ndiaye,sn SEN,MF,Everton,eng Premier League,25,2000,32,32,"2,778",30.9,6,3,9,4,2,2,2,0,0.19,0.1,0.29,0.13,0.23,Matches
1883,Rassoul Ndiaye,sn SEN,MF,Le Havre,fr Ligue 1,23,2001,33,30,"2,566",28.5,4,4,8,4,0,0,2,0,0.14,0.14,0.28,0.14,0.28,Matches
1884,Quentin Ndjantou,fr FRA,MF,PSG,fr Ligue 1,18,2007,10,3,360,4,1,1,2,1,0,0,1,0,0.25,0.25,0.5,0.25,0.5,Matches
1885,Tanguy Ndombele,fr FRA,MF,Nice,fr Ligue 1,28,1996,8,3,275,3.1,0,1,1,0,0,0,0,0,0,0.33,0.33,0,0.33,Matches
1886,Cher Ndour,it ITA,MF,Fiorentina,it Serie A,21,2004,33,20,"1,876",20.8,3,0,3,3,0,0,2,0,0.14,0,0.14,0.14,0.14,Matches
1887,Dan Ndoye,ch SUI,MF,Nottingham,eng Premier League,24,2000,24,14,"1,173",13,1,1,2,1,0,0,1,0,0.08,0.08,0.15,0.08,0.15,Matches
1888,Joseph Nduquidi,fr FRA,MF,Metz,fr Ligue 1,20,2004,1,0,7,0.1,0,0,0,0,0,0,0,0,0,0,0,0,0,Matches
1889,Sean Neave,eng ENG,FW,Newcastle,eng Premier League,18,2007,1,0,14,0.2,0,0,0,0,0,0,0,0,0,0,0,0,0,Matches
1890,Paul Nebel,de GER,MF,Mainz 05,de Bundesliga,22,2002,30,24,"2,073",23,5,2,7,5,0,0,2,2,0.22,0.09,0.3,0.22,0.3,Matches
1891,Kosta Nedeljković,rs SRB,DF,RB Leipzig,de Bundesliga,19,2005,5,3,251,2.8,0,0,0,0,0,0,0,0,0,0,0,0,0,Matches
1892,Loïc Nego,hu HUN,"DF,MF",Le Havre,fr Ligue 1,34,1991,30,26,"2,339",26,0,0,0,0,0,0,3,0,0,0,0,0,0,Matches
1893,Dan Neil,eng ENG,MF,Sunderland,eng Premier League,23,2001,3,0,14,0.2,0,0,0,0,0,0,0,0,0,0,0,0,0,Matches
1894,Reiss Nelson,eng ENG,"FW,MF",Brentford,eng Premier League,25,1999,10,0,126,1.4,0,1,1,0,0,0,0,0,0,0.71,0.71,0,0.71,Matches
1895,Victor Nelsson,dk DEN,DF,Hellas Verona,it Serie A,26,1998,38,37,"3,315",36.8,0,0,0,0,0,0,4,0,0,0,0,0,0,Matches
1896,David Neres,br BRA,"FW,MF",Napoli,it Serie A,28,1997,16,10,922,10.2,3,3,6,3,0,0,3,0,0.29,0.29,0.59,0.29,0.59,Matches
1897,Martim Neto,pt POR,MF,Elche,es La Liga,22,2003,25,15,"1,347",15,2,5,7,2,0,0,3,0,0.13,0.33,0.47,0.13,0.47,Matches
1898,Pedro Neto,pt POR,"MF,FW",Chelsea,eng Premier League,25,2000,34,30,"2,631",29.2,5,6,11,5,0,0,4,1,0.17,0.21,0.38,0.17,0.38,Matches
1899,Luca Netz,de GER,"MF,DF",Gladbach,de Bundesliga,22,2003,15,10,940,10.4,0,2,2,0,0,0,1,0,0,0.19,0.19,0,0.19,Matches
1900,Luca Netz,de GER,"DF,MF",Nottingham,eng Premier League,22,2003,7,3,357,4,0,0,0,0,0,0,0,0,0,0,0,0,0,Matches
Rk,Player,Nation,Pos,Squad,Comp,Age,Born,MP,Starts,Min,90s,Gls,Ast,G+A,G-PK,PK,PKatt,CrdY,CrdR,Gls,Ast,G+A,G-PK,G+A-PK,Matches
1901,Manuel Neuer,de GER,GK,Bayern Munich,de Bundesliga,39,1986,22,22,"1,859",20.7,0,0,0,0,0,0,0,0,0,0,0,0,0,Matches
1902,Florian Neuhaus,de GER,"MF,FW",Gladbach,de Bundesliga,28,1997,17,11,930,10.3,0,1,1,0,0,0,0,0,0,0.1,0.1,0,0.1,Matches
1903,Cenny Neumann,de GER,DF,Köln,de Bundesliga,18,2007,2,1,74,0.8,0,0,0,0,0,0,0,0,0,0,0,0,0,Matches
1904,João Neves,pt POR,MF,PSG,fr Ligue 1,20,2004,21,13,"1,287",14.3,5,1,6,5,0,0,0,0,0.35,0.07,0.42,0.35,0.42,Matches
1905,Yvan Neyou,cm CMR,MF,Getafe,es La Liga,28,1997,5,0,67,0.7,0,0,0,0,0,0,2,0,0,0,0,0,0,Matches
1906,Jessic Ngankam,de GER,FW,Frankfurt,de Bundesliga,25,2000,3,0,62,0.7,0,0,0,0,0,0,0,0,0,0,0,0,0,Matches
1907,Oumar Ngom,mr MTN,MF,Lecce,it Serie A,21,2004,15,10,842,9.4,0,0,0,0,0,0,1,0,0,0,0,0,0,Matches
1908,Cyril Ngonge,be BEL,FW,Torino,it Serie A,25,2000,20,11,994,11,1,1,2,1,0,0,2,0,0.09,0.09,0.18,0.09,0.18,Matches
1909,Cyril Ngonge,be BEL,MF,Espanyol,es La Liga,25,2000,9,6,424,4.7,0,2,2,0,0,0,4,0,0,0.42,0.42,0,0.42,Matches
1910,Mikayil Ngor Faye,sn SEN,"MF,DF",Cremonese,it Serie A,21,2004,8,2,254,2.8,0,0,0,0,0,0,1,0,0,0,0,0,0,Matches
1911,Mikayil Ngor Faye,sn SEN,MF,Rennes,fr Ligue 1,21,2004,1,0,8,0.1,0,0,0,0,0,0,0,0,0,0,0,0,0,Matches
1912,Nathan Ngoy,be BEL,DF,Lille,fr Ligue 1,22,2003,29,27,"2,405",26.7,1,2,3,1,0,0,10,1,0.04,0.07,0.11,0.04,0.11,Matches
1913,Bernard Nguene,cm CMR,FW,Nice,fr Ligue 1,18,2006,6,0,138,1.5,0,0,0,0,0,0,1,0,0,0,0,0,0,Matches
1914,Rio Ngumoha,eng ENG,MF,Liverpool,eng Premier League,16,2008,19,5,560,6.2,2,1,3,2,0,0,0,0,0.32,0.16,0.48,0.32,0.48,Matches
1915,Moussa Niakhaté,sn SEN,DF,Lyon,fr Ligue 1,29,1996,32,30,"2,759",30.7,0,2,2,0,0,0,3,0,0,0.07,0.07,0,0.07,Matches
1916,Youssoupha Niang,de GER,MF,Köln,de Bundesliga,19,2006,10,2,194,2.2,0,0,0,0,0,0,0,0,0,0,0,0,0,Matches
1917,Tanguy Nianzou,fr FRA,DF,Sevilla,es La Liga,23,2002,12,8,655,7.3,0,0,0,0,0,0,5,1,0,0,0,0,0,Matches
1918,Cheikh Niasse,sn SEN,MF,Hellas Verona,it Serie A,25,2000,19,11,970,10.8,0,1,1,0,0,0,1,0,0,0.09,0.09,0,0.09,Matches
1919,Samuel Nibombé,be BEL,DF,Monaco,fr Ligue 1,17,2007,1,0,1,0,0,0,0,0,0,0,0,0,0,0,0,0,0,Matches
1920,Rasmus Nicolaisen,dk DEN,DF,Toulouse,fr Ligue 1,28,1997,32,30,"2,564",28.5,1,0,1,1,0,0,4,0,0.04,0,0.04,0.04,0.04,Matches
1921,Moritz Nicolas,de GER,GK,Gladbach,de Bundesliga,27,1997,34,34,"3,060",34,0,0,0,0,0,0,1,0,0,0,0,0,0,Matches
1922,Hans Nicolussi Caviglia,it ITA,MF,Fiorentina,it Serie A,25,2000,11,7,585,6.5,0,1,1,0,0,0,4,0,0,0.15,0.15,0,0.15,Matches
1923,Hans Nicolussi Caviglia,it ITA,MF,Parma,it Serie A,25,2000,15,10,869,9.7,0,3,3,0,0,0,0,0,0,0.31,0.31,0,0.31,Matches
1924,Julian Niehues,de GER,MF,Heidenheim,de Bundesliga,24,2001,24,17,"1,383",15.4,3,0,3,3,0,0,1,0,0.2,0,0.2,0.2,0.2,Matches
1925,Oliver Nielsen,dk DEN,DF,Lazio,it Serie A,22,2003,26,13,"1,536",17.1,0,0,0,0,0,0,3,0,0,0,0,0,0,Matches
Rk,Player,Nation,Pos,Squad,Comp,Age,Born,MP,Starts,Min,90s,Gls,Ast,G+A,G-PK,PK,PKatt,CrdY,CrdR,Gls,Ast,G+A,G-PK,G+A-PK,Matches
1926,Alieu Njie,se SWE,"MF,FW",Torino,it Serie A,20,2005,15,2,299,3.3,1,1,2,1,0,0,2,0,0.3,0.3,0.6,0.3,0.6,Matches
1927,Justin Njinmah,de GER,"FW,MF",Werder Bremen,de Bundesliga,24,2000,33,22,"1,947",21.6,5,0,5,5,0,0,2,0,0.23,0,0.23,0.23,0.23,Matches
1928,Obed Nkambadio,fr FRA,GK,Paris FC,fr Ligue 1,22,2003,12,12,"1,080",12,0,0,0,0,0,0,0,0,0,0,0,0,0,Matches
1929,Eddie Nketiah,eng ENG,MF,Crystal Palace,eng Premier League,26,1999,12,2,424,4.7,2,0,2,2,0,0,2,0,0.42,0,0.42,0.42,0.42,Matches
1930,Niels Nkounkou,fr FRA,"MF,DF",Torino,it Serie A,24,2000,11,3,355,3.9,0,1,1,0,0,0,3,0,0,0.25,0.25,0,0.25,Matches
1931,Christopher Nkunku,fr FRA,FW,Milan,it Serie A,27,1997,32,15,"1,356",15.1,7,3,10,2,5,5,0,0,0.46,0.2,0.66,0.13,0.33,Matches
1932,Felix Nmecha,de GER,MF,Dortmund,de Bundesliga,24,2000,29,25,"2,176",24.2,2,3,5,2,0,1,0,0,0.08,0.12,0.21,0.08,0.21,Matches
1933,Lukas Nmecha,de GER,FW,Leeds United,eng Premier League,26,1998,31,10,"1,083",12,6,1,7,4,2,3,0,0,0.5,0.08,0.58,0.33,0.42,Matches
1934,Tochukwu Nnadi,ng NGA,"MF,DF",Marseille,fr Ligue 1,22,2003,8,4,351,3.9,0,1,1,0,0,0,1,0,0,0.26,0.26,0,0.26,Matches
1935,Martin Nogoto Bley,bf BFA,MF,Lorient,fr Ligue 1,19,2006,1,0,1,0,0,0,0,0,0,0,0,0,0,0,0,0,0,Matches
1936,Arnaud Nordin,fr FRA,"MF,FW",Mainz 05,de Bundesliga,27,1998,13,5,469,5.2,0,0,0,0,0,0,0,0,0,0,0,0,0,Matches
1937,Arnaud Nordin,fr FRA,"FW,MF",Rennes,fr Ligue 1,27,1998,10,7,570,6.3,1,2,3,1,0,0,1,0,0.16,0.32,0.47,0.16,0.47,Matches
1938,Brooke Norton-Cuffy,eng ENG,"MF,DF",Genoa,it Serie A,21,2004,27,25,"2,212",24.6,2,1,3,2,0,0,5,1,0.08,0.04,0.12,0.08,0.12,Matches
1939,Tijjani Noslin,nl NED,FW,Lazio,it Serie A,26,1999,29,9,"1,148",12.8,4,2,6,4,0,0,6,1,0.31,0.16,0.47,0.31,0.47,Matches
1940,Tyrese Noubissié,fr FRA,MF,Strasbourg,fr Ligue 1,16,2009,4,0,58,0.6,0,0,0,0,0,0,1,0,0,0,0,0,0,Matches
1941,Noah Nsoki,fr FRA,MF,PSG,fr Ligue 1,18,2007,1,0,8,0.1,0,0,0,0,0,0,0,0,0,0,0,0,0,Matches
1942,Randy Nteka,ao ANG,FW,Rayo Vallecano,es La Liga,27,1997,13,3,374,4.2,3,0,3,3,0,1,3,0,0.72,0,0.72,0.72,0.72,Matches
1943,Ernest Nuamah,gh GHA,"FW,MF",Lyon,fr Ligue 1,21,2003,3,0,35,0.4,0,0,0,0,0,0,0,0,0,0,0,0,0,Matches
1944,Alexander Nübel,de GER,GK,Stuttgart,de Bundesliga,28,1996,34,34,"3,060",34,0,1,1,0,0,0,0,0,0,0.03,0.03,0,0.03,Matches
1945,Matheus Nunes,pt POR,DF,Manchester City,eng Premier League,26,1998,34,32,"2,862",31.8,1,5,6,1,0,0,5,0,0.03,0.16,0.19,0.03,0.19,Matches
1946,Álvaro Núñez,es ESP,"DF,MF",Elche,es La Liga,25,2000,19,19,"1,647",18.3,0,2,2,0,0,0,2,0,0,0.11,0.11,0,0.11,Matches
1947,Álvaro Núñez,es ESP,"DF,MF",Celta Vigo,es La Liga,25,2000,6,5,328,3.6,0,0,0,0,0,0,0,0,0,0,0,0,0,Matches
1948,Unai Núñez,es ESP,DF,Hellas Verona,it Serie A,28,1997,17,15,"1,265",14.1,0,0,0,0,0,0,6,0,0,0,0,0,0,Matches
1949,Unai Núñez,es ESP,DF,Valencia,es La Liga,28,1997,13,10,911,10.1,0,0,0,0,0,0,3,0,0,0,0,0,0,Matches
1950,Joi Nuredini,al ALB,FW,Genoa,it Serie A,17,2007,1,0,2,0,0,0,0,0,0,0,0,0,0,0,0,0,0,Matches
Rk,Player,Nation,Pos,Squad,Comp,Age,Born,MP,Starts,Min,90s,Gls,Ast,G+A,G-PK,PK,PKatt,CrdY,CrdR,Gls,Ast,G+A,G-PK,G+A-PK,Matches
1951,Antonio Nusa,no NOR,"FW,MF",RB Leipzig,de Bundesliga,20,2005,31,24,"2,027",22.5,4,3,7,4,0,0,0,0,0.18,0.13,0.31,0.18,0.31,Matches
1952,Ethan Nwaneri,eng ENG,MF,Arsenal,eng Premier League,18,2007,6,0,171,1.9,0,0,0,0,0,0,0,0,0,0,0,0,0,Matches
1953,Ethan Nwaneri,eng ENG,MF,Marseille,fr Ligue 1,18,2007,9,3,324,3.6,2,1,3,2,0,0,1,0,0.56,0.28,0.83,0.56,0.83,Matches
1954,Ørjan Nyland,no NOR,GK,Sevilla,es La Liga,34,1990,5,5,450,5,0,0,0,0,0,0,1,0,0,0,0,0,0,Matches
1955,Allan Nyom,cm CMR,DF,Getafe,es La Liga,37,1988,15,7,523,5.8,0,1,1,0,0,0,6,1,0,0.17,0.17,0,0.17,Matches
1956,Trey Nyoni,eng ENG,MF,Liverpool,eng Premier League,18,2007,6,0,24,0.3,0,0,0,0,0,0,0,0,0,0,0,0,0,Matches
1957,Rabby Nzingoula,fr FRA,MF,Strasbourg,fr Ligue 1,19,2005,4,0,51,0.6,0,0,0,0,0,0,0,1,0,0,0,0,0,Matches
1958,M'Bala Nzola,ao ANG,FW,Pisa,it Serie A,28,1996,16,11,"1,052",11.7,3,0,3,1,2,3,1,1,0.26,0,0.26,0.09,0.09,Matches
1959,M'Bala Nzola,ao ANG,FW,Sassuolo,it Serie A,28,1996,14,4,473,5.3,1,1,2,1,0,0,1,0,0.19,0.19,0.38,0.19,0.38,Matches
1960,Christian Nørgaard,dk DEN,MF,Arsenal,eng Premier League,31,1994,7,1,106,1.2,0,0,0,0,0,0,0,0,0,0,0,0,0,Matches
1961,Jake O'Brien,ie IRL,DF,Everton,eng Premier League,24,2001,37,35,"3,120",34.7,1,1,2,1,0,0,6,1,0.03,0.03,0.06,0.03,0.06,Matches
1962,Luke O'Nien,eng ENG,DF,Sunderland,eng Premier League,30,1994,12,5,569,6.3,0,1,1,0,0,0,1,1,0,0.16,0.16,0,0.16,Matches
1963,Nico O'Reilly,eng ENG,"DF,MF",Manchester City,eng Premier League,20,2005,34,29,"2,646",29.4,5,3,8,5,0,0,5,0,0.17,0.1,0.27,0.17,0.27,Matches
1964,Matt O'Riley,dk DEN,MF,Marseille,fr Ligue 1,24,2000,15,6,741,8.2,1,2,3,1,0,0,2,0,0.12,0.24,0.36,0.12,0.36,Matches
1965,Matt O'Riley,dk DEN,MF,Brighton,eng Premier League,24,2000,6,2,204,2.3,1,0,1,0,1,1,0,0,0.44,0,0.44,0,0,Matches
1966,Adam Obert,sk SVK,"DF,MF",Cagliari,it Serie A,22,2002,35,33,"2,771",30.8,0,3,3,0,0,0,10,1,0,0.1,0.1,0,0.1,Matches
1967,Jan Oblak,si SVN,GK,Atlético Madrid,es La Liga,32,1993,30,30,"2,700",30,0,0,0,0,0,0,0,0,0,0,0,0,0,Matches
1968,Noam Obougou Jacquet,fr FRA,FW,Le Havre,fr Ligue 1,19,2006,5,0,104,1.2,1,0,1,1,0,0,0,0,0.87,0,0.87,0.87,0.87,Matches
1969,Rafel Obrador,es ESP,MF,Torino,it Serie A,21,2004,16,14,"1,116",12.4,1,3,4,1,0,0,1,0,0.08,0.24,0.32,0.08,0.32,Matches
1970,Job Ochieng',ke KEN,MF,Real Sociedad,es La Liga,22,2003,2,1,93,1,0,0,0,0,0,0,0,0,0,0,0,0,0,Matches
1971,Cas Odenthal,nl NED,DF,Sassuolo,it Serie A,24,2000,1,0,1,0,0,0,0,0,0,0,0,0,0,0,0,0,0,Matches
1972,Jens Odgaard,dk DEN,MF,Bologna,it Serie A,26,1999,26,16,"1,378",15.3,5,1,6,5,0,0,1,0,0.33,0.07,0.39,0.33,0.39,Matches
1973,Wilson Odobert,fr FRA,"MF,FW",Tottenham,eng Premier League,20,2004,24,10,985,10.9,0,2,2,0,0,0,0,0,0,0.18,0.18,0,0.18,Matches
1974,David Odogu,de GER,DF,Milan,it Serie A,19,2006,2,0,6,0.1,0,0,0,0,0,0,0,0,0,0,0,0,0,Matches
1975,Álvaro Odriozola,es ESP,DF,Real Sociedad,es La Liga,29,1995,5,2,201,2.2,1,0,1,1,0,0,0,0,0.45,0,0.45,0.45,0.45,Matches
Rk,Player,Nation,Pos,Squad,Comp,Age,Born,MP,Starts,Min,90s,Gls,Ast,G+A,G-PK,PK,PKatt,CrdY,CrdR,Gls,Ast,G+A,G-PK,G+A-PK,Matches
1976,Tim Oermann,de GER,DF,Leverkusen,de Bundesliga,21,2003,2,0,18,0.2,0,0,0,0,0,0,0,0,0,0,0,0,0,Matches
1977,Deniz Ofli,tr TUR,DF,Bayern Munich,de Bundesliga,18,2007,1,0,6,0.1,0,0,0,0,0,0,0,0,0,0,0,0,0,Matches
1978,Ifechukwu Ogbus,ch SUI,DF,Freiburg,de Bundesliga,19,2005,18,14,"1,177",13.1,0,0,0,0,0,0,1,0,0,0,0,0,0,Matches
1979,Uchenna Ogundu,ng NGA,FW,Augsburg,de Bundesliga,19,2006,5,0,47,0.5,0,0,0,0,0,0,0,0,0,0,0,0,0,Matches
1980,Noah Okafor,ch SUI,"FW,MF",Leeds United,eng Premier League,25,2000,28,19,"1,561",17.3,8,1,9,8,0,0,3,0,0.46,0.06,0.52,0.46,0.52,Matches
1981,David Okereke,ng NGA,"FW,MF",Cremonese,it Serie A,27,1997,10,3,403,4.5,2,0,2,2,0,0,0,1,0.45,0,0.45,0.45,0.45,Matches
1982,Bryan Okoh,ch SUI,DF,Auxerre,fr Ligue 1,22,2003,13,12,"1,005",11.2,3,0,3,3,0,0,2,0,0.27,0,0.27,0.27,0.27,Matches
1983,Maduka Okoye,ng NGA,GK,Udinese,it Serie A,25,1999,30,30,"2,616",29.1,0,0,0,0,0,0,1,1,0,0,0,0,0,Matches
1984,Javier Olaizola,es ESP,DF,Mallorca,es La Liga,18,2007,2,0,51,0.6,0,0,0,0,0,0,0,0,0,0,0,0,0,Matches
1985,Olasagasti,es ESP,MF,Levante,es La Liga,24,2000,33,18,"1,734",19.3,1,5,6,1,0,0,2,1,0.05,0.26,0.31,0.05,0.31,Matches
1986,Michael Olise,fr FRA,MF,Bayern Munich,de Bundesliga,23,2001,32,23,"2,316",25.7,15,19,34,15,0,0,8,0,0.58,0.74,1.32,0.58,1.32,Matches
1987,Mathías Olivera,uy URU,"DF,MF",Napoli,it Serie A,27,1997,25,15,"1,370",15.2,0,0,0,0,0,0,3,0,0,0,0,0,0,Matches
1988,Tuomas Ollila,fi FIN,DF,Paris FC,fr Ligue 1,25,2000,10,3,308,3.4,0,0,0,0,0,0,0,0,0,0,0,0,0,Matches
1989,Dani Olmo,es ESP,MF,Barcelona,es La Liga,27,1998,33,24,"2,067",23,7,8,15,7,0,0,1,0,0.3,0.35,0.65,0.3,0.65,Matches
1990,Callum Olusesi,eng ENG,MF,Tottenham,eng Premier League,18,2007,1,0,15,0.2,0,0,0,0,0,0,0,0,0,0,0,0,0,Matches
1991,Tani Oluwaseyi,ca CAN,FW,Villarreal,es La Liga,25,2000,27,9,901,10,2,2,4,2,0,0,1,0,0.2,0.2,0.4,0.2,0.4,Matches
1992,Warmed Omari,km COM,DF,Hamburger SV,de Bundesliga,25,2000,20,17,"1,605",17.8,0,1,1,0,0,0,0,0,0,0.06,0.06,0,0.06,Matches
1993,Andrew Omobamidele,ie IRL,DF,Strasbourg,fr Ligue 1,23,2002,25,13,"1,357",15.1,1,0,1,1,0,0,4,0,0.07,0,0.07,0.07,0.07,Matches
1994,Amadou Onana,be BEL,MF,Aston Villa,eng Premier League,23,2001,25,21,"1,758",19.5,2,0,2,2,0,0,3,0,0.1,0,0.1,0.1,0.1,Matches
1995,Jean Onana,cm CMR,MF,Genoa,it Serie A,25,2000,3,0,45,0.5,0,0,0,0,0,0,0,0,0,0,0,0,0,Matches
1996,Jacob Ondrejka,se SWE,"FW,MF",Parma,it Serie A,22,2002,16,9,773,8.6,0,0,0,0,0,0,2,0,0,0,0,0,0,Matches
1997,Frank Onyeka,ng NGA,MF,Brentford,eng Premier League,27,1998,6,0,92,1,0,1,1,0,0,0,0,0,0,0.98,0.98,0,0.98,Matches
1998,Loïs Openda,be BEL,FW,RB Leipzig,de Bundesliga,25,2000,2,1,51,0.6,0,0,0,0,0,0,0,0,0,0,0,0,0,Matches
1999,Loïs Openda,be BEL,"FW,MF",Juventus,it Serie A,25,2000,24,6,666,7.4,1,0,1,1,0,0,0,0,0.14,0,0.14,0.14,0.14,Matches
2000,Fredrik Oppegard,no NOR,"MF,DF",Auxerre,fr Ligue 1,22,2002,23,15,"1,246",13.8,0,0,0,0,0,0,1,1,0,0,0,0,0,Matches
Rk,Player,Nation,Pos,Squad,Comp,Age,Born,MP,Starts,Min,90s,Gls,Ast,G+A,G-PK,PK,PKatt,CrdY,CrdR,Gls,Ast,G+A,G-PK,G+A-PK,Matches
2001,Louis Oppie,de GER,MF,St Pauli,de Bundesliga,23,2002,23,17,"1,620",18,1,0,1,1,0,0,0,0,0.06,0,0.06,0.06,0.06,Matches
2002,Gift Orban,ng NGA,FW,Hellas Verona,it Serie A,23,2002,28,23,"2,027",22.5,7,2,9,5,2,2,4,1,0.31,0.09,0.4,0.22,0.31,Matches
2003,Willi Orban,hu HUN,DF,RB Leipzig,de Bundesliga,32,1992,33,33,"2,949",32.8,2,0,2,2,0,0,4,0,0.06,0,0.06,0.06,0.06,Matches
2004,Christian Ordoñez,ar ARG,MF,Parma,it Serie A,21,2004,28,12,"1,091",12.1,1,0,1,1,0,0,5,1,0.08,0,0.08,0.08,0.08,Matches
2005,Luis Orejuela,,DF,Mallorca,es La Liga,,,1,1,90,1,0,0,0,0,0,0,0,0,0,0,0,0,0,Matches
2006,Nehemiah Oriola,eng ENG,MF,Brighton,eng Premier League,18,2007,1,0,1,0,0,0,0,0,0,0,0,0,0,0,0,0,0,Matches
2007,Gaetano Oristanio,it ITA,"FW,MF",Parma,it Serie A,22,2002,20,8,859,9.5,1,0,1,1,0,0,1,0,0.1,0,0.1,0.1,0.1,Matches
2008,Aimar Oroz,es ESP,"MF,FW",Osasuna,es La Liga,23,2001,31,26,"2,139",23.8,0,2,2,0,0,0,6,0,0,0.08,0.08,0,0.08,Matches
2009,Riccardo Orsolini,it ITA,"MF,FW",Bologna,it Serie A,28,1997,35,26,"2,111",23.5,10,1,11,6,4,6,2,0,0.43,0.04,0.47,0.26,0.3,Matches
2010,Stefan Ortega,de GER,GK,Nottingham,eng Premier League,32,1992,3,3,270,3,0,0,0,0,0,0,0,0,0,0,0,0,0,Matches
2011,Ángel Ortíz,es ESP,DF,Real Betis,es La Liga,21,2004,13,7,584,6.5,0,0,0,0,0,0,1,0,0,0,0,0,0,Matches
2012,Asier Osambela,es ESP,DF,Osasuna,es La Liga,21,2004,17,2,343,3.8,1,0,1,1,0,0,1,1,0.26,0,0.26,0.26,0.26,Matches
2013,Gabriel Osho,ng NGA,DF,Auxerre,fr Ligue 1,26,1998,2,2,134,1.5,0,0,0,0,0,0,0,0,0,0,0,0,0,Matches
2014,Ibrahim Osman,gh GHA,"MF,FW",Auxerre,fr Ligue 1,20,2004,14,7,625,6.9,0,2,2,0,0,0,0,0,0,0.29,0.29,0,0.29,Matches
2015,Erblin Osmani,de GER,MF,Bayern Munich,de Bundesliga,16,2009,1,0,4,0,0,0,0,0,0,0,0,0,0,0,0,0,0,Matches
2016,Patrick Osterhage,de GER,MF,Freiburg,de Bundesliga,25,2000,20,13,"1,189",13.2,1,0,1,1,0,0,4,0,0.08,0,0.08,0.08,0.08,Matches
2017,William Osula,dk DEN,FW,Newcastle,eng Premier League,21,2003,24,8,819,9.1,7,0,7,7,0,0,0,0,0.77,0,0.77,0.77,0.77,Matches
2018,Philip Otele,ng NGA,"MF,FW",Hamburger SV,de Bundesliga,26,1999,9,7,471,5.2,1,1,2,1,0,0,3,1,0.19,0.19,0.38,0.19,0.38,Matches
2019,Sebastian Otoa,dk DEN,DF,Genoa,it Serie A,21,2004,13,9,829,9.2,0,0,0,0,0,0,1,0,0,0,0,0,0,Matches
2020,Abdoul Ouattara,fr FRA,"MF,DF",Strasbourg,fr Ligue 1,19,2005,28,19,"1,768",19.6,2,0,2,2,0,0,2,0,0.1,0,0.1,0.1,0.1,Matches
2021,Dango Ouattara,bf BFA,MF,Brentford,eng Premier League,23,2002,32,25,"2,276",25.3,7,3,10,7,0,0,5,0,0.28,0.12,0.4,0.28,0.4,Matches
2022,Kassoum Ouattara,fr FRA,"MF,DF",Monaco,fr Ligue 1,20,2004,15,12,967,10.7,0,3,3,0,0,0,3,0,0,0.28,0.28,0,0.28,Matches
2023,Assan Ouédraogo,de GER,MF,RB Leipzig,de Bundesliga,19,2006,19,13,948,10.5,4,3,7,4,0,0,0,0,0.38,0.28,0.66,0.38,0.66,Matches
2024,Latif Ouedraogo,bf BFA,DF,Genoa,it Serie A,17,2007,2,0,51,0.6,0,0,0,0,0,0,0,0,0,0,0,0,0,Matches
2025,Azzedine Ounahi,ma MAR,MF,Girona,es La Liga,25,2000,24,20,"1,760",19.6,5,2,7,4,1,1,6,0,0.26,0.1,0.36,0.2,0.31,Matches
Rk,Player,Nation,Pos,Squad,Comp,Age,Born,MP,Starts,Min,90s,Gls,Ast,G+A,G-PK,PK,PKatt,CrdY,CrdR,Gls,Ast,G+A,G-PK,G+A-PK,Matches
2026,Elisha Owusu,gh GHA,MF,Auxerre,fr Ligue 1,27,1997,29,27,"2,344",26,0,0,0,0,0,0,7,0,0,0,0,0,0,Matches
2027,Mikel Oyarzabal,es ESP,FW,Real Sociedad,es La Liga,28,1997,34,30,"2,710",30.1,15,4,19,8,7,7,3,0,0.5,0.13,0.63,0.27,0.4,Matches
2028,Max Oyedele,pl POL,"MF,DF",Strasbourg,fr Ligue 1,20,2004,8,6,446,5,1,0,1,1,0,0,3,0,0.2,0,0.2,0.2,0.2,Matches
2029,Daniel Oyegoke,eng ENG,"MF,DF",Hellas Verona,it Serie A,22,2003,15,8,594,6.6,0,0,0,0,0,0,2,0,0,0,0,0,0,Matches
2030,Salih Özcan,tr TUR,MF,Dortmund,de Bundesliga,27,1998,11,0,81,0.9,0,0,0,0,0,0,0,0,0,0,0,0,0,Matches
2031,Berke Özer,tr TUR,GK,Lille,fr Ligue 1,25,2000,32,32,"2,834",31.5,0,1,1,0,0,0,5,0,0,0.03,0.03,0,0.03,Matches
2032,Cenk Özkacar,tr TUR,DF,Köln,de Bundesliga,24,2000,25,20,"1,791",19.9,0,0,0,0,0,0,2,0,0,0,0,0,0,Matches
2033,Pablo,br BRA,"MF,FW",West Ham,eng Premier League,21,2004,14,10,823,9.1,0,1,1,0,0,0,0,0,0,0.11,0.11,0,0.11,Matches
2034,Jon Pacheco,es ESP,DF,Alavés,es La Liga,24,2001,22,20,"1,735",19.3,0,0,0,0,0,0,5,1,0,0,0,0,0,Matches
2035,Willian Pacho,ec ECU,DF,PSG,fr Ligue 1,23,2001,23,21,"1,914",21.3,0,0,0,0,0,0,0,0,0,0,0,0,0,Matches
2036,Daniele Padelli,it ITA,GK,Udinese,it Serie A,39,1985,2,2,180,2,0,0,0,0,0,0,0,0,0,0,0,0,0,Matches
2037,Alex Padilla,es ESP,GK,Athletic Club,es La Liga,21,2003,1,1,90,1,0,0,0,0,0,0,0,1,0,0,0,0,0,Matches
2038,Kendry Páez,ec ECU,"MF,FW",Strasbourg,fr Ligue 1,18,2007,15,4,424,4.7,1,0,1,1,0,0,0,0,0.21,0,0.21,0.21,0.21,Matches
2039,Pablo Pagis,fr FRA,"MF,FW",Lorient,fr Ligue 1,22,2002,28,22,"1,756",19.5,10,5,15,8,2,2,1,0,0.51,0.26,0.77,0.41,0.67,Matches
2040,Igor Paixão,br BRA,MF,Marseille,fr Ligue 1,25,2000,30,22,"1,975",21.9,6,5,11,6,0,0,3,0,0.27,0.23,0.5,0.27,0.5,Matches
2041,César Palacios,es ESP,MF,Real Madrid,es La Liga,20,2004,5,0,86,1,0,0,0,0,0,0,0,0,0,0,0,0,0,Matches
2042,Exequiel Palacios,ar ARG,MF,Leverkusen,de Bundesliga,26,1998,18,12,"1,099",12.2,0,1,1,0,0,0,3,0,0,0.08,0.08,0,0.08,Matches
2043,Isaac Palazón Camacho,es ESP,"MF,FW",Rayo Vallecano,es La Liga,30,1994,31,27,"2,248",25,3,3,6,1,2,3,10,1,0.12,0.12,0.24,0.04,0.16,Matches
2044,Alberto Paleari,it ITA,GK,Torino,it Serie A,32,1992,29,29,"2,610",29,0,0,0,0,0,0,1,0,0,0,0,0,0,Matches
2045,Marco Palestra,it ITA,"MF,DF",Cagliari,it Serie A,20,2005,37,34,"3,081",34.2,1,4,5,1,0,0,3,0,0.03,0.12,0.15,0.03,0.15,Matches
2046,João Palhinha,pt POR,MF,Tottenham,eng Premier League,30,1995,33,23,"2,198",24.4,5,2,7,5,0,0,8,0,0.2,0.08,0.29,0.2,0.29,Matches
2047,Matteo Palma,de GER,DF,Udinese,it Serie A,17,2008,5,1,120,1.3,0,0,0,0,0,0,0,0,0,0,0,0,0,Matches
2048,Cole Palmer,eng ENG,MF,Chelsea,eng Premier League,23,2002,26,24,"1,955",21.7,10,1,11,5,5,6,5,0,0.46,0.05,0.51,0.23,0.28,Matches
2049,Emerson Palmieri,it ITA,"DF,MF",Marseille,fr Ligue 1,30,1994,28,23,"2,114",23.5,0,3,3,0,0,0,3,0,0,0.13,0.13,0,0.13,Matches
2050,Diego Pampín,es ESP,DF,Levante,es La Liga,25,2000,8,6,534,5.9,0,0,0,0,0,0,3,0,0,0,0,0,0,Matches
Rk,Player,Nation,Pos,Squad,Comp,Age,Born,MP,Starts,Min,90s,Gls,Ast,G+A,G-PK,PK,PKatt,CrdY,CrdR,Gls,Ast,G+A,G-PK,G+A-PK,Matches
2051,Jahyann Pandore,fr FRA,MF,Metz,fr Ligue 1,17,2007,4,0,88,1,1,0,1,1,0,0,0,0,1.02,0,1.02,1.02,1.02,Matches
2052,Joaquín Panichelli,ar ARG,FW,Strasbourg,fr Ligue 1,22,2002,27,24,"2,193",24.4,16,1,17,11,5,6,3,0,0.66,0.04,0.7,0.45,0.49,Matches
2053,Leart Paqarada,xk KVX,DF,Heidenheim,de Bundesliga,30,1994,1,1,6,0.1,0,0,0,0,0,0,0,0,0,0,0,0,0,Matches
2054,Lucas Paquetá,br BRA,"MF,FW",West Ham,eng Premier League,27,1997,18,18,"1,511",16.8,4,1,5,2,2,2,7,1,0.24,0.06,0.3,0.12,0.18,Matches
2055,Victor Parada,es ESP,DF,Alavés,es La Liga,23,2002,30,25,"2,146",23.8,0,3,3,0,0,0,9,1,0,0.13,0.13,0,0.13,Matches
2056,Aitor Paredes,es ESP,DF,Athletic Club,es La Liga,25,2000,19,18,"1,630",18.1,2,0,2,2,0,0,4,0,0.11,0,0.11,0.11,0.11,Matches
2057,Kevin Paredes,us USA,MF,Wolfsburg,de Bundesliga,22,2003,6,1,164,1.8,0,0,0,0,0,0,1,0,0,0,0,0,0,Matches
2058,Daniel Parejo,es ESP,MF,Villarreal,es La Liga,36,1989,32,16,"1,392",15.5,1,0,1,0,1,1,3,0,0.06,0,0.06,0,0,Matches
2059,Fabiano Parisi,it ITA,"MF,FW",Fiorentina,it Serie A,24,2000,23,18,"1,520",16.9,1,1,2,1,0,0,6,0,0.06,0.06,0.12,0.06,0.12,Matches
2060,Thomas Partey,gh GHA,MF,Villarreal,es La Liga,32,1993,25,8,934,10.4,0,0,0,0,0,0,1,0,0,0,0,0,0,Matches
2061,Mario Pašalić,hr CRO,MF,Atalanta,it Serie A,30,1995,33,21,"1,936",21.5,3,4,7,3,0,0,3,0,0.14,0.19,0.33,0.14,0.33,Matches
2062,Patric,es ESP,"MF,DF",Lazio,it Serie A,32,1993,14,6,667,7.4,0,0,0,0,0,0,2,0,0,0,0,0,0,Matches
2063,Nathan Patterson,sct SCO,DF,Everton,eng Premier League,23,2001,7,3,241,2.7,0,0,0,0,0,0,0,0,0,0,0,0,0,Matches
2064,Benjamin Pavard,fr FRA,DF,Marseille,fr Ligue 1,29,1996,27,22,"1,928",21.4,1,2,3,1,0,0,6,0,0.05,0.09,0.14,0.05,0.14,Matches
2065,Benjamin Pavard,fr FRA,DF,Inter,it Serie A,29,1996,1,1,90,1,0,0,0,0,0,0,0,0,0,0,0,0,0,Matches
2066,Aleksandar Pavlovic,de GER,MF,Bayern Munich,de Bundesliga,21,2004,24,16,"1,462",16.2,3,1,4,3,0,0,2,0,0.18,0.06,0.25,0.18,0.25,Matches
2067,Strahinja Pavlović,rs SRB,DF,Milan,it Serie A,24,2001,34,33,"2,869",31.9,5,1,6,5,0,0,4,0,0.16,0.03,0.19,0.16,0.19,Matches
2068,Leonardo Pavoletti,it ITA,FW,Cagliari,it Serie A,36,1988,13,1,227,2.5,1,1,2,1,0,0,1,0,0.4,0.4,0.79,0.4,0.79,Matches
2069,Martín Payero,ar ARG,MF,Cremonese,it Serie A,26,1998,25,16,"1,457",16.2,1,0,1,1,0,0,8,0,0.06,0,0.06,0.06,0.06,Matches
2070,Nicolás Paz,ar ARG,MF,Como,it Serie A,20,2004,35,33,"2,878",32,12,6,18,12,0,2,5,0,0.38,0.19,0.56,0.38,0.56,Matches
2071,Myles Peart-Harris,eng ENG,MF,Brentford,eng Premier League,22,2002,1,0,1,0,0,0,0,0,0,0,0,0,0,0,0,0,0,Matches
2072,Mads Pedersen,dk DEN,MF,Augsburg,de Bundesliga,28,1996,7,1,210,2.3,0,0,0,0,0,0,0,0,0,0,0,0,0,Matches
2073,Marcus Pedersen,no NOR,"MF,DF",Torino,it Serie A,25,2000,29,23,"2,134",23.7,1,2,3,1,0,0,3,0,0.04,0.08,0.13,0.04,0.13,Matches
2074,Alfonso Pedraza,es ESP,DF,Villarreal,es La Liga,29,1996,27,19,"1,689",18.8,1,3,4,1,0,0,8,0,0.05,0.16,0.21,0.05,0.21,Matches
2075,Pedri,es ESP,MF,Barcelona,es La Liga,22,2002,29,23,"2,104",23.4,2,9,11,2,0,0,2,1,0.09,0.38,0.47,0.09,0.47,Matches
Rk,Player,Nation,Pos,Squad,Comp,Age,Born,MP,Starts,Min,90s,Gls,Ast,G+A,G-PK,PK,PKatt,CrdY,CrdR,Gls,Ast,G+A,G-PK,G+A-PK,Matches
2076,Pedro,es ESP,"FW,MF",Lazio,it Serie A,38,1987,29,9,982,10.9,5,2,7,3,2,2,4,0,0.46,0.18,0.64,0.27,0.46,Matches
2077,Zé Pedro Figueiredo,pt POR,DF,Cagliari,it Serie A,28,1997,23,20,"1,699",18.9,0,1,1,0,0,0,6,0,0,0.05,0.05,0,0.05,Matches
2078,Adrià Pedrosa,es ESP,"DF,MF",Elche,es La Liga,27,1998,26,8,"1,090",12.1,1,1,2,1,0,0,4,0,0.08,0.08,0.17,0.08,0.17,Matches
2079,Adrià Pedrosa,es ESP,"DF,MF",Sevilla,es La Liga,27,1998,1,0,6,0.1,0,0,0,0,0,0,0,0,0,0,0,0,0,Matches
2080,Dženan Pejčinović,de GER,FW,Wolfsburg,de Bundesliga,20,2005,30,16,"1,460",16.2,8,0,8,8,0,0,1,0,0.49,0,0.49,0.49,0.49,Matches
2081,Lorenzo Pellegrini,it ITA,MF,Roma,it Serie A,29,1996,24,20,"1,463",16.3,4,2,6,2,2,2,2,0,0.25,0.12,0.37,0.12,0.25,Matches
2082,Luca Pellegrini,it ITA,DF,Lazio,it Serie A,26,1999,24,17,"1,469",16.3,1,0,1,1,0,0,8,0,0.06,0,0.06,0.06,0.06,Matches
2083,Mateo Pellegrino,ar ARG,FW,Parma,it Serie A,24,2001,37,34,"2,984",33.2,9,1,10,8,1,1,5,0,0.27,0.03,0.3,0.24,0.27,Matches
2084,Timothee Pembele,fr FRA,"MF,DF",Le Havre,fr Ligue 1,22,2002,14,2,381,4.2,0,0,0,0,0,0,1,0,0,0,0,0,0,Matches
2085,Faris Pemi Moumbagna,cm CMR,FW,Cremonese,it Serie A,25,2000,5,0,93,1,0,0,0,0,0,0,0,0,0,0,0,0,0,Matches
2086,Iñaki Peña,es ESP,GK,Elche,es La Liga,26,1999,16,16,"1,440",16,0,0,0,0,0,0,0,0,0,0,0,0,0,Matches
2087,Mike Penders,be BEL,GK,Strasbourg,fr Ligue 1,20,2005,33,33,"2,970",33,0,0,0,0,0,0,3,0,0,0,0,0,0,Matches
2088,Nicolas Pépé,ci CIV,"MF,FW",Villarreal,es La Liga,30,1995,36,26,"2,393",26.6,8,8,16,7,1,1,4,0,0.3,0.3,0.6,0.26,0.56,Matches
2089,Kojo Peprah Oppong,gh GHA,DF,Nice,fr Ligue 1,21,2004,29,28,"2,425",26.9,1,0,1,1,0,0,4,0,0.04,0,0.04,0.04,0.04,Matches
2090,Peque,es ESP,"MF,FW",Sevilla,es La Liga,22,2002,26,12,982,10.9,2,1,3,2,0,0,7,0,0.18,0.09,0.27,0.18,0.27,Matches
2091,Everton Pereira,fr FRA,MF,Nice,fr Ligue 1,18,2007,3,2,135,1.5,0,0,0,0,0,0,0,0,0,0,0,0,0,Matches
2092,Mathias Pereira Lage,pt POR,"MF,FW",St Pauli,de Bundesliga,28,1996,28,25,"2,018",22.4,2,2,4,2,0,0,3,0,0.09,0.09,0.18,0.09,0.18,Matches
2093,Ángel Pérez,es ESP,"MF,DF",Alavés,es La Liga,22,2002,16,14,"1,288",14.3,1,3,4,1,0,0,4,0,0.07,0.21,0.28,0.07,0.28,Matches
2094,Ayoze Pérez,es ESP,FW,Villarreal,es La Liga,32,1993,25,12,"1,124",12.5,5,4,9,4,1,1,4,0,0.4,0.32,0.72,0.32,0.64,Matches
2095,Francisco Perez,es ESP,"MF,FW",Rayo Vallecano,es La Liga,22,2002,29,12,"1,237",13.7,2,1,3,2,0,0,4,0,0.15,0.07,0.22,0.15,0.22,Matches
2096,Joselu Pérez,es ESP,DF,Getafe,es La Liga,21,2004,2,0,22,0.2,0,0,0,0,0,0,0,0,0,0,0,0,0,Matches
2097,Matías Pérez,cl CHI,DF,Lecce,it Serie A,20,2005,1,1,31,0.3,0,0,0,0,0,0,0,0,0,0,0,0,0,Matches
2098,Nacho Pérez,es ESP,DF,Levante,es La Liga,16,2008,3,1,148,1.6,0,0,0,0,0,0,1,0,0,0,0,0,0,Matches
2099,Simone Perilli,it ITA,GK,Hellas Verona,it Serie A,30,1995,3,3,270,3,0,0,0,0,0,0,0,0,0,0,0,0,0,Matches
2100,Mattia Perin,it ITA,GK,Juventus,it Serie A,32,1992,9,9,765,8.5,0,0,0,0,0,0,0,0,0,0,0,0,0,Matches
Rk,Player,Nation,Pos,Squad,Comp,Age,Born,MP,Starts,Min,90s,Gls,Ast,G+A,G-PK,PK,PKatt,CrdY,CrdR,Gls,Ast,G+A,G-PK,G+A-PK,Matches
2101,Romain Perraud,fr FRA,DF,Lille,fr Ligue 1,27,1997,30,27,"2,241",24.9,3,4,7,3,0,0,4,1,0.12,0.16,0.28,0.12,0.28,Matches
2102,Lucas Perri,br BRA,GK,Leeds United,eng Premier League,27,1997,16,16,"1,440",16,0,0,0,0,0,0,2,0,0,0,0,0,0,Matches
2103,Gaëtan Perrin,fr FRA,"MF,FW",Lille,fr Ligue 1,29,1996,12,3,338,3.8,1,0,1,1,0,0,2,0,0.27,0,0.27,0.27,0.27,Matches
2104,Máximo Perrone,ar ARG,MF,Como,it Serie A,22,2003,36,33,"2,742",30.5,3,4,7,3,0,0,8,0,0.1,0.13,0.23,0.1,0.23,Matches
2105,Massimo Pessina,it ITA,GK,Bologna,it Serie A,17,2007,4,3,353,3.9,0,0,0,0,0,0,0,0,0,0,0,0,0,Matches
2106,Prosper Peter,ng NGA,FW,Angers,fr Ligue 1,17,2007,29,14,"1,273",14.1,5,0,5,5,0,0,0,0,0.35,0,0.35,0.35,0.35,Matches
2107,Léo Pétrot,fr FRA,DF,Elche,es La Liga,28,1997,32,18,"1,572",17.5,0,0,0,0,0,0,2,1,0,0,0,0,0,Matches
2108,Đorđe Petrović,rs SRB,GK,Bournemouth,eng Premier League,25,1999,38,38,"3,420",38,0,0,0,0,0,0,3,0,0,0,0,0,0,Matches
2109,Giuseppe Pezzella,it ITA,"MF,DF",Cremonese,it Serie A,27,1997,31,30,"2,585",28.7,0,1,1,0,0,0,8,1,0,0.03,0.03,0,0.03,Matches
2110,Immanuel Pherai,sr SUR,"FW,MF",Hamburger SV,de Bundesliga,24,2001,6,0,35,0.4,0,0,0,0,0,0,2,1,0,0,0,0,0,Matches
2111,Maximilian Philipp,de GER,"FW,MF",Freiburg,de Bundesliga,31,1994,2,0,29,0.3,0,0,0,0,0,0,0,0,0,0,0,0,0,Matches
2112,Rayan Philippe,fr FRA,"FW,MF",Hamburger SV,de Bundesliga,24,2000,28,13,"1,285",14.3,5,0,5,5,0,1,2,0,0.35,0,0.35,0.35,0.35,Matches
2113,Gabriele Piccinini,it ITA,MF,Pisa,it Serie A,24,2001,25,5,875,9.7,0,0,0,0,0,0,3,0,0,0,0,0,0,Matches
2114,Roberto Piccoli,it ITA,FW,Fiorentina,it Serie A,24,2001,32,16,"1,672",18.6,4,1,5,4,0,0,1,0,0.22,0.05,0.27,0.22,0.27,Matches
2115,Charles Pickel,cd COD,MF,Espanyol,es La Liga,28,1997,24,4,707,7.9,1,0,1,1,0,0,4,2,0.13,0,0.13,0.13,0.13,Matches
2116,Jordan Pickford,eng ENG,GK,Everton,eng Premier League,31,1994,38,38,"3,420",38,0,0,0,0,0,0,4,0,0,0,0,0,0,Matches
2117,Amos Pieper,de GER,DF,Werder Bremen,de Bundesliga,27,1998,19,19,"1,502",16.7,0,0,0,0,0,0,4,0,0,0,0,0,0,Matches
2118,Marvin Pieringer,de GER,"FW,MF",Heidenheim,de Bundesliga,25,1999,27,20,"1,650",18.3,4,1,5,3,1,1,2,0,0.22,0.05,0.27,0.16,0.22,Matches
2119,Nicholas Pierini,it ITA,"FW,MF",Sassuolo,it Serie A,26,1998,11,0,142,1.6,0,0,0,0,0,0,1,0,0,0,0,0,0,Matches
2120,Santiago Pierotti,ar ARG,"MF,FW",Lecce,it Serie A,24,2001,37,31,"2,597",28.9,1,2,3,1,0,0,4,0,0.03,0.07,0.1,0.03,0.1,Matches
2121,Balthazar Pierret,fr FRA,MF,Lecce,it Serie A,25,2000,3,0,27,0.3,0,0,0,0,0,0,0,0,0,0,0,0,0,Matches
2122,Andrea Pinamonti,it ITA,FW,Sassuolo,it Serie A,26,1999,36,32,"2,552",28.4,9,3,12,9,0,1,2,1,0.32,0.11,0.42,0.32,0.42,Matches
2123,Thiago Pinar,es ESP,MF,Real Madrid,es La Liga,17,2007,10,8,592,6.6,0,2,2,0,0,0,2,0,0,0.3,0.3,0,0.3,Matches
2124,Lander Pinillos,es ESP,MF,Alavés,es La Liga,21,2003,1,0,2,0,0,0,0,0,0,0,0,0,0,0,0,0,0,Matches
2125,Ethan Pinnock,jm JAM,DF,Brentford,eng Premier League,32,1993,4,4,318,3.5,0,0,0,0,0,0,1,0,0,0,0,0,0,Matches
Rk,Player,Nation,Pos,Squad,Comp,Age,Born,MP,Starts,Min,90s,Gls,Ast,G+A,G-PK,PK,PKatt,CrdY,CrdR,Gls,Ast,G+A,G-PK,G+A-PK,Matches
2126,Yéremy Pino,es ESP,MF,Villarreal,es La Liga,22,2002,2,2,159,1.8,0,1,1,0,0,0,0,0,0,0.57,0.57,0,0.57,Matches
2127,Yéremy Pino,es ESP,"MF,FW",Crystal Palace,eng Premier League,22,2002,34,26,"2,080",23.1,2,2,4,2,0,0,4,0,0.09,0.09,0.17,0.09,0.17,Matches
2128,Jakub Piotrowski,pl POL,MF,Udinese,it Serie A,27,1997,33,20,"1,696",18.8,1,1,2,1,0,0,2,0,0.05,0.05,0.11,0.05,0.11,Matches
2129,Joël Piroe,sr SUR,FW,Leeds United,eng Premier League,25,1999,16,2,258,2.9,0,0,0,0,0,0,0,0,0,0,0,0,0,Matches
2130,Niccolò Pisilli,it ITA,MF,Roma,it Serie A,20,2004,25,13,"1,295",14.4,2,4,6,2,0,0,3,0,0.14,0.28,0.42,0.14,0.42,Matches
2131,Damián Pizarro,cl CHI,FW,Le Havre,fr Ligue 1,20,2005,2,0,28,0.3,0,0,0,0,0,0,0,0,0,0,0,0,0,Matches
2132,Tommaso Pobega,it ITA,MF,Bologna,it Serie A,26,1999,26,17,"1,434",15.9,3,1,4,3,0,0,2,1,0.19,0.06,0.25,0.19,0.25,Matches
2133,Paul Pogba,fr FRA,MF,Monaco,fr Ligue 1,32,1993,6,1,119,1.3,0,0,0,0,0,0,0,0,0,0,0,0,0,Matches
2134,Ernest Poku,nl NED,MF,Leverkusen,de Bundesliga,21,2004,29,16,"1,482",16.5,5,5,10,5,0,0,0,0,0.3,0.3,0.61,0.3,0.61,Matches
2135,Matteo Politano,it ITA,"MF,FW",Napoli,it Serie A,31,1993,34,26,"2,200",24.4,2,5,7,2,0,0,4,0,0.08,0.2,0.29,0.08,0.29,Matches
2136,Oumar Pona,fr FRA,GK,Angers,fr Ligue 1,19,2006,2,2,180,2,0,0,0,0,0,0,1,0,0,0,0,0,0,Matches
2137,Marin Pongračić,hr CRO,DF,Fiorentina,it Serie A,27,1997,35,33,"2,918",32.4,0,0,0,0,0,0,12,0,0,0,0,0,0,Matches
2138,Nick Pope,eng ENG,GK,Newcastle,eng Premier League,33,1992,27,27,"2,416",26.8,0,0,0,0,0,0,2,0,0,0,0,0,0,Matches
2139,Pedro Porro,es ESP,DF,Tottenham,eng Premier League,25,1999,34,32,"2,796",31.1,1,2,3,1,0,0,10,0,0.03,0.06,0.1,0.03,0.1,Matches
2140,Portu,es ESP,"FW,MF",Girona,es La Liga,33,1992,10,4,474,5.3,0,0,0,0,0,0,2,0,0,0,0,0,0,Matches
2141,Stefan Posch,at AUT,DF,Como,it Serie A,28,1997,14,3,393,4.4,1,0,1,1,0,0,1,0,0.23,0,0.23,0.23,0.23,Matches
2142,Stefan Posch,at AUT,DF,Mainz 05,de Bundesliga,28,1997,16,16,"1,395",15.5,0,0,0,0,0,0,4,0,0,0,0,0,0,Matches
2143,Freddie Potts,eng ENG,MF,West Ham,eng Premier League,21,2003,22,12,"1,171",13,0,1,1,0,0,0,1,0,0,0.08,0.08,0,0.08,Matches
2144,Kacper Potulski,pl POL,DF,Mainz 05,de Bundesliga,17,2007,15,9,"1,065",11.8,1,0,1,1,0,0,3,0,0.08,0,0.08,0.08,0.08,Matches
2145,Yussuf Poulsen,dk DEN,FW,Hamburger SV,de Bundesliga,31,1994,15,1,334,3.7,1,0,1,1,0,0,4,0,0.27,0,0.27,0.27,0.27,Matches
2146,Beñat Prados,es ESP,MF,Athletic Club,es La Liga,24,2001,2,1,85,0.9,0,0,0,0,0,0,1,0,0,0,0,0,0,Matches
2147,Alexander Prass,at AUT,MF,Hoffenheim,de Bundesliga,24,2001,32,12,"1,308",14.5,3,2,5,3,0,0,4,0,0.21,0.14,0.34,0.21,0.34,Matches
2148,Matteo Prati,it ITA,MF,Torino,it Serie A,21,2003,13,7,614,6.8,0,1,1,0,0,0,2,0,0,0.15,0.15,0,0.15,Matches
2149,Matteo Prati,it ITA,MF,Cagliari,it Serie A,21,2003,20,15,"1,268",14.1,1,0,1,1,0,0,4,0,0.07,0,0.07,0.07,0.07,Matches
2150,Abdón Prats,es ESP,FW,Mallorca,es La Liga,32,1992,15,0,143,1.6,0,0,0,0,0,0,0,0,0,0,0,0,0,Matches
Rk,Player,Nation,Pos,Squad,Comp,Age,Born,MP,Starts,Min,90s,Gls,Ast,G+A,G-PK,PK,PKatt,CrdY,CrdR,Gls,Ast,G+A,G-PK,G+A-PK,Matches
2151,Grischa Prömel,de GER,MF,Hoffenheim,de Bundesliga,30,1995,33,16,"1,758",19.5,7,2,9,7,0,0,5,0,0.36,0.1,0.46,0.36,0.46,Matches
2152,Ivan Provedel,it ITA,GK,Lazio,it Serie A,31,1994,27,27,"2,430",27,0,0,0,0,0,0,1,0,0,0,0,0,0,Matches
2153,Adrian Przyborek,pl POL,MF,Lazio,it Serie A,18,2007,1,0,9,0.1,0,0,0,0,0,0,0,0,0,0,0,0,0,Matches
2154,Javi Puado,es ESP,"MF,FW",Espanyol,es La Liga,27,1998,10,8,674,7.5,2,0,2,1,1,2,2,0,0.27,0,0.27,0.13,0.13,Matches
2155,Marc Pubill,es ESP,DF,Atlético Madrid,es La Liga,22,2003,19,15,"1,381",15.3,1,1,2,1,0,0,2,0,0.07,0.07,0.13,0.07,0.13,Matches
2156,Cameron Puertas,ch SUI,MF,Werder Bremen,de Bundesliga,26,1998,28,22,"1,846",20.5,1,2,3,1,0,0,6,0,0.05,0.1,0.15,0.05,0.15,Matches
2157,Christian Pulisic,us USA,FW,Milan,it Serie A,26,1998,30,18,"1,609",17.9,8,4,12,8,0,1,0,0,0.45,0.22,0.67,0.45,0.67,Matches
2158,Aleksa Puric,rs SRB,DF,Atlético Madrid,es La Liga,22,2003,2,0,46,0.5,0,0,0,0,0,0,0,0,0,0,0,0,0,Matches
2159,Arkadiusz Pyrka,pl POL,MF,St Pauli,de Bundesliga,22,2002,31,30,"2,576",28.6,0,1,1,0,0,0,3,0,0,0.03,0.03,0,0.03,Matches
2160,Jarell Quansah,eng ENG,DF,Leverkusen,de Bundesliga,22,2003,28,25,"2,299",25.5,4,0,4,4,0,0,9,0,0.16,0,0.16,0.16,0.16,Matches
2161,Leopold Querfeld,at AUT,DF,Union Berlin,de Bundesliga,21,2003,31,30,"2,705",30.1,3,0,3,1,2,3,7,0,0.1,0,0.1,0.03,0.03,Matches
2162,Kenny Quetant,fr FRA,FW,Le Havre,fr Ligue 1,19,2006,9,4,372,4.1,1,0,1,1,0,0,1,0,0.24,0,0.24,0.24,0.24,Matches
2163,Matheo Raab,de GER,GK,Union Berlin,de Bundesliga,26,1998,1,1,90,1,0,0,0,0,0,0,0,0,0,0,0,0,0,Matches
2164,Dani Raba,es ESP,FW,Valencia,es La Liga,29,1995,13,3,270,3,0,1,1,0,0,0,0,0,0,0.33,0.33,0,0.33,Matches
2165,Adrien Rabiot,fr FRA,MF,Marseille,fr Ligue 1,30,1995,1,1,90,1,0,0,0,0,0,0,1,0,0,0,0,0,0,Matches
2166,Adrien Rabiot,fr FRA,MF,Milan,it Serie A,30,1995,29,28,"2,550",28.3,6,4,10,6,0,0,6,1,0.21,0.14,0.35,0.21,0.35,Matches
2167,Uroš Radaković,rs SRB,DF,Nantes,fr Ligue 1,31,1994,6,1,101,1.1,0,0,0,0,0,0,0,0,0,0,0,0,0,Matches
2168,Ionuț Radu,ro ROU,GK,Celta Vigo,es La Liga,28,1997,38,38,"3,420",38,0,0,0,0,0,0,2,0,0,0,0,0,0,Matches
2169,Ugo Raghouber,fr FRA,MF,Levante,es La Liga,22,2003,16,8,706,7.8,0,0,0,0,0,0,1,0,0,0,0,0,0,Matches
2170,Ugo Raghouber,fr FRA,MF,Lille,fr Ligue 1,22,2003,1,0,3,0,0,0,0,0,0,0,0,0,0,0,0,0,0,Matches
2171,Antonio Raillo,es ESP,DF,Mallorca,es La Liga,33,1991,24,23,"2,070",23,0,1,1,0,0,0,4,0,0,0.04,0.04,0,0.04,Matches
2172,Ylber Ramadani,al ALB,MF,Lecce,it Serie A,29,1996,37,37,"3,203",35.6,1,0,1,1,0,0,10,0,0.03,0,0.03,0.03,0.03,Matches
2173,Diant Ramaj,de GER,GK,Heidenheim,de Bundesliga,23,2001,31,31,"2,790",31,0,1,1,0,0,0,2,0,0,0.03,0.03,0,0.03,Matches
2174,Largie Ramazani,be BEL,"MF,FW",Valencia,es La Liga,24,2001,27,11,"1,234",13.7,6,1,7,3,3,3,4,0,0.44,0.07,0.51,0.22,0.29,Matches
2175,Jacobo Ramón,es ESP,DF,Como,it Serie A,20,2005,32,30,"2,742",30.5,2,0,2,2,0,0,11,1,0.07,0,0.07,0.07,0.07,Matches
Rk,Player,Nation,Pos,Squad,Comp,Age,Born,MP,Starts,Min,90s,Gls,Ast,G+A,G-PK,PK,PKatt,CrdY,CrdR,Gls,Ast,G+A,G-PK,G+A-PK,Matches
2176,Gonçalo Ramos,pt POR,FW,PSG,fr Ligue 1,24,2001,30,13,"1,318",14.6,6,1,7,5,1,2,4,1,0.41,0.07,0.48,0.34,0.41,Matches
2177,Guilherme Ramos,pt POR,DF,Hamburger SV,de Bundesliga,27,1997,8,0,48,0.5,0,0,0,0,0,0,0,0,0,0,0,0,0,Matches
2178,Aaron Ramsdale,eng ENG,GK,Newcastle,eng Premier League,27,1998,12,11,"1,004",11.2,0,0,0,0,0,0,2,0,0,0,0,0,0,Matches
2179,Jacob Ramsey,eng ENG,MF,Newcastle,eng Premier League,24,2001,28,15,"1,450",16.1,2,3,5,2,0,0,5,1,0.12,0.19,0.31,0.12,0.31,Matches
2180,Luca Ranieri,it ITA,DF,Fiorentina,it Serie A,26,1999,34,29,"2,458",27.3,1,0,1,1,0,0,8,1,0.04,0,0.04,0.04,0.04,Matches
2181,Grant Ranos,am ARM,FW,Gladbach,de Bundesliga,22,2003,8,0,119,1.3,1,0,1,1,0,0,1,0,0.76,0,0.76,0.76,0.76,Matches
2182,Lilian Raolisoa,fr FRA,"MF,DF",Angers,fr Ligue 1,25,2000,32,21,"1,966",21.8,2,4,6,2,0,0,3,0,0.09,0.18,0.27,0.09,0.27,Matches
2183,Raphinha,br BRA,"MF,FW",Barcelona,es La Liga,28,1996,22,18,"1,380",15.3,13,3,16,10,3,3,5,0,0.85,0.2,1.04,0.65,0.85,Matches
2184,Marcus Rashford,eng ENG,"MF,FW",Barcelona,es La Liga,27,1997,32,18,"1,763",19.6,8,7,15,8,0,0,3,0,0.41,0.36,0.77,0.41,0.77,Matches
2185,Mathias Rasmussen,no NOR,MF,St Pauli,de Bundesliga,27,1997,13,8,694,7.7,0,0,0,0,0,0,0,0,0,0,0,0,0,Matches
2186,Giacomo Raspadori,it ITA,"MF,FW",Atalanta,it Serie A,25,2000,13,7,796,8.8,3,1,4,3,0,0,0,0,0.34,0.11,0.45,0.34,0.45,Matches
2187,Giacomo Raspadori,it ITA,FW,Atlético Madrid,es La Liga,25,2000,12,1,236,2.6,0,1,1,0,0,0,1,0,0,0.38,0.38,0,0.38,Matches
2188,Othniel Raterink,nl NED,DF,Cagliari,it Serie A,19,2006,1,0,7,0.1,0,0,0,0,0,0,0,0,0,0,0,0,0,Matches
2189,Andrei Ratiu,ro ROU,DF,Rayo Vallecano,es La Liga,27,1998,35,31,"2,807",31.2,0,4,4,0,0,0,9,0,0,0.13,0.13,0,0.13,Matches
2190,Petar Ratkov,rs SRB,FW,Lazio,it Serie A,21,2003,8,2,233,2.6,0,0,0,0,0,0,0,0,0,0,0,0,0,Matches
2191,Raúl,es ESP,FW,Osasuna,es La Liga,24,2000,36,6,"1,041",11.6,7,1,8,7,0,0,2,1,0.61,0.09,0.69,0.61,0.69,Matches
2192,David Raum,de GER,DF,RB Leipzig,de Bundesliga,27,1998,30,29,"2,553",28.4,3,7,10,2,1,1,6,0,0.11,0.25,0.35,0.07,0.32,Matches
2193,Federico Ravaglia,it ITA,GK,Bologna,it Serie A,25,1999,17,16,"1,470",16.3,0,0,0,0,0,0,4,0,0,0,0,0,0,Matches
2194,David Raya,es ESP,GK,Arsenal,eng Premier League,29,1995,37,37,"3,330",37,0,0,0,0,0,0,1,0,0,0,0,0,0,Matches
2195,Rayan,br BRA,MF,Bournemouth,eng Premier League,18,2006,15,13,"1,111",12.3,5,2,7,5,0,0,1,0,0.41,0.16,0.57,0.41,0.57,Matches
2196,Abde Rebbach,dz ALG,"MF,DF",Alavés,es La Liga,26,1998,30,15,"1,496",16.6,1,4,5,1,0,0,8,0,0.06,0.24,0.3,0.06,0.3,Matches
2197,Federico Redondo,ar ARG,MF,Elche,es La Liga,22,2003,11,1,179,2,0,0,0,0,0,0,0,1,0,0,0,0,0,Matches
2198,Harrison Reed,eng ENG,MF,Fulham,eng Premier League,30,1995,7,1,94,1,1,0,1,1,0,0,0,0,0.96,0,0.96,0.96,0.96,Matches
2199,Luca Reggiani,it ITA,DF,Dortmund,de Bundesliga,17,2008,8,6,511,5.7,1,0,1,1,0,0,2,0,0.18,0,0.18,0.18,0.18,Matches
2200,Alejandro Rego,es ESP,MF,Athletic Club,es La Liga,22,2003,29,11,"1,279",14.2,1,1,2,1,0,0,6,0,0.07,0.07,0.14,0.07,0.14,Matches
Rk,Player,Nation,Pos,Squad,Comp,Age,Born,MP,Starts,Min,90s,Gls,Ast,G+A,G-PK,PK,PKatt,CrdY,CrdR,Gls,Ast,G+A,G-PK,G+A-PK,Matches
2201,Tijjani Reijnders,nl NED,MF,Manchester City,eng Premier League,27,1998,28,19,"1,631",18.1,5,2,7,5,0,0,2,0,0.28,0.11,0.39,0.28,0.39,Matches
2202,Alberto Reina,es ESP,MF,Oviedo,es La Liga,27,1997,37,31,"2,462",27.4,4,1,5,4,0,0,6,1,0.15,0.04,0.18,0.15,0.18,Matches
2203,Vitor Reis,br BRA,DF,Girona,es La Liga,19,2006,36,35,"3,138",34.9,1,1,2,1,0,0,9,1,0.03,0.03,0.06,0.03,0.06,Matches
2204,Rocco Reitz,de GER,MF,Gladbach,de Bundesliga,23,2002,31,31,"2,627",29.2,0,4,4,0,0,0,8,1,0,0.14,0.14,0,0.14,Matches
2205,Nicolai Remberg,de GER,MF,Hamburger SV,de Bundesliga,25,2000,32,32,"2,880",32,0,2,2,0,0,0,11,0,0,0.06,0.06,0,0.06,Matches
2206,Álex Remiro,es ESP,GK,Real Sociedad,es La Liga,30,1995,37,37,"3,330",37,0,0,0,0,0,0,1,0,0,0,0,0,0,Matches
2207,Devyne Rensch,nl NED,MF,Roma,it Serie A,22,2003,24,12,"1,184",13.2,1,4,5,1,0,0,1,0,0.08,0.3,0.38,0.08,0.38,Matches
2208,Guillaume Restes,fr FRA,GK,Toulouse,fr Ligue 1,20,2005,33,33,"2,939",32.7,0,0,0,0,0,0,3,0,0,0,0,0,0,Matches
2209,Elvis Rexhbeçaj,xk KVX,MF,Augsburg,de Bundesliga,27,1997,26,10,"1,118",12.4,2,0,2,2,0,0,4,0,0.16,0,0.16,0.16,0.16,Matches
2210,Oriol Rey,es ESP,MF,Levante,es La Liga,27,1998,20,14,"1,319",14.7,0,1,1,0,0,0,4,0,0,0.07,0.07,0,0.07,Matches
2211,Gio Reyna,us USA,MF,Gladbach,de Bundesliga,22,2002,19,4,520,5.8,1,0,1,1,0,0,1,0,0.17,0,0.17,0.17,0.17,Matches
2212,Chadi Riad,ma MAR,DF,Crystal Palace,eng Premier League,22,2003,9,6,552,6.1,0,1,1,0,0,0,2,0,0,0.16,0.16,0,0.16,Matches
2213,Alexsandro Ribeiro,br BRA,DF,Lille,fr Ligue 1,25,1999,9,7,509,5.7,0,0,0,0,0,0,0,1,0,0,0,0,0,Matches
2214,Rodrigo Ribeiro,pt POR,FW,Augsburg,de Bundesliga,20,2005,14,6,636,7.1,2,0,2,2,0,0,1,0,0.28,0,0.28,0.28,0.28,Matches
2215,Samuele Ricci,it ITA,MF,Milan,it Serie A,23,2001,31,11,"1,312",14.6,1,4,5,1,0,0,3,0,0.07,0.27,0.34,0.07,0.34,Matches
2216,Declan Rice,eng ENG,MF,Arsenal,eng Premier League,26,1999,36,35,"3,094",34.4,4,5,9,4,0,0,3,0,0.12,0.15,0.26,0.12,0.26,Matches
2217,Chris Richards,us USA,DF,Crystal Palace,eng Premier League,25,2000,33,31,"2,827",31.4,1,0,1,1,0,0,4,0,0.03,0,0.03,0.03,0.03,Matches
2218,Amir Richardson,ma MAR,MF,Fiorentina,it Serie A,23,2002,2,0,42,0.5,0,0,0,0,0,0,0,0,0,0,0,0,0,Matches
2219,Richarlison,br BRA,"FW,MF",Tottenham,eng Premier League,28,1997,32,20,"1,964",21.8,11,4,15,11,0,0,5,0,0.5,0.18,0.69,0.5,0.69,Matches
2220,Diego Rico,es ESP,DF,Getafe,es La Liga,32,1993,28,18,"1,758",19.5,0,0,0,0,0,0,4,0,0,0,0,0,0,Matches
2221,Clemens Riedel,de GER,DF,Espanyol,es La Liga,22,2003,20,16,"1,396",15.5,0,1,1,0,0,0,5,0,0,0.06,0.06,0,0.06,Matches
2222,Fabian Rieder,ch SUI,MF,Augsburg,de Bundesliga,23,2002,32,28,"2,343",26,6,3,9,4,2,2,4,0,0.23,0.12,0.35,0.15,0.27,Matches
2223,Fabian Rieder,ch SUI,MF,Rennes,fr Ligue 1,23,2002,3,2,133,1.5,0,0,0,0,0,0,0,0,0,0,0,0,0,Matches
2224,Lasse Rieß,de GER,GK,Mainz 05,de Bundesliga,24,2001,4,3,292,3.2,0,0,0,0,0,0,0,0,0,0,0,0,0,Matches
2225,Chris Rigg,eng ENG,MF,Sunderland,eng Premier League,18,2007,18,11,761,8.5,1,1,2,1,0,0,1,0,0.12,0.12,0.24,0.12,0.24,Matches
Rk,Player,Nation,Pos,Squad,Comp,Age,Born,MP,Starts,Min,90s,Gls,Ast,G+A,G-PK,PK,PKatt,CrdY,CrdR,Gls,Ast,G+A,G-PK,G+A-PK,Matches
2226,Filippo Rinaldi,it ITA,GK,Parma,it Serie A,22,2002,1,1,90,1,0,0,0,0,0,0,1,0,0,0,0,0,0,Matches
2227,Hugo Rincón,es ESP,DF,Girona,es La Liga,22,2003,33,16,"1,750",19.4,1,1,2,1,0,0,4,0,0.05,0.05,0.1,0.05,0.1,Matches
2228,Luis Rioja,es ESP,MF,Valencia,es La Liga,31,1993,37,31,"2,624",29.2,3,6,9,3,0,0,1,0,0.1,0.21,0.31,0.1,0.31,Matches
2229,Rodrigo Riquelme,es ESP,MF,Real Betis,es La Liga,25,2000,25,7,821,9.1,1,1,2,1,0,0,2,0,0.11,0.11,0.22,0.11,0.22,Matches
2230,Robin Risser,fr FRA,GK,Lens,fr Ligue 1,20,2004,33,33,"2,970",33,0,1,1,0,0,0,2,0,0,0.03,0.03,0,0.03,Matches
2231,Mihailo Ristić,rs SRB,"MF,DF",Celta Vigo,es La Liga,29,1995,5,4,253,2.8,0,0,0,0,0,0,0,0,0,0,0,0,0,Matches
2232,Lars Ritzka,de GER,"MF,DF",St Pauli,de Bundesliga,27,1998,21,12,966,10.7,0,0,0,0,0,0,1,0,0,0,0,0,0,Matches
2233,Sergi Roberto,es ESP,MF,Como,it Serie A,33,1992,20,5,544,6,0,0,0,0,0,0,3,0,0,0,0,0,0,Matches
2234,Patrick Roberts,eng ENG,"FW,MF",Sunderland,eng Premier League,28,1997,1,0,28,0.3,0,0,0,0,0,0,0,0,0,0,0,0,0,Matches
2235,Andy Robertson,sct SCO,DF,Liverpool,eng Premier League,31,1994,24,11,"1,176",13.1,1,0,1,1,0,0,0,0,0.08,0,0.08,0.08,0.08,Matches
2236,Antonee Robinson,us USA,"DF,MF",Fulham,eng Premier League,27,1997,22,17,"1,492",16.6,1,0,1,0,1,1,5,0,0.06,0,0.06,0,0,Matches
2237,Joel Roca,es ESP,"MF,FW",Girona,es La Liga,20,2005,32,16,"1,473",16.4,3,1,4,3,0,0,4,1,0.18,0.06,0.24,0.18,0.24,Matches
2238,Marc Roca,es ESP,MF,Real Betis,es La Liga,28,1996,29,23,"2,026",22.5,1,1,2,1,0,0,1,0,0.04,0.04,0.09,0.04,0.09,Matches
2239,Ryan Rodin,fr FRA,MF,Auxerre,fr Ligue 1,19,2006,3,0,26,0.3,0,0,0,0,0,0,0,0,0,0,0,0,0,Matches
2240,Kaden Rodney,eng ENG,"DF,MF",Crystal Palace,eng Premier League,20,2004,1,0,4,0,0,0,0,0,0,0,0,0,0,0,0,0,0,Matches
2241,Joe Rodon,wls WAL,DF,Leeds United,eng Premier League,27,1997,35,33,"2,951",32.8,2,0,2,2,0,0,3,0,0.06,0,0.06,0.06,0.06,Matches
2242,Rodri,es ESP,MF,Manchester City,eng Premier League,29,1996,21,17,"1,511",16.8,1,0,1,1,0,0,3,0,0.06,0,0.06,0.06,0.06,Matches
2243,Álvaro Rodríguez,uy URU,FW,Elche,es La Liga,21,2004,34,24,"2,201",24.5,7,5,12,7,0,0,2,0,0.29,0.2,0.49,0.29,0.49,Matches
2244,Damián Rodríguez,es ESP,MF,Celta Vigo,es La Liga,22,2003,2,2,150,1.7,0,0,0,0,0,0,1,0,0,0,0,0,0,Matches
2245,Dani Rodríguez,es ESP,"FW,MF",Mallorca,es La Liga,37,1988,2,0,68,0.8,0,0,0,0,0,0,0,0,0,0,0,0,0,Matches
2246,Guido Rodríguez,ar ARG,MF,West Ham,eng Premier League,31,1994,6,2,180,2,0,0,0,0,0,0,1,0,0,0,0,0,0,Matches
2247,Guido Rodríguez,ar ARG,MF,Valencia,es La Liga,31,1994,16,14,"1,309",14.5,4,0,4,4,0,0,4,0,0.28,0,0.28,0.28,0.28,Matches
2248,Javi Rodríguez,es ESP,DF,Celta Vigo,es La Liga,22,2003,33,28,"2,558",28.4,0,1,1,0,0,0,5,0,0,0.04,0.04,0,0.04,Matches
2249,Jesus Rodríguez,es ESP,MF,Como,it Serie A,19,2005,31,18,"1,731",19.2,2,9,11,2,0,0,3,1,0.1,0.47,0.57,0.1,0.57,Matches
2250,Juan Rodríguez,uy URU,DF,Cagliari,it Serie A,20,2005,17,16,"1,310",14.6,1,0,1,1,0,0,3,0,0.07,0,0.07,0.07,0.07,Matches
Rk,Player,Nation,Pos,Squad,Comp,Age,Born,MP,Starts,Min,90s,Gls,Ast,G+A,G-PK,PK,PKatt,CrdY,CrdR,Gls,Ast,G+A,G-PK,G+A-PK,Matches
2251,Ricardo Rodríguez,ch SUI,DF,Real Betis,es La Liga,32,1992,23,18,"1,547",17.2,0,1,1,0,0,0,0,0,0,0.06,0.06,0,0.06,Matches
2252,Rodrygo,br BRA,"MF,FW",Real Madrid,es La Liga,24,2001,19,6,684,7.6,1,3,4,1,0,0,3,0,0.13,0.39,0.53,0.13,0.53,Matches
2253,Robin Roefs,nl NED,GK,Sunderland,eng Premier League,22,2003,35,35,"3,150",35,0,0,0,0,0,0,4,0,0,0,0,0,0,Matches
2254,Morgan Rogers,eng ENG,MF,Aston Villa,eng Premier League,23,2002,37,37,"3,280",36.4,10,6,16,10,0,0,7,0,0.27,0.16,0.44,0.27,0.44,Matches
2255,Merlin Röhl,de GER,MF,Freiburg,de Bundesliga,23,2002,2,0,66,0.7,0,0,0,0,0,0,0,0,0,0,0,0,0,Matches
2256,Merlin Röhl,de GER,MF,Everton,eng Premier League,23,2002,16,6,682,7.6,1,0,1,1,0,0,0,0,0.13,0,0.13,0.13,0.13,Matches
2257,Filippo Romagna,it ITA,DF,Sassuolo,it Serie A,28,1997,5,4,313,3.5,0,0,0,0,0,0,0,0,0,0,0,0,0,Matches
2258,Alessio Romagnoli,it ITA,DF,Lazio,it Serie A,30,1995,32,31,"2,666",29.6,0,0,0,0,0,0,6,1,0,0,0,0,0,Matches
2259,Leo Román,es ESP,GK,Mallorca,es La Liga,25,2000,33,33,"2,970",33,0,0,0,0,0,0,4,0,0,0,0,0,0,Matches
2260,Miguel Román,es ESP,MF,Celta Vigo,es La Liga,22,2002,19,14,"1,311",14.6,1,0,1,1,0,0,3,0,0.07,0,0.07,0.07,0.07,Matches
2261,Alessandro Romano,ch SUI,MF,Roma,it Serie A,19,2006,2,0,8,0.1,0,0,0,0,0,0,0,0,0,0,0,0,0,Matches
2262,Carlos Romero,es ESP,DF,Espanyol,es La Liga,23,2001,36,36,"3,191",35.5,6,3,9,6,0,0,4,0,0.17,0.08,0.25,0.17,0.25,Matches
2263,Cristian Romero,ar ARG,DF,Tottenham,eng Premier League,27,1998,23,22,"1,868",20.8,4,1,5,4,0,0,11,2,0.19,0.05,0.24,0.19,0.24,Matches
2264,Isaac Romero,es ESP,"FW,MF",Sevilla,es La Liga,25,2000,29,18,"1,484",16.5,4,0,4,4,0,1,6,1,0.24,0,0.24,0.24,0.24,Matches
2265,Iván Romero,es ESP,"FW,MF",Levante,es La Liga,24,2001,32,28,"2,259",25.1,7,1,8,7,0,1,5,0,0.28,0.04,0.32,0.28,0.32,Matches
2266,Zaid Romero,ar ARG,DF,Getafe,es La Liga,25,1999,15,15,"1,349",15,1,0,1,1,0,0,5,1,0.07,0,0.07,0.07,0.07,Matches
2267,Rômulo,br BRA,FW,RB Leipzig,de Bundesliga,23,2002,30,27,"2,188",24.3,9,4,13,9,0,1,3,0,0.37,0.16,0.53,0.37,0.53,Matches
2268,Salomón Rondón,ve VEN,FW,Oviedo,es La Liga,35,1989,16,13,"1,032",11.5,2,0,2,2,0,1,2,0,0.17,0,0.17,0.17,0.17,Matches
2269,Valentin Rongier,fr FRA,MF,Rennes,fr Ligue 1,30,1994,31,31,"2,745",30.5,2,5,7,2,0,0,6,0,0.07,0.16,0.23,0.07,0.23,Matches
2270,Marten de Roon,nl NED,MF,Atalanta,it Serie A,34,1991,34,32,"2,691",29.9,1,2,3,1,0,0,8,1,0.03,0.07,0.1,0.03,0.1,Matches
2271,Pablo Rosario,do DOM,"DF,MF",Nice,fr Ligue 1,28,1997,1,0,28,0.3,0,0,0,0,0,0,0,0,0,0,0,0,0,Matches
2272,Max Rosenfelder,de GER,DF,Freiburg,de Bundesliga,22,2003,12,5,492,5.5,0,0,0,0,0,0,0,0,0,0,0,0,0,Matches
2273,Lucas Rosier,fr FRA,FW,Rennes,fr Ligue 1,18,2007,2,0,2,0,0,0,0,0,0,0,0,0,0,0,0,0,0,Matches
2274,Valentin Rosier,fr FRA,"DF,MF",Osasuna,es La Liga,28,1996,31,30,"2,547",28.3,1,1,2,1,0,0,6,1,0.04,0.04,0.07,0.04,0.07,Matches
2275,Tom Rothe,de GER,"MF,DF",Union Berlin,de Bundesliga,20,2004,21,10,"1,029",11.4,2,0,2,2,0,0,1,1,0.17,0,0.17,0.17,0.17,Matches
Rk,Player,Nation,Pos,Squad,Comp,Age,Born,MP,Starts,Min,90s,Gls,Ast,G+A,G-PK,PK,PKatt,CrdY,CrdR,Gls,Ast,G+A,G-PK,G+A-PK,Matches
2276,Anthony Rouault,fr FRA,DF,Rennes,fr Ligue 1,24,2001,21,19,"1,724",19.2,1,0,1,1,0,0,4,0,0.05,0,0.05,0.05,0.05,Matches
2277,Nicolò Rovella,it ITA,MF,Lazio,it Serie A,23,2001,11,6,512,5.7,0,1,1,0,0,0,2,1,0,0.18,0.18,0,0.18,Matches
2278,Jonathan Rowe,eng ENG,"MF,FW",Bologna,it Serie A,22,2003,28,17,"1,605",17.8,3,2,5,3,0,0,2,0,0.17,0.11,0.28,0.17,0.28,Matches
2279,Jonathan Rowe,eng ENG,FW,Marseille,fr Ligue 1,22,2003,1,1,62,0.7,0,0,0,0,0,0,0,0,0,0,0,0,0,Matches
2280,James Rowswell,eng ENG,DF,Tottenham,eng Premier League,19,2006,1,0,1,0,0,0,0,0,0,0,0,0,0,0,0,0,0,Matches
2281,Amir Rrahmani,xk KVX,DF,Napoli,it Serie A,31,1994,21,21,"1,795",19.9,2,1,3,2,0,0,2,0,0.1,0.05,0.15,0.1,0.15,Matches
2282,Rubén,es ESP,"DF,MF",Espanyol,es La Liga,24,2001,21,8,812,9,0,1,1,0,0,0,2,0,0,0.11,0.11,0,0.11,Matches
2283,Antonio Rüdiger,de GER,DF,Real Madrid,es La Liga,32,1993,18,16,"1,490",16.6,1,0,1,1,0,0,0,0,0.06,0,0.06,0.06,0.06,Matches
2284,Javi Rueda,es ESP,MF,Celta Vigo,es La Liga,23,2002,26,16,"1,404",15.6,2,6,8,2,0,0,6,0,0.13,0.38,0.51,0.13,0.51,Matches
2285,Daniele Rugani,it ITA,DF,Fiorentina,it Serie A,31,1994,6,4,327,3.6,0,0,0,0,0,0,2,0,0,0,0,0,0,Matches
2286,Daniele Rugani,it ITA,DF,Juventus,it Serie A,31,1994,6,3,250,2.8,0,0,0,0,0,0,0,0,0,0,0,0,0,Matches
2287,Matteo Ruggeri,it ITA,DF,Atlético Madrid,es La Liga,23,2002,26,20,"1,774",19.7,0,3,3,0,0,0,4,0,0,0.15,0.15,0,0.15,Matches
2288,Aitor Ruibal,es ESP,"DF,MF",Real Betis,es La Liga,29,1996,27,20,"1,808",20.1,4,2,6,4,0,0,6,1,0.2,0.1,0.3,0.2,0.3,Matches
2289,Abel Ruiz,es ESP,FW,Girona,es La Liga,25,2000,9,0,187,2.1,0,0,0,0,0,0,0,0,0,0,0,0,0,Matches
2290,Fabián Ruiz Peña,es ESP,MF,PSG,fr Ligue 1,29,1996,20,13,"1,131",12.6,1,4,5,1,0,0,2,0,0.08,0.32,0.4,0.08,0.4,Matches
2291,Gerónimo Rulli,ar ARG,GK,Marseille,fr Ligue 1,33,1992,29,29,"2,610",29,0,0,0,0,0,0,3,0,0,0,0,0,0,Matches
2292,Iñaki Rupérez,es ESP,DF,Real Sociedad,es La Liga,22,2003,1,0,1,0,0,0,0,0,0,0,0,0,0,0,0,0,0,Matches
2293,Jacen Russell-Rowe,ca CAN,FW,Toulouse,fr Ligue 1,22,2002,13,5,472,5.2,1,0,1,1,0,0,0,0,0.19,0,0.19,0.19,0.19,Matches
2294,Georginio Rutter,fr FRA,"MF,FW",Brighton,eng Premier League,23,2002,32,20,"1,786",19.8,3,3,6,3,0,0,2,0,0.15,0.15,0.3,0.15,0.3,Matches
2295,Mathew Ryan,au AUS,GK,Levante,es La Liga,33,1992,36,36,"3,240",36,0,0,0,0,0,0,4,0,0,0,0,0,0,Matches
2296,Julian Ryerson,no NOR,MF,Dortmund,de Bundesliga,27,1997,31,26,"2,266",25.2,0,15,15,0,0,0,8,0,0,0.6,0.6,0,0.6,Matches
2297,Frederik Rønnow,dk DEN,GK,Union Berlin,de Bundesliga,32,1992,30,30,"2,640",29.3,0,0,0,0,0,0,2,0,0,0,0,0,0,Matches
2298,Alexander Røssing-Lelesiit,no NOR,"FW,MF",Hamburger SV,de Bundesliga,18,2007,11,5,321,3.6,0,1,1,0,0,0,3,1,0,0.28,0.28,0,0.28,Matches
2299,José Sá,pt POR,GK,Wolves,eng Premier League,32,1993,23,23,"2,070",23,0,0,0,0,0,0,2,0,0,0,0,0,0,Matches
2300,Elias Saad,tn TUN,"MF,FW",Augsburg,de Bundesliga,25,1999,10,7,497,5.5,0,0,0,0,0,0,1,0,0,0,0,0,0,Matches
Rk,Player,Nation,Pos,Squad,Comp,Age,Born,MP,Starts,Min,90s,Gls,Ast,G+A,G-PK,PK,PKatt,CrdY,CrdR,Gls,Ast,G+A,G-PK,G+A-PK,Matches
2301,Idrissa Sabaly,fr FRA,MF,Strasbourg,fr Ligue 1,17,2007,1,1,56,0.6,0,0,0,0,0,0,0,0,0,0,0,0,0,Matches
2302,Stefano Sabelli,it ITA,"MF,DF",Genoa,it Serie A,32,1993,16,12,913,10.1,0,0,0,0,0,0,0,0,0,0,0,0,0,Matches
2303,Abdelhamid Sabiri,ma MAR,MF,Fiorentina,it Serie A,28,1996,1,0,27,0.3,0,0,0,0,0,0,0,0,0,0,0,0,0,Matches
2304,Marcel Sabitzer,at AUT,MF,Dortmund,de Bundesliga,31,1994,26,21,"1,817",20.2,1,2,3,1,0,0,3,0,0.05,0.1,0.15,0.05,0.15,Matches
2305,Noah Sadiki,cd COD,MF,Sunderland,eng Premier League,20,2004,33,33,"2,889",32.1,0,1,1,0,0,0,9,0,0,0.03,0.03,0,0.03,Matches
2306,Umar Sadiq,ng NGA,FW,Valencia,es La Liga,28,1997,20,8,911,10.1,4,2,6,4,0,0,3,0,0.4,0.2,0.59,0.4,0.59,Matches
2307,Umar Sadiq,ng NGA,FW,Real Sociedad,es La Liga,28,1997,5,2,153,1.7,0,0,0,0,0,0,1,0,0,0,0,0,0,Matches
2308,Alexis Saelemaekers,be BEL,MF,Milan,it Serie A,26,1999,35,33,"2,788",31,3,3,6,3,0,0,5,0,0.1,0.1,0.19,0.1,0.19,Matches
2309,Matvei Safonov,ru RUS,GK,PSG,fr Ligue 1,26,1999,15,15,"1,350",15,0,0,0,0,0,0,0,0,0,0,0,0,0,Matches
2310,Emir Sahiti,xk KVX,FW,Hamburger SV,de Bundesliga,26,1998,2,2,120,1.3,0,0,0,0,0,0,0,0,0,0,0,0,0,Matches
2311,Osame Sahraoui,ma MAR,MF,Lille,fr Ligue 1,24,2001,18,4,505,5.6,1,2,3,1,0,0,0,0,0.18,0.36,0.53,0.18,0.53,Matches
2312,Wesley Saïd,fr FRA,MF,Lens,fr Ligue 1,30,1995,29,26,"1,991",22.1,12,2,14,11,1,1,2,0,0.54,0.09,0.63,0.5,0.59,Matches
2313,Allan Saint-Maximin,fr FRA,MF,Lens,fr Ligue 1,28,1997,10,2,410,4.6,3,3,6,3,0,0,0,0,0.66,0.66,1.32,0.66,1.32,Matches
2314,Bukayo Saka,eng ENG,"FW,MF",Arsenal,eng Premier League,23,2001,31,25,"2,222",24.7,7,5,12,6,1,1,2,0,0.28,0.2,0.49,0.24,0.45,Matches
2315,Mathis Saka,fr FRA,FW,Toulouse,fr Ligue 1,18,2006,1,0,8,0.1,0,0,0,0,0,0,0,0,0,0,0,0,0,Matches
2316,Álex Sala,es ESP,MF,Lecce,it Serie A,24,2001,9,2,167,1.9,0,1,1,0,0,0,0,0,0,0.54,0.54,0,0.54,Matches
2317,Ibrahim Salah,ma MAR,MF,Rennes,fr Ligue 1,23,2001,2,0,35,0.4,0,0,0,0,0,0,0,0,0,0,0,0,0,Matches
2318,Mohamed Salah,eg EGY,MF,Liverpool,eng Premier League,33,1992,27,23,"2,146",23.8,7,7,14,6,1,1,1,0,0.29,0.29,0.59,0.25,0.55,Matches
2319,Jan Salas,es ESP,MF,Mallorca,es La Liga,19,2005,2,0,17,0.2,0,0,0,0,0,0,0,0,0,0,0,0,0,Matches
2320,Kike Salas,es ESP,DF,Sevilla,es La Liga,23,2002,26,24,"2,203",24.5,2,0,2,2,0,0,1,0,0.08,0,0.08,0.08,0.08,Matches
2321,Manolis Saliakas,gr GRE,MF,St Pauli,de Bundesliga,28,1996,17,12,"1,106",12.3,1,3,4,1,0,0,3,0,0.08,0.24,0.33,0.08,0.33,Matches
2322,William Saliba,fr FRA,DF,Arsenal,eng Premier League,24,2001,31,30,"2,614",29,1,0,1,1,0,0,2,0,0.03,0,0.03,0.03,0.03,Matches
2323,José Salinas,es ESP,DF,Espanyol,es La Liga,24,2000,11,2,257,2.9,0,0,0,0,0,0,2,0,0,0,0,0,0,Matches
2324,Mohammed Salisu,gh GHA,DF,Monaco,fr Ligue 1,26,1999,12,12,"1,080",12,1,0,1,1,0,0,3,0,0.08,0,0.08,0.08,0.08,Matches
2325,Lazar Samardzic,rs SRB,MF,Atalanta,it Serie A,23,2002,26,11,"1,030",11.4,2,1,3,2,0,0,1,0,0.17,0.09,0.26,0.17,0.26,Matches
Rk,Player,Nation,Pos,Squad,Comp,Age,Born,MP,Starts,Min,90s,Gls,Ast,G+A,G-PK,PK,PKatt,CrdY,CrdR,Gls,Ast,G+A,G-PK,G+A-PK,Matches
2326,Mbwana Samatta,tz TAN,FW,Le Havre,fr Ligue 1,32,1992,27,17,"1,542",17.1,2,1,3,2,0,0,4,0,0.12,0.06,0.18,0.12,0.18,Matches
2327,Mama Samba Baldé,gw GNB,"FW,MF",Brest,fr Ligue 1,29,1995,18,8,716,8,2,2,4,2,0,0,0,0,0.25,0.25,0.5,0.25,0.5,Matches
2328,Brice Samba,fr FRA,GK,Rennes,fr Ligue 1,31,1994,32,32,"2,880",32,0,0,0,0,0,0,5,0,0,0,0,0,0,Matches
2329,Albert Sambi Lokonga,be BEL,MF,Hamburger SV,de Bundesliga,25,1999,26,20,"1,710",19,5,0,5,5,0,0,3,0,0.26,0,0.26,0.26,0.26,Matches
2330,Antonio Sanabria,py PAR,FW,Cremonese,it Serie A,29,1996,25,10,945,10.5,1,1,2,1,0,0,2,0,0.1,0.1,0.19,0.1,0.19,Matches
2331,Oihan Sancet,es ESP,MF,Athletic Club,es La Liga,25,2000,28,22,"1,788",19.9,4,0,4,2,2,2,4,1,0.2,0,0.2,0.1,0.1,Matches
2332,Álex Sánchez,es ESP,FW,Elche,es La Liga,19,2006,1,0,6,0.1,0,1,1,0,0,0,0,0,0,15,15,0,15,Matches
2333,Alexis Sánchez,cl CHI,"FW,MF",Sevilla,es La Liga,36,1988,28,11,"1,308",14.5,4,2,6,3,1,1,3,0,0.28,0.14,0.41,0.21,0.34,Matches
2334,Antonio Sánchez,es ESP,"MF,DF",Mallorca,es La Liga,28,1997,30,9,"1,073",11.9,0,0,0,0,0,0,5,1,0,0,0,0,0,Matches
2335,Juanlu Sánchez,es ESP,"MF,DF",Sevilla,es La Liga,21,2003,32,23,"1,990",22.1,0,3,3,0,0,0,6,1,0,0.14,0.14,0,0.14,Matches
2336,Borja Sánchez Laborde,es ESP,MF,Oviedo,es La Liga,29,1996,1,0,14,0.2,0,0,0,0,0,0,0,0,0,0,0,0,0,Matches
2337,Manu Sánchez,es ESP,DF,Levante,es La Liga,24,2000,33,31,"2,814",31.3,1,2,3,1,0,0,8,0,0.03,0.06,0.1,0.03,0.1,Matches
2338,Robert Sánchez,es ESP,GK,Chelsea,eng Premier League,27,1997,35,35,"3,039",33.8,0,1,1,0,0,0,3,1,0,0.03,0.03,0,0.03,Matches
2339,Selton Sánchez,es ESP,MF,Athletic Club,es La Liga,18,2007,7,2,196,2.2,0,1,1,0,0,0,0,0,0,0.46,0.46,0,0.46,Matches
2340,Jadon Sancho,eng ENG,MF,Aston Villa,eng Premier League,25,2000,23,9,876,9.7,0,2,2,0,0,0,0,0,0,0.21,0.21,0,0.21,Matches
2341,Álex Sancris,es ESP,"MF,FW",Getafe,es La Liga,28,1997,18,5,708,7.9,0,1,1,0,0,0,4,1,0,0.13,0.13,0,0.13,Matches
2342,Philipp Sander,de GER,"DF,MF",Gladbach,de Bundesliga,27,1998,30,29,"2,445",27.2,2,0,2,2,0,0,4,0,0.07,0,0.07,0.07,0.07,Matches
2343,James Sands,us USA,MF,St Pauli,de Bundesliga,25,2000,24,23,"1,934",21.5,1,0,1,1,0,0,4,0,0.05,0,0.05,0.05,0.05,Matches
2344,Ibou Sané,sn SEN,"FW,MF",Metz,fr Ligue 1,20,2005,16,5,541,6,1,1,2,1,0,0,2,0,0.17,0.17,0.33,0.17,0.33,Matches
2345,Sadibou Sané,sn SEN,DF,Metz,fr Ligue 1,21,2004,23,22,"1,940",21.6,2,1,3,2,0,0,5,2,0.09,0.05,0.14,0.09,0.14,Matches
2346,Arouna Sangante,sn SEN,DF,Le Havre,fr Ligue 1,23,2002,28,28,"2,324",25.8,1,1,2,1,0,0,4,2,0.04,0.04,0.08,0.04,0.08,Matches
2347,Buba Sangaré,es ESP,"DF,MF",Elche,es La Liga,17,2007,12,8,538,6,0,0,0,0,0,0,3,0,0,0,0,0,0,Matches
2348,Ibrahim Sangaré,ci CIV,MF,Nottingham,eng Premier League,27,1997,28,25,"2,075",23.1,2,2,4,2,0,0,5,0,0.09,0.09,0.17,0.09,0.17,Matches
2349,Mamadou Sangare,ml MLI,MF,Lens,fr Ligue 1,23,2002,29,27,"2,323",25.8,3,4,7,3,0,0,5,0,0.12,0.15,0.27,0.12,0.27,Matches
2350,Nhoa Sangui,fr FRA,DF,Paris FC,fr Ligue 1,19,2006,26,18,"1,737",19.3,0,0,0,0,0,0,0,0,0,0,0,0,0,Matches
Rk,Player,Nation,Pos,Squad,Comp,Age,Born,MP,Starts,Min,90s,Gls,Ast,G+A,G-PK,PK,PKatt,CrdY,CrdR,Gls,Ast,G+A,G-PK,G+A-PK,Matches
2351,Maroan Sannadi,ma MAR,FW,Athletic Club,es La Liga,24,2001,10,2,288,3.2,1,0,1,1,0,0,2,0,0.31,0,0.31,0.31,0.31,Matches
2352,Kaishū Sano,jp JPN,MF,Mainz 05,de Bundesliga,24,2000,34,34,"3,059",34,1,2,3,1,0,0,1,0,0.03,0.06,0.09,0.03,0.09,Matches
2353,Morgan Sanson,fr FRA,MF,Nice,fr Ligue 1,30,1994,31,20,"1,772",19.7,0,2,2,0,0,0,4,0,0,0.1,0.1,0,0.1,Matches
2354,Baptiste Santamaria,fr FRA,MF,Valencia,es La Liga,30,1995,19,7,754,8.4,1,1,2,1,0,0,2,0,0.12,0.12,0.24,0.12,0.24,Matches
2355,Yago Santiago,es ESP,MF,Elche,es La Liga,22,2003,9,3,281,3.1,0,0,0,0,0,0,1,0,0,0,0,0,0,Matches
2356,Yellu Santiago,es ESP,MF,Hellas Verona,it Serie A,21,2004,2,0,6,0.1,0,0,0,0,0,0,0,0,0,0,0,0,0,Matches
2357,Alisson Santos,br BRA,"MF,FW",Napoli,it Serie A,22,2002,14,9,834,9.3,4,0,4,4,0,0,1,0,0.43,0,0.43,0.43,0.43,Matches
2358,Andrey Santos,br BRA,MF,Chelsea,eng Premier League,21,2004,27,13,"1,260",14,1,0,1,1,0,0,4,0,0.07,0,0.07,0.07,0.07,Matches
2359,Kauã Santos,br BRA,GK,Frankfurt,de Bundesliga,22,2003,13,13,"1,084",12,0,0,0,0,0,0,0,0,0,0,0,0,0,Matches
2360,Tiago Santos,pt POR,DF,Lille,fr Ligue 1,23,2002,15,8,709,7.9,0,0,0,0,0,0,0,0,0,0,0,0,0,Matches
2361,Bara Sapoko Ndiaye,sn SEN,MF,Bayern Munich,de Bundesliga,17,2007,4,2,143,1.6,0,0,0,0,0,0,0,0,0,0,0,0,0,Matches
2362,Renzo Saravia,ar ARG,DF,Valencia,es La Liga,32,1993,5,4,351,3.9,0,0,0,0,0,0,2,0,0,0,0,0,0,Matches
2363,Alejo Sarco,ar ARG,FW,Gladbach,de Bundesliga,19,2006,3,0,53,0.6,0,0,0,0,0,0,0,0,0,0,0,0,0,Matches
2364,Alejo Sarco,ar ARG,FW,Leverkusen,de Bundesliga,19,2006,3,0,74,0.8,0,0,0,0,0,0,0,0,0,0,0,0,0,Matches
2365,Jeremy Sarmiento,ec ECU,MF,Cremonese,it Serie A,23,2002,7,0,142,1.6,0,0,0,0,0,0,0,0,0,0,0,0,0,Matches
2366,Amin Sarr,se SWE,"FW,MF",Hellas Verona,it Serie A,24,2001,34,9,"1,102",12.2,0,1,1,0,0,0,2,1,0,0.08,0.08,0,0.08,Matches
2367,Bouna Sarr,sn SEN,"MF,DF",Metz,fr Ligue 1,33,1992,12,10,895,9.9,0,0,0,0,0,0,1,0,0,0,0,0,0,Matches
2368,Ismaila Sarr,sn SEN,MF,Crystal Palace,eng Premier League,27,1998,28,24,"2,174",24.2,9,1,10,6,3,3,2,0,0.37,0.04,0.41,0.25,0.29,Matches
2369,Malang Sarr,fr FRA,DF,Lens,fr Ligue 1,26,1999,33,33,"2,925",32.5,0,1,1,0,0,0,4,0,0,0.03,0.03,0,0.03,Matches
2370,Mamadou Sarr,sn SEN,DF,Strasbourg,fr Ligue 1,19,2005,15,15,"1,305",14.5,0,0,0,0,0,0,3,0,0,0,0,0,0,Matches
2371,Mamadou Sarr,sn SEN,DF,Chelsea,eng Premier League,19,2005,3,1,102,1.1,0,0,0,0,0,0,0,0,0,0,0,0,0,Matches
2372,Martin Satriano,uy URU,"FW,MF",Getafe,es La Liga,24,2001,18,18,"1,603",17.8,6,1,7,6,0,0,5,0,0.34,0.06,0.39,0.34,0.39,Matches
2373,Martin Satriano,uy URU,FW,Lyon,fr Ligue 1,24,2001,11,8,692,7.7,2,1,3,2,0,0,1,0,0.26,0.13,0.39,0.26,0.39,Matches
2374,Mario Sauer,sk SVK,MF,Toulouse,fr Ligue 1,21,2004,25,6,651,7.2,1,0,1,1,0,0,4,0,0.14,0,0.14,0.14,0.14,Matches
2375,Razvan Sava,ro ROU,GK,Udinese,it Serie A,23,2002,7,6,620,6.9,0,0,0,0,0,0,1,0,0,0,0,0,0,Matches
Rk,Player,Nation,Pos,Squad,Comp,Age,Born,MP,Starts,Min,90s,Gls,Ast,G+A,G-PK,PK,PKatt,CrdY,CrdR,Gls,Ast,G+A,G-PK,G+A-PK,Matches
2376,Sávio,br BRA,MF,Manchester City,eng Premier League,21,2004,24,7,833,9.3,1,1,2,1,0,0,2,0,0.11,0.11,0.22,0.11,0.22,Matches
2377,Nicolò Savona,it ITA,DF,Nottingham,eng Premier League,22,2003,14,11,"1,028",11.4,2,0,2,2,0,0,2,0,0.18,0,0.18,0.18,0.18,Matches
2378,Amine Sbai,ma MAR,"MF,FW",Angers,fr Ligue 1,24,2000,25,23,"1,818",20.2,3,1,4,3,0,1,3,1,0.15,0.05,0.2,0.15,0.2,Matches
2379,Joe Scally,us USA,"DF,MF",Gladbach,de Bundesliga,22,2002,32,29,"2,608",29,2,3,5,2,0,0,8,0,0.07,0.1,0.17,0.07,0.17,Matches
2380,Giorgio Scalvini,it ITA,DF,Atalanta,it Serie A,21,2003,24,23,"1,808",20.1,3,1,4,3,0,0,2,0,0.15,0.05,0.2,0.15,0.2,Matches
2381,Gianluca Scamacca,it ITA,FW,Atalanta,it Serie A,26,1999,24,16,"1,315",14.6,10,1,11,8,2,2,2,0,0.68,0.07,0.75,0.55,0.62,Matches
2382,Oliver Scarles,eng ENG,"DF,MF",West Ham,eng Premier League,19,2005,13,9,659,7.3,0,0,0,0,0,0,2,0,0,0,0,0,0,Matches
2383,Dane Scarlett,eng ENG,FW,Tottenham,eng Premier League,21,2004,2,0,9,0.1,0,0,0,0,0,0,0,0,0,0,0,0,0,Matches
2384,Kevin Schade,de GER,"MF,FW",Brentford,eng Premier League,23,2001,35,32,"2,745",30.5,8,3,11,8,0,1,6,1,0.26,0.1,0.36,0.26,0.36,Matches
2385,András Schäfer,hu HUN,MF,Union Berlin,de Bundesliga,26,1999,28,16,"1,421",15.8,2,1,3,2,0,0,2,1,0.13,0.06,0.19,0.13,0.19,Matches
2386,Fabian Schär,ch SUI,DF,Newcastle,eng Premier League,33,1991,16,11,"1,091",12.1,0,0,0,0,0,0,1,0,0,0,0,0,0,Matches
2387,Fynn Schenten,de GER,FW,Köln,de Bundesliga,17,2007,7,1,100,1.1,0,0,0,0,0,0,0,0,0,0,0,0,0,Matches
2388,Derry Scherhant,de GER,MF,Freiburg,de Bundesliga,22,2002,31,12,"1,301",14.5,5,1,6,5,0,0,2,0,0.35,0.07,0.42,0.35,0.42,Matches
2389,Patrik Schick,cz CZE,FW,Leverkusen,de Bundesliga,29,1996,28,23,"1,988",22.1,16,3,19,12,4,5,2,0,0.72,0.14,0.86,0.54,0.68,Matches
2390,Stefan Schimmer,de GER,FW,Heidenheim,de Bundesliga,31,1994,27,3,820,9.1,5,1,6,5,0,0,1,0,0.55,0.11,0.66,0.55,0.66,Matches
2391,Xaver Schlager,at AUT,MF,RB Leipzig,de Bundesliga,27,1997,26,21,"1,837",20.4,3,1,4,3,0,0,6,0,0.15,0.05,0.2,0.15,0.2,Matches
2392,Keven Schlotterbeck,de GER,DF,Augsburg,de Bundesliga,28,1997,24,22,"2,031",22.6,0,1,1,0,0,1,7,1,0,0.04,0.04,0,0.04,Matches
2393,Nico Schlotterbeck,de GER,DF,Dortmund,de Bundesliga,25,1999,28,28,"2,520",28,5,1,6,5,0,0,8,0,0.18,0.04,0.21,0.18,0.21,Matches
2394,Mick Schmetgens,de GER,MF,Werder Bremen,de Bundesliga,17,2007,2,0,37,0.4,0,0,0,0,0,0,0,0,0,0,0,0,0,Matches
2395,Romano Schmid,at AUT,"MF,FW",Werder Bremen,de Bundesliga,25,2000,34,34,"2,982",33.1,4,8,12,1,3,4,4,0,0.12,0.24,0.36,0.03,0.27,Matches
2396,Isaac Schmidt,ch SUI,"MF,DF",Werder Bremen,de Bundesliga,25,1999,19,6,682,7.6,1,0,1,1,0,0,2,0,0.13,0,0.13,0.13,0.13,Matches
2397,Joël Schmied,ch SUI,DF,Köln,de Bundesliga,26,1998,16,13,"1,078",12,0,0,0,0,0,0,5,0,0,0,0,0,0,Matches
2398,Tim Schnitzer,de GER,MF,Augsburg,de Bundesliga,17,2008,1,0,6,0.1,0,0,0,0,0,0,0,0,0,0,0,0,0,Matches
2399,Jan Schöppner,de GER,MF,Heidenheim,de Bundesliga,26,1999,31,29,"2,252",25,3,3,6,3,0,0,5,0,0.12,0.12,0.24,0.12,0.24,Matches
2400,Marvin Schwäbe,de GER,GK,Köln,de Bundesliga,30,1995,34,34,"3,060",34,0,0,0,0,0,0,2,0,0,0,0,0,0,Matches
Rk,Player,Nation,Pos,Squad,Comp,Age,Born,MP,Starts,Min,90s,Gls,Ast,G+A,G-PK,PK,PKatt,CrdY,CrdR,Gls,Ast,G+A,G-PK,G+A-PK,Matches
2401,Léo Scienza,br BRA,MF,Heidenheim,de Bundesliga,26,1998,2,2,180,2,1,0,1,1,0,0,0,0,0.5,0,0.5,0.5,0.5,Matches
2402,Alex Scott,eng ENG,MF,Bournemouth,eng Premier League,21,2003,37,34,"2,849",31.7,3,1,4,3,0,0,5,0,0.09,0.03,0.13,0.09,0.13,Matches
2403,Simone Scuffet,it ITA,GK,Pisa,it Serie A,29,1996,7,7,630,7,0,0,0,0,0,0,0,0,0,0,0,0,0,Matches
2404,Sebastian Sebulonsen,no NOR,"DF,MF",Köln,de Bundesliga,25,2000,31,28,"2,498",27.8,0,0,0,0,0,0,5,0,0,0,0,0,0,Matches
2405,Jenson Seelt,nl NED,DF,Wolfsburg,de Bundesliga,22,2003,9,8,681,7.6,0,0,0,0,0,0,0,0,0,0,0,0,0,Matches
2406,Jenson Seelt,nl NED,DF,Sunderland,eng Premier League,22,2003,2,1,134,1.5,0,0,0,0,0,0,0,0,0,0,0,0,0,Matches
2407,Alidu Seidu,gh GHA,DF,Rennes,fr Ligue 1,25,2000,21,13,"1,186",13.2,0,1,1,0,0,0,1,0,0,0.08,0.08,0,0.08,Matches
2408,Taufik Seidu,es ESP,MF,Atlético Madrid,es La Liga,17,2008,1,0,23,0.3,0,0,0,0,0,0,1,0,0,0,0,0,0,Matches
2409,Nicolas Seiwald,at AUT,MF,RB Leipzig,de Bundesliga,24,2001,33,31,"2,694",29.9,0,2,2,0,0,0,2,0,0,0.07,0.07,0,0.07,Matches
2410,Ayumu Seko,jp JPN,"MF,DF",Le Havre,fr Ligue 1,25,2000,30,29,"2,625",29.2,0,0,0,0,0,0,6,0,0,0,0,0,0,Matches
2411,Matz Sels,be BEL,GK,Nottingham,eng Premier League,33,1992,31,30,"2,668",29.6,0,0,0,0,0,0,2,0,0,0,0,0,0,Matches
2412,Antoine Semenyo,gh GHA,MF,Bournemouth,eng Premier League,25,2000,20,20,"1,798",20,10,3,13,9,1,2,6,0,0.5,0.15,0.65,0.45,0.6,Matches
2413,Antoine Semenyo,gh GHA,"MF,FW",Manchester City,eng Premier League,25,2000,17,17,"1,397",15.5,7,1,8,7,0,0,1,0,0.45,0.06,0.52,0.45,0.52,Matches
2414,Adrian Šemper,hr CRO,GK,Pisa,it Serie A,27,1998,25,25,"2,250",25,0,0,0,0,0,0,0,0,0,0,0,0,0,Matches
2415,Marvin Senaya,gh GHA,"DF,MF",Auxerre,fr Ligue 1,24,2001,25,20,"1,780",19.8,1,0,1,1,0,0,5,0,0.05,0,0.05,0.05,0.05,Matches
2416,Marcos Senesi,ar ARG,DF,Bournemouth,eng Premier League,28,1997,37,37,"3,288",36.5,0,5,5,0,0,0,8,0,0,0.14,0.14,0,0.14,Matches
2417,Suat Serdar,de GER,MF,Hellas Verona,it Serie A,28,1997,20,12,"1,108",12.3,2,0,2,2,0,0,3,0,0.16,0,0.16,0.16,0.16,Matches
2418,Manuel Serrano,es ESP,DF,Real Madrid,es La Liga,21,2004,1,0,7,0.1,0,0,0,0,0,0,0,0,0,0,0,0,0,Matches
2419,Nicolás Serrano,es ESP,MF,Athletic Club,es La Liga,22,2003,16,4,366,4.1,1,0,1,1,0,0,0,0,0.25,0,0.25,0.25,0.25,Matches
2420,Benjamin Šeško,si SVN,FW,Manchester Utd,eng Premier League,22,2003,30,17,"1,643",18.3,11,1,12,11,0,0,2,0,0.6,0.05,0.66,0.6,0.66,Matches
2421,Ryan Sessegnon,eng ENG,"DF,MF",Fulham,eng Premier League,25,2000,27,20,"1,823",20.3,3,1,4,3,0,0,0,0,0.15,0.05,0.2,0.15,0.2,Matches
2422,Stephan El Shaarawy,it ITA,"MF,FW",Roma,it Serie A,32,1992,20,5,666,7.4,1,2,3,1,0,0,4,0,0.14,0.27,0.41,0.14,0.41,Matches
2423,Luke Shaw,eng ENG,DF,Manchester Utd,eng Premier League,30,1995,38,38,"3,219",35.8,1,1,2,1,0,0,9,0,0.03,0.03,0.06,0.03,0.06,Matches
2424,Kento Shiogai,jp JPN,MF,Wolfsburg,de Bundesliga,20,2005,12,2,318,3.5,1,0,1,1,0,0,3,0,0.28,0,0.28,0.28,0.28,Matches
2425,Kwasi Sibo,gh GHA,MF,Oviedo,es La Liga,27,1998,26,21,"1,681",18.7,0,0,0,0,0,0,3,1,0,0,0,0,0,Matches
Rk,Player,Nation,Pos,Squad,Comp,Age,Born,MP,Starts,Min,90s,Gls,Ast,G+A,G-PK,PK,PKatt,CrdY,CrdR,Gls,Ast,G+A,G-PK,G+A-PK,Matches
2426,Djibril Sidibé,fr FRA,"MF,DF",Toulouse,fr Ligue 1,33,1992,32,25,"2,141",23.8,3,4,7,2,1,2,1,0,0.13,0.17,0.29,0.08,0.25,Matches
2427,Armindo Sieb,de GER,FW,Mainz 05,de Bundesliga,22,2003,22,3,548,6.1,2,0,2,2,0,0,1,0,0.33,0,0.33,0.33,0.33,Matches
2428,Jamil Siebert,de GER,DF,Lecce,it Serie A,23,2002,21,18,"1,701",18.9,1,0,1,1,0,0,3,0,0.05,0,0.05,0.05,0.05,Matches
2429,Francisco Sierralta,cl CHI,DF,Auxerre,fr Ligue 1,28,1997,10,9,861,9.6,1,0,1,1,0,0,2,0,0.1,0,0.1,0.1,0.1,Matches
2430,Tim Siersleben,de GER,DF,Heidenheim,de Bundesliga,25,2000,15,12,"1,081",12,0,0,0,0,0,0,2,0,0,0,0,0,0,Matches
2431,Mathys Silestrie,fr FRA,GK,Rennes,fr Ligue 1,19,2005,2,2,180,2,0,0,0,0,0,0,0,0,0,0,0,0,0,Matches
2432,André Silva,pt POR,FW,Elche,es La Liga,29,1995,31,22,"1,849",20.5,10,0,10,7,3,3,3,0,0.49,0,0.49,0.34,0.34,Matches
2433,Bernardo Silva,pt POR,MF,Manchester City,eng Premier League,30,1994,38,34,"2,872",31.9,2,4,6,2,0,0,10,0,0.06,0.13,0.19,0.06,0.19,Matches
2434,Éderson Silva,br BRA,MF,Atalanta,it Serie A,26,1999,30,26,"2,230",24.8,2,1,3,1,1,1,3,0,0.08,0.04,0.12,0.04,0.08,Matches
2435,Fábio Silva,pt POR,"FW,MF",Dortmund,de Bundesliga,23,2002,28,7,817,9.1,2,6,8,2,0,0,3,0,0.22,0.66,0.88,0.22,0.88,Matches
2436,Jota Silva,pt POR,FW,Nottingham,eng Premier League,25,1999,1,0,12,0.1,0,0,0,0,0,0,0,0,0,0,0,0,0,Matches
2437,Marco Silvestri,it ITA,GK,Cremonese,it Serie A,34,1991,4,4,360,4,0,0,0,0,0,0,0,0,0,0,0,0,0,Matches
2438,Abdallah Sima,sn SEN,"MF,FW",Lens,fr Ligue 1,24,2001,21,6,718,8,2,2,4,2,0,0,3,0,0.25,0.25,0.5,0.25,0.5,Matches
2439,Giovanni Simeone,ar ARG,FW,Torino,it Serie A,30,1995,32,27,"2,230",24.8,11,0,11,11,0,0,1,0,0.44,0,0.44,0.44,0.44,Matches
2440,Giuliano Simeone,ar ARG,"MF,FW",Atlético Madrid,es La Liga,22,2002,31,25,"2,099",23.3,4,6,10,4,0,0,2,0,0.17,0.26,0.43,0.17,0.43,Matches
2441,Moses Simon,ng NGA,"MF,FW",Paris FC,fr Ligue 1,30,1995,29,25,"2,001",22.2,3,3,6,3,0,0,1,0,0.13,0.13,0.27,0.13,0.27,Matches
2442,Unai Simón,es ESP,GK,Athletic Club,es La Liga,28,1997,37,37,"3,330",37,0,0,0,0,0,0,1,0,0,0,0,0,0,Matches
2443,Xavi Simons,nl NED,"MF,FW",Tottenham,eng Premier League,22,2003,28,19,"1,755",19.5,2,5,7,2,0,0,5,1,0.1,0.26,0.36,0.1,0.36,Matches
2444,Xavi Simons,nl NED,MF,RB Leipzig,de Bundesliga,22,2003,1,1,90,1,0,0,0,0,0,0,0,0,0,0,0,0,0,Matches
2445,Jahmai Simpson-Pusey,eng ENG,DF,Köln,de Bundesliga,19,2005,11,10,863,9.6,0,0,0,0,0,0,2,1,0,0,0,0,0,Matches
2446,Danel Sinani,lu LUX,"MF,FW",St Pauli,de Bundesliga,28,1997,30,23,"2,069",23,5,3,8,2,3,3,4,0,0.22,0.13,0.35,0.09,0.22,Matches
2447,Dan Sinaté,fr FRA,DF,Angers,fr Ligue 1,19,2006,3,0,33,0.4,0,0,0,0,0,0,0,0,0,0,0,0,0,Matches
2448,Lassine Sinayoko,ml MLI,"FW,MF",Auxerre,fr Ligue 1,25,1999,32,32,"2,770",30.8,12,4,16,9,3,4,8,0,0.39,0.13,0.52,0.29,0.42,Matches
2449,Ibrahima Sissoko,ml MLI,"MF,DF",Nantes,fr Ligue 1,27,1997,13,9,803,8.9,0,0,0,0,0,0,4,0,0,0,0,0,0,Matches
2450,Antonio Sivera,es ESP,GK,Alavés,es La Liga,28,1996,38,38,"3,420",38,0,0,0,0,0,0,3,0,0,0,0,0,0,Matches
Rk,Player,Nation,Pos,Squad,Comp,Age,Born,MP,Starts,Min,90s,Gls,Ast,G+A,G-PK,PK,PKatt,CrdY,CrdR,Gls,Ast,G+A,G-PK,G+A-PK,Matches
2451,Telli Siwe,fr FRA,DF,Auxerre,fr Ligue 1,20,2004,4,4,315,3.5,0,0,0,0,0,0,0,0,0,0,0,0,0,Matches
2452,Tim Skarke,de GER,"MF,FW",Union Berlin,de Bundesliga,28,1996,22,4,623,6.9,1,1,2,1,0,0,0,0,0.14,0.14,0.29,0.14,0.29,Matches
2453,Ellyes Skhiri,tn TUN,"MF,DF",Frankfurt,de Bundesliga,30,1995,25,16,"1,444",16,0,0,0,0,0,0,3,1,0,0,0,0,0,Matches
2454,Laurs Skjellerup,dk DEN,FW,Sassuolo,it Serie A,22,2002,1,0,10,0.1,0,0,0,0,0,0,0,0,0,0,0,0,0,Matches
2455,Łukasz Skorupski,pl POL,GK,Bologna,it Serie A,34,1991,19,19,"1,592",17.7,0,0,0,0,0,0,1,1,0,0,0,0,0,Matches
2456,Andreas Skov Olsen,dk DEN,MF,Wolfsburg,de Bundesliga,25,1999,8,4,362,4,1,0,1,1,0,0,1,0,0.25,0,0.25,0.25,0.25,Matches
2457,Robert Skov,dk DEN,"DF,MF",Union Berlin,de Bundesliga,29,1996,3,3,220,2.4,0,0,0,0,0,0,0,0,0,0,0,0,0,Matches
2458,Tobias Slotsager,dk DEN,DF,Hellas Verona,it Serie A,19,2006,8,4,446,5,0,0,0,0,0,0,0,0,0,0,0,0,0,Matches
2459,Adam Smith,eng ENG,DF,Bournemouth,eng Premier League,34,1991,22,14,"1,077",12,0,2,2,0,0,0,3,0,0,0.17,0.17,0,0.17,Matches
2460,Eric Smith,se SWE,"DF,MF",St Pauli,de Bundesliga,28,1997,27,26,"2,311",25.7,2,2,4,2,0,0,4,1,0.08,0.08,0.16,0.08,0.16,Matches
2461,Emile Smith Rowe,eng ENG,MF,Fulham,eng Premier League,25,2000,37,22,"1,923",21.4,3,0,3,3,0,0,1,0,0.14,0,0.14,0.14,0.14,Matches
2462,Ivan Smolčić,hr CRO,DF,Como,it Serie A,24,2000,28,19,"1,662",18.5,0,1,1,0,0,0,8,0,0,0.05,0.05,0,0.05,Matches
2463,Mezian Soares,pt POR,MF,Lens,fr Ligue 1,15,2009,1,0,12,0.1,1,0,1,1,0,0,0,0,7.5,0,7.5,7.5,7.5,Matches
2464,Simon Sohm,ch SUI,MF,Bologna,it Serie A,24,2001,12,9,717,8,0,0,0,0,0,0,1,0,0,0,0,0,0,Matches
2465,Simon Sohm,ch SUI,MF,Fiorentina,it Serie A,24,2001,16,9,708,7.9,0,1,1,0,0,0,2,0,0,0.13,0.13,0,0.13,Matches
2466,Alex Sola,es ESP,"DF,FW",Getafe,es La Liga,26,1999,1,0,13,0.1,0,0,0,0,0,0,0,0,0,0,0,0,0,Matches
2467,Dominic Solanke,eng ENG,FW,Tottenham,eng Premier League,27,1997,15,11,"1,001",11.1,3,0,3,3,0,0,1,0,0.27,0,0.27,0.27,0.27,Matches
2468,Carlos Soler,es ESP,MF,Real Sociedad,es La Liga,28,1997,33,26,"2,317",25.7,4,3,7,4,0,0,3,1,0.16,0.12,0.27,0.16,0.27,Matches
2469,Julio Soler,ar ARG,DF,Bournemouth,eng Premier League,20,2005,3,0,35,0.4,0,0,0,0,0,0,0,0,0,0,0,0,0,Matches
2470,Oumar Solet,fr FRA,DF,Udinese,it Serie A,25,2000,35,34,"2,959",32.9,3,1,4,2,1,1,1,0,0.09,0.03,0.12,0.06,0.09,Matches
2471,Jhon Solis,co COL,MF,Girona,es La Liga,20,2004,12,3,380,4.2,0,0,0,0,0,0,0,0,0,0,0,0,0,Matches
2472,Manor Solomon,il ISR,MF,Villarreal,es La Liga,26,1999,6,1,150,1.7,1,1,2,1,0,0,0,0,0.6,0.6,1.2,0.6,1.2,Matches
2473,Manor Solomon,il ISR,"FW,MF",Fiorentina,it Serie A,26,1999,16,9,890,9.9,2,1,3,2,0,0,1,0,0.2,0.1,0.3,0.2,0.3,Matches
2474,Hugo Solozabal,es ESP,MF,Getafe,es La Liga,22,2003,1,0,11,0.1,0,0,0,0,0,0,0,0,0,0,0,0,0,Matches
2475,Daniele Sommariva,it ITA,GK,Genoa,it Serie A,28,1997,2,1,176,2,0,0,0,0,0,0,0,0,0,0,0,0,0,Matches
Rk,Player,Nation,Pos,Squad,Comp,Age,Born,MP,Starts,Min,90s,Gls,Ast,G+A,G-PK,PK,PKatt,CrdY,CrdR,Gls,Ast,G+A,G-PK,G+A-PK,Matches
2476,Yann Sommer,ch SUI,GK,Inter,it Serie A,36,1988,33,33,"2,960",32.9,0,0,0,0,0,0,0,0,0,0,0,0,0,Matches
2477,Oliver Sonne,pe PER,DF,Burnley,eng Premier League,24,2000,7,1,169,1.9,1,0,1,1,0,0,0,0,0.53,0,0.53,0.53,0.53,Matches
2478,David Soria,es ESP,GK,Getafe,es La Liga,32,1993,38,38,"3,420",38,0,0,0,0,0,0,2,0,0,0,0,0,0,Matches
2479,Borna Sosa,hr CRO,"DF,MF",Crystal Palace,eng Premier League,27,1998,7,0,101,1.1,0,0,0,0,0,0,1,0,0,0,0,0,0,Matches
2480,Hugo Sotelo,es ESP,MF,Celta Vigo,es La Liga,21,2003,20,16,"1,338",14.9,0,2,2,0,0,0,3,0,0,0.13,0.13,0,0.13,Matches
2481,Florian Sotoca,fr FRA,"MF,FW",Lens,fr Ligue 1,34,1990,26,4,507,5.6,1,0,1,1,0,0,1,0,0.18,0,0.18,0.18,0.18,Matches
2482,Riccardo Sottil,it ITA,"FW,MF",Lecce,it Serie A,26,1999,21,13,"1,066",11.8,1,2,3,1,0,0,1,0,0.08,0.17,0.25,0.08,0.25,Matches
2483,Tomáš Souček,cz CZE,MF,West Ham,eng Premier League,30,1995,35,24,"2,200",24.4,5,0,5,5,0,0,3,1,0.2,0,0.2,0.2,0.2,Matches
2484,Matìas Soulé,ar ARG,"MF,FW",Roma,it Serie A,22,2003,33,28,"2,139",23.8,6,5,11,6,0,0,1,0,0.25,0.21,0.46,0.25,0.46,Matches
2485,Aboubaka Soumahoro,fr FRA,"MF,DF",Hamburger SV,de Bundesliga,20,2005,4,2,136,1.5,0,0,0,0,0,0,1,0,0,0,0,0,0,Matches
2486,Sambou Soumano,sn SEN,FW,Lorient,fr Ligue 1,24,2001,31,8,941,10.5,4,2,6,4,0,1,2,0,0.38,0.19,0.57,0.38,0.57,Matches
2487,Issa Soumaré,sn SEN,"FW,MF",Le Havre,fr Ligue 1,24,2000,34,33,"2,948",32.8,8,5,13,7,1,3,3,0,0.24,0.15,0.4,0.21,0.37,Matches
2488,Souza,br BRA,MF,Tottenham,eng Premier League,19,2006,4,2,144,1.6,0,0,0,0,0,0,1,0,0,0,0,0,0,Matches
2489,Vinicius Souza,br BRA,MF,Wolfsburg,de Bundesliga,26,1999,24,22,"1,764",19.6,0,0,0,0,0,0,5,0,0,0,0,0,0,Matches
2490,Djibril Sow,ch SUI,MF,Sevilla,es La Liga,28,1997,33,27,"2,187",24.3,5,4,9,5,0,0,6,0,0.21,0.16,0.37,0.21,0.37,Matches
2491,Djed Spence,eng ENG,"DF,MF",Tottenham,eng Premier League,24,2000,30,23,"2,056",22.8,0,0,0,0,0,0,4,0,0,0,0,0,0,Matches
2492,Leonardo Spinazzola,it ITA,"MF,DF",Napoli,it Serie A,32,1993,32,22,"1,901",21.1,3,3,6,3,0,0,2,0,0.14,0.14,0.28,0.14,0.28,Matches
2493,Marco Sportiello,it ITA,GK,Atalanta,it Serie A,33,1992,1,1,90,1,0,0,0,0,0,0,0,0,0,0,0,0,0,Matches
2494,Anton Stach,de GER,MF,Leeds United,eng Premier League,26,1998,29,28,"2,370",26.3,5,3,8,5,0,0,3,0,0.19,0.11,0.3,0.19,0.3,Matches
2495,Jens Stage,dk DEN,MF,Werder Bremen,de Bundesliga,28,1996,29,29,"2,460",27.3,10,2,12,10,0,0,5,0,0.37,0.07,0.44,0.37,0.44,Matches
2496,Benjamin Stambouli,fr FRA,MF,Metz,fr Ligue 1,34,1990,19,10,960,10.7,0,0,0,0,0,0,0,0,0,0,0,0,0,Matches
2497,Nicolae Stanciu,ro ROU,MF,Genoa,it Serie A,32,1993,4,2,180,2,0,0,0,0,0,1,0,0,0,0,0,0,0,Matches
2498,Otto Stange,de GER,FW,Hamburger SV,de Bundesliga,18,2007,10,2,293,3.3,0,0,0,0,0,0,0,0,0,0,0,0,0,Matches
2499,Josip Stanišić,hr CRO,DF,Bayern Munich,de Bundesliga,25,2000,26,19,"1,857",20.6,2,3,5,2,0,0,1,0,0.1,0.15,0.24,0.1,0.24,Matches
2500,Carl Starfelt,se SWE,DF,Celta Vigo,es La Liga,30,1995,19,17,"1,491",16.6,0,0,0,0,0,0,3,1,0,0,0,0,0,Matches
Rk,Player,Nation,Pos,Squad,Comp,Age,Born,MP,Starts,Min,90s,Gls,Ast,G+A,G-PK,PK,PKatt,CrdY,CrdR,Gls,Ast,G+A,G-PK,G+A-PK,Matches
2501,Niklas Stark,de GER,DF,Werder Bremen,de Bundesliga,30,1995,14,9,697,7.7,0,0,0,0,0,0,8,2,0,0,0,0,0,Matches
2502,Orri Steinn Óskarsson,is ISL,FW,Real Sociedad,es La Liga,20,2004,20,8,835,9.3,9,0,9,9,0,0,5,0,0.97,0,0.97,0.97,0.97,Matches
2503,Calvin Stengs,nl NED,"FW,MF",Pisa,it Serie A,26,1998,4,0,46,0.5,0,0,0,0,0,0,0,0,0,0,0,0,0,Matches
2504,Pascal Stenzel,de GER,MF,Stuttgart,de Bundesliga,29,1996,2,2,106,1.2,0,0,0,0,0,0,2,0,0,0,0,0,0,Matches
2505,Leonidas Stergiou,ch SUI,DF,Heidenheim,de Bundesliga,23,2002,5,1,206,2.3,0,0,0,0,0,0,0,0,0,0,0,0,0,Matches
2506,Leonidas Stergiou,ch SUI,DF,Stuttgart,de Bundesliga,23,2002,1,0,1,0,0,0,0,0,0,0,0,0,0,0,0,0,0,Matches
2507,Finley Stevens,wls WAL,DF,St Pauli,de Bundesliga,22,2003,1,0,27,0.3,0,0,0,0,0,0,0,0,0,0,0,0,0,Matches
2508,Angelo Stiller,de GER,MF,Stuttgart,de Bundesliga,24,2001,34,30,"2,743",30.5,2,5,7,2,0,1,1,0,0.07,0.16,0.23,0.07,0.23,Matches
2509,Kevin Stöger,at AUT,MF,Gladbach,de Bundesliga,31,1993,29,15,"1,324",14.7,1,1,2,1,0,1,3,0,0.07,0.07,0.14,0.07,0.14,Matches
2510,Filip Stojilković,ch SUI,"FW,MF",Pisa,it Serie A,25,2000,13,8,658,7.3,0,0,0,0,0,0,0,0,0,0,0,0,0,Matches
2511,John Stones,eng ENG,DF,Manchester City,eng Premier League,31,1994,9,5,439,4.9,0,0,0,0,0,0,0,0,0,0,0,0,0,Matches
2512,Jørgen Strand Larsen,no NOR,FW,Crystal Palace,eng Premier League,25,2000,14,12,903,10,3,0,3,3,0,0,2,0,0.3,0,0.3,0.3,0.3,Matches
2513,Jørgen Strand Larsen,no NOR,FW,Wolves,eng Premier League,25,2000,22,14,"1,404",15.6,1,1,2,0,1,2,2,0,0.06,0.06,0.13,0,0.06,Matches
2514,Gabriel Strefezza,br BRA,FW,Parma,it Serie A,28,1997,14,13,"1,007",11.2,2,2,4,2,0,0,3,0,0.18,0.18,0.36,0.18,0.36,Matches
2515,Pascal Struijk,nl NED,DF,Leeds United,eng Premier League,25,1999,34,33,"2,936",32.6,0,1,1,0,0,0,5,0,0,0.03,0.03,0,0.03,Matches
2516,Cristhian Stuani,uy URU,FW,Girona,es La Liga,38,1986,21,1,412,4.6,5,0,5,2,3,4,4,0,1.09,0,1.09,0.44,0.44,Matches
2517,Nikola Štulić,rs SRB,FW,Lecce,it Serie A,23,2001,34,20,"1,709",19,4,0,4,3,1,1,1,0,0.21,0,0.21,0.16,0.16,Matches
2518,Denis Suárez,es ESP,MF,Alavés,es La Liga,31,1994,30,15,"1,406",15.6,1,2,3,1,0,0,6,0,0.06,0.13,0.19,0.06,0.19,Matches
2519,Gabriel Suazo,cl CHI,"DF,MF",Sevilla,es La Liga,27,1997,29,25,"2,096",23.3,0,2,2,0,0,0,7,0,0,0.09,0.09,0,0.09,Matches
2520,Luka Sučić,hr CRO,"MF,FW",Real Sociedad,es La Liga,22,2002,22,10,"1,022",11.4,3,1,4,3,0,0,1,0,0.26,0.09,0.35,0.26,0.35,Matches
2521,Petar Sučić,hr CRO,MF,Inter,it Serie A,21,2003,34,21,"1,765",19.6,2,2,4,2,0,0,5,0,0.1,0.1,0.2,0.1,0.2,Matches
2522,Yukinari Sugawara,jp JPN,"DF,MF",Werder Bremen,de Bundesliga,25,2000,31,29,"2,428",27,0,6,6,0,0,0,2,1,0,0.22,0.22,0,0.22,Matches
2523,Pavel Šulc,cz CZE,"FW,MF",Lyon,fr Ligue 1,24,2000,27,17,"1,566",17.4,11,3,14,11,0,0,3,0,0.63,0.17,0.8,0.63,0.8,Matches
2524,Niklas Süle,de GER,DF,Dortmund,de Bundesliga,29,1995,11,7,486,5.4,0,1,1,0,0,0,3,0,0,0.19,0.19,0,0.19,Matches
2525,Ibrahim Sulemana,gh GHA,MF,Bologna,it Serie A,22,2003,3,0,45,0.5,0,0,0,0,0,0,1,0,0,0,0,0,0,Matches
Rk,Player,Nation,Pos,Squad,Comp,Age,Born,MP,Starts,Min,90s,Gls,Ast,G+A,G-PK,PK,PKatt,CrdY,CrdR,Gls,Ast,G+A,G-PK,G+A-PK,Matches
2526,Ibrahim Sulemana,gh GHA,MF,Cagliari,it Serie A,22,2003,16,7,860,9.6,1,0,1,1,0,0,2,0,0.1,0,0.1,0.1,0.1,Matches
2527,Kamaldeen Sulemana,gh GHA,MF,Atalanta,it Serie A,23,2002,25,9,"1,011",11.2,2,1,3,2,0,0,4,0,0.18,0.09,0.27,0.18,0.27,Matches
2528,Crysencio Summerville,nl NED,"MF,FW",West Ham,eng Premier League,23,2001,31,29,"2,470",27.4,5,2,7,5,0,0,6,0,0.18,0.07,0.26,0.18,0.26,Matches
2529,Tomáš Suslov,sk SVK,FW,Hellas Verona,it Serie A,23,2002,11,5,446,5,0,0,0,0,0,0,1,1,0,0,0,0,0,Matches
2530,Yuito Suzuki,jp JPN,MF,Freiburg,de Bundesliga,23,2001,25,18,"1,632",18.1,4,2,6,4,0,0,3,0,0.22,0.11,0.33,0.22,0.33,Matches
2531,Zion Suzuki,jp JPN,GK,Parma,it Serie A,22,2002,20,20,"1,800",20,0,0,0,0,0,0,1,0,0,0,0,0,0,Matches
2532,Mattias Svanberg,se SWE,MF,Wolfsburg,de Bundesliga,26,1999,24,8,861,9.6,3,1,4,3,0,0,6,1,0.31,0.1,0.42,0.31,0.42,Matches
2533,Daniel Svensson,se SWE,MF,Dortmund,de Bundesliga,23,2002,33,27,"2,454",27.3,2,2,4,2,0,0,0,0,0.07,0.07,0.15,0.07,0.15,Matches
2534,Mile Svilar,rs SRB,GK,Roma,it Serie A,25,1999,38,38,"3,420",38,0,0,0,0,0,0,0,0,0,0,0,0,0,Matches
2535,Williot Swedberg,se SWE,"FW,MF",Celta Vigo,es La Liga,21,2004,29,13,"1,270",14.1,5,5,10,5,0,0,2,0,0.35,0.35,0.71,0.35,0.71,Matches
2536,Lamine Sy,mr MTN,DF,Auxerre,fr Ligue 1,22,2002,24,17,"1,536",17.1,0,0,0,0,0,0,1,0,0,0,0,0,0,Matches
2537,Abakar Sylla,ci CIV,DF,Strasbourg,fr Ligue 1,22,2002,1,0,2,0,0,0,0,0,0,0,0,0,0,0,0,0,0,Matches
2538,Abakar Sylla,ci CIV,DF,Nantes,fr Ligue 1,22,2002,2,1,65,0.7,0,0,0,0,0,0,0,0,0,0,0,0,0,Matches
2539,Fodé Sylla,fr FRA,MF,Lens,fr Ligue 1,19,2006,4,1,99,1.1,0,0,0,0,0,0,0,0,0,0,0,0,0,Matches
2540,Wojciech Szczęsny,pl POL,GK,Barcelona,es La Liga,35,1990,8,8,720,8,0,0,0,0,0,0,0,0,0,0,0,0,0,Matches
2541,Dominik Szoboszlai,hu HUN,"MF,DF",Liverpool,eng Premier League,24,2000,36,36,"3,231",35.9,6,7,13,6,0,1,8,1,0.17,0.19,0.36,0.17,0.36,Matches
2542,Sebastian Szymański,pl POL,MF,Rennes,fr Ligue 1,26,1999,16,10,776,8.6,1,3,4,1,0,0,2,0,0.12,0.35,0.46,0.12,0.46,Matches
2543,Alexander Sørloth,no NOR,FW,Atlético Madrid,es La Liga,29,1995,35,20,"1,980",22,13,0,13,13,0,0,4,1,0.59,0,0.59,0.59,0.59,Matches
2544,Jocelin Ta Bi,ci CIV,MF,Sunderland,eng Premier League,20,2005,1,1,38,0.4,0,0,0,0,0,0,0,0,0,0,0,0,0,Matches
2545,Musa Al-Taamari,jo JOR,"MF,FW",Rennes,fr Ligue 1,28,1997,33,25,"2,212",24.6,6,6,12,6,0,0,4,0,0.24,0.24,0.49,0.24,0.49,Matches
2546,Haris Tabaković,ba BIH,FW,Gladbach,de Bundesliga,31,1994,32,28,"2,382",26.5,13,3,16,13,0,2,5,0,0.49,0.11,0.6,0.49,0.6,Matches
2547,Nicolás Tagliafico,ar ARG,DF,Lyon,fr Ligue 1,32,1992,20,14,"1,310",14.6,0,3,3,0,0,0,5,2,0,0.21,0.21,0,0.21,Matches
2548,Jonathan Tah,de GER,DF,Bayern Munich,de Bundesliga,29,1996,28,23,"2,018",22.4,2,1,3,2,0,0,7,0,0.09,0.04,0.13,0.09,0.13,Matches
2549,Kōta Takai,jp JPN,DF,Gladbach,de Bundesliga,20,2004,8,3,342,3.8,0,0,0,0,0,0,1,0,0,0,0,0,0,Matches
2550,Chemsdine Talbi,ma MAR,"MF,FW",Sunderland,eng Premier League,20,2005,28,16,"1,561",17.3,4,1,5,4,0,0,0,0,0.23,0.06,0.29,0.23,0.29,Matches
Rk,Player,Nation,Pos,Squad,Comp,Age,Born,MP,Starts,Min,90s,Gls,Ast,G+A,G-PK,PK,PKatt,CrdY,CrdR,Gls,Ast,G+A,G-PK,G+A-PK,Matches
2551,Montassar Talbi,tn TUN,DF,Lorient,fr Ligue 1,27,1998,29,29,"2,610",29,0,1,1,0,0,0,3,0,0,0.03,0.03,0,0.03,Matches
2552,Adrien Tameze,cm CMR,DF,Torino,it Serie A,31,1994,24,12,"1,120",12.4,0,0,0,0,0,0,3,0,0,0,0,0,0,Matches
2553,Ao Tanaka,jp JPN,MF,Leeds United,eng Premier League,26,1998,28,14,"1,315",14.6,2,0,2,2,0,0,1,0,0.14,0,0.14,0.14,0.14,Matches
2554,Sander Tangvik,no NOR,GK,Hamburger SV,de Bundesliga,22,2002,1,1,90,1,0,0,0,0,0,0,0,0,0,0,0,0,0,Matches
2555,Axel Tapé,fr FRA,"MF,DF",Leverkusen,de Bundesliga,17,2007,6,2,222,2.5,0,0,0,0,0,0,1,0,0,0,0,0,0,Matches
2556,Edmond Tapsoba,bf BFA,DF,Leverkusen,de Bundesliga,26,1999,29,29,"2,575",28.6,5,3,8,5,0,0,7,0,0.17,0.1,0.28,0.17,0.28,Matches
2557,James Tarkowski,eng ENG,DF,Everton,eng Premier League,32,1992,37,37,"3,330",37,2,3,5,2,0,0,8,0,0.05,0.08,0.14,0.05,0.14,Matches
2558,Rouven Tarnutzer,ch SUI,FW,Freiburg,de Bundesliga,18,2007,1,0,7,0.1,0,0,0,0,0,0,0,0,0,0,0,0,0,Matches
2559,César Tárrega,es ESP,DF,Valencia,es La Liga,23,2002,32,29,"2,598",28.9,0,0,0,0,0,0,7,0,0,0,0,0,0,Matches
2560,Tylel Tati,fr FRA,DF,Nantes,fr Ligue 1,17,2008,20,20,"1,721",19.1,0,0,0,0,0,0,5,1,0,0,0,0,0,Matches
2561,Nuno Tavares,pt POR,DF,Lazio,it Serie A,25,2000,23,17,"1,473",16.4,0,0,0,0,0,0,5,0,0,0,0,0,0,Matches
2562,Marcus Tavernier,eng ENG,MF,Bournemouth,eng Premier League,26,1999,34,31,"2,731",30.3,7,4,11,5,2,2,6,0,0.23,0.13,0.36,0.16,0.3,Matches
2563,Kenneth Taylor,nl NED,MF,Lazio,it Serie A,23,2002,17,17,"1,394",15.5,3,2,5,3,0,0,5,0,0.19,0.13,0.32,0.19,0.32,Matches
2564,Loum Tchaouna,fr FRA,"MF,FW",Burnley,eng Premier League,21,2003,29,14,"1,272",14.1,2,1,3,2,0,0,2,0,0.14,0.07,0.21,0.14,0.21,Matches
2565,Jackson Tchatchoua,cm CMR,"MF,DF",Wolves,eng Premier League,23,2001,31,19,"1,845",20.5,0,1,1,0,0,0,3,0,0,0.05,0.05,0,0.05,Matches
2566,Aurélien Tchouaméni,fr FRA,MF,Real Madrid,es La Liga,25,2000,33,31,"2,615",29.1,1,0,1,1,0,0,8,0,0.03,0,0.03,0.03,0.03,Matches
2567,Mathys Tel,fr FRA,"MF,FW",Tottenham,eng Premier League,20,2005,31,13,"1,349",15,4,1,5,4,0,0,1,0,0.27,0.07,0.33,0.27,0.33,Matches
2568,Nathan Tella,ng NGA,MF,Leverkusen,de Bundesliga,26,1999,17,10,868,9.6,1,4,5,1,0,0,2,0,0.1,0.41,0.52,0.1,0.52,Matches
2569,Nahuel Tenaglia,ar ARG,DF,Alavés,es La Liga,29,1996,36,36,"3,239",36,2,0,2,2,0,0,3,0,0.06,0,0.06,0.06,0.06,Matches
2570,Arnau Tenas,es ESP,GK,Villarreal,es La Liga,24,2001,10,10,900,10,0,0,0,0,0,0,0,0,0,0,0,0,0,Matches
2571,Marc-André ter Stegen,de GER,GK,Girona,es La Liga,33,1992,2,2,180,2,0,0,0,0,0,0,0,0,0,0,0,0,0,Matches
2572,Filippo Terracciano,it ITA,DF,Cremonese,it Serie A,22,2003,36,33,"3,011",33.5,2,0,2,2,0,0,6,0,0.06,0,0.06,0.06,0.06,Matches
2573,Pietro Terracciano,it ITA,GK,Milan,it Serie A,35,1990,2,1,125,1.4,0,0,0,0,0,0,0,0,0,0,0,0,0,Matches
2574,Ramón Terrats,es ESP,MF,Espanyol,es La Liga,24,2000,29,12,"1,030",11.4,1,2,3,1,0,0,0,0,0.09,0.17,0.26,0.09,0.26,Matches
2575,Martin Terrier,fr FRA,"MF,FW",Leverkusen,de Bundesliga,28,1997,18,7,675,7.5,4,1,5,4,0,0,1,0,0.53,0.13,0.67,0.53,0.67,Matches
Rk,Player,Nation,Pos,Squad,Comp,Age,Born,MP,Starts,Min,90s,Gls,Ast,G+A,G-PK,PK,PKatt,CrdY,CrdR,Gls,Ast,G+A,G-PK,G+A-PK,Matches
2576,Tanner Tessmann,us USA,MF,Lyon,fr Ligue 1,23,2001,29,22,"1,953",21.7,1,0,1,1,0,0,2,0,0.05,0,0.05,0.05,0.05,Matches
2577,Kenny Tete,nl NED,DF,Fulham,eng Premier League,29,1995,22,21,"1,791",19.9,1,0,1,1,0,0,2,0,0.05,0,0.05,0.05,0.05,Matches
2578,Jordan Teze,nl NED,"MF,DF",Monaco,fr Ligue 1,25,1999,33,28,"2,489",27.7,1,2,3,1,0,0,8,0,0.04,0.07,0.11,0.04,0.11,Matches
2579,Florian Thauvin,fr FRA,MF,Lens,fr Ligue 1,32,1993,33,29,"2,443",27.1,11,6,17,9,2,3,6,0,0.41,0.22,0.63,0.33,0.55,Matches
2580,Arthur Theate,be BEL,DF,Frankfurt,de Bundesliga,25,2000,24,24,"2,141",23.8,1,0,1,1,0,0,8,0,0.04,0,0.04,0.04,0.04,Matches
2581,Igor Thiago,br BRA,FW,Brentford,eng Premier League,24,2001,38,37,"3,282",36.5,22,1,23,14,8,9,7,0,0.6,0.03,0.63,0.38,0.41,Matches
2582,Malick Thiaw,de GER,DF,Newcastle,eng Premier League,23,2001,35,33,"2,965",32.9,4,0,4,4,0,0,4,0,0.12,0,0.12,0.12,0.12,Matches
2583,Jan Thielmann,de GER,"MF,FW",Köln,de Bundesliga,23,2002,26,20,"1,540",17.1,3,1,4,3,0,0,4,0,0.18,0.06,0.23,0.18,0.23,Matches
2584,Adrien Thomasson,fr FRA,MF,Lens,fr Ligue 1,31,1993,32,31,"2,683",29.8,3,9,12,3,0,0,11,0,0.1,0.3,0.4,0.1,0.4,Matches
2585,Morten Thorsby,no NOR,MF,Genoa,it Serie A,29,1996,13,8,731,8.1,2,1,3,2,0,0,2,0,0.25,0.12,0.37,0.25,0.37,Matches
2586,Morten Thorsby,no NOR,MF,Cremonese,it Serie A,29,1996,11,8,643,7.1,1,0,1,1,0,0,2,0,0.14,0,0.14,0.14,0.14,Matches
2587,Kristian Thorstvedt,no NOR,MF,Sassuolo,it Serie A,26,1999,32,27,"2,460",27.3,4,4,8,4,0,0,9,0,0.15,0.15,0.29,0.15,0.29,Matches
2588,Khéphren Thuram,fr FRA,MF,Juventus,it Serie A,24,2001,35,30,"2,442",27.1,3,3,6,3,0,0,2,0,0.11,0.11,0.22,0.11,0.22,Matches
2589,Marcus Thuram,fr FRA,FW,Inter,it Serie A,27,1997,29,24,"1,900",21.1,13,6,19,13,0,0,2,0,0.62,0.28,0.9,0.62,0.9,Matches
2590,Cheikh Tidiane Sabaly,sn SEN,"MF,FW",Metz,fr Ligue 1,26,1999,14,12,967,10.7,0,2,2,0,0,0,2,0,0,0.19,0.19,0,0.19,Matches
2591,Youri Tielemans,be BEL,MF,Aston Villa,eng Premier League,28,1997,25,21,"1,862",20.7,0,4,4,0,0,0,0,0,0,0.19,0.19,0,0.19,Matches
2592,Phillip Tietz,de GER,FW,Augsburg,de Bundesliga,28,1997,10,0,198,2.2,1,0,1,1,0,0,2,0,0.45,0,0.45,0.45,0.45,Matches
2593,Phillip Tietz,de GER,FW,Mainz 05,de Bundesliga,28,1997,19,19,"1,610",17.9,5,2,7,5,0,1,2,0,0.28,0.11,0.39,0.28,0.39,Matches
2594,Malik Tillman,us USA,MF,Leverkusen,de Bundesliga,23,2002,29,18,"1,674",18.6,6,1,7,6,0,0,2,0,0.32,0.05,0.38,0.32,0.38,Matches
2595,Jurriën Timber,nl NED,DF,Arsenal,eng Premier League,24,2001,30,28,"2,454",27.3,3,5,8,3,0,0,5,0,0.11,0.18,0.29,0.11,0.29,Matches
2596,Quinten Timber,nl NED,MF,Marseille,fr Ligue 1,24,2001,15,14,"1,105",12.3,0,0,0,0,0,0,4,0,0,0,0,0,0,Matches
2597,Jean-Clair Todibo,fr FRA,DF,West Ham,eng Premier League,25,1999,23,22,"1,814",20.2,0,1,1,0,0,0,5,1,0,0.05,0.05,0,0.05,Matches
2598,Umut Tohumcu,de GER,MF,Hoffenheim,de Bundesliga,20,2004,5,1,136,1.5,0,0,0,0,0,0,2,0,0,0,0,0,0,Matches
2599,Corentin Tolisso,fr FRA,MF,Lyon,fr Ligue 1,30,1994,30,26,"2,302",25.6,11,4,15,9,2,3,4,0,0.43,0.16,0.59,0.35,0.51,Matches
2600,Jeremy Toljan,de GER,DF,Levante,es La Liga,30,1994,37,37,"3,164",35.2,1,4,5,1,0,0,8,0,0.03,0.11,0.14,0.03,0.14,Matches
Rk,Player,Nation,Pos,Squad,Comp,Age,Born,MP,Starts,Min,90s,Gls,Ast,G+A,G-PK,PK,PKatt,CrdY,CrdR,Gls,Ast,G+A,G-PK,G+A-PK,Matches
2601,Tiago Tomás,pt POR,"MF,FW",Stuttgart,de Bundesliga,23,2002,27,10,"1,020",11.3,5,3,8,5,0,0,4,0,0.44,0.26,0.71,0.44,0.71,Matches
2602,Fikayo Tomori,eng ENG,DF,Milan,it Serie A,27,1997,33,31,"2,554",28.4,0,2,2,0,0,0,8,1,0,0.07,0.07,0,0.07,Matches
2603,Sandro Tonali,it ITA,MF,Newcastle,eng Premier League,25,2000,35,31,"2,534",28.2,0,2,2,0,0,0,4,0,0,0.07,0.07,0,0.07,Matches
2604,Luka Topalović,si SVN,MF,Inter,it Serie A,19,2006,1,0,10,0.1,0,1,1,0,0,0,0,0,0,9,9,0,9,Matches
2605,Keke Topp,de GER,FW,Werder Bremen,de Bundesliga,21,2004,20,7,638,7.1,1,1,2,1,0,0,4,0,0.14,0.14,0.28,0.14,0.28,Matches
2606,Pablo Torre,es ESP,"MF,FW",Mallorca,es La Liga,22,2003,35,19,"1,599",17.8,4,4,8,4,0,0,4,0,0.23,0.23,0.45,0.23,0.45,Matches
2607,Jofre Torrents,es ESP,DF,Barcelona,es La Liga,18,2007,3,0,50,0.6,0,0,0,0,0,0,0,0,0,0,0,0,0,Matches
2608,Ferran Torres,es ESP,FW,Barcelona,es La Liga,25,2000,33,23,"1,965",21.8,16,2,18,16,0,0,2,0,0.73,0.09,0.82,0.73,0.82,Matches
2609,Pau Torres,es ESP,DF,Aston Villa,eng Premier League,28,1997,21,18,"1,676",18.6,0,0,0,0,0,0,1,0,0,0,0,0,0,Matches
2610,Lucas Torró,es ESP,MF,Osasuna,es La Liga,31,1994,34,31,"2,293",25.5,0,1,1,0,0,0,6,0,0,0.04,0.04,0,0.04,Matches
2611,Jordan Torunarigha,de GER,DF,Hamburger SV,de Bundesliga,27,1997,24,21,"1,962",21.8,0,0,0,0,0,0,3,0,0,0,0,0,0,Matches
2612,Alex Tóth,hu HUN,MF,Bournemouth,eng Premier League,19,2005,9,2,140,1.6,0,0,0,0,0,0,1,0,0,0,0,0,0,Matches
2613,Abdoulaye Touré,gn GUI,MF,Le Havre,fr Ligue 1,31,1994,11,8,740,8.2,2,0,2,2,0,1,2,0,0.24,0,0.24,0.24,0.24,Matches
2614,Alpha Touré,sn SEN,MF,Metz,fr Ligue 1,19,2006,30,16,"1,606",17.8,0,1,1,0,0,0,5,0,0,0.06,0.06,0,0.06,Matches
2615,Bazoumana Touré,ci CIV,"MF,FW",Hoffenheim,de Bundesliga,19,2006,30,29,"2,308",25.6,5,9,14,5,0,0,2,0,0.19,0.35,0.55,0.19,0.55,Matches
2616,Idrissa Touré,de GER,MF,Pisa,it Serie A,27,1998,32,26,"2,279",25.3,1,0,1,1,0,0,4,1,0.04,0,0.04,0.04,0.04,Matches
2617,Ilane Touré,fr FRA,MF,Monaco,fr Ligue 1,18,2006,2,0,35,0.4,0,0,0,0,0,0,0,0,0,0,0,0,0,Matches
2618,Ousmane Toure,fr FRA,DF,Lille,fr Ligue 1,20,2005,1,1,51,0.6,0,0,0,0,0,0,0,0,0,0,0,0,0,Matches
2619,Souleymane Touré,fr FRA,DF,Lorient,fr Ligue 1,22,2003,1,0,29,0.3,0,0,0,0,0,0,0,0,0,0,0,0,0,Matches
2620,Lucas Tousart,fr FRA,"MF,DF",Brest,fr Ligue 1,28,1997,24,9,834,9.3,1,0,1,1,0,0,0,0,0.11,0,0.11,0.11,0.11,Matches
2621,James Trafford,eng ENG,GK,Manchester City,eng Premier League,22,2002,4,4,360,4,0,0,0,0,0,0,0,0,0,0,0,0,0,Matches
2622,Mattéo Tramoni,fr FRA,"MF,FW",Pisa,it Serie A,25,2000,27,21,"1,600",17.8,2,2,4,1,1,1,3,0,0.11,0.11,0.23,0.06,0.17,Matches
2623,Adama Traoré,es ESP,"FW,MF",West Ham,eng Premier League,29,1996,9,0,121,1.3,0,0,0,0,0,0,1,0,0,0,0,0,0,Matches
2624,Adama Traoré,es ESP,MF,Fulham,eng Premier League,29,1996,15,1,274,3,0,0,0,0,0,0,0,0,0,0,0,0,0,Matches
2625,Bertrand Traoré,bf BFA,"MF,FW",Sunderland,eng Premier League,29,1995,12,9,632,7,1,0,1,1,0,0,1,0,0.14,0,0.14,0.14,0.14,Matches
Rk,Player,Nation,Pos,Squad,Comp,Age,Born,MP,Starts,Min,90s,Gls,Ast,G+A,G-PK,PK,PKatt,CrdY,CrdR,Gls,Ast,G+A,G-PK,G+A-PK,Matches
2626,Boubacar Traoré,ml MLI,MF,Metz,fr Ligue 1,23,2001,20,16,"1,387",15.4,1,0,1,1,0,0,4,0,0.06,0,0.06,0.06,0.06,Matches
2627,Hamari Traoré,ml MLI,DF,Paris FC,fr Ligue 1,33,1992,18,14,"1,150",12.8,0,1,1,0,0,0,4,0,0,0.08,0.08,0,0.08,Matches
2628,Omar Traoré,de GER,"DF,MF",Heidenheim,de Bundesliga,27,1998,26,16,"1,501",16.7,0,2,2,0,0,0,2,0,0,0.12,0.12,0,0.12,Matches
2629,Kevin Trapp,de GER,GK,Paris FC,fr Ligue 1,35,1990,22,22,"1,980",22,0,0,0,0,0,0,2,0,0,0,0,0,0,Matches
2630,Óscar Trejo,ar ARG,MF,Rayo Vallecano,es La Liga,37,1988,7,1,144,1.6,0,1,1,0,0,0,2,0,0,0.62,0.62,0,0.62,Matches
2631,Yael Trepy,,FW,Cagliari,it Serie A,,,8,0,91,1,1,0,1,1,0,0,0,0,0.99,0,0.99,0.99,0.99,Matches
2632,Mike Trésor,be BEL,"FW,MF",Burnley,eng Premier League,26,1999,6,0,43,0.5,0,0,0,0,0,0,0,0,0,0,0,0,0,Matches
2633,Philipp Treu,de GER,"DF,MF",Freiburg,de Bundesliga,24,2000,28,24,"2,186",24.3,1,2,3,1,0,0,2,0,0.04,0.08,0.12,0.04,0.12,Matches
2634,Christopher Trimmel,at AUT,"MF,DF",Union Berlin,de Bundesliga,38,1987,29,22,"1,861",20.7,0,3,3,0,0,0,8,0,0,0.15,0.15,0,0.15,Matches
2635,Kieran Trippier,eng ENG,DF,Newcastle,eng Premier League,34,1990,21,18,"1,586",17.6,0,1,1,0,0,0,3,0,0,0.06,0.06,0,0.06,Matches
2636,Mariano Troilo,ar ARG,DF,Parma,it Serie A,22,2003,21,18,"1,625",18.1,1,0,1,1,0,0,8,2,0.06,0,0.06,0.06,0.06,Matches
2637,Leandro Trossard,be BEL,"FW,MF",Arsenal,eng Premier League,30,1994,31,21,"2,000",22.2,6,6,12,6,0,0,2,0,0.27,0.27,0.54,0.27,0.54,Matches
2638,Adrien Truffert,fr FRA,DF,Bournemouth,eng Premier League,23,2001,38,38,"3,379",37.5,1,5,6,1,0,0,5,0,0.03,0.13,0.16,0.03,0.16,Matches
2639,Kostas Tsimikas,gr GRE,MF,Roma,it Serie A,29,1996,18,6,644,7.2,0,0,0,0,0,0,1,0,0,0,0,0,0,Matches
2640,Heorhii Tsitaishvili,ge GEO,"MF,DF",Metz,fr Ligue 1,24,2000,33,28,"2,449",27.2,3,2,5,3,0,0,3,0,0.11,0.07,0.18,0.11,0.18,Matches
2641,Viktor Tsyhankov,ua UKR,"MF,FW",Girona,es La Liga,27,1997,32,31,"2,630",29.2,6,5,11,6,0,0,3,0,0.21,0.17,0.38,0.21,0.38,Matches
2642,Axel Tuanzebe,cd COD,DF,Burnley,eng Premier League,27,1997,14,14,"1,201",13.3,1,0,1,1,0,0,1,0,0.07,0,0.07,0.07,0.07,Matches
2643,Kareem Tunde,es ESP,MF,Levante,es La Liga,19,2005,21,17,"1,133",12.6,0,1,1,0,0,0,3,0,0,0.08,0.08,0,0.08,Matches
2644,Stefano Turati,it ITA,GK,Sassuolo,it Serie A,23,2001,6,6,532,5.9,0,0,0,0,0,0,0,0,0,0,0,0,0,Matches
2645,Beñat Turrientes,es ESP,MF,Real Sociedad,es La Liga,23,2002,27,16,"1,348",15,0,3,3,0,0,0,7,0,0,0.2,0.2,0,0.2,Matches
2646,Stefanos Tzimas,gr GRE,FW,Brighton,eng Premier League,19,2006,9,1,139,1.5,1,1,2,1,0,0,0,0,0.65,0.65,1.29,0.65,1.29,Matches
2647,Christantus Uche,ng NGA,FW,Crystal Palace,eng Premier League,22,2003,14,0,173,1.9,0,0,0,0,0,0,0,0,0,0,0,0,0,Matches
2648,Christantus Uche,ng NGA,FW,Getafe,es La Liga,22,2003,3,3,270,3,1,1,2,1,0,0,1,0,0.33,0.33,0.67,0.33,0.67,Matches
2649,Destiny Udogie,it ITA,"DF,MF",Tottenham,eng Premier League,22,2002,20,14,"1,338",14.9,0,1,1,0,0,0,4,0,0,0.07,0.07,0,0.07,Matches
2650,Matthieu Udol,fr FRA,"MF,DF",Lens,fr Ligue 1,29,1996,34,33,"3,002",33.4,1,7,8,1,0,0,2,0,0.03,0.21,0.24,0.03,0.24,Matches
Rk,Player,Nation,Pos,Squad,Comp,Age,Born,MP,Starts,Min,90s,Gls,Ast,G+A,G-PK,PK,PKatt,CrdY,CrdR,Gls,Ast,G+A,G-PK,G+A-PK,Matches
2651,Manuel Ugarte,uy URU,MF,Manchester Utd,eng Premier League,24,2001,22,8,887,9.9,0,0,0,0,0,0,1,0,0,0,0,0,0,Matches
2652,Lesley Ugochukwu,fr FRA,MF,Burnley,eng Premier League,21,2004,35,27,"2,336",26,3,1,4,3,0,0,3,1,0.12,0.04,0.15,0.12,0.15,Matches
2653,Filip Ugrinic,ch SUI,MF,Valencia,es La Liga,26,1999,27,17,"1,504",16.7,0,3,3,0,0,0,3,0,0,0.18,0.18,0,0.18,Matches
2654,Lukas Ullrich,de GER,"DF,MF",Gladbach,de Bundesliga,21,2004,23,14,"1,305",14.5,0,0,0,0,0,0,2,0,0,0,0,0,0,Matches
2655,Sven Ulreich,de GER,GK,Bayern Munich,de Bundesliga,36,1988,1,1,90,1,0,0,0,0,0,0,1,0,0,0,0,0,0,Matches
2656,Enes Ünal,tr TUR,FW,Bournemouth,eng Premier League,28,1997,23,0,232,2.6,1,0,1,1,0,0,1,0,0.39,0,0.39,0.39,0.39,Matches
2657,Deniz Undav,de GER,"FW,MF",Stuttgart,de Bundesliga,29,1996,29,25,"2,241",24.9,19,7,26,19,0,1,5,0,0.76,0.28,1.04,0.76,1.04,Matches
2658,Dayot Upamecano,fr FRA,DF,Bayern Munich,de Bundesliga,26,1998,24,21,"1,794",19.9,1,1,2,1,0,0,4,0,0.05,0.05,0.1,0.05,0.1,Matches
2659,Jan Urbich,de GER,DF,Gladbach,de Bundesliga,21,2004,3,0,39,0.4,0,0,0,0,0,0,0,0,0,0,0,0,0,Matches
2660,Jonas Urbig,de GER,GK,Bayern Munich,de Bundesliga,21,2003,14,11,"1,111",12.3,0,0,0,0,0,0,0,0,0,0,0,0,0,Matches
2661,Can Uzun,tr TUR,MF,Frankfurt,de Bundesliga,19,2005,21,15,"1,156",12.8,8,4,12,7,1,1,3,0,0.62,0.31,0.93,0.54,0.86,Matches
2662,Josha Vagnoman,de GER,"DF,MF",Stuttgart,de Bundesliga,24,2000,27,18,"1,587",17.6,1,3,4,1,0,0,3,0,0.06,0.17,0.23,0.06,0.23,Matches
2663,Victor Valdepeñas,es ESP,DF,Real Madrid,es La Liga,18,2006,1,1,77,0.9,0,0,0,0,0,0,0,0,0,0,0,0,0,Matches
2664,Hákon Valdimarsson,is ISL,GK,Brentford,eng Premier League,23,2001,1,1,90,1,0,0,0,0,0,0,0,0,0,0,0,0,0,Matches
2665,Lautaro Valenti,ar ARG,DF,Parma,it Serie A,26,1999,27,25,"2,252",25,0,0,0,0,0,0,7,0,0,0,0,0,0,Matches
2666,Óscar Valentín,es ESP,MF,Rayo Vallecano,es La Liga,30,1994,33,26,"2,108",23.4,1,0,1,1,0,0,3,1,0.04,0,0.04,0.04,0.04,Matches
2667,Nicolás Valentini,ar ARG,DF,Hellas Verona,it Serie A,24,2001,21,15,"1,409",15.7,0,0,0,0,0,0,8,1,0,0,0,0,0,Matches
2668,Germán Valera,es ESP,"MF,DF",Elche,es La Liga,23,2002,36,33,"2,857",31.7,4,5,9,4,0,0,5,1,0.13,0.16,0.28,0.13,0.28,Matches
2669,Emanuele Valeri,it ITA,"MF,DF",Parma,it Serie A,26,1998,34,29,"2,643",29.4,0,2,2,0,0,0,2,0,0,0.07,0.07,0,0.07,Matches
2670,Martin Valjent,sk SVK,DF,Mallorca,es La Liga,29,1995,37,37,"3,308",36.8,0,0,0,0,0,0,6,0,0,0,0,0,0,Matches
2671,Álex Valle,es ESP,DF,Como,it Serie A,21,2004,28,23,"2,026",22.5,1,4,5,1,0,0,3,0,0.04,0.18,0.22,0.04,0.22,Matches
2672,Álvaro Vallés,es ESP,GK,Real Betis,es La Liga,28,1997,28,28,"2,520",28,0,0,0,0,0,0,1,0,0,0,0,0,0,Matches
2673,Federico Valverde,uy URU,"MF,DF",Real Madrid,es La Liga,27,1998,33,31,"2,740",30.4,5,8,13,5,0,0,3,1,0.16,0.26,0.43,0.16,0.43,Matches
2674,Ignace Van Der Brempt,be BEL,DF,Como,it Serie A,23,2002,20,11,931,10.3,0,1,1,0,0,0,2,0,0,0.1,0.1,0,0.1,Matches
2675,Virgil van Dijk,nl NED,DF,Liverpool,eng Premier League,34,1991,38,38,"3,420",38,6,0,6,6,0,0,4,0,0.16,0,0.16,0.16,0.16,Matches
Rk,Player,Nation,Pos,Squad,Comp,Age,Born,MP,Starts,Min,90s,Gls,Ast,G+A,G-PK,PK,PKatt,CrdY,CrdR,Gls,Ast,G+A,G-PK,G+A-PK,Matches
2676,Vladyslav Vanat,ua UKR,FW,Girona,es La Liga,23,2002,27,27,"1,942",21.6,9,1,10,6,3,3,4,0,0.42,0.05,0.46,0.28,0.32,Matches
2677,Jari Vandeputte,be BEL,MF,Cremonese,it Serie A,29,1996,32,23,"1,944",21.6,1,5,6,1,0,0,3,0,0.05,0.23,0.28,0.05,0.28,Matches
2678,Vanderson,br BRA,"DF,MF",Monaco,fr Ligue 1,24,2001,14,7,616,6.8,0,2,2,0,0,0,4,0,0,0.29,0.29,0,0.29,Matches
2679,Maarten Vandevoordt,be BEL,GK,RB Leipzig,de Bundesliga,23,2002,12,11,"1,052",11.7,0,0,0,0,0,0,0,0,0,0,0,0,0,Matches
2680,Charles Vanhoutte,be BEL,MF,Nice,fr Ligue 1,26,1998,26,21,"1,772",19.7,0,2,2,0,0,0,7,0,0,0.1,0.1,0,0.1,Matches
2681,Jamie Vardy,eng ENG,FW,Cremonese,it Serie A,38,1987,29,24,"2,105",23.4,7,2,9,7,0,0,5,0,0.3,0.09,0.38,0.3,0.38,Matches
2682,Obed Vargas,mx MEX,MF,Atlético Madrid,es La Liga,19,2005,12,8,740,8.2,0,1,1,0,0,0,2,0,0,0.12,0.12,0,0.12,Matches
2683,Ruben Vargas,ch SUI,"MF,FW",Sevilla,es La Liga,26,1998,24,20,"1,594",17.7,3,6,9,2,1,1,2,0,0.17,0.34,0.51,0.11,0.45,Matches
2684,Nikola Vasilj,ba BIH,GK,St Pauli,de Bundesliga,29,1995,34,34,"3,060",34,0,0,0,0,0,0,0,0,0,0,0,0,0,Matches
2685,Johan Vásquez,mx MEX,DF,Genoa,it Serie A,26,1998,36,36,"3,215",35.7,1,0,1,1,0,0,2,0,0.03,0,0.03,0.03,0.03,Matches
2686,Dominic Vavassori,it ITA,FW,Atalanta,it Serie A,19,2005,1,0,10,0.1,0,0,0,0,0,0,0,0,0,0,0,0,0,Matches
2687,Denis Vavro,sk SVK,DF,Wolfsburg,de Bundesliga,29,1996,17,13,"1,176",13.1,1,0,1,1,0,0,2,0,0.08,0,0.08,0.08,0.08,Matches
2688,José Luis García Vayá,es ESP,"MF,DF",Valencia,es La Liga,26,1998,31,26,"2,225",24.7,2,0,2,1,1,3,4,0,0.08,0,0.08,0.04,0.04,Matches
2689,Robinio Vaz,fr FRA,FW,Marseille,fr Ligue 1,18,2007,14,3,379,4.2,4,2,6,4,0,0,2,0,0.95,0.47,1.42,0.95,1.42,Matches
2690,Robinio Vaz,fr FRA,FW,Roma,it Serie A,18,2007,12,0,216,2.4,1,0,1,1,0,0,0,0,0.42,0,0.42,0.42,0.42,Matches
2691,Franco Vázquez,ar ARG,"FW,MF",Cremonese,it Serie A,36,1989,15,4,524,5.8,1,1,2,1,0,0,1,0,0.17,0.17,0.34,0.17,0.34,Matches
2692,Jesus Vazquez,es ESP,"DF,MF",Valencia,es La Liga,22,2003,24,7,974,10.8,0,0,0,0,0,0,2,0,0,0,0,0,0,Matches
2693,Lucas Vázquez,es ESP,MF,Leverkusen,de Bundesliga,34,1991,12,6,481,5.3,1,2,3,1,0,0,2,0,0.19,0.37,0.56,0.19,0.56,Matches
2694,Luis Vázquez,ar ARG,FW,Getafe,es La Liga,24,2001,17,14,"1,194",13.3,3,1,4,3,0,0,2,0,0.23,0.08,0.3,0.23,0.3,Matches
2695,Matías Vecino,uy URU,MF,Lazio,it Serie A,33,1991,13,5,603,6.7,0,1,1,0,0,0,1,0,0,0.15,0.15,0,0.15,Matches
2696,Matías Vecino,uy URU,MF,Celta Vigo,es La Liga,33,1991,6,2,135,1.5,0,0,0,0,0,0,0,0,0,0,0,0,0,Matches
2697,Danilo Veiga,pt POR,DF,Lecce,it Serie A,22,2002,36,33,"3,020",33.6,0,1,1,0,0,0,9,0,0,0.03,0.03,0,0.03,Matches
2698,Renato Veiga,pt POR,DF,Villarreal,es La Liga,22,2003,32,27,"2,481",27.6,0,0,0,0,0,0,5,1,0,0,0,0,0,Matches
2699,Joël Veltman,nl NED,DF,Brighton,eng Premier League,33,1992,24,9,"1,058",11.8,1,0,1,1,0,0,5,0,0.09,0,0.09,0.09,0.09,Matches
2700,Micky van de Ven,nl NED,DF,Tottenham,eng Premier League,24,2001,35,35,"3,041",33.8,4,1,5,4,0,0,9,1,0.12,0.03,0.15,0.12,0.15,Matches
Rk,Player,Nation,Pos,Squad,Comp,Age,Born,MP,Starts,Min,90s,Gls,Ast,G+A,G-PK,PK,PKatt,CrdY,CrdR,Gls,Ast,G+A,G-PK,G+A-PK,Matches
2701,Unai Vencedor Paris,es ESP,MF,Levante,es La Liga,24,2000,16,11,812,9,0,0,0,0,0,0,3,1,0,0,0,0,0,Matches
2702,Lorenzo Venturino,it ITA,FW,Genoa,it Serie A,19,2006,2,0,40,0.4,0,0,0,0,0,0,0,0,0,0,0,0,0,Matches
2703,Lorenzo Venturino,it ITA,MF,Roma,it Serie A,19,2006,10,1,207,2.3,0,0,0,0,0,0,0,0,0,0,0,0,0,Matches
2704,Nikolas Veratschnig,at AUT,"MF,DF",Mainz 05,de Bundesliga,22,2003,21,6,660,7.3,0,1,1,0,0,0,3,0,0,0.14,0.14,0,0.14,Matches
2705,Bart Verbruggen,nl NED,GK,Brighton,eng Premier League,22,2002,38,38,"3,420",38,0,0,0,0,0,0,3,0,0,0,0,0,0,Matches
2706,Calvin Verdonk,id IDN,DF,Lille,fr Ligue 1,28,1997,18,7,790,8.8,0,0,0,0,0,0,3,1,0,0,0,0,0,Matches
2707,Antonio Vergara,it ITA,MF,Napoli,it Serie A,22,2003,12,8,612,6.8,1,2,3,1,0,0,2,0,0.15,0.29,0.44,0.15,0.44,Matches
2708,Arthur Vermeeren,be BEL,MF,Marseille,fr Ligue 1,20,2005,20,10,828,9.2,0,1,1,0,0,0,1,1,0,0.11,0.11,0,0.11,Matches
2709,Ioan Vermeșan,ro ROU,FW,Hellas Verona,it Serie A,18,2006,6,0,80,0.9,0,0,0,0,0,0,0,0,0,0,0,0,0,Matches
2710,Jozhua Vertrouwd,nl NED,DF,Rayo Vallecano,es La Liga,20,2004,9,3,446,5,0,0,0,0,0,0,0,0,0,0,0,0,0,Matches
2711,Mikel Vesga,es ESP,MF,Athletic Club,es La Liga,32,1993,23,1,465,5.2,0,0,0,0,0,0,0,0,0,0,0,0,0,Matches
2712,Guglielmo Vicario,it ITA,GK,Tottenham,eng Premier League,28,1996,31,31,"2,790",31,0,0,0,0,0,0,1,0,0,0,0,0,0,Matches
2713,Carlos Vicente,es ESP,MF,Alavés,es La Liga,26,1999,21,11,"1,258",14,5,0,5,2,3,3,1,0,0.36,0,0.36,0.14,0.14,Matches
2714,Nacho Vidal,es ESP,DF,Oviedo,es La Liga,30,1995,29,27,"2,263",25.1,0,0,0,0,0,0,4,0,0,0,0,0,0,Matches
2715,Fabio Vieira,pt POR,"MF,FW",Hamburger SV,de Bundesliga,25,2000,29,25,"2,206",24.5,7,5,12,6,1,1,4,2,0.29,0.2,0.49,0.24,0.45,Matches
2716,Julián Vignolo,ar ARG,MF,Toulouse,fr Ligue 1,18,2006,13,1,195,2.2,2,0,2,2,0,0,0,0,0.92,0,0.92,0.92,0.92,Matches
2717,Gonzalo Villar,es ESP,MF,Elche,es La Liga,27,1998,12,8,718,8,1,0,1,1,0,0,3,0,0.13,0,0.13,0.13,0.13,Matches
2718,Federico Viñas,uy URU,"FW,MF",Oviedo,es La Liga,27,1998,33,28,"2,439",27.1,9,1,10,7,2,2,7,3,0.33,0.04,0.37,0.26,0.3,Matches
2719,Jan Virgili,es ESP,"MF,FW",Mallorca,es La Liga,19,2006,31,19,"1,792",19.9,2,4,6,2,0,0,0,1,0.1,0.2,0.3,0.1,0.3,Matches
2720,Mattia Viti,it ITA,"MF,DF",Fiorentina,it Serie A,23,2002,10,2,265,2.9,0,0,0,0,0,0,3,1,0,0,0,0,0,Matches
2721,Martin Vitík,cz CZE,DF,Bologna,it Serie A,22,2003,19,14,"1,325",14.7,0,0,0,0,0,0,3,0,0,0,0,0,0,Matches
2722,Vitinha,pt POR,MF,PSG,fr Ligue 1,25,2000,29,24,"2,119",23.5,1,7,8,1,0,0,2,0,0.04,0.3,0.34,0.04,0.34,Matches
2723,Vitinha,pt POR,"FW,MF",Genoa,it Serie A,25,2000,35,28,"2,226",24.7,5,1,6,5,0,0,5,0,0.2,0.04,0.24,0.2,0.24,Matches
2724,Daniel Vivian,es ESP,DF,Athletic Club,es La Liga,26,1999,31,28,"2,564",28.5,1,0,1,1,0,0,8,1,0.04,0,0.04,0.04,0.04,Matches
2725,Odysseas Vlachodimos,gr GRE,GK,Sevilla,es La Liga,31,1994,33,33,"2,970",33,0,0,0,0,0,0,1,0,0,0,0,0,0,Matches
Rk,Player,Nation,Pos,Squad,Comp,Age,Born,MP,Starts,Min,90s,Gls,Ast,G+A,G-PK,PK,PKatt,CrdY,CrdR,Gls,Ast,G+A,G-PK,G+A-PK,Matches
2726,Dušan Vlahović,rs SRB,FW,Juventus,it Serie A,25,2000,19,11,968,10.8,7,1,8,6,1,1,0,0,0.65,0.09,0.74,0.56,0.65,Matches
2727,Nikola Vlašić,hr CRO,"MF,FW",Torino,it Serie A,27,1997,37,36,"3,043",33.8,8,3,11,3,5,5,7,0,0.24,0.09,0.33,0.09,0.18,Matches
2728,Mërgim Vojvoda,xk KVX,"MF,DF",Como,it Serie A,30,1995,30,19,"1,591",17.7,2,2,4,2,0,0,2,0,0.11,0.11,0.23,0.11,0.23,Matches
2729,Cristian Volpato,au AUS,FW,Sassuolo,it Serie A,21,2003,24,11,"1,064",11.8,2,4,6,2,0,0,4,0,0.17,0.34,0.51,0.17,0.51,Matches
2730,Alexis Vossah,fr FRA,MF,Toulouse,fr Ligue 1,17,2008,23,12,"1,092",12.1,1,1,2,1,0,0,5,1,0.08,0.08,0.16,0.08,0.16,Matches
2731,Aster Vranckx,be BEL,MF,Sassuolo,it Serie A,22,2002,16,9,690,7.7,0,0,0,0,0,0,2,0,0,0,0,0,0,Matches
2732,Stefan de Vrij,nl NED,DF,Inter,it Serie A,33,1992,11,8,670,7.4,0,0,0,0,0,0,1,0,0,0,0,0,0,Matches
2733,İsak Vural,tr TUR,MF,Pisa,it Serie A,19,2006,15,9,752,8.4,0,0,0,0,0,0,4,0,0,0,0,0,0,Matches
2734,Luka Vušković,hr CRO,DF,Hamburger SV,de Bundesliga,18,2007,28,27,"2,442",27.1,6,0,6,5,1,1,6,0,0.22,0,0.22,0.18,0.18,Matches
2735,Yannik Wagner,de GER,FW,Heidenheim,de Bundesliga,18,2007,4,0,49,0.5,0,0,0,0,0,0,0,0,0,0,0,0,0,Matches
2736,Elye Wahi,ci CIV,FW,Nice,fr Ligue 1,22,2003,14,11,922,10.2,5,1,6,4,1,1,5,0,0.49,0.1,0.59,0.39,0.49,Matches
2737,Elye Wahi,ci CIV,FW,Frankfurt,de Bundesliga,22,2003,10,3,324,3.6,0,1,1,0,0,0,1,0,0,0.28,0.28,0,0.28,Matches
2738,Hauke Wahl,de GER,DF,St Pauli,de Bundesliga,31,1994,30,29,"2,592",28.8,2,1,3,2,0,0,1,0,0.07,0.03,0.1,0.07,0.1,Matches
2739,Luca Waldschmidt,de GER,"FW,MF",Köln,de Bundesliga,29,1996,24,7,677,7.5,5,4,9,3,2,2,1,0,0.66,0.53,1.2,0.4,0.93,Matches
2740,Kyle Walker,eng ENG,"DF,MF",Burnley,eng Premier League,35,1990,36,35,"3,096",34.4,0,2,2,0,0,0,9,0,0,0.06,0.06,0,0.06,Matches
2741,Kyle Walker-Peters,eng ENG,DF,West Ham,eng Premier League,28,1997,23,15,"1,383",15.4,1,0,1,1,0,0,2,0,0.07,0,0.07,0.07,0.07,Matches
2742,Sebastian Walukiewicz,pl POL,DF,Sassuolo,it Serie A,25,2000,34,33,"2,852",31.7,0,1,1,0,0,0,7,0,0,0.03,0.03,0,0.03,Matches
2743,Aaron Wan-Bissaka,cd COD,"DF,MF",West Ham,eng Premier League,27,1997,25,23,"2,081",23.1,0,2,2,0,0,0,4,0,0,0.09,0.09,0,0.09,Matches
2744,James Ward-Prowse,eng ENG,MF,West Ham,eng Premier League,30,1994,5,5,413,4.6,0,0,0,0,0,0,0,0,0,0,0,0,0,Matches
2745,James Ward-Prowse,eng ENG,MF,Burnley,eng Premier League,30,1994,13,7,684,7.6,0,1,1,0,0,0,1,0,0,0.13,0.13,0,0.13,Matches
2746,Ollie Watkins,eng ENG,FW,Aston Villa,eng Premier League,29,1995,37,33,"2,839",31.5,16,3,19,16,0,0,4,0,0.51,0.1,0.6,0.51,0.6,Matches
2747,Tom Watson,eng ENG,MF,Brighton,eng Premier League,19,2006,6,0,62,0.7,0,0,0,0,0,0,1,0,0,0,0,0,0,Matches
2748,Timothy Weah,us USA,"MF,DF",Marseille,fr Ligue 1,25,2000,29,26,"2,253",25,2,2,4,2,0,0,5,0,0.08,0.08,0.16,0.08,0.16,Matches
2749,Tobias Weigel,de GER,FW,Heidenheim,de Bundesliga,18,2007,1,0,2,0,0,0,0,0,0,0,0,0,0,0,0,0,0,Matches
2750,Nelson Weiper,de GER,FW,Mainz 05,de Bundesliga,20,2005,24,3,558,6.2,0,0,0,0,0,0,1,0,0,0,0,0,0,Matches
Rk,Player,Nation,Pos,Squad,Comp,Age,Born,MP,Starts,Min,90s,Gls,Ast,G+A,G-PK,PK,PKatt,CrdY,CrdR,Gls,Ast,G+A,G-PK,G+A-PK,Matches
2751,Max Weiß,de GER,GK,Burnley,eng Premier League,21,2004,3,3,270,3,0,0,0,0,0,0,0,0,0,0,0,0,0,Matches
2752,Danny Welbeck,eng ENG,FW,Brighton,eng Premier League,34,1990,37,26,"2,258",25.1,13,1,14,12,1,3,5,0,0.52,0.04,0.56,0.48,0.52,Matches
2753,Timo Werner,de GER,"FW,MF",RB Leipzig,de Bundesliga,29,1996,3,0,14,0.2,0,0,0,0,0,0,0,0,0,0,0,0,0,Matches
2754,Wesley,br BRA,MF,Real Sociedad,es La Liga,20,2005,5,1,88,1,0,0,0,0,0,0,0,0,0,0,0,0,0,Matches
2755,Wesley,br BRA,MF,Roma,it Serie A,21,2003,30,28,"2,448",27.2,5,0,5,5,0,0,7,2,0.18,0,0.18,0.18,0.18,Matches
2756,Adam Wharton,eng ENG,MF,Crystal Palace,eng Premier League,21,2004,34,29,"2,552",28.4,1,5,6,1,0,0,6,1,0.04,0.18,0.21,0.04,0.21,Matches
2757,Ben White,eng ENG,DF,Arsenal,eng Premier League,27,1997,12,9,702,7.8,0,1,1,0,0,0,0,0,0,0.13,0.13,0,0.13,Matches
2758,Silvan Widmer,ch SUI,MF,Mainz 05,de Bundesliga,32,1993,27,22,"1,810",20.1,2,1,3,2,0,0,5,0,0.1,0.05,0.15,0.1,0.15,Matches
2759,Mats Wieffer,nl NED,DF,Brighton,eng Premier League,25,1999,26,23,"1,903",21.1,2,3,5,2,0,0,8,0,0.09,0.14,0.24,0.09,0.24,Matches
2760,Iñaki Williams,gh GHA,"MF,FW",Athletic Club,es La Liga,31,1994,30,25,"2,157",24,3,6,9,2,1,1,2,0,0.13,0.25,0.38,0.08,0.33,Matches
2761,Neco Williams,wls WAL,DF,Nottingham,eng Premier League,24,2001,37,36,"3,204",35.6,2,3,5,2,0,0,6,1,0.06,0.08,0.14,0.06,0.14,Matches
2762,Nico Williams,es ESP,MF,Athletic Club,es La Liga,23,2002,25,20,"1,674",18.6,6,3,9,5,1,2,2,0,0.32,0.16,0.48,0.27,0.43,Matches
2763,Estêvão Willian,br BRA,MF,Chelsea,eng Premier League,18,2007,22,12,848,9.4,2,2,4,2,0,0,4,0,0.21,0.21,0.42,0.21,0.42,Matches
2764,Joe Willock,eng ENG,MF,Newcastle,eng Premier League,25,1999,24,10,983,10.9,0,2,2,0,0,0,3,0,0,0.18,0.18,0,0.18,Matches
2765,Callum Wilson,eng ENG,FW,West Ham,eng Premier League,33,1992,32,11,"1,251",13.9,7,1,8,7,0,0,1,0,0.5,0.07,0.58,0.5,0.58,Matches
2766,Harry Wilson,wls WAL,MF,Fulham,eng Premier League,28,1997,36,32,"2,673",29.7,10,7,17,10,0,0,7,0,0.34,0.24,0.57,0.34,0.57,Matches
2767,Patrick Wimmer,at AUT,MF,Wolfsburg,de Bundesliga,24,2001,25,21,"1,621",18,4,3,7,4,0,0,4,0,0.22,0.17,0.39,0.22,0.39,Matches
2768,Jonas Wind,dk DEN,FW,Wolfsburg,de Bundesliga,26,1999,11,5,481,5.3,1,0,1,1,0,0,1,0,0.19,0,0.19,0.19,0.19,Matches
2769,Ben Winterburn,eng ENG,MF,Bournemouth,eng Premier League,20,2004,1,0,7,0.1,0,0,0,0,0,0,0,0,0,0,0,0,0,Matches
2770,Florian Wirtz,de GER,MF,Liverpool,eng Premier League,22,2003,33,27,"2,378",26.4,5,3,8,5,0,0,1,0,0.19,0.11,0.3,0.19,0.3,Matches
2771,Yoane Wissa,cd COD,FW,Newcastle,eng Premier League,28,1996,19,4,531,5.9,1,1,2,1,0,0,3,0,0.17,0.17,0.34,0.17,0.34,Matches
2772,Axel Witsel,be BEL,MF,Girona,es La Liga,36,1989,32,30,"2,526",28.1,1,2,3,1,0,0,2,1,0.04,0.07,0.11,0.04,0.11,Matches
2773,Maximilian Wöber,at AUT,DF,Werder Bremen,de Bundesliga,27,1998,2,0,37,0.4,0,0,0,0,0,0,0,0,0,0,0,0,0,Matches
2774,Marius Wolf,de GER,MF,Augsburg,de Bundesliga,30,1995,29,12,"1,019",11.3,1,1,2,1,0,0,4,0,0.09,0.09,0.18,0.09,0.18,Matches
2775,Nick Woltemade,de GER,MF,Stuttgart,de Bundesliga,23,2002,1,1,90,1,0,0,0,0,0,0,0,0,0,0,0,0,0,Matches
Rk,Player,Nation,Pos,Squad,Comp,Age,Born,MP,Starts,Min,90s,Gls,Ast,G+A,G-PK,PK,PKatt,CrdY,CrdR,Gls,Ast,G+A,G-PK,G+A-PK,Matches
2776,Nick Woltemade,de GER,"FW,MF",Newcastle,eng Premier League,23,2002,33,24,"1,902",21.1,8,3,11,7,1,1,0,0,0.38,0.14,0.52,0.33,0.47,Matches
2777,Jeong Woo-yeong,kr KOR,"MF,FW",Union Berlin,de Bundesliga,25,1999,28,13,"1,197",13.3,4,1,5,4,0,0,0,0,0.3,0.08,0.38,0.3,0.38,Matches
2778,Chris Wood,nz NZL,FW,Nottingham,eng Premier League,33,1991,15,11,901,10,3,0,3,3,0,0,0,0,0.3,0,0.3,0.3,0.3,Matches
2779,Freddie Woodman,eng ENG,GK,Liverpool,eng Premier League,28,1997,3,2,213,2.4,0,0,0,0,0,0,0,0,0,0,0,0,0,Matches
2780,Christopher Wooh,cm CMR,DF,Rennes,fr Ligue 1,23,2001,2,1,64,0.7,0,0,0,0,0,0,0,1,0,0,0,0,0,Matches
2781,Joe Worrall,eng ENG,DF,Burnley,eng Premier League,28,1997,11,5,500,5.6,0,0,0,0,0,0,0,0,0,0,0,0,0,Matches
2782,Daniel Xavier Semedo,fr FRA,MF,Lorient,fr Ligue 1,21,2003,1,0,11,0.1,0,0,0,0,0,0,0,0,0,0,0,0,0,Matches
2783,Granit Xhaka,ch SUI,MF,Sunderland,eng Premier League,32,1992,34,32,"2,904",32.3,1,6,7,1,0,0,8,0,0.03,0.19,0.22,0.03,0.22,Matches
2784,Lamine Yamal,es ESP,"MF,FW",Barcelona,es La Liga,18,2007,28,26,"2,262",25.1,16,11,27,13,3,4,1,0,0.64,0.44,1.07,0.52,0.95,Matches
2785,Daniel Yáñez,es ESP,MF,Real Madrid,es La Liga,18,2007,2,0,47,0.5,0,1,1,0,0,0,0,0,0,1.91,1.91,0,1.91,Matches
2786,Roman Yaremchuk,ua UKR,FW,Lyon,fr Ligue 1,29,1995,11,5,561,6.2,4,1,5,4,0,0,1,0,0.64,0.16,0.8,0.64,0.8,Matches
2787,Yehor Yarmoliuk,ua UKR,MF,Brentford,eng Premier League,21,2004,37,30,"2,659",29.5,1,2,3,1,0,0,7,0,0.03,0.07,0.1,0.03,0.1,Matches
2788,Gessime Yassine,ma MAR,MF,Strasbourg,fr Ligue 1,19,2005,12,6,510,5.7,0,1,1,0,0,0,0,0,0,0.18,0.18,0,0.18,Matches
2789,Ryan Yates,eng ENG,MF,Nottingham,eng Premier League,27,1997,22,2,617,6.9,0,2,2,0,0,0,3,0,0,0.29,0.29,0,0.29,Matches
2790,Terry Yegbe,gh GHA,DF,Metz,fr Ligue 1,24,2001,24,22,"1,963",21.8,0,1,1,0,0,0,3,0,0,0.05,0.05,0,0.05,Matches
2791,Bertuğ Yıldırım,tr TUR,FW,Rennes,fr Ligue 1,23,2002,1,0,3,0,0,0,0,0,0,0,0,0,0,0,0,0,0,Matches
2792,Kenan Yıldız,tr TUR,"MF,FW",Juventus,it Serie A,20,2005,36,33,"2,825",31.4,10,6,16,9,1,2,2,0,0.32,0.19,0.51,0.29,0.48,Matches
2793,Darlin Yongwa,cm CMR,"DF,MF",Lorient,fr Ligue 1,24,2000,23,14,"1,312",14.6,0,1,1,0,0,0,4,1,0,0.07,0.07,0,0.07,Matches
2794,Leny Yoro,fr FRA,DF,Manchester Utd,eng Premier League,19,2005,32,18,"1,740",19.3,0,0,0,0,0,0,1,0,0,0,0,0,0,Matches
2795,Ali Yousuf,ly LBY,DF,Nantes,fr Ligue 1,24,2001,13,10,969,10.8,0,0,0,0,0,0,4,0,0,0,0,0,0,Matches
2796,Etienne Youte Kinkoue,fr FRA,"DF,MF",Le Havre,fr Ligue 1,23,2002,9,4,419,4.7,0,0,0,0,0,0,2,0,0,0,0,0,0,Matches
2797,Illia Zabarnyi,ua UKR,DF,PSG,fr Ligue 1,22,2002,28,26,"2,387",26.5,1,0,1,1,0,0,6,0,0.04,0,0.04,0.04,0.04,Matches
2798,Yassir Zabiri,ma MAR,MF,Rennes,fr Ligue 1,20,2005,6,0,48,0.5,0,0,0,0,0,0,0,0,0,0,0,0,0,Matches
2799,Mattia Zaccagni,it ITA,FW,Lazio,it Serie A,30,1995,26,26,"2,104",23.4,3,0,3,3,0,1,6,1,0.13,0,0.13,0.13,0.13,Matches
2800,Gioele Zacchi,it ITA,GK,Sassuolo,it Serie A,22,2003,1,0,8,0.1,0,0,0,0,0,0,0,0,0,0,0,0,0,Matches
Rk,Player,Nation,Pos,Squad,Comp,Age,Born,MP,Starts,Min,90s,Gls,Ast,G+A,G-PK,PK,PKatt,CrdY,CrdR,Gls,Ast,G+A,G-PK,G+A-PK,Matches
2801,Yvan Zaddy,ci CIV,MF,Auxerre,fr Ligue 1,19,2006,1,0,1,0,0,0,0,0,0,0,0,0,0,0,0,0,0,Matches
2802,Dan-Axel Zagadou,fr FRA,DF,Stuttgart,de Bundesliga,26,1999,3,3,209,2.3,0,0,0,0,0,0,0,0,0,0,0,0,0,Matches
2803,Stephan Zagadou,fr FRA,DF,Le Havre,fr Ligue 1,16,2008,8,6,495,5.5,1,0,1,1,0,0,0,1,0.18,0,0.18,0.18,0.18,Matches
2804,Warren Zaïre-Emery,fr FRA,"DF,MF",PSG,fr Ligue 1,19,2006,32,27,"2,447",27.2,3,4,7,3,0,0,3,0,0.11,0.15,0.26,0.11,0.26,Matches
2805,Denis Zakaria,ch SUI,"DF,MF",Monaco,fr Ligue 1,28,1996,24,23,"2,031",22.6,2,1,3,2,0,0,4,1,0.09,0.04,0.13,0.09,0.13,Matches
2806,Arsen Zakharyan,ru RUS,MF,Real Sociedad,es La Liga,22,2003,17,3,458,5.1,0,0,0,0,0,0,2,0,0,0,0,0,0,Matches
2807,Nicola Zalewski,pl POL,MF,Atalanta,it Serie A,23,2002,33,24,"1,897",21.1,2,4,6,2,0,0,3,0,0.09,0.19,0.28,0.09,0.28,Matches
2808,Nicolò Zaniolo,it ITA,"FW,MF",Udinese,it Serie A,26,1999,32,28,"2,257",25.1,5,6,11,5,0,0,8,0,0.2,0.24,0.44,0.2,0.44,Matches
2809,Alessandro Zanoli,it ITA,MF,Udinese,it Serie A,24,2000,19,16,"1,280",14.2,1,2,3,1,0,0,1,0,0.07,0.14,0.21,0.07,0.21,Matches
2810,Duván Zapata,co COL,FW,Torino,it Serie A,34,1991,28,11,"1,103",12.3,3,1,4,3,0,1,0,0,0.24,0.08,0.33,0.24,0.33,Matches
2811,Gabriele Zappa,it ITA,"DF,MF",Cagliari,it Serie A,25,1999,31,18,"1,597",17.7,0,3,3,0,0,0,2,0,0,0.17,0.17,0,0.17,Matches
2812,Davide Zappacosta,it ITA,MF,Atalanta,it Serie A,33,1992,35,30,"2,569",28.5,3,3,6,3,0,0,3,0,0.11,0.11,0.21,0.11,0.21,Matches
2813,Bryan Zaragoza,es ESP,MF,Roma,it Serie A,23,2001,4,2,135,1.5,0,1,1,0,0,0,1,0,0,0.67,0.67,0,0.67,Matches
2814,Bryan Zaragoza,es ESP,"FW,MF",Celta Vigo,es La Liga,23,2001,19,13,"1,131",12.6,1,1,2,0,1,1,1,0,0.08,0.08,0.16,0,0.08,Matches
2815,Oier Zarraga,es ESP,MF,Udinese,it Serie A,26,1999,24,2,475,5.3,0,0,0,0,0,0,2,0,0,0,0,0,0,Matches
2816,Nils Zätterström,se SWE,DF,Genoa,it Serie A,20,2005,3,2,181,2,0,0,0,0,0,0,0,0,0,0,0,0,0,Matches
2817,Aaron Zehnter,de GER,"DF,MF",Wolfsburg,de Bundesliga,20,2004,20,17,"1,456",16.2,2,0,2,2,0,0,0,0,0.12,0,0.12,0.12,0.12,Matches
2818,Jordan Zemura,zw ZIM,"MF,DF",Udinese,it Serie A,25,1999,17,13,"1,127",12.5,0,1,1,0,0,0,3,0,0,0.08,0.08,0,0.08,Matches
2819,Robin Zentner,de GER,GK,Mainz 05,de Bundesliga,30,1994,10,10,876,9.7,0,0,0,0,0,0,2,1,0,0,0,0,0,Matches
2820,Alessio Zerbin,it ITA,MF,Cremonese,it Serie A,26,1999,32,17,"1,646",18.3,0,3,3,0,0,0,1,0,0,0.16,0.16,0,0.16,Matches
2821,Cedric Zesiger,ch SUI,DF,Augsburg,de Bundesliga,27,1998,27,20,"1,816",20.2,0,0,0,0,0,0,7,0,0,0,0,0,0,Matches
2822,Michael Zetterer,de GER,GK,Frankfurt,de Bundesliga,30,1995,22,21,"1,976",22,0,0,0,0,0,0,1,0,0,0,0,0,0,Matches
2823,Edon Zhegrova,xk KVX,MF,Juventus,it Serie A,26,1999,19,0,382,4.2,0,0,0,0,0,0,1,0,0,0,0,0,0,Matches
2824,Piotr Zieliński,pl POL,MF,Inter,it Serie A,31,1994,34,22,"2,045",22.7,6,3,9,5,1,1,3,0,0.26,0.13,0.4,0.22,0.35,Matches
2825,Oleksandr Zinchenko,ua UKR,DF,Nottingham,eng Premier League,28,1996,5,4,353,3.9,0,0,0,0,0,0,0,0,0,0,0,0,0,Matches
Rk,Player,Nation,Pos,Squad,Comp,Age,Born,MP,Starts,Min,90s,Gls,Ast,G+A,G-PK,PK,PKatt,CrdY,CrdR,Gls,Ast,G+A,G-PK,G+A-PK,Matches
2826,Melvin Zinga,fr FRA,GK,Angers,fr Ligue 1,23,2002,3,2,222,2.5,0,0,0,0,0,0,0,0,0,0,0,0,0,Matches
2827,Jan Ziółkowski,pl POL,DF,Roma,it Serie A,20,2005,18,5,517,5.7,0,0,0,0,0,0,3,0,0,0,0,0,0,Matches
2828,Joshua Zirkzee,nl NED,"FW,MF",Manchester Utd,eng Premier League,24,2001,24,5,626,7,2,1,3,2,0,0,3,0,0.29,0.14,0.43,0.29,0.43,Matches
2829,Budu Zivzivadze,ge GEO,FW,Heidenheim,de Bundesliga,31,1994,20,14,"1,142",12.7,6,0,6,6,0,0,2,1,0.47,0,0.47,0.47,0.47,Matches
2830,Luck Zogbé,ci CIV,DF,Brest,fr Ligue 1,20,2005,9,3,288,3.2,0,0,0,0,0,0,0,0,0,0,0,0,0,Matches
2831,Nadir Zortea,it ITA,DF,Bologna,it Serie A,26,1999,32,16,"1,819",20.2,0,2,2,0,0,0,2,0,0,0.1,0.1,0,0.1,Matches
2832,Yanis Zouaoui,dz ALG,"DF,MF",Le Havre,fr Ligue 1,27,1998,30,28,"2,338",26,1,1,2,0,1,1,7,0,0.04,0.04,0.08,0,0.04,Matches
2833,Igor Zubeldia,es ESP,DF,Real Sociedad,es La Liga,28,1997,25,23,"2,082",23.1,0,1,1,0,0,0,9,0,0,0.04,0.04,0,0.04,Matches
2834,Martín Zubimendi,es ESP,MF,Arsenal,eng Premier League,26,1999,38,34,"2,992",33.2,5,1,6,5,0,0,4,0,0.15,0.03,0.18,0.15,0.18,Matches
2835,Martin Ødegaard,no NOR,MF,Arsenal,eng Premier League,26,1998,24,16,"1,369",15.2,1,6,7,1,0,0,0,0,0.07,0.39,0.46,0.07,0.46,Matches
2836,Leo Østigård,no NOR,DF,Genoa,it Serie A,25,1999,30,30,"2,622",29.1,5,1,6,5,0,0,7,0,0.17,0.03,0.21,0.17,0.21,Matches
2837,Luka Đurić,rs SRB,MF,Hoffenheim,de Bundesliga,22,2003,1,0,10,0.1,0,0,0,0,0,0,0,0,0,0,0,0,0,Matches
2838,Milan Đurić,ba BIH,FW,Cremonese,it Serie A,35,1990,11,3,386,4.3,0,1,1,0,0,0,1,1,0,0.23,0.23,0,0.23,Matches
2839,Milan Đurić,ba BIH,FW,Parma,it Serie A,35,1990,12,0,74,0.8,0,0,0,0,0,0,0,0,0,0,0,0,0,Matches