Rk,Player,Pos,Squad,Age,Club,Born,MP,Starts,Min,90s,Gls,Ast,G+A,G-PK,PK,PKatt,CrdY,CrdR,Gls,Ast,G+A,G-PK,G+A-PK,Matches
1,Brenden Aaronson,MF,us USA,25,1.eng Leeds United,2000,1,1,76,0.8,0,0,0,0,0,0,0,0,0,0,0,0,0,Matches
2,Thelo Aasgaard,MF,no Norway,24,1.sct Rangers,2002,1,1,90,1,1,0,1,1,0,0,0,0,1,0,1,1,1,Matches
3,Hamza Abdelkarim,FW,eg Egypt,18,4.es Barcelona B,2008,4,0,60,0.7,0,0,0,0,0,0,0,0,0,0,0,0,0,Matches
4,Hossam Abdelmaguid,DF,eg Egypt,25,1.eg Zamalek SC,2001,2,0,59,0.7,0,0,0,0,0,0,0,0,0,0,0,0,0,Matches
5,Mohamed Abdelmonem,DF,eg Egypt,27,1.fr Nice,1999,2,1,14,0.2,0,0,0,0,0,0,0,0,0,0,0,0,0,Matches
6,Ali Abdi,DF,tn Tunisia,32,1.fr Nice,1993,3,3,269,3,0,0,0,0,0,0,0,0,0,0,0,0,0,Matches
7,Saud Abdulhamid,DF,sa Saudi Arabia,26,1.fr Lens,1999,3,3,269,3,0,0,0,0,0,0,1,0,0,0,0,0,0,Matches
8,Abdulla Abdullaev,DF,uz Uzbekistan,28,1.ae Dibba Al Fujairah,1997,2,2,180,2,0,0,0,0,0,0,0,0,0,0,0,0,0,Matches
9,Yusuf Abdurisag,FW,qa Qatar,26,1.qa Al-Wakrah,1999,2,2,98,1.1,0,0,0,0,0,0,0,0,0,0,0,0,0,Matches
10,Husam Abu Dahab,DF,jo Jordan,26,1.kw Al-Salmiya SC,2000,2,2,178,2,0,0,0,0,0,0,1,0,0,0,0,0,0,Matches
11,Mohammad Abu Hasheesh,DF,jo Jordan,31,1.iq Al-Karma,1995,1,0,6,0.1,0,0,0,0,0,0,0,0,0,0,0,0,0,Matches
12,Mohannad Abu Taha,DF,jo Jordan,23,1.iq Al-Quwa Al-Jawiya,2003,3,3,264,2.9,0,0,0,0,0,0,1,0,0,0,0,0,0,Matches
13,Mo Abualnadi,DF,jo Jordan,25,1.my Selangor FA,2001,1,1,71,0.8,0,0,0,0,0,0,0,0,0,0,0,0,0,Matches
14,Yazeed Abulaila,GK,jo Jordan,33,1.jo Al-Hussein SC,1993,3,3,270,3,0,0,0,0,0,0,0,0,0,0,0,0,0,Matches
15,Mahmoud Abunada,GK,qa Qatar,26,1.qa Al Rayyan SC,2000,3,3,270,3,0,0,0,0,0,0,1,0,0,0,0,0,0,Matches
16,Elias Achouri,"FW,MF",tn Tunisia,27,1.dk FC Copenhagen,1999,3,0,43,0.5,0,0,0,0,0,0,0,0,0,0,0,0,0,Matches
17,Ché Adams,FW,sct Scotland,29,1.it Torino,1996,3,2,145,1.6,0,0,0,0,0,0,0,0,0,0,0,0,0,Matches
18,Jayden Adams,MF,za South Africa,25,1.za Sundowns,2001,3,2,116,1.3,0,0,0,0,0,0,0,0,0,0,0,0,0,Matches
19,Tyler Adams,MF,us USA,27,1.eng Bournemouth,1999,4,4,341,3.8,0,0,0,0,0,0,1,0,0,0,0,0,0,Matches
20,Ricardo Adé,DF,ht Haiti,36,1.ec LDU Quito,1990,3,3,270,3,0,0,0,0,0,0,0,0,0,0,0,0,0,Matches
21,Ibrahim Adel,MF,eg Egypt,25,1.dk Nordsjælland,2001,1,0,3,0,0,0,0,0,0,0,0,0,0,0,0,0,0,Matches
22,Simon Adingra,"FW,MF",ci Côte d'Ivoire,24,1.fr Monaco,2002,1,0,16,0.2,0,0,0,0,0,0,0,0,0,0,0,0,0,Matches
23,Jonas Adjetey,DF,gh Ghana,22,1.de Wolfsburg,2003,3,3,225,2.5,0,0,0,0,0,0,0,0,0,0,0,0,0,Matches
24,Michel Aebischer,"MF,FW",ch Switzerland,29,1.it Pisa,1997,4,2,156,1.7,0,0,0,0,0,0,0,0,0,0,0,0,0,Matches
25,Akram Afif,"FW,MF",qa Qatar,29,1.qa Al Sadd,1996,3,3,238,2.6,0,0,0,0,0,0,0,0,0,0,0,0,0,Matches
Rk,Player,Pos,Squad,Age,Club,Born,MP,Starts,Min,90s,Gls,Ast,G+A,G-PK,PK,PKatt,CrdY,CrdR,Gls,Ast,G+A,G-PK,G+A-PK,Matches
26,Emmanuel Agbadou,DF,ci Côte d'Ivoire,28,1.tr Be?ikta?,1997,3,3,270,3,0,0,0,0,0,0,0,0,0,0,0,0,0,Matches
27,Rodrigo Aguirre,FW,uy Uruguay,31,1.mx América,1994,1,0,1,0,0,0,0,0,0,0,0,0,0,0,0,0,0,Matches
28,Ali Ahmed,MF,ca Canada,25,2.eng Norwich City,2000,4,3,234,2.6,0,0,0,0,0,0,0,0,0,0,0,0,0,Matches
29,Homam Ahmed,DF,qa Qatar,26,2.es Cultural Leonesa,1999,2,2,122,1.4,0,1,1,0,0,0,0,1,0,0.74,0.74,0,0.74,Matches
30,Rayan Aït-Nouri,DF,dz Algeria,25,1.eng Manchester City,2001,4,3,284,3.2,0,0,0,0,0,0,0,0,0,0,0,0,0,Matches
31,Kristoffer Ajer,DF,no Norway,28,1.eng Brentford,1998,5,5,480,5.3,0,0,0,0,0,0,1,0,0,0,0,0,0,Matches
32,Manuel Akanji,DF,ch Switzerland,30,1.it Inter,1995,6,6,600,6.7,0,0,0,0,0,0,0,0,0,0,0,0,0,Matches
33,Nathan Aké,DF,nl Netherlands,31,1.eng Manchester City,1995,3,2,170,1.9,0,0,0,0,0,0,0,0,0,0,0,0,0,Matches
34,Yunus Akgün,MF,tr Türkiye,25,1.tr Galatasaray,2000,2,1,88,1,0,0,0,0,0,0,1,0,0,0,0,0,0,Matches
35,Maghnes Akliouche,MF,fr France,24,1.fr Monaco,2002,1,0,8,0.1,0,0,0,0,0,0,0,0,0,0,0,0,0,Matches
36,Kerem Aktürko?lu,FW,tr Türkiye,27,1.tr Fenerbahçe,1998,2,2,129,1.4,0,0,0,0,0,0,0,0,0,0,0,0,0,Matches
37,Ahmed Alaaeldin,FW,qa Qatar,33,1.qa Al Rayyan SC,1993,2,0,43,0.5,0,0,0,0,0,0,0,0,0,0,0,0,0,Matches
38,David Alaba,DF,at Austria,33,1.es Real Madrid,1992,4,4,275,3.1,0,1,1,0,0,0,0,0,0,0.33,0.33,0,0.33,Matches
39,Kerim Alajbegovi?,MF,ba Bosnia–Herz,18,1.at RB Salzburg,2007,4,3,277,3.1,1,0,1,1,0,0,0,0,0.32,0,0.32,0.32,0.32,Matches
40,Jordy Alcivar,MF,ec Ecuador,26,1.ec Independiente,1999,1,1,45,0.5,0,0,0,0,0,0,1,0,0,0,0,0,0,Matches
41,Omar Alderete,DF,py Paraguay,29,1.eng Sunderland,1996,4,4,320,3.6,0,0,0,0,0,0,0,0,0,0,0,0,0,Matches
42,Almoez Ali,FW,qa Qatar,29,1.qa Al Duhail SC,1996,1,0,19,0.2,0,0,0,0,0,0,0,0,0,0,0,0,0,Matches
43,Hussein Ali,DF,iq Iraq,24,1.pl Pogo? Szczecin,2002,2,2,162,1.8,0,0,0,0,0,0,0,0,0,0,0,0,0,Matches
44,Mohanad Ali,FW,iq Iraq,25,1.ae Dibba Al Fujairah,2000,1,0,13,0.1,0,0,0,0,0,0,0,0,0,0,0,0,0,Matches
45,Taha Ali,"FW,MF",se Sweden,27,1.se Malmö,1998,2,0,37,0.4,0,0,0,0,0,0,0,0,0,0,0,0,0,Matches
46,Khojiakbar Alijonov,MF,uz Uzbekistan,29,1.uz Pakhtakor Tashkent FK,1997,2,1,135,1.5,0,0,0,0,0,0,0,0,0,0,0,0,0,Matches
47,Ali Alipour,FW,ir IR Iran,30,1.ir Persepolis,1995,1,0,38,0.4,0,0,0,0,0,0,0,0,0,0,0,0,0,Matches
48,Alisson,GK,br Brazil,33,1.eng Liverpool,1992,5,5,450,5,0,0,0,0,0,0,0,0,0,0,0,0,0,Matches
49,Thiago Almada,MF,ar Argentina,25,1.es Atlético Madrid,2001,5,3,241,2.7,0,0,0,0,0,0,1,0,0,0,0,0,0,Matches
50,Miguel Almirón,"MF,FW",py Paraguay,32,1.us Atlanta Utd,1994,4,4,282,3.1,0,0,0,0,0,0,1,1,0,0,0,0,0,Matches
Rk,Player,Pos,Squad,Age,Club,Born,MP,Starts,Min,90s,Gls,Ast,G+A,G-PK,PK,PKatt,CrdY,CrdR,Gls,Ast,G+A,G-PK,G+A-PK,Matches
51,Júnior Alonso,DF,py Paraguay,33,1.br Atlético Mineiro,1993,5,4,390,4.3,0,0,0,0,0,0,1,0,0,0,0,0,0,Matches
52,Bar?? Alper Y?lmaz,"MF,FW",tr Türkiye,26,1.tr Galatasaray,2000,3,2,179,2,1,1,2,1,0,0,0,0,0.5,0.5,1.01,0.5,1.01,Matches
53,Roberto Alvarado,"FW,MF",mx Mexico,27,1.mx Guadalajara,1998,5,5,428,4.8,0,3,3,0,0,0,0,0,0,0.63,0.63,0,0.63,Matches
54,Edson Álvarez,"MF,DF",mx Mexico,28,1.eng West Ham,1997,4,2,240,2.7,0,0,0,0,0,0,1,0,0,0,0,0,0,Matches
55,Julián Álvarez,FW,ar Argentina,26,1.es Atlético Madrid,2000,8,5,602,6.7,1,0,1,1,0,0,0,0,0.15,0,0.15,0.15,0.15,Matches
56,Ayoube Amaimouni,MF,ma Morocco,21,1.de Frankfurt,2004,2,0,18,0.2,0,0,0,0,0,0,0,0,0,0,0,0,0,Matches
57,Zeki Amdouni,"FW,MF",ch Switzerland,25,1.eng Burnley,2000,4,0,73,0.8,0,0,0,0,0,0,0,0,0,0,0,0,0,Matches
58,Michael Amir Murillo,"DF,MF",pa Panama,30,1.tr Be?ikta?,1996,3,3,270,3,0,0,0,0,0,0,0,0,0,0,0,0,0,Matches
59,Nadiem Amiri,MF,de Germany,29,1.de Mainz 05,1996,2,0,42,0.5,0,1,1,0,0,0,0,0,0,2.14,2.14,0,2.14,Matches
60,Amir Al Ammari,MF,iq Iraq,28,1.pl Cracovia,1997,3,3,247,2.7,0,1,1,0,0,0,2,0,0,0.36,0.36,0,0.36,Matches
61,Azizbek Amonov,FW,uz Uzbekistan,28,1.uz FK Bukhara Nurafshon,1997,1,0,14,0.2,0,0,0,0,0,0,0,0,0,0,0,0,0,Matches
62,Mohamed Amoura,"FW,MF",dz Algeria,26,1.de Wolfsburg,2000,1,0,27,0.3,0,0,0,0,0,0,0,0,0,0,0,0,0,Matches
63,Sofyan Amrabat,MF,ma Morocco,29,1.es Real Betis,1996,3,1,147,1.6,0,0,0,0,0,0,0,0,0,0,0,0,0,Matches
64,Abdulelah Al-Amri,DF,sa Saudi Arabia,29,,1997,3,3,239,2.7,1,0,1,1,0,0,1,0,0.38,0,0.38,0.38,0.38,Matches
65,Youssef Amyn,MF,iq Iraq,22,1.cy AEK Larnaca,2003,1,0,31,0.3,0,0,0,0,0,0,0,0,0,0,0,0,0,Matches
66,Elliot Anderson,MF,eng England,23,1.eng Nottingham,2002,8,7,632,7,0,1,1,0,0,0,1,0,0,0.14,0.14,0,0.14,Matches
67,Andrés Andrade Cedeño,DF,pa Panama,27,1.at LASK,1998,3,3,270,3,0,0,0,0,0,0,1,0,0,0,0,0,0,Matches
68,Fredrik André Bjørkan,DF,no Norway,27,1.no Bodø/Glimt,1998,1,1,45,0.5,0,0,0,0,0,0,0,0,0,0,0,0,0,Matches
69,Nilson Angulo,MF,ec Ecuador,22,1.eng Sunderland,2003,4,2,218,2.4,1,0,1,1,0,0,0,0,0.41,0,0.41,0.41,0.41,Matches
70,Waldemar Anton,"DF,MF",de Germany,29,1.de Dortmund,1996,2,0,50,0.6,0,0,0,0,0,0,0,0,0,0,0,0,0,Matches
71,Jeremy Antonisse,"FW,MF",cw Curaçao,24,1.gr AE Kifisia,2002,2,0,75,0.8,0,0,0,0,0,0,0,0,0,0,0,0,0,Matches
72,Houssem Aouar,MF,dz Algeria,27,1.sa Al-Ittihad,1998,3,2,173,1.9,0,2,2,0,0,0,0,0,0,1.04,1.04,0,1.04,Matches
73,Oswin Appollis,"MF,FW",za South Africa,24,1.za Orlando Pirates,2001,4,3,255,2.8,0,0,0,0,0,0,0,0,0,0,0,0,0,Matches
74,Yazan Al-Arab,DF,jo Jordan,30,1.kr FC Seoul,1996,3,3,270,3,0,0,0,0,0,0,1,0,0,0,0,0,0,Matches
75,Maxi Araújo,"FW,MF",uy Uruguay,26,1.pt Sporting CP,2000,3,3,250,2.8,2,1,3,2,0,0,0,0,0.72,0.36,1.08,0.72,1.08,Matches
Rk,Player,Pos,Squad,Age,Club,Born,MP,Starts,Min,90s,Gls,Ast,G+A,G-PK,PK,PKatt,CrdY,CrdR,Gls,Ast,G+A,G-PK,G+A-PK,Matches
76,Tomás Araújo,DF,pt Portugal,24,1.pt Benfica,2002,1,1,90,1,0,0,0,0,0,0,1,0,0,0,0,0,0,Matches
77,Telmo Arcanjo,MF,cv Cabo Verde,24,1.pt Vit. Guimarães,2001,2,1,57,0.6,0,0,0,0,0,0,0,0,0,0,0,0,0,Matches
78,Álex Arce,FW,py Paraguay,30,1.ar Ind. Rivadavia,1995,2,0,53,0.6,0,0,0,0,0,0,1,0,0,0,0,0,0,Matches
79,Carlens Arcus,"MF,DF",ht Haiti,29,1.fr Angers,1996,3,2,146,1.6,0,0,0,0,0,0,1,0,0,0,0,0,0,Matches
80,Max Arfsten,MF,us USA,25,1.us Columbus Crew,2001,1,0,1,0,0,0,0,0,0,0,0,0,0,0,0,0,0,Matches
81,Jhon Arias,MF,co Colombia,28,1.br Palmeiras,1997,5,5,377,4.2,1,0,1,1,0,0,1,0,0.24,0,0.24,0.24,0.24,Matches
82,Santiago Arias,DF,co Colombia,34,1.ar Independiente,1992,1,1,86,1,0,0,0,0,0,0,0,0,0,0,0,0,0,Matches
83,Marko Arnautovi?,FW,at Austria,37,1.rs Red Star,1989,4,1,144,1.6,2,0,2,1,1,1,1,0,1.25,0,1.25,0.62,0.62,Matches
84,Benjamin Asare,GK,gh Ghana,33,1.gh Accra Hearts of Oak,1992,3,2,225,2.5,0,0,0,0,0,0,0,0,0,0,0,0,0,Matches
85,Emam Ashour,MF,eg Egypt,28,1.eg Al Ahly,1998,5,5,362,4,2,0,2,2,0,0,0,0,0.5,0,0.5,0.5,0.5,Matches
86,Rustam Ashurmatov,DF,uz Uzbekistan,29,1.ir Esteghlal,1996,3,3,256,2.8,0,0,0,0,0,0,0,0,0,0,0,0,0,Matches
87,Lawrence Ati-Zigi,GK,gh Ghana,29,1.ch St. Gallen,1996,2,2,135,1.5,0,0,0,0,0,0,0,0,0,0,0,0,0,Matches
88,Marwan Attia,MF,eg Egypt,27,1.eg Al Ahly,1998,5,4,434,4.8,0,1,1,0,0,0,2,0,0,0.21,0.21,0,0.21,Matches
89,Fredrik Aursnes,"MF,DF",no Norway,30,1.pt Benfica,1995,6,3,304,3.4,0,0,0,0,0,0,0,0,0,0,0,0,0,Matches
90,Gabriel Ávalos,FW,py Paraguay,35,1.ar Independiente,1990,4,2,141,1.6,0,0,0,0,0,0,0,0,0,0,0,0,0,Matches
91,Yasin Ayari,MF,se Sweden,22,1.eng Brighton,2003,4,4,339,3.8,2,0,2,2,0,0,1,0,0.53,0,0.53,0.53,0.53,Matches
92,O?uz Ayd?n,DF,tr Türkiye,25,1.tr Fenerbahçe,2000,1,1,89,1,0,0,0,0,0,0,0,0,0,0,0,0,0,Matches
93,Jordan Ayew,FW,gh Ghana,34,2.eng Leicester City,1991,4,4,300,3.3,0,0,0,0,0,0,0,0,0,0,0,0,0,Matches
94,Kaan Ayhan,"DF,MF",tr Türkiye,31,1.tr Galatasaray,1994,1,0,3,0,1,0,1,1,0,0,0,0,30,0,30,30,30,Matches
95,Neil El Aynaoui,MF,ma Morocco,24,1.it Roma,2001,6,6,562,6.2,0,0,0,0,0,0,0,0,0,0,0,0,0,Matches
96,Ali Azaizeh,MF,jo Jordan,22,1.sa Al-Shabab,2004,3,1,54,0.6,0,0,0,0,0,0,0,0,0,0,0,0,0,Matches
97,Juninho Bacuna,MF,cw Curaçao,28,1.nl Volendam,1997,3,3,254,2.8,0,0,0,0,0,0,2,0,0,0,0,0,0,Matches
98,Leandro Bacuna,MF,cw Curaçao,34,2.tr 76 I?d?r Belediyespor,1991,3,3,270,3,0,0,0,0,0,0,1,0,0,0,0,0,0,Matches
99,Álex Baena,"MF,FW",es Spain,24,1.es Atlético Madrid,2001,7,7,481,5.3,1,1,2,1,0,0,1,0,0.19,0.19,0.37,0.19,0.37,Matches
100,Esmir Bajraktarevic,MF,ba Bosnia–Herz,21,1.nl PSV,2005,4,2,230,2.6,0,0,0,0,0,0,0,0,0,0,0,0,0,Matches
Rk,Player,Pos,Squad,Age,Club,Born,MP,Starts,Min,90s,Gls,Ast,G+A,G-PK,PK,PKatt,CrdY,CrdR,Gls,Ast,G+A,G-PK,G+A-PK,Matches
101,Cédric Bakambu,FW,cd Congo DR,35,1.es Real Betis,1991,3,3,190,2.1,0,0,0,0,0,0,0,0,0,0,0,0,0,Matches
102,Fabián Balbuena,DF,py Paraguay,34,1.br Grêmio,1991,1,0,1,0,0,0,0,0,0,0,0,0,0,0,0,0,0,Matches
103,Folarin Balogun,FW,us USA,24,1.fr Monaco,2001,4,4,312,3.5,3,0,3,3,0,0,1,1,0.87,0,0.87,0.87,0.87,Matches
104,Simon Banza,"FW,MF",cd Congo DR,29,1.ae Al Jazira Club,1996,2,0,40,0.4,0,0,0,0,0,0,0,0,0,0,0,0,0,Matches
105,Yoel Bárcenas,MF,pa Panama,32,1.mx Mazatlán,1993,3,3,249,2.8,0,0,0,0,0,0,1,0,0,0,0,0,0,Matches
106,Valentín Barco,"DF,MF",ar Argentina,21,1.fr Strasbourg,2004,1,0,20,0.2,0,0,0,0,0,0,0,0,0,0,0,0,0,Matches
107,Bradley Barcola,MF,fr France,23,1.fr PSG,2002,8,4,384,4.3,3,1,4,3,0,0,1,0,0.7,0.23,0.94,0.7,0.94,Matches
108,Abdülkerim Bardakc?,DF,tr Türkiye,31,1.tr Galatasaray,1994,3,3,265,2.9,0,0,0,0,0,0,0,0,0,0,0,0,0,Matches
109,Ivan Baši?,MF,ba Bosnia–Herz,24,1.kz FC Astana,2002,3,2,179,2,0,1,1,0,0,0,0,0,0,0.5,0.5,0,0.5,Matches
110,Ahmed Basil,GK,iq Iraq,29,1.iq Al-Shorta,1996,2,2,135,1.5,0,0,0,0,0,0,0,0,0,0,0,0,0,Matches
111,Martin Baturina,"MF,FW",hr Croatia,23,1.it Como,2003,4,4,321,3.6,1,0,1,1,0,0,0,0,0.28,0,0.28,0.28,0.28,Matches
112,Ibrahim Bayesh,"MF,FW",iq Iraq,26,1.ae Al Dhafra SCC,2000,3,3,235,2.6,0,0,0,0,0,0,0,0,0,0,0,0,0,Matches
113,Samed Baždar,FW,ba Bosnia–Herz,22,1.de Gladbach,2004,1,0,29,0.3,0,0,0,0,0,0,0,0,0,0,0,0,0,Matches
114,Riechedly Bazoer,DF,cw Curaçao,29,1.tr Konyaspor,1996,1,1,90,1,0,0,0,0,0,0,0,0,0,0,0,0,0,Matches
115,Patrick Beach,GK,au Australia,22,1.au Melb City,2003,4,4,388,4.3,0,0,0,0,0,0,0,0,0,0,0,0,0,Matches
116,Aziz Behich,MF,au Australia,35,1.au Melb City,1990,3,2,217,2.4,0,0,0,0,0,0,0,0,0,0,0,0,0,Matches
117,Maximilian Beier,"FW,MF",de Germany,23,1.de Dortmund,2002,1,0,27,0.3,0,0,0,0,0,0,0,0,0,0,0,0,0,Matches
118,Alireza Beiranvand,GK,ir IR Iran,33,1.ir Tractor,1992,3,3,270,3,0,0,0,0,0,0,0,0,0,0,0,0,0,Matches
119,Zineddine Belaïd,DF,dz Algeria,27,1.dz JS Kabylie,1999,2,0,25,0.3,0,0,0,0,0,0,0,0,0,0,0,0,0,Matches
120,Rafik Belghali,DF,dz Algeria,24,1.it Hellas Verona,2002,4,4,331,3.7,1,0,1,1,0,0,0,0,0.27,0,0.27,0.27,0.27,Matches
121,Joe Bell,MF,nz New Zealand,27,1.no Viking,1999,3,3,243,2.7,0,0,0,0,0,0,0,0,0,0,0,0,0,Matches
122,Jean-Ricner Bellegarde,MF,ht Haiti,27,1.eng Wolves,1998,3,3,260,2.9,0,0,0,0,0,0,1,0,0,0,0,0,0,Matches
123,Jude Bellingham,MF,eng England,22,1.es Real Madrid,2003,8,7,614,6.8,7,1,8,7,0,0,1,0,1.03,0.15,1.17,1.03,1.17,Matches
124,Mortadha Ben Ouanes,"DF,MF",tn Tunisia,31,1.tr Kas?mpa?a,1994,1,0,23,0.3,0,0,0,0,0,0,0,0,0,0,0,0,0,Matches
125,Anis Ben Slimane,"MF,FW",tn Tunisia,25,2.eng Norwich City,2001,3,3,240,2.7,0,0,0,0,0,0,0,0,0,0,0,0,0,Matches
Rk,Player,Pos,Squad,Age,Club,Born,MP,Starts,Min,90s,Gls,Ast,G+A,G-PK,PK,PKatt,CrdY,CrdR,Gls,Ast,G+A,G-PK,G+A-PK,Matches
126,Oussama Benbot,GK,dz Algeria,31,1.dz USM Alger,1994,1,1,90,1,0,0,0,0,0,0,0,0,0,0,0,0,0,Matches
127,Nadhir Benbouali,FW,dz Algeria,26,1.hu Gy?r,2000,1,0,45,0.5,1,0,1,1,0,0,0,0,2,0,2,2,2,Matches
128,Gilson Benchimol,FW,cv Cabo Verde,24,1.ru Akron Tolyatti,2001,2,1,78,0.9,0,0,0,0,0,0,0,0,0,0,0,0,0,Matches
129,Ramy Bensebaini,DF,dz Algeria,31,1.de Dortmund,1995,4,4,360,4,0,0,0,0,0,0,0,0,0,0,0,0,0,Matches
130,Nabil Bentaleb,MF,dz Algeria,31,1.fr Lille,1994,4,3,285,3.2,0,0,0,0,0,0,0,0,0,0,0,0,0,Matches
131,Rodrigo Bentancur,MF,uy Uruguay,28,1.eng Tottenham,1997,3,3,270,3,0,0,0,0,0,0,1,0,0,0,0,0,0,Matches
132,Patrick Berg,MF,no Norway,28,1.no Bodø/Glimt,1997,6,4,445,4.9,0,2,2,0,0,0,1,0,0,0.4,0.4,0,0.4,Matches
133,Sander Berge,MF,no Norway,28,1.eng Fulham,1998,5,5,480,5.3,0,0,0,0,0,0,0,0,0,0,0,0,0,Matches
134,Lucas Bergvall,MF,se Sweden,20,1.eng Tottenham,2006,4,1,181,2,0,1,1,0,0,0,1,0,0,0.5,0.5,0,0.5,Matches
135,Sebastian Berhalter,MF,us USA,25,1.us Vancouver,2001,5,1,187,2.1,1,1,2,1,0,0,1,0,0.48,0.48,0.96,0.48,0.96,Matches
136,Alexander Bernhardsson,MF,se Sweden,27,2.de Holstein Kiel,1998,3,3,217,2.4,0,0,0,0,0,0,0,0,0,0,0,0,0,Matches
137,Tyler Bindon,DF,nz New Zealand,21,2.eng Sheffield United,2005,3,1,97,1.1,0,0,0,0,0,0,0,0,0,0,0,0,0,Matches
138,César Blackman,"MF,DF",pa Panama,28,1.sk Slovan Bratislava,1998,2,2,178,2,0,0,0,0,0,0,1,0,0,0,0,0,0,Matches
139,Damián Bobadilla,MF,py Paraguay,24,1.br São Paulo,2001,4,2,189,2.1,0,0,0,0,0,0,0,0,0,0,0,0,0,Matches
140,Oscar Bobb,FW,no Norway,22,1.eng Fulham,2003,6,1,225,2.5,0,0,0,0,0,0,0,0,0,0,0,0,0,Matches
141,Moïse Bombito,DF,ca Canada,26,1.fr Nice,2000,3,2,193,2.1,0,0,0,0,0,0,0,0,0,0,0,0,0,Matches
142,Theo Bongonda,"FW,MF",cd Congo DR,30,1.ru Spartak Moscow,1995,2,0,34,0.4,0,0,0,0,0,0,0,0,0,0,0,0,0,Matches
143,Ange-Yoan Bonny,FW,ci Côte d'Ivoire,22,1.it Inter,2003,4,3,234,2.6,0,0,0,0,0,0,0,0,0,0,0,0,0,Matches
144,Jordy Bos,"MF,DF",au Australia,23,1.nl Feyenoord,2002,4,4,308,3.4,0,0,0,0,0,0,1,0,0,0,0,0,0,Matches
145,Ayyoub Bouaddi,MF,ma Morocco,18,1.fr Lille,2007,5,5,381,4.2,0,0,0,0,0,0,0,0,0,0,0,0,0,Matches
146,Hicham Boudaoui,MF,dz Algeria,26,1.fr Nice,1999,3,2,128,1.4,0,0,0,0,0,0,1,0,0,0,0,0,0,Matches
147,Karim Boudiaf,MF,qa Qatar,35,1.qa Al Duhail SC,1990,2,1,102,1.1,0,0,0,0,0,0,0,0,0,0,0,0,0,Matches
148,Adil Boulbina,FW,dz Algeria,23,1.qa Al Duhail SC,2003,2,0,19,0.2,0,0,0,0,0,0,0,0,0,0,0,0,0,Matches
149,Yassine Bounou,GK,ma Morocco,35,1.sa Al-Hilal,1991,6,6,570,6.3,0,0,0,0,0,0,0,0,0,0,0,0,0,Matches
150,Nawaf Boushal,DF,sa Saudi Arabia,26,1.sa Al-Nassr,1999,2,1,91,1,0,0,0,0,0,0,0,0,0,0,0,0,0,Matches
Rk,Player,Pos,Squad,Age,Club,Born,MP,Starts,Min,90s,Gls,Ast,G+A,G-PK,PK,PKatt,CrdY,CrdR,Gls,Ast,G+A,G-PK,G+A-PK,Matches
151,Michael Boxall,DF,nz New Zealand,37,1.us Minnesota Utd,1988,3,2,207,2.3,0,0,0,0,0,0,0,0,0,0,0,0,0,Matches
152,Sultan Al-Brake,DF,qa Qatar,30,1.qa Al Duhail SC,1996,2,1,141,1.6,0,0,0,0,0,0,0,0,0,0,0,0,0,Matches
153,Joshua Brenet,DF,cw Curaçao,32,1.tr Kayserispor,1994,2,2,179,2,0,0,0,0,0,0,0,0,0,0,0,0,0,Matches
154,Brian Brobbey,FW,nl Netherlands,24,1.eng Sunderland,2002,4,3,223,2.5,3,0,3,3,0,0,0,0,1.21,0,1.21,1.21,1.21,Matches
155,Dylan Bronn,DF,tn Tunisia,30,1.ch Servette FC,1995,1,1,45,0.5,0,0,0,0,0,0,0,0,0,0,0,0,0,Matches
156,Nathaniel Brown,DF,de Germany,22,1.de Frankfurt,2003,3,3,282,3.1,1,1,2,1,0,0,0,0,0.32,0.32,0.64,0.32,0.64,Matches
157,Tajon Buchanan,MF,ca Canada,27,1.es Villarreal,1999,5,5,376,4.2,0,0,0,0,0,0,0,0,0,0,0,0,0,Matches
158,Ante Budimir,FW,hr Croatia,34,1.es Osasuna,1991,3,2,155,1.7,1,0,1,1,0,0,0,0,0.58,0,0.58,0.58,0.58,Matches
159,Firas Al-Buraikan,FW,sa Saudi Arabia,26,1.sa Al-Ahli,2000,3,3,238,2.6,0,0,0,0,0,0,1,0,0,0,0,0,0,Matches
160,Cameron Burgess,DF,au Australia,30,2.eng Swansea City,1995,2,2,135,1.5,0,0,0,0,0,0,0,0,0,0,0,0,0,Matches
161,Dan Burn,DF,eng England,34,1.eng Newcastle,1992,3,0,35,0.4,0,0,0,0,0,0,0,0,0,0,0,0,0,Matches
162,Dženis Burni?,MF,ba Bosnia–Herz,28,2.de Karlsruher,1998,2,0,16,0.2,0,0,0,0,0,0,0,0,0,0,0,0,0,Matches
163,Gustavo Caballero,"FW,MF",py Paraguay,24,2.eng Portsmouth,2001,2,0,96,1.1,0,0,0,0,0,0,0,0,0,0,0,0,0,Matches
164,Jovane Cabral,FW,cv Cabo Verde,28,1.pt Estrela,1998,2,2,139,1.5,0,0,0,0,0,0,0,0,0,0,0,0,0,Matches
165,Liberato Cacace,DF,nz New Zealand,25,2.eng Wrexham,2000,3,3,220,2.4,0,0,0,0,0,0,0,0,0,0,0,0,0,Matches
166,Juan Cáceres,DF,py Paraguay,26,1.ru Dynamo Moskva,2000,5,5,436,4.8,0,0,0,0,0,0,1,0,0,0,0,0,0,Matches
167,Sebastián Cáceres,DF,uy Uruguay,26,1.mx América,1999,3,3,270,3,0,0,0,0,0,0,0,0,0,0,0,0,0,Matches
168,Jordy Caicedo,FW,ec Ecuador,28,1.ar Huracán,1997,3,0,20,0.2,0,0,0,0,0,0,0,0,0,0,0,0,0,Matches
169,Moisés Caicedo,MF,ec Ecuador,24,1.eng Chelsea,2001,4,4,360,4,0,0,0,0,0,0,1,0,0,0,0,0,0,Matches
170,U?urcan Çak?r,GK,tr Türkiye,30,1.tr Galatasaray,1996,3,3,270,3,0,0,0,0,0,0,0,0,0,0,0,0,0,Matches
171,Hakan Çalhano?lu,MF,tr Türkiye,32,1.it Inter,1994,2,2,180,2,0,0,0,0,0,0,0,0,0,0,0,0,0,Matches
172,Lamine Camara,MF,sn Senegal,22,1.fr Monaco,2004,4,3,248,2.8,0,1,1,0,0,0,1,0,0,0.36,0.36,0,0.36,Matches
173,Jaminton Campaz,"FW,MF",co Colombia,26,1.ar Rosario Central,2000,3,0,75,0.8,1,0,1,1,0,0,0,0,1.2,0,1.2,1.2,1.2,Matches
174,?rfan Can Kahveci,MF,tr Türkiye,30,1.tr Kas?mpa?a,1995,1,0,1,0,0,0,0,0,0,0,0,0,0,0,0,0,0,Matches
175,José Canale,DF,py Paraguay,29,1.ar Lanús,1996,4,1,161,1.8,0,0,0,0,0,0,0,0,0,0,0,0,0,Matches
Rk,Player,Pos,Squad,Age,Club,Born,MP,Starts,Min,90s,Gls,Ast,G+A,G-PK,PK,PKatt,CrdY,CrdR,Gls,Ast,G+A,G-PK,G+A-PK,Matches
176,João Cancelo,DF,pt Portugal,32,1.es Barcelona,1994,5,5,312,3.5,0,1,1,0,0,0,0,0,0,0.29,0.29,0,0.29,Matches
177,Agustín Canobbio,FW,uy Uruguay,27,1.br Fluminense,1998,3,2,224,2.5,1,0,1,1,0,0,0,1,0.4,0,0.4,0.4,0.4,Matches
178,Casemiro,MF,br Brazil,34,1.eng Manchester Utd,1992,5,5,379,4.2,1,0,1,1,0,0,2,0,0.24,0,0.24,0.24,0.24,Matches
179,Josué Casimir,MF,ht Haiti,24,1.fr Auxerre,2001,3,2,182,2,0,0,0,0,0,0,1,0,0,0,0,0,0,Matches
180,Timothy Castagne,DF,be Belgium,30,1.eng Fulham,1995,6,5,478,5.3,0,1,1,0,0,0,1,0,0,0.19,0.19,0,0.19,Matches
181,Kevin Castaño,MF,co Colombia,25,1.ar River Plate,2000,2,0,16,0.2,0,0,0,0,0,0,0,0,0,0,0,0,0,Matches
182,Jens Castrop,MF,kr Korea Republic,22,1.de Gladbach,2003,1,0,45,0.5,0,0,0,0,0,0,0,0,0,0,0,0,0,Matches
183,Zeki Çelik,DF,tr Türkiye,29,1.it Roma,1997,2,2,163,1.8,0,0,0,0,0,0,0,0,0,0,0,0,0,Matches
184,Lukáš ?erv,MF,cz Czechia,25,1.cz Viktoria Plze?,2001,2,2,163,1.8,0,0,0,0,0,0,0,0,0,0,0,0,0,Matches
185,Fares Chaïbi,MF,dz Algeria,23,1.de Frankfurt,2002,4,4,360,4,0,0,0,0,0,0,1,0,0,0,0,0,0,Matches
186,Trevoh Chalobah,"DF,MF",eng England,26,1.eng Chelsea,1999,1,0,1,0,0,0,0,0,0,0,0,0,0,0,0,0,0,Matches
187,Št?pán Chaloupek,DF,cz Czechia,23,1.cz Slavia Prague,2003,1,1,90,1,0,0,0,0,0,0,0,0,0,0,0,0,0,Matches
188,Mouhib Chamakh,GK,tn Tunisia,24,1.tn Club Africain,2001,1,1,90,1,0,0,0,0,0,0,0,0,0,0,0,0,0,Matches
189,Firas Chaouat,FW,tn Tunisia,30,1.tn Club Africain,1996,3,0,49,0.5,0,0,0,0,0,0,0,0,0,0,0,0,0,Matches
190,Luis Chávez,MF,mx Mexico,30,1.ru Dynamo Moskva,1996,1,0,25,0.3,0,0,0,0,0,0,0,0,0,0,0,0,0,Matches
191,Mateo Chávez,DF,mx Mexico,22,1.nl AZ Alkmaar,2004,1,1,77,0.9,1,0,1,1,0,0,0,0,1.17,0,1.17,1.17,1.17,Matches
192,Samir Chergui,DF,dz Algeria,27,1.fr Paris FC,1999,1,0,20,0.2,0,0,0,0,0,0,0,0,0,0,0,0,0,Matches
193,Rayan Cherki,MF,fr France,22,1.eng Manchester City,2003,7,1,130,1.4,0,0,0,0,0,0,0,0,0,0,0,0,0,Matches
194,Mathieu Choinière,MF,ca Canada,27,1.us LAFC,1999,1,1,57,0.6,0,0,0,0,0,0,0,0,0,0,0,0,0,Matches
195,Tahith Chong,MF,cw Curaçao,26,2.eng Sheffield United,1999,3,3,247,2.7,0,0,0,0,0,0,0,0,0,0,0,0,0,Matches
196,Tomáš Chorý,FW,cz Czechia,31,1.cz Slavia Prague,1995,2,0,31,0.3,0,0,0,0,0,0,0,0,0,0,0,0,0,Matches
197,Ryan Christie,MF,sct Scotland,31,1.eng Bournemouth,1995,3,1,95,1.1,0,0,0,0,0,0,1,0,0,0,0,0,0,Matches
198,Carney Chukwuemeka,MF,at Austria,22,1.de Dortmund,2003,3,0,83,0.9,0,0,0,0,0,0,0,0,0,0,0,0,0,Matches
199,Mojmír Chytil,FW,cz Czechia,27,1.cz Slavia Prague,1999,1,0,7,0.1,0,0,0,0,0,0,0,0,0,0,0,0,0,Matches
200,Brian Cipenga,"MF,FW",cd Congo DR,28,2.es Castellón,1998,2,2,146,1.6,1,0,1,1,0,0,0,0,0.62,0,0.62,0.62,0.62,Matches
Rk,Player,Pos,Squad,Age,Club,Born,MP,Starts,Min,90s,Gls,Ast,G+A,G-PK,PK,PKatt,CrdY,CrdR,Gls,Ast,G+A,G-PK,G+A-PK,Matches
201,Alessandro Circati,DF,au Australia,22,1.it Parma,2003,4,4,390,4.3,0,0,0,0,0,0,1,0,0,0,0,0,0,Matches
202,Pathé Ciss,DF,sn Senegal,32,1.es Rayo Vallecano,1994,4,1,184,2,0,0,0,0,0,0,0,0,0,0,0,0,0,Matches
203,Livano Comenencia,MF,cw Curaçao,22,1.ch Zürich,2004,3,3,233,2.6,1,0,1,1,0,0,1,0,0.39,0,0.39,0.39,0.39,Matches
204,Eray Cömert,DF,ch Switzerland,28,1.es Valencia,1998,1,0,31,0.3,0,0,0,0,0,0,0,0,0,0,0,0,0,Matches
205,Francisco Conceição,MF,pt Portugal,23,1.it Juventus,2002,4,0,126,1.4,0,0,0,0,0,0,0,0,0,0,0,0,0,Matches
206,Jhon Córdoba,FW,co Colombia,33,1.ru Krasnodar,1993,3,2,99,1.1,0,0,0,0,0,0,0,0,0,0,0,0,0,Matches
207,José Córdoba,DF,pa Panama,25,2.eng Norwich City,2001,3,3,270,3,0,0,0,0,0,0,0,0,0,0,0,0,0,Matches
208,Derek Cornelius,DF,ca Canada,28,1.fr Marseille,1997,4,4,315,3.5,0,0,0,0,0,0,1,0,0,0,0,0,0,Matches
209,Diogo Costa,GK,pt Portugal,26,1.pt Porto,1999,5,5,450,5,0,0,0,0,0,0,0,0,0,0,0,0,0,Matches
210,Nuno da Costa,FW,cv Cabo Verde,35,1.tr Ba?ak?ehir,1991,4,1,159,1.8,0,0,0,0,0,0,0,0,0,0,0,0,0,Matches
211,Samu Costa,MF,pt Portugal,25,1.es Mallorca,2000,1,0,21,0.2,0,0,0,0,0,0,0,0,0,0,0,0,0,Matches
212,Vladimír Coufal,"MF,DF",cz Czechia,33,1.de Hoffenheim,1992,3,3,270,3,0,1,1,0,0,0,0,0,0,0.33,0.33,0,0.33,Matches
213,Thibaut Courtois,GK,be Belgium,34,1.es Real Madrid,1992,6,6,550,6.1,0,0,0,0,0,0,0,0,0,0,0,0,0,Matches
214,Maxime Crépeau,GK,ca Canada,32,1.us Orlando City,1994,5,5,450,5,0,0,0,0,0,0,0,0,0,0,0,0,0,Matches
215,Max Crocombe,GK,nz New Zealand,32,2.eng Millwall,1993,3,3,270,3,0,0,0,0,0,0,0,0,0,0,0,0,0,Matches
216,Pau Cubarsí,DF,es Spain,19,1.es Barcelona,2007,8,8,750,8.3,0,0,0,0,0,0,1,0,0,0,0,0,0,Matches
217,Andrés Cubas,MF,py Paraguay,30,1.us Vancouver,1996,5,5,480,5.3,0,0,0,0,0,0,1,0,0,0,0,0,0,Matches
218,Cucho,"FW,MF",co Colombia,27,1.es Real Betis,1999,2,0,50,0.6,0,1,1,0,0,0,0,0,0,1.8,1.8,0,1.8,Matches
219,Marc Cucurella,DF,es Spain,27,1.eng Chelsea,1998,8,8,750,8.3,0,2,2,0,0,0,1,0,0,0.24,0.24,0,0.24,Matches
220,Matheus Cunha,FW,br Brazil,27,1.eng Manchester Utd,1999,5,4,290,3.2,3,0,3,3,0,0,0,0,0.93,0,0.93,0.93,0.93,Matches
221,Findlay Curtis,MF,sct Scotland,19,1.sct Kilmarnock,2006,2,0,9,0.1,0,0,0,0,0,0,1,0,0,0,0,0,0,Matches
222,Aymen Dahmen,GK,tn Tunisia,29,1.tn Ahly Sfaxien,1997,2,2,180,2,0,0,0,0,0,0,0,0,0,0,0,0,0,Matches
223,Diogo Dalot,"DF,MF",pt Portugal,27,1.eng Manchester Utd,1999,2,0,65,0.7,0,0,0,0,0,0,0,0,0,0,0,0,0,Matches
224,Danilo,DF,br Brazil,34,1.br Flamengo,1991,5,4,405,4.5,0,0,0,0,0,0,2,0,0,0,0,0,0,Matches
225,Kevin Danso,DF,at Austria,27,1.eng Tottenham,1998,4,2,241,2.7,0,0,0,0,0,0,0,0,0,0,0,0,0,Matches
Rk,Player,Pos,Squad,Age,Club,Born,MP,Starts,Min,90s,Gls,Ast,G+A,G-PK,PK,PKatt,CrdY,CrdR,Gls,Ast,G+A,G-PK,G+A-PK,Matches
226,Vladimír Darida,MF,cz Czechia,35,1.cz Hradec Králové,1990,1,1,54,0.6,0,0,0,0,0,0,0,0,0,0,0,0,0,Matches
227,Jonathan David,FW,ca Canada,26,1.it Juventus,2000,5,5,420,4.7,3,0,3,3,0,0,1,0,0.64,0,0.64,0.64,0.64,Matches
228,Promise David,FW,ca Canada,24,1.be Union SG,2001,4,0,80,0.9,1,1,2,1,0,0,0,0,1.13,1.13,2.25,1.13,2.25,Matches
229,Alphonso Davies,"DF,FW",ca Canada,25,1.de Bayern Munich,2000,1,0,16,0.2,0,0,0,0,0,0,0,0,0,0,0,0,0,Matches
230,Erick Davis,DF,pa Panama,35,1.pa Plaza Amador,1991,2,0,4,0,0,0,0,0,0,0,0,0,0,0,0,0,0,Matches
231,Nasser Al-Dawsari,MF,sa Saudi Arabia,27,1.sa Al-Hilal,1998,3,2,207,2.3,0,0,0,0,0,0,1,0,0,0,0,0,0,Matches
232,Salem Al-Dawsari,MF,sa Saudi Arabia,34,1.sa Al-Hilal,1991,3,3,245,2.7,0,0,0,0,0,0,1,0,0,0,0,0,0,Matches
233,Mohammad Al-Dawud,"FW,MF",jo Jordan,34,1.jo Al-Wehdat SC,1992,1,0,3,0,0,0,0,0,0,0,0,0,0,0,0,0,0,Matches
234,Kevin De Bruyne,MF,be Belgium,34,1.it Napoli,1991,5,5,382,4.2,1,0,1,1,0,0,1,0,0.24,0,0.24,0.24,0.24,Matches
235,Maxim De Cuyper,DF,be Belgium,25,1.eng Brighton,2000,6,5,442,4.9,0,0,0,0,0,0,1,0,0,0,0,0,0,Matches
236,Luc De Fougerolles,DF,ca Canada,20,1.eng Fulham,2005,5,4,372,4.1,0,0,0,0,0,0,2,0,0,0,0,0,0,Matches
237,Charles De Ketelaere,"FW,MF",be Belgium,25,1.it Atalanta,2001,5,5,350,3.9,3,1,4,3,0,0,0,0,0.77,0.26,1.03,0.77,1.03,Matches
238,Nicolás De La Cruz,MF,uy Uruguay,29,1.br Flamengo,1997,3,0,86,1,0,0,0,0,0,0,1,0,0,0,0,0,0,Matches
239,Rodrigo De Paul,MF,ar Argentina,32,1.us Inter Miami,1994,7,6,491,5.5,0,1,1,0,0,0,1,0,0,0.18,0.18,0,0.18,Matches
240,Amar Dedi?,DF,ba Bosnia–Herz,23,1.pt Benfica,2002,3,3,270,3,0,0,0,0,0,0,1,0,0,0,0,0,0,Matches
241,Louicius Deedson,MF,ht Haiti,25,1.us FC Dallas,2001,3,1,112,1.2,0,0,0,0,0,0,0,0,0,0,0,0,0,Matches
242,Hannes Delcroix,DF,ht Haiti,27,1.ch Lugano,1999,3,3,270,3,0,0,0,0,0,0,0,0,0,0,0,0,0,Matches
243,Ousmane Dembélé,MF,fr France,29,1.fr PSG,1997,8,7,592,6.6,6,2,8,6,0,0,0,0,0.91,0.3,1.22,0.91,1.22,Matches
244,Merih Demiral,DF,tr Türkiye,28,1.sa Al-Ahli,1998,2,2,180,2,0,0,0,0,0,0,0,0,0,0,0,0,0,Matches
245,Ermedin Demirovi?,FW,ba Bosnia–Herz,28,1.de Stuttgart,1998,4,4,354,3.9,0,0,0,0,0,0,1,0,0,0,0,0,0,Matches
246,Sergiño Dest,MF,us USA,25,1.nl PSV,2000,5,4,297,3.3,0,0,0,0,0,0,0,0,0,0,0,0,0,Matches
247,Frans Dhia Putros,DF,iq Iraq,32,1.id Persib Bandung,1993,1,1,90,1,0,0,0,0,0,0,0,0,0,0,0,0,0,Matches
248,Oumar Diakité,FW,ci Côte d'Ivoire,22,1.be Cercle Brugge,2003,2,0,28,0.3,0,0,0,0,0,0,0,0,0,0,0,0,0,Matches
249,Amad Diallo,"MF,FW",ci Côte d'Ivoire,23,1.eng Manchester Utd,2002,4,2,185,2.1,2,0,2,2,0,0,0,0,0.97,0,0.97,0.97,0.97,Matches
250,Assane Diao,MF,sn Senegal,20,1.it Como,2005,1,0,10,0.1,0,0,0,0,0,0,0,0,0,0,0,0,0,Matches
Rk,Player,Pos,Squad,Age,Club,Born,MP,Starts,Min,90s,Gls,Ast,G+A,G-PK,PK,PKatt,CrdY,CrdR,Gls,Ast,G+A,G-PK,G+A-PK,Matches
251,Habib Diarra,MF,sn Senegal,22,1.eng Sunderland,2004,3,2,143,1.6,2,0,2,2,0,0,0,0,1.26,0,1.26,1.26,1.26,Matches
252,Rúben Dias,DF,pt Portugal,29,1.eng Manchester City,1997,4,4,360,4,0,0,0,0,0,0,1,0,0,0,0,0,0,Matches
253,Krépin Diatta,DF,sn Senegal,27,1.fr Monaco,1999,4,4,390,4.3,0,0,0,0,0,0,0,0,0,0,0,0,0,Matches
254,Mory Diaw,GK,sn Senegal,32,1.fr Le Havre,1993,3,2,238,2.6,0,0,0,0,0,0,0,0,0,0,0,0,0,Matches
255,Brahim Díaz,MF,ma Morocco,26,1.es Real Madrid,1999,6,6,457,5.1,0,4,4,0,0,0,0,0,0,0.79,0.79,0,0.79,Matches
256,Ismael Díaz,"FW,MF",pa Panama,29,1.mx León,1997,2,0,37,0.4,0,0,0,0,0,0,0,0,0,0,0,0,0,Matches
257,Luis Díaz,"FW,MF",co Colombia,29,1.de Bayern Munich,1997,5,5,478,5.3,1,1,2,1,0,0,0,0,0.19,0.19,0.38,0.19,0.38,Matches
258,Bamba Dieng,FW,sn Senegal,26,1.fr Lorient,2000,1,0,8,0.1,0,0,0,0,0,0,0,0,0,0,0,0,0,Matches
259,Lucas Digne,DF,fr France,32,1.eng Aston Villa,1993,6,5,463,5.1,0,0,0,0,0,0,0,0,0,0,0,0,0,Matches
260,Diney,DF,cv Cabo Verde,31,1.ae Al Bataeh,1995,4,4,390,4.3,0,0,0,0,0,0,1,0,0,0,0,0,0,Matches
261,Ousmane Diomande,DF,ci Côte d'Ivoire,22,1.pt Sporting CP,2003,1,1,90,1,0,0,0,0,0,0,0,0,0,0,0,0,0,Matches
262,Yan Diomandé,"MF,FW",ci Côte d'Ivoire,19,1.de RB Leipzig,2006,4,4,329,3.7,0,1,1,0,0,0,0,0,0,0.27,0.27,0,0.27,Matches
263,Issa Diop,DF,ma Morocco,29,1.eng Fulham,1997,5,5,476,5.3,1,0,1,1,0,0,3,0,0.19,0,0.19,0.19,0.19,Matches
264,El Hadji Malick Diouf,DF,sn Senegal,21,1.eng West Ham,2004,3,2,171,1.9,0,0,0,0,0,0,0,0,0,0,0,0,0,Matches
265,Ritsu Doan,MF,jp Japan,27,1.de Frankfurt,1998,4,4,278,3.1,0,1,1,0,0,0,0,0,0,0.32,0.32,0,0.32,Matches
266,Jeremy Doku,MF,be Belgium,24,1.eng Manchester City,2002,5,4,309,3.4,0,0,0,0,0,0,0,0,0,0,0,0,0,Matches
267,Merchas Doski,DF,iq Iraq,26,1.cz Viktoria Plze?,1999,3,3,270,3,0,0,0,0,0,0,1,0,0,0,0,0,0,Matches
268,David Doud?ra,MF,cz Czechia,28,1.cz Slavia Prague,1998,1,1,90,1,0,0,0,0,0,0,0,0,0,0,0,0,0,Matches
269,Désiré Doué,MF,fr France,21,1.fr PSG,2005,8,4,400,4.4,1,1,2,1,0,0,0,0,0.23,0.23,0.45,0.23,0.45,Matches
270,Guéla Doué,DF,ci Côte d'Ivoire,23,1.fr Strasbourg,2002,4,3,277,3.1,0,0,0,0,0,0,1,0,0,0,0,0,0,Matches
271,Deroy Duarte,MF,cv Cabo Verde,26,1.bg Ludogorets,1999,4,2,264,2.9,1,0,1,1,0,0,0,0,0.34,0,0.34,0.34,0.34,Matches
272,Laros Duarte,MF,cv Cabo Verde,29,1.hu Puskás Akad.,1997,4,2,166,1.8,0,0,0,0,0,0,0,0,0,0,0,0,0,Matches
273,Denzel Dumfries,"DF,MF",nl Netherlands,30,1.it Inter,1996,4,4,390,4.3,0,2,2,0,0,0,0,0,0,0.46,0.46,0,0.46,Matches
274,Jean-Kevin Duverne,DF,ht Haiti,28,1.be Gent,1997,2,2,169,1.9,0,1,1,0,0,0,0,0,0,0.53,0.53,0,0.53,Matches
275,Lyndon Dykes,"FW,MF",sct Scotland,30,2.eng Charlton Athletic,1995,2,0,36,0.4,0,0,0,0,0,0,0,0,0,0,0,0,0,Matches
Rk,Player,Pos,Squad,Age,Club,Born,MP,Starts,Min,90s,Gls,Ast,G+A,G-PK,PK,PKatt,CrdY,CrdR,Gls,Ast,G+A,G-PK,G+A-PK,Matches
276,Edin Džeko,FW,ba Bosnia–Herz,40,2.de Schalke 04,1986,3,3,176,2,0,0,0,0,0,0,1,0,0,0,0,0,0,Matches
277,Roshon van Eijma,DF,cw Curaçao,28,2.nl RKC Waalwijk,1998,1,0,15,0.2,0,0,0,0,0,0,0,0,0,0,0,0,0,Matches
278,Anthony Elanga,"MF,FW",se Sweden,24,1.eng Newcastle,2002,4,2,217,2.4,2,0,2,2,0,0,0,0,0.83,0,0.83,0.83,0.83,Matches
279,Meschak Elia,"FW,MF",cd Congo DR,28,1.tr Alanyaspor,1997,2,0,46,0.5,0,1,1,0,0,0,0,0,0,1.96,1.96,0,1.96,Matches
280,Callan Elliot,DF,nz New Zealand,26,1.au Auckland FC,1999,1,0,13,0.1,0,0,0,0,0,0,0,0,0,0,0,0,0,Matches
281,Eren Elmal?,DF,tr Türkiye,25,1.tr Galatasaray,2000,2,1,111,1.2,0,0,0,0,0,0,1,0,0,0,0,0,0,Matches
282,Nico Elvedi,DF,ch Switzerland,29,1.de Gladbach,1996,6,6,600,6.7,0,0,0,0,0,0,1,0,0,0,0,0,0,Matches
283,Breel Embolo,FW,ch Switzerland,29,1.fr Rennes,1997,6,6,501,5.6,2,2,4,1,1,1,2,1,0.36,0.36,0.72,0.18,0.54,Matches
284,Julio Enciso,FW,py Paraguay,22,1.fr Strasbourg,2004,5,5,386,4.3,1,2,3,1,0,0,0,0,0.23,0.47,0.7,0.23,0.7,Matches
285,Endrick,FW,br Brazil,19,1.fr Lyon,2006,4,0,114,1.3,0,0,0,0,0,0,0,0,0,0,0,0,0,Matches
286,Sherzod Esanov,MF,uz Uzbekistan,23,1.uz FK Bukhara Nurafshon,2003,1,0,1,0,0,0,0,0,0,0,0,0,0,0,0,0,0,Matches
287,Fidel Escobar,DF,pa Panama,31,1.cr Saprissa,1995,1,1,90,1,0,0,0,0,0,0,0,0,0,0,0,0,0,Matches
288,Pervis Estupiñán,MF,ec Ecuador,28,1.it Milan,1998,2,1,89,1,0,0,0,0,0,0,0,0,0,0,0,0,0,Matches
289,Derrick Etienne,"FW,MF",ht Haiti,29,1.us Toronto FC,1996,1,0,10,0.1,0,0,0,0,0,0,0,0,0,0,0,0,0,Matches
290,Stephen Eustáquio,MF,ca Canada,29,1.pt Porto,1996,5,4,392,4.4,1,0,1,1,0,0,0,0,0.23,0,0.23,0.23,0.23,Matches
291,Martin Expérience,"DF,MF",ht Haiti,27,2.fr Nancy,1999,3,3,270,3,0,0,0,0,0,0,0,0,0,0,0,0,0,Matches
292,Saeid Ezatolahi,MF,ir IR Iran,29,1.ae Al-Ahli Dubai FC,1996,3,3,264,2.9,0,0,0,0,0,0,2,0,0,0,0,0,0,Matches
293,Eberechi Eze,MF,eng England,27,1.eng Arsenal,1998,5,1,211,2.3,0,1,1,0,0,0,0,0,0,0.43,0.43,0,0.43,Matches
294,Fabinho,"DF,MF",br Brazil,32,1.sa Al-Ittihad,1993,3,0,71,0.8,0,0,0,0,0,0,1,0,0,0,0,0,0,Matches
295,José Fajardo,FW,pa Panama,32,1.ec Univ Católica,1993,3,1,155,1.7,0,0,0,0,0,0,1,0,0,0,0,0,0,Matches
296,Odeh Al-Fakhouri,"MF,FW",jo Jordan,20,1.eg Pyramids FC,2005,3,2,148,1.6,0,0,0,0,0,0,0,0,0,0,0,0,0,Matches
297,Henrik Falchener,DF,no Norway,23,1.no Viking,2003,1,1,65,0.7,0,0,0,0,0,0,0,0,0,0,0,0,0,Matches
298,Marko Farji,MF,iq Iraq,22,2.it Venezia,2004,2,0,54,0.6,0,0,0,0,0,0,0,0,0,0,0,0,0,Matches
299,Christian Fassnacht,"FW,MF",ch Switzerland,32,1.ch Young Boys,1993,1,0,6,0.1,0,0,0,0,0,0,0,0,0,0,0,0,0,Matches
300,Abdul Fatawu Issahaku,"FW,MF",gh Ghana,22,2.eng Leicester City,2004,4,0,132,1.5,0,0,0,0,0,0,1,0,0,0,0,0,0,Matches
Rk,Player,Pos,Squad,Age,Club,Born,MP,Starts,Min,90s,Gls,Ast,G+A,G-PK,PK,PKatt,CrdY,CrdR,Gls,Ast,G+A,G-PK,G+A-PK,Matches
301,Ahmed Fathy,MF,qa Qatar,33,1.qa Al-Arabi,1993,3,1,150,1.7,0,0,0,0,0,0,2,0,0,0,0,0,0,Matches
302,Hamdy Fathy,"DF,MF",eg Egypt,31,1.qa Al-Wakrah,1994,4,3,238,2.6,0,0,0,0,0,0,1,0,0,0,0,0,0,Matches
303,Ahmed Fatouh,DF,eg Egypt,28,1.eg Zamalek SC,1998,3,3,267,3,0,0,0,0,0,0,1,0,0,0,0,0,0,Matches
304,Abbosbek Fayzullayev,MF,uz Uzbekistan,22,1.tr Ba?ak?ehir,2003,3,3,220,2.4,1,0,1,1,0,0,0,0,0.41,0,0.41,0.41,0.41,Matches
305,João Félix,MF,pt Portugal,26,1.sa Al-Nassr,1999,3,3,201,2.2,0,0,0,0,0,0,0,0,0,0,0,0,0,Matches
306,Lewis Ferguson,MF,sct Scotland,26,1.it Bologna,1999,3,3,270,3,0,0,0,0,0,0,0,0,0,0,0,0,0,Matches
307,Bruno Fernandes,MF,pt Portugal,31,1.eng Manchester Utd,1994,5,5,422,4.7,0,1,1,0,0,0,0,0,0,0.21,0.21,0,0.21,Matches
308,Enzo Fernández,MF,ar Argentina,25,1.eng Chelsea,2001,7,7,659,7.3,2,0,2,2,0,0,2,1,0.27,0,0.27,0.27,0.27,Matches
309,Matias Fernandez-Pardo,"FW,MF",be Belgium,21,1.fr Lille,2005,3,0,44,0.5,0,0,0,0,0,0,0,0,0,0,0,0,0,Matches
310,Álvaro Fidalgo,MF,mx Mexico,29,1.es Real Betis,1997,3,1,96,1.1,1,0,1,1,0,0,0,0,0.94,0,0.94,0.94,0.94,Matches
311,Sherel Floranus,DF,cw Curaçao,27,1.nl Zwolle,1998,3,3,270,3,0,0,0,0,0,0,0,0,0,0,0,0,0,Matches
312,Seko Fofana,MF,ci Côte d'Ivoire,31,1.pt Porto,1995,2,1,92,1,0,0,0,0,0,0,1,0,0,0,0,0,0,Matches
313,Yahia Fofana,GK,ci Côte d'Ivoire,25,1.tr Rizespor,2000,4,4,360,4,0,0,0,0,0,0,0,0,0,0,0,0,0,Matches
314,Deveron Fonville,DF,cw Curaçao,23,1.nl NEC Nijmegen,2003,3,3,241,2.7,0,0,0,0,0,0,0,0,0,0,0,0,0,Matches
315,Yassin Fortuné,"FW,MF",ht Haiti,27,2.pt Vizela,1999,1,0,6,0.1,0,0,0,0,0,0,0,0,0,0,0,0,0,Matches
316,Lyle Foster,FW,za South Africa,25,1.eng Burnley,2000,1,1,55,0.6,0,0,0,0,0,0,0,0,0,0,0,0,0,Matches
317,Alan Franco,DF,ec Ecuador,27,1.br Atlético Mineiro,1998,4,4,251,2.8,0,0,0,0,0,0,2,0,0,0,0,0,0,Matches
318,Alex Freeman,DF,us USA,21,1.es Villarreal,2004,5,4,374,4.2,1,1,2,1,0,0,0,0,0.24,0.24,0.48,0.24,0.48,Matches
319,Matt Freese,GK,us USA,27,1.us NYCFC,1998,4,4,360,4,0,0,0,0,0,0,0,0,0,0,0,0,0,Matches
320,Remo Freuler,MF,ch Switzerland,34,1.it Bologna,1992,6,6,592,6.6,0,0,0,0,0,0,0,0,0,0,0,0,0,Matches
321,Marco Friedl,DF,at Austria,28,1.de Werder Bremen,1998,1,0,24,0.3,0,0,0,0,0,0,0,0,0,0,0,0,0,Matches
322,Juriën Gaari,DF,cw Curaçao,32,2.sa Abha,1993,2,2,166,1.8,0,0,0,0,0,0,1,0,0,0,0,0,0,Matches
323,Jassem Gaber,MF,qa Qatar,24,1.qa Al Rayyan SC,2002,3,3,149,1.7,0,0,0,0,0,0,1,0,0,0,0,0,0,Matches
324,Cody Gakpo,FW,nl Netherlands,27,1.eng Liverpool,1999,4,4,368,4.1,3,1,4,3,0,0,0,0,0.73,0.24,0.98,0.73,0.98,Matches
325,Matías Galarza,MF,py Paraguay,24,1.us Atlanta Utd,2002,4,4,388,4.3,1,1,2,1,0,0,2,0,0.23,0.23,0.46,0.23,0.46,Matches
Rk,Player,Pos,Squad,Age,Club,Born,MP,Starts,Min,90s,Gls,Ast,G+A,G-PK,PK,PKatt,CrdY,CrdR,Gls,Ast,G+A,G-PK,G+A-PK,Matches
326,Hernán Galíndez,GK,ec Ecuador,39,1.ar Huracán,1987,4,4,360,4,0,0,0,0,0,0,0,0,0,0,0,0,0,Matches
327,Jesús Gallardo,DF,mx Mexico,31,1.mx Toluca,1994,5,4,373,4.1,0,0,0,0,0,0,0,0,0,0,0,0,0,Matches
328,Ahmed Al-Ganehi,FW,qa Qatar,25,1.qa Al-Gharafa Sports Club,2000,1,0,36,0.4,0,0,0,0,0,0,0,0,0,0,0,0,0,Matches
329,Ben Gannon-Doak,MF,sct Scotland,20,1.eng Bournemouth,2005,3,2,186,2.1,0,0,0,0,0,0,0,0,0,0,0,0,0,Matches
330,Eric García,"DF,MF",es Spain,25,1.es Barcelona,2001,1,0,22,0.2,0,0,0,0,0,0,0,0,0,0,0,0,0,Matches
331,Gavi,FW,es Spain,21,1.es Barcelona,2004,2,1,76,0.8,0,0,0,0,0,0,0,0,0,0,0,0,0,Matches
332,Jason Geria,DF,au Australia,33,2.jp Albirex Niigata,1993,2,0,62,0.7,0,0,0,0,0,0,0,0,0,0,0,0,0,Matches
333,Khalid Al Ghannam,MF,sa Saudi Arabia,25,1.sa Al-Ettifaq,2000,1,0,1,0,0,0,0,0,0,0,0,0,0,0,0,0,0,Matches
334,Ismaël Gharbi,MF,tn Tunisia,22,1.de Augsburg,2004,3,1,127,1.4,0,0,0,0,0,0,0,0,0,0,0,0,0,Matches
335,Mehdi Ghayedi,FW,ir IR Iran,27,1.ae Al-Nasr Dubai,1998,1,0,45,0.5,0,0,0,0,0,0,0,0,0,0,0,0,0,Matches
336,Farés Ghedjemis,"FW,MF",dz Algeria,23,2.it Frosinone,2002,1,0,1,0,0,0,0,0,0,0,0,0,0,0,0,0,0,Matches
337,Saman Ghoddos,MF,ir IR Iran,32,1.ae Al-Ittihad Kalba,1993,3,3,208,2.3,0,0,0,0,0,0,0,0,0,0,0,0,0,Matches
338,Mohammad Ghorbani,MF,ir IR Iran,25,1.ae Al-Wahda FC,2001,1,1,90,1,0,0,0,0,0,0,0,0,0,0,0,0,0,Matches
339,Lee Gi-hyuk,DF,kr Korea Republic,25,1.kr Gangwon FC,2000,3,3,270,3,0,0,0,0,0,0,1,0,0,0,0,0,0,Matches
340,Armin Gigovic,MF,ba Bosnia–Herz,24,1.ch Young Boys,2002,2,1,79,0.9,0,0,0,0,0,0,0,0,0,0,0,0,0,Matches
341,Orlando Gill,GK,py Paraguay,26,1.py San Lorenzo,2000,5,5,480,5.3,0,0,0,0,0,0,0,0,0,0,0,0,0,Matches
342,Santiago Giménez,FW,mx Mexico,25,1.it Milan,2001,4,0,86,1,0,0,0,0,0,0,0,0,0,0,0,0,0,Matches
343,Aníbal Godoy,MF,pa Panama,36,1.us San Diego FC,1990,1,0,1,0,0,0,0,0,0,0,0,0,0,0,0,0,0,Matches
344,Andrés Gómez,MF,co Colombia,23,1.br Vasco da Gama,2002,1,0,1,0,0,0,0,0,0,0,0,0,0,0,0,0,0,Matches
345,Diego Gómez,MF,py Paraguay,23,1.eng Brighton,2003,4,4,304,3.4,0,0,0,0,0,0,2,0,0,0,0,0,0,Matches
346,Gustavo Gómez,DF,py Paraguay,33,1.br Palmeiras,1993,5,5,480,5.3,0,0,0,0,0,0,0,0,0,0,0,0,0,Matches
347,Armando González,FW,mx Mexico,23,1.mx Guadalajara,2003,1,0,15,0.2,0,0,0,0,0,0,0,0,0,0,0,0,0,Matches
348,Nicolás González,MF,ar Argentina,28,1.es Atlético Madrid,1998,7,1,259,2.9,0,1,1,0,0,0,0,0,0,0.35,0.35,0,0.35,Matches
349,Anthony Gordon,MF,eng England,25,1.es Barcelona,2001,6,5,396,4.4,1,3,4,1,0,0,0,0,0.23,0.68,0.91,0.23,0.91,Matches
350,Leon Goretzka,MF,de Germany,31,1.de Bayern Munich,1995,3,0,99,1.1,0,0,0,0,0,0,0,0,0,0,0,0,0,Matches
Rk,Player,Pos,Squad,Age,Club,Born,MP,Starts,Min,90s,Gls,Ast,G+A,G-PK,PK,PKatt,CrdY,CrdR,Gls,Ast,G+A,G-PK,G+A-PK,Matches
351,Kenji Gorré,"FW,MF",cw Curaçao,31,1.il Maccabi Haifa,1994,1,0,16,0.2,0,0,0,0,0,0,0,0,0,0,0,0,0,Matches
352,Keisuke Got?,FW,jp Japan,21,1.be Sint-Truiden,2005,1,0,7,0.1,0,0,0,0,0,0,0,0,0,0,0,0,0,Matches
353,Amine Gouiri,FW,dz Algeria,26,1.fr Marseille,2000,4,3,251,2.8,1,0,1,1,0,0,0,0,0.36,0,0.36,0.36,0.36,Matches
354,Ryan Gravenberch,MF,nl Netherlands,24,1.eng Liverpool,2002,4,4,345,3.8,0,2,2,0,0,0,0,0,0,0.52,0.52,0,0.52,Matches
355,Michael Gregoritsch,FW,at Austria,32,1.de Augsburg,1994,3,2,188,2.1,0,1,1,0,0,0,0,0,0,0.48,0.48,0,0.48,Matches
356,Florian Grillitsch,"DF,MF",at Austria,30,1.pt Braga,1995,2,0,90,1,0,0,0,0,0,0,0,0,0,0,0,0,0,Matches
357,Pascal Groß,"DF,MF",de Germany,34,1.eng Brighton,1991,1,0,18,0.2,0,0,0,0,0,0,0,0,0,0,0,0,0,Matches
358,Gabriel Gudmundsson,"MF,DF",se Sweden,27,1.eng Leeds United,1999,4,4,330,3.7,0,0,0,0,0,0,1,0,0,0,0,0,0,Matches
359,Cho Gue-sung,FW,kr Korea Republic,28,1.dk Midtjylland,1998,2,0,31,0.3,0,0,0,0,0,0,1,0,0,0,0,0,0,Matches
360,Marc Guéhi,DF,eng England,25,1.eng Manchester City,2000,8,7,663,7.4,0,0,0,0,0,0,1,0,0,0,0,0,0,Matches
361,Evann Guessand,"FW,MF",ci Côte d'Ivoire,24,1.eng Crystal Palace,2001,2,0,17,0.2,0,0,0,0,0,0,0,0,0,0,0,0,0,Matches
362,Idrissa Gueye,MF,sn Senegal,36,1.eng Everton,1989,4,4,361,4,0,0,0,0,0,0,0,0,0,0,0,0,0,Matches
363,Pape Gueye,MF,sn Senegal,27,1.es Villarreal,1999,4,3,234,2.6,2,1,3,2,0,0,1,0,0.77,0.38,1.15,0.77,1.15,Matches
364,Bruno Guimarães,MF,br Brazil,28,1.eng Newcastle,1997,5,5,416,4.6,0,4,4,0,0,1,0,0,0,0.87,0.87,0,0.87,Matches
365,Deniz Gül,FW,tr Türkiye,21,1.pt Porto,2004,2,0,37,0.4,0,0,0,0,0,0,0,0,0,0,0,0,0,Matches
366,Arda Güler,MF,tr Türkiye,21,1.es Real Madrid,2005,3,3,270,3,1,0,1,1,0,0,0,0,0.33,0,0.33,0.33,0.33,Matches
367,Angus Gunn,GK,sct Scotland,30,1.eng Nottingham,1996,3,3,270,3,0,0,0,0,0,0,0,0,0,0,0,0,0,Matches
368,Malo Gusto,DF,fr France,23,1.eng Chelsea,2003,5,1,121,1.3,0,0,0,0,0,0,0,0,0,0,0,0,0,Matches
369,Brian Gutiérrez,MF,mx Mexico,22,1.mx Guadalajara,2003,4,2,198,2.2,0,0,0,0,0,0,1,0,0,0,0,0,0,Matches
370,Jorge Gutiérrez,DF,pa Panama,27,1.ve Dep. La Guaira,1998,1,1,87,1,0,0,0,0,0,0,0,0,0,0,0,0,0,Matches
371,Joško Gvardiol,DF,hr Croatia,24,1.eng Manchester City,2002,4,2,139,1.5,0,0,0,0,0,0,0,0,0,0,0,0,0,Matches
372,Viktor Gyökeres,FW,se Sweden,28,1.eng Arsenal,1998,4,4,360,4,1,2,3,1,0,0,1,0,0.25,0.5,0.75,0.25,0.75,Matches
373,Aziz G?aniyev,MF,uz Uzbekistan,28,,1998,2,1,122,1.4,0,0,0,0,0,0,0,0,0,0,0,0,0,Matches
374,Erling Haaland,FW,no Norway,25,1.eng Manchester City,2000,5,5,465,5.2,7,0,7,7,0,0,0,0,1.35,0,1.35,1.35,1.35,Matches
375,Ihsan Haddad,DF,jo Jordan,32,1.jo Al-Hussein SC,1994,3,3,260,2.9,0,1,1,0,0,0,0,0,0,0.35,0.35,0,0.35,Matches
Rk,Player,Pos,Squad,Age,Club,Born,MP,Starts,Min,90s,Gls,Ast,G+A,G-PK,PK,PKatt,CrdY,CrdR,Gls,Ast,G+A,G-PK,G+A-PK,Matches
376,Anis Hadj Moussa,MF,dz Algeria,24,1.nl Feyenoord,2002,3,1,98,1.1,0,0,0,0,0,0,0,0,0,0,0,0,0,Matches
377,Jaouen Hadjam,DF,dz Algeria,23,1.ch Young Boys,2003,3,1,109,1.2,0,0,0,0,0,0,0,0,0,0,0,0,0,Matches
378,Amir Hadžiahmetovi?,MF,ba Bosnia–Herz,29,2.eng Hull City,1997,1,0,6,0.1,0,0,0,0,0,0,0,0,0,0,0,0,0,Matches
379,Dennis Hadžikaduni?,DF,ba Bosnia–Herz,27,2.it Sampdoria,1998,1,0,27,0.3,0,1,1,0,0,0,0,0,0,3.33,3.33,0,3.33,Matches
380,Karim Hafez,DF,eg Egypt,30,1.eg Pyramids FC,1996,3,2,172,1.9,0,1,1,0,0,0,0,0,0,0.52,0.52,0,0.52,Matches
381,Ehsan Hajsafi,DF,ir IR Iran,36,1.ir Sepahan,1990,2,1,91,1,0,0,0,0,0,0,1,0,0,0,0,0,0,Matches
382,Achraf Hakimi,DF,ma Morocco,27,1.fr PSG,1998,6,6,570,6.3,1,2,3,1,0,0,1,0,0.16,0.32,0.47,0.16,0.47,Matches
383,Redouane Halhal,DF,ma Morocco,23,1.be Mechelen,2003,2,2,180,2,0,0,0,0,0,0,1,0,0,0,0,0,0,Matches
384,Ali Al Hamadi,FW,iq Iraq,24,2.eng Ipswich Town,2002,3,2,180,2,0,0,0,0,0,0,0,0,0,0,0,0,0,Matches
385,Abdullah Al-Hamdan,FW,sa Saudi Arabia,26,1.sa Al-Nassr,1999,3,0,71,0.8,0,0,0,0,0,0,0,0,0,0,0,0,0,Matches
386,Mohamed Amine Ben Hamida,DF,tn Tunisia,30,1.tn Espérance Tunis,1995,3,2,202,2.2,0,0,0,0,0,0,0,0,0,0,0,0,0,Matches
387,Odiljon Hamrobekov,MF,uz Uzbekistan,30,1.ir Tractor,1996,2,1,77,0.9,0,0,0,0,0,0,1,0,0,0,0,0,0,Matches
388,Lee Han-beom,DF,kr Korea Republic,23,1.dk Midtjylland,2002,3,3,270,3,0,0,0,0,0,0,0,0,0,0,0,0,0,Matches
389,Grant Hanley,DF,sct Scotland,34,1.sct Hibernian,1991,2,2,180,2,0,0,0,0,0,0,0,0,0,0,0,0,0,Matches
390,Sontje Hansen,FW,cw Curaçao,24,2.eng Middlesbrough,2002,1,1,45,0.5,0,0,0,0,0,0,0,0,0,0,0,0,0,Matches
391,Mohamed Hany,DF,eg Egypt,30,1.eg Al Ahly,1996,5,5,480,5.3,0,1,1,0,0,0,0,0,0,0.19,0.19,0,0.19,Matches
392,Moteb Al-Harbi,DF,sa Saudi Arabia,26,1.sa Al-Hilal,2000,3,2,188,2.1,0,0,0,0,0,0,0,0,0,0,0,0,0,Matches
393,Saleh Hardani,DF,ir IR Iran,27,1.ir Esteghlal,1998,2,1,90,1,0,0,0,0,0,0,0,0,0,0,0,0,0,Matches
394,Carlos Harvey,MF,pa Panama,26,1.us Minnesota Utd,2000,3,3,267,3,0,0,0,0,0,0,1,0,0,0,0,0,0,Matches
395,Akam Hashim,DF,iq Iraq,27,1.iq Al-Zawra'a SC,1998,3,3,270,3,0,0,0,0,0,0,0,0,0,0,0,0,0,Matches
396,Haissem Hassan,MF,eg Egypt,24,1.es Oviedo,2002,2,1,126,1.4,0,1,1,0,0,0,2,0,0,0.71,0.71,0,0.71,Matches
397,Jalal Hassan,GK,iq Iraq,35,1.iq Al-Zawra'a SC,1991,2,1,135,1.5,0,0,0,0,0,0,0,0,0,0,0,0,0,Matches
398,Abdulaziz Hatem,MF,qa Qatar,36,1.qa Al Rayyan SC,1990,1,0,45,0.5,0,0,0,0,0,0,0,0,0,0,0,0,0,Matches
399,Jorrel Hato,DF,nl Netherlands,20,1.eng Chelsea,2006,1,0,35,0.4,0,0,0,0,0,0,0,0,0,0,0,0,0,Matches
400,Kai Havertz,FW,de Germany,27,1.eng Arsenal,1999,4,4,353,3.9,3,0,3,2,1,1,1,0,0.76,0,0.76,0.51,0.51,Matches
Rk,Player,Pos,Squad,Age,Club,Born,MP,Starts,Min,90s,Gls,Ast,G+A,G-PK,PK,PKatt,CrdY,CrdR,Gls,Ast,G+A,G-PK,G+A-PK,Matches
401,Hassan Al-Haydos,MF,qa Qatar,35,1.qa Al Sadd,1990,2,1,57,0.6,1,0,1,1,0,0,0,0,1.58,0,1.58,1.58,1.58,Matches
402,Jan Paul van Hecke,DF,nl Netherlands,26,1.eng Brighton,2000,4,4,390,4.3,1,0,1,1,0,0,0,0,0.23,0,0.23,0.23,0.23,Matches
403,Hwang Hee-chan,FW,kr Korea Republic,30,1.eng Wolves,1996,3,1,108,1.2,0,0,0,0,0,0,0,0,0,0,0,0,0,Matches
404,Torbjørn Heggem,DF,no Norway,27,1.it Bologna,1999,5,5,443,4.9,0,0,0,0,0,0,0,0,0,0,0,0,0,Matches
405,Alaa Al Hejji,MF,sa Saudi Arabia,30,1.sa Neom,1995,2,0,32,0.4,0,0,0,0,0,0,0,0,0,0,0,0,0,Matches
406,Dean Henderson,GK,eng England,29,1.eng Crystal Palace,1997,1,1,90,1,0,0,0,0,0,0,0,0,0,0,0,0,0,Matches
407,Jordan Henderson,MF,eng England,35,1.eng Brentford,1990,1,0,7,0.1,0,0,0,0,0,0,1,0,0,0,0,0,0,Matches
408,Jack Hendry,DF,sct Scotland,31,1.sa Al-Ettifaq,1995,3,3,270,3,0,0,0,0,0,0,0,0,0,0,0,0,0,Matches
409,Luiz Henrique,"FW,MF",br Brazil,25,1.ru Zenit,2001,1,0,29,0.3,0,0,0,0,0,0,0,0,0,0,0,0,0,Matches
410,Theo Hernández,DF,fr France,28,1.sa Al-Hilal,1997,5,3,257,2.9,0,0,0,0,0,0,0,0,0,0,0,0,0,Matches
411,Lucas Herrington,DF,au Australia,18,1.us Colorado Rapids,2007,2,2,210,2.3,0,0,0,0,0,0,0,0,0,0,0,0,0,Matches
412,Son Heung-min,FW,kr Korea Republic,33,1.us LAFC,1992,3,2,169,1.9,0,0,0,0,0,0,0,0,0,0,0,0,0,Matches
413,Aaron Hickey,DF,sct Scotland,24,1.eng Brentford,2002,1,1,74,0.8,0,0,0,0,0,0,1,0,0,0,0,0,0,Matches
414,Isak Hien,DF,se Sweden,27,1.it Atalanta,1999,3,3,216,2.4,0,0,0,0,0,0,1,0,0,0,0,0,0,Matches
415,Piero Hincapié,DF,ec Ecuador,24,1.eng Arsenal,2002,4,4,339,3.8,0,0,0,0,0,0,1,1,0,0,0,0,0,Matches
416,Adam Hložek,FW,cz Czechia,23,1.de Hoffenheim,2002,3,2,156,1.7,0,0,0,0,0,0,0,0,0,0,0,0,0,Matches
417,Tomáš Holeš,DF,cz Czechia,33,1.cz Slavia Prague,1993,2,2,153,1.7,0,0,0,0,0,0,0,0,0,0,0,0,0,Matches
418,Amirhossein Hosseinzadeh,FW,ir IR Iran,25,1.ir Tractor,2000,2,0,17,0.2,0,0,0,0,0,0,0,0,0,0,0,0,0,Matches
419,Robin Hraná?,DF,cz Czechia,26,1.de Hoffenheim,2000,3,3,270,3,0,0,0,0,0,0,0,0,0,0,0,0,0,Matches
420,Ajdin Hrustic,MF,au Australia,29,1.nl Heracles Almelo,1996,2,0,80,0.9,0,0,0,0,0,0,0,0,0,0,0,0,0,Matches
421,César Huerta,"FW,MF",mx Mexico,25,1.be Anderlecht,2000,1,0,7,0.1,0,0,0,0,0,0,0,0,0,0,0,0,0,Matches
422,Al-Hashmi Al-Hussain,MF,qa Qatar,22,1.qa Al-Arabi,2003,1,0,32,0.4,0,0,0,0,0,0,0,0,0,0,0,0,0,Matches
423,Ayman Hussein,FW,iq Iraq,30,1.iq Al-Karma,1996,2,2,115,1.3,1,0,1,1,0,0,0,0,0.78,0,0.78,0.78,0.78,Matches
424,Oh Hyeon-gyu,FW,kr Korea Republic,25,1.tr Be?ikta?,2001,3,1,129,1.4,1,0,1,1,0,0,0,0,0.7,0,0.7,0.7,0.7,Matches
425,Yang Hyun-jun,"FW,MF",kr Korea Republic,24,1.sct Celtic,2002,1,0,20,0.2,0,0,0,0,0,0,0,0,0,0,0,0,0,Matches
Rk,Player,Pos,Squad,Age,Club,Born,MP,Starts,Min,90s,Gls,Ast,G+A,G-PK,PK,PKatt,CrdY,CrdR,Gls,Ast,G+A,G-PK,G+A-PK,Matches
426,Roger Ibanez,DF,br Brazil,27,1.sa Al-Ahli,1998,1,1,45,0.5,0,0,0,0,0,0,1,0,0,0,0,0,0,Matches
427,Yasser Ibrahim,DF,eg Egypt,33,1.eg Al Ahly,1993,5,4,467,5.2,1,0,1,1,0,0,2,0,0.19,0,0.19,0.19,0.19,Matches
428,Borja Iglesias,FW,es Spain,33,1.es Celta Vigo,1993,1,0,1,0,0,0,0,0,0,0,0,0,0,0,0,0,0,Matches
429,Hwang In-beom,MF,kr Korea Republic,29,1.nl Feyenoord,1996,3,3,263,2.9,1,1,2,1,0,0,0,0,0.34,0.34,0.68,0.34,0.68,Matches
430,Christ Inao Oulaï,MF,ci Côte d'Ivoire,20,1.tr Trabzonspor,2006,4,2,208,2.3,0,0,0,0,0,0,0,0,0,0,0,0,0,Matches
431,Zidane Iqbal,MF,iq Iraq,23,1.nl Utrecht,2003,3,2,188,2.1,0,0,0,0,0,0,0,0,0,0,0,0,0,Matches
432,Nestory Irankunda,"FW,MF",au Australia,20,2.eng Watford,2006,4,3,261,2.9,1,0,1,1,0,0,0,0,0.34,0,0.34,0.34,0.34,Matches
433,Jackson Irvine,MF,au Australia,33,1.de St Pauli,1993,4,2,223,2.5,0,0,0,0,0,0,1,0,0,0,0,0,0,Matches
434,Alexander Isak,FW,se Sweden,26,1.eng Liverpool,1999,4,4,357,4,1,3,4,1,0,0,0,0,0.25,0.76,1.01,0.25,1.01,Matches
435,Wilson Isidor,FW,ht Haiti,25,1.eng Sunderland,2000,3,2,186,2.1,1,0,1,1,0,0,0,0,0.48,0,0.48,0.48,0.48,Matches
436,Jamshid Iskanderov,"FW,MF",uz Uzbekistan,32,1.uz Neftchi FK,1993,1,0,9,0.1,0,0,0,0,0,0,0,0,0,0,0,0,0,Matches
437,Zaid Ismail,MF,iq Iraq,24,1.iq Al-Talaba,2002,2,2,117,1.3,0,0,0,0,0,0,0,0,0,0,0,0,0,Matches
438,Ko Itakura,DF,jp Japan,29,1.nl Ajax,1997,2,2,128,1.4,0,1,1,0,0,0,0,0,0,0.7,0.7,0,0.7,Matches
439,Jacob Italiano,DF,au Australia,24,1.at Grazer AK,2001,2,2,163,1.8,0,0,0,0,0,0,1,0,0,0,0,0,0,Matches
440,Hiroki Ito,DF,jp Japan,27,1.de Bayern Munich,1999,4,4,360,4,0,0,0,0,0,0,0,0,0,0,0,0,0,Matches
441,Junya It?,MF,jp Japan,33,1.be Genk,1993,4,2,216,2.4,1,0,1,1,0,0,0,0,0.42,0,0.42,0.42,0.42,Matches
442,Cedric Itten,"FW,MF",ch Switzerland,29,2.de Düsseldorf,1996,3,0,42,0.5,0,0,0,0,0,0,0,0,0,0,0,0,0,Matches
443,Nicolas Jackson,FW,sn Senegal,24,1.de Bayern Munich,2001,4,2,234,2.6,0,1,1,0,0,0,0,0,0,0.38,0.38,0,0.38,Matches
444,Lee Jae-sung,FW,kr Korea Republic,33,1.de Mainz 05,1992,2,2,117,1.3,0,0,0,0,0,0,0,0,0,0,0,0,0,Matches
445,Alireza Jahanbakhsh,"FW,MF",ir IR Iran,32,1.be Dender,1993,2,0,46,0.5,0,0,0,0,0,0,0,0,0,0,0,0,0,Matches
446,Ismail Jakobs,DF,sn Senegal,26,1.tr Galatasaray,1999,3,2,219,2.4,0,0,0,0,0,0,0,0,0,0,0,0,0,Matches
447,Reece James,DF,eng England,26,1.eng Chelsea,1999,5,3,319,3.5,0,0,0,0,0,0,0,0,0,0,0,0,0,Matches
448,Amer Jamous,MF,jo Jordan,23,1.iq Al-Zawra'a SC,2002,1,0,15,0.2,0,0,0,0,0,0,0,0,0,0,0,0,0,Matches
449,Luca Jaquez,DF,ch Switzerland,23,1.de Stuttgart,2003,2,1,78,0.9,0,0,0,0,0,0,0,0,0,0,0,0,0,Matches
450,Ardon Jashari,MF,ch Switzerland,23,1.it Milan,2002,3,1,72,0.8,0,0,0,0,0,0,0,0,0,0,0,0,0,Matches
Rk,Player,Pos,Squad,Age,Club,Born,MP,Starts,Min,90s,Gls,Ast,G+A,G-PK,PK,PKatt,CrdY,CrdR,Gls,Ast,G+A,G-PK,G+A-PK,Matches
451,Ali Jasim,MF,iq Iraq,22,1.sa Al-Najma,2004,2,2,129,1.4,0,0,0,0,0,0,0,0,0,0,0,0,0,Matches
452,Danley Jean-Jacques,MF,ht Haiti,26,1.us Philadelphia,2000,3,3,259,2.9,0,0,0,0,0,0,1,0,0,0,0,0,0,Matches
453,Eom Ji-sung,MF,kr Korea Republic,24,2.eng Swansea City,2002,2,0,42,0.5,0,0,0,0,0,0,0,0,0,0,0,0,0,Matches
454,Raúl Jiménez,FW,mx Mexico,35,1.eng Fulham,1991,4,4,317,3.5,3,0,3,2,1,1,0,0,0.85,0,0.85,0.57,0.57,Matches
455,Kim Jin-gyu,MF,kr Korea Republic,29,1.kr Jeonbuk,1997,2,0,52,0.6,0,0,0,0,0,0,0,0,0,0,0,0,0,Matches
456,Park Jinseob,"DF,MF",kr Korea Republic,30,1.cn Zhejiang,1995,2,0,32,0.4,0,0,0,0,0,0,0,0,0,0,0,0,0,Matches
457,Ruslanbek Jiyanov,FW,uz Uzbekistan,25,1.uz Navbahor,2001,1,0,1,0,0,0,0,0,0,0,0,0,0,0,0,0,0,Matches
458,Alistair Johnston,DF,ca Canada,27,1.sct Celtic,1998,5,5,450,5,0,0,0,0,0,0,1,0,0,0,0,0,0,Matches
459,Frenkie de Jong,MF,nl Netherlands,29,1.es Barcelona,1997,4,4,328,3.6,0,0,0,0,0,0,0,0,0,0,0,0,0,Matches
460,Lenny Joseph,FW,ht Haiti,25,1.hu Ferencváros,2000,3,1,117,1.3,0,0,0,0,0,0,0,0,0,0,0,0,0,Matches
461,Edmilson Junior,"MF,FW",qa Qatar,31,1.qa Al Duhail SC,1994,3,3,210,2.3,0,1,1,0,0,0,0,0,0,0.43,0.43,0,0.43,Matches
462,Vinicius Júnior,FW,br Brazil,25,1.es Real Madrid,2000,5,5,440,4.9,4,1,5,4,0,0,0,0,0.82,0.2,1.02,0.82,1.02,Matches
463,Elijah Just,MF,nz New Zealand,26,1.sct Motherwell,2000,3,3,264,2.9,3,0,3,3,0,0,1,0,1.02,0,1.02,1.02,1.02,Matches
464,Musab Al Juwayr,"MF,FW",sa Saudi Arabia,22,1.sa Al-Qadsiah,2003,3,2,152,1.7,0,0,0,0,0,0,0,0,0,0,0,0,0,Matches
465,Ayoub El Kaabi,FW,ma Morocco,32,1.gr Olympiacos,1993,1,1,69,0.8,0,0,0,0,0,0,0,0,0,0,0,0,0,Matches
466,Ozan Kabak,DF,tr Türkiye,26,1.de Hoffenheim,2000,1,1,90,1,0,0,0,0,0,0,0,0,0,0,0,0,0,Matches
467,Ferdi Kadioglu,DF,tr Türkiye,26,1.eng Brighton,1999,2,2,159,1.8,0,0,0,0,0,0,0,0,0,0,0,0,0,Matches
468,Kaku,MF,py Paraguay,31,1.ae Al Ain,1995,1,0,11,0.1,0,0,0,0,0,0,0,0,0,0,0,0,0,Matches
469,Saša Kalajdži?,FW,at Austria,28,1.at LASK,1997,3,1,77,0.9,1,0,1,1,0,0,0,0,1.17,0,1.17,1.17,1.17,Matches
470,Gédéon Kalulu,DF,cd Congo DR,28,1.cy Aris Limassol,1997,1,0,6,0.1,0,0,0,0,0,0,0,0,0,0,0,0,0,Matches
471,Daichi Kamada,MF,jp Japan,29,1.eng Crystal Palace,1996,4,4,329,3.7,2,0,2,2,0,0,1,0,0.55,0,0.55,0.55,0.55,Matches
472,Hossein Kanaanizadegan,DF,ir IR Iran,32,1.ir Persepolis,1994,2,2,135,1.5,0,0,0,0,0,0,1,0,0,0,0,0,0,Matches
473,Harry Kane,FW,eng England,32,1.de Bayern Munich,1993,7,7,652,7.2,6,1,7,4,2,2,0,0,0.83,0.14,0.97,0.55,0.69,Matches
474,Lee Kang-in,FW,kr Korea Republic,25,1.fr PSG,2001,3,3,270,3,0,1,1,0,0,0,1,0,0,0.33,0.33,0,0.33,Matches
475,Mohamed Kanno,MF,sa Saudi Arabia,31,1.sa Al-Hilal,1994,3,2,225,2.5,0,0,0,0,0,0,1,0,0,0,0,0,0,Matches
Rk,Player,Pos,Squad,Age,Club,Born,MP,Starts,Min,90s,Gls,Ast,G+A,G-PK,PK,PKatt,CrdY,CrdR,Gls,Ast,G+A,G-PK,G+A-PK,Matches
476,Steve Kapuadi,DF,cd Congo DR,28,1.pl Widzew ?ód?,1998,2,2,180,2,0,0,0,0,0,0,0,0,0,0,0,0,0,Matches
477,Bekhruz Karimov,DF,uz Uzbekistan,18,1.uz FC Surkhon,2007,2,2,179,2,0,0,0,0,0,0,0,0,0,0,0,0,0,Matches
478,Jesper Karlström,MF,se Sweden,30,1.it Udinese,1995,2,2,138,1.5,0,0,0,0,0,0,0,0,0,0,0,0,0,Matches
479,Gervane Kastaneer,"FW,MF",cw Curaçao,30,1.my Terengganu City,1996,3,0,30,0.3,0,0,0,0,0,0,2,0,0,0,0,0,0,Matches
480,Nikola Kati?,DF,ba Bosnia–Herz,29,2.de Schalke 04,1996,4,4,317,3.5,0,0,0,0,0,0,1,0,0,0,0,0,0,Matches
481,Edo Kayembe,MF,cd Congo DR,28,2.eng Watford,1998,3,2,160,1.8,0,0,0,0,0,0,0,0,0,0,0,0,0,Matches
482,Joris Kayembe,"DF,FW",cd Congo DR,31,1.be Genk,1994,4,0,45,0.5,0,0,0,0,0,0,0,0,0,0,0,0,0,Matches
483,Franck Kessié,MF,ci Côte d'Ivoire,29,1.sa Al-Ahli,1996,4,4,346,3.8,1,0,1,1,0,0,1,0,0.26,0,0.26,0.26,0.26,Matches
484,Abdullah Al-Khaibari,MF,sa Saudi Arabia,29,1.sa Al-Nassr,1996,3,3,180,2,0,0,0,0,0,0,0,0,0,0,0,0,0,Matches
485,Shoja' Khalilzadeh,DF,ir IR Iran,37,1.ir Tractor,1989,3,3,270,3,0,0,0,0,0,0,1,0,0,0,0,0,0,Matches
486,Dostonbek Khamdamov,MF,uz Uzbekistan,29,1.uz Pakhtakor Tashkent FK,1996,2,1,103,1.1,0,0,0,0,0,0,0,0,0,0,0,0,0,Matches
487,Bilal El Khannouss,"MF,FW",ma Morocco,22,1.de Stuttgart,2004,6,6,461,5.1,0,0,0,0,0,0,1,0,0,0,0,0,0,Matches
488,Rani Khedira,MF,tn Tunisia,32,1.de Union Berlin,1994,3,2,149,1.7,0,0,0,0,0,0,1,0,0,0,0,0,0,Matches
489,Boualem Khoukhi,DF,qa Qatar,35,1.qa Al Sadd,1990,3,3,270,3,1,0,1,1,0,0,0,0,0.33,0,0.33,0.33,0.33,Matches
490,Abdukodir Khusanov,DF,uz Uzbekistan,22,1.eng Manchester City,2004,3,3,270,3,0,0,0,0,0,0,2,0,0,0,0,0,0,Matches
491,Joshua Kimmich,DF,de Germany,31,1.de Bayern Munich,1995,4,4,351,3.9,0,2,2,0,0,0,0,0,0,0.51,0.51,0,0.51,Matches
492,Justin Kluivert,"FW,MF",nl Netherlands,27,1.eng Bournemouth,1999,2,0,27,0.3,0,0,0,0,0,0,0,0,0,0,0,0,0,Matches
493,Gregor Kobel,GK,ch Switzerland,28,1.de Dortmund,1997,6,6,600,6.7,0,0,0,0,0,0,0,0,0,0,0,0,0,Matches
494,Orkun Kökçü,MF,tr Türkiye,25,1.tr Be?ikta?,2000,3,2,153,1.7,0,1,1,0,0,0,0,0,0,0.59,0.59,0,0.59,Matches
495,Sead Kolašinac,DF,ba Bosnia–Herz,32,1.it Atalanta,1993,4,4,337,3.7,0,1,1,0,0,0,0,0,0,0.27,0.27,0,0.27,Matches
496,Ghislain Konan,DF,ci Côte d'Ivoire,30,1.pt Gil Vicente FC,1995,3,3,269,3,0,0,0,0,0,0,0,0,0,0,0,0,0,Matches
497,Ibrahima Konaté,DF,fr France,27,1.eng Liverpool,1999,2,1,60,0.7,0,0,0,0,0,0,0,0,0,0,0,0,0,Matches
498,Ismaël Koné,MF,ca Canada,23,1.it Sassuolo,2002,2,2,146,1.6,0,0,0,0,0,0,0,0,0,0,0,0,0,Matches
499,Manu Koné,MF,fr France,25,1.it Roma,2001,5,4,385,4.3,0,0,0,0,0,0,1,0,0,0,0,0,0,Matches
500,Ezri Konsa,DF,eng England,28,1.eng Aston Villa,1997,8,7,647,7.2,1,0,1,1,0,0,0,0,0.14,0,0.14,0.14,0.14,Matches
Rk,Player,Pos,Squad,Age,Club,Born,MP,Starts,Min,90s,Gls,Ast,G+A,G-PK,PK,PKatt,CrdY,CrdR,Gls,Ast,G+A,G-PK,G+A-PK,Matches
501,Teun Koopmeiners,"DF,MF",nl Netherlands,28,1.it Juventus,1998,4,0,122,1.4,0,0,0,0,0,0,0,0,0,0,0,0,0,Matches
502,Odilon Kossounou,DF,ci Côte d'Ivoire,25,1.it Atalanta,2001,4,3,272,3,0,0,0,0,0,0,0,0,0,0,0,0,0,Matches
503,Kalidou Koulibaly,DF,sn Senegal,34,1.sa Al-Hilal,1991,2,2,161,1.8,0,0,0,0,0,0,0,0,0,0,0,0,0,Matches
504,Jules Koundé,DF,fr France,27,1.es Barcelona,1998,8,7,599,6.7,0,0,0,0,0,0,0,0,0,0,0,0,0,Matches
505,Mateo Kova?i?,MF,hr Croatia,32,1.eng Manchester City,1994,4,3,270,3,0,1,1,0,0,0,0,0,0,0.33,0.33,0,0.33,Matches
506,Matej Kovar,GK,cz Czechia,26,1.nl PSV,2000,3,3,270,3,0,0,0,0,0,0,0,0,0,0,0,0,0,Matches
507,Andrej Kramari?,"FW,MF",hr Croatia,34,1.de Hoffenheim,1991,3,0,59,0.7,0,0,0,0,0,0,0,0,0,0,0,0,0,Matches
508,Ladislav Krej?í,DF,cz Czechia,27,1.eng Wolves,1999,3,3,270,3,1,0,1,1,0,0,1,0,0.33,0,0.33,0.33,0.33,Matches
509,Takefusa Kubo,MF,jp Japan,25,1.es Real Sociedad,2001,1,1,74,0.8,0,1,1,0,0,0,0,0,0,1.22,1.22,0,1.22,Matches
510,Brandley Kuwas,"FW,MF",cw Curaçao,33,1.nl Volendam,1992,1,0,1,0,0,0,0,0,0,0,0,0,0,0,0,0,0,Matches
511,Prince Kwabena Adu,FW,gh Ghana,22,1.cz Viktoria Plze?,2003,3,0,39,0.4,0,0,0,0,0,0,0,0,0,0,0,0,0,Matches
512,Maxence Lacroix,DF,fr France,26,1.eng Crystal Palace,2000,3,2,241,2.7,0,0,0,0,0,0,0,0,0,0,0,0,0,Matches
513,Gustaf Lagerbielke,DF,se Sweden,26,1.pt Braga,2000,4,4,360,4,0,0,0,0,0,0,0,0,0,0,0,0,0,Matches
514,Konrad Laimer,"MF,DF",at Austria,29,1.de Bayern Munich,1997,4,4,360,4,0,1,1,0,0,0,1,0,0,0.25,0.25,0,0.25,Matches
515,Ali Lajami,DF,sa Saudi Arabia,30,1.sa Al-Hilal,1996,3,1,149,1.7,0,0,0,0,0,0,0,0,0,0,0,0,0,Matches
516,Senne Lammens,GK,be Belgium,23,1.eng Manchester Utd,2002,1,0,20,0.2,0,0,0,0,0,0,0,0,0,0,0,0,0,Matches
517,Noa Lang,"FW,MF",nl Netherlands,26,1.tr Galatasaray,1999,2,0,8,0.1,0,0,0,0,0,0,0,0,0,0,0,0,0,Matches
518,Sondre Langås,DF,no Norway,25,2.eng Derby County,2001,1,0,25,0.3,0,0,0,0,0,0,0,0,0,0,0,0,0,Matches
519,Aymeric Laporte,DF,es Spain,32,1.es Athletic Club,1994,8,8,727,8.1,0,1,1,0,0,0,1,0,0,0.12,0.12,0,0.12,Matches
520,Cyle Larin,FW,ca Canada,31,1.es Mallorca,1995,4,2,190,2.1,2,0,2,2,0,0,2,0,0.95,0,0.95,0.95,0.95,Matches
521,Richie Laryea,DF,ca Canada,31,1.us Toronto FC,1995,5,5,429,4.8,0,0,0,0,0,0,1,0,0,0,0,0,0,Matches
522,Mohanad Lasheen,MF,eg Egypt,30,,1996,4,4,359,4,0,0,0,0,0,0,2,0,0,0,0,0,0,Matches
523,Issa Laye,"MF,DF",qa Qatar,28,1.qa Al-Arabi,1997,3,3,270,3,0,0,0,0,0,0,0,0,0,0,0,0,0,Matches
524,Rafael Leão,MF,pt Portugal,27,1.it Milan,1999,5,1,158,1.8,1,1,2,1,0,0,0,0,0.57,0.57,1.14,0.57,1.14,Matches
525,Mathew Leckie,MF,au Australia,35,1.au Melb City,1991,1,1,60,0.7,0,0,0,0,0,0,0,0,0,0,0,0,0,Matches
Rk,Player,Pos,Squad,Age,Club,Born,MP,Starts,Min,90s,Gls,Ast,G+A,G-PK,PK,PKatt,CrdY,CrdR,Gls,Ast,G+A,G-PK,G+A-PK,Matches
526,Jefferson Lerma,MF,co Colombia,31,1.eng Crystal Palace,1994,5,5,410,4.6,0,0,0,0,0,0,1,0,0,0,0,0,0,Matches
527,Jamie Leweling,"FW,MF",de Germany,25,1.de Stuttgart,2001,1,0,31,0.3,0,0,0,0,0,0,0,0,0,0,0,0,0,Matches
528,Philipp Lienhart,DF,at Austria,29,1.de Freiburg,1996,2,2,180,2,0,0,0,0,0,0,0,0,0,0,0,0,0,Matches
529,Victor Lindelöf,"DF,MF",se Sweden,31,1.eng Aston Villa,1994,4,4,356,4,0,0,0,0,0,0,0,0,0,0,0,0,0,Matches
530,Erik Lira,MF,mx Mexico,26,1.mx Cruz Azul,2000,4,4,345,3.8,0,1,1,0,0,0,0,0,0,0.26,0.26,0,0.26,Matches
531,Dominik Livakovi?,GK,hr Croatia,31,1.hr Dinamo Zagreb,1995,4,4,360,4,0,0,0,0,0,0,0,0,0,0,0,0,0,Matches
532,Dailon Livramento,FW,cv Cabo Verde,25,1.pt Casa Pia,2001,3,2,174,1.9,0,0,0,0,0,0,0,0,0,0,0,0,0,Matches
533,Marcos Llorente,DF,es Spain,31,1.es Atlético Madrid,1995,3,2,187,2.1,0,1,1,0,0,0,0,0,0,0.48,0.48,0,0.48,Matches
534,Giovani Lo Celso,MF,ar Argentina,30,1.es Real Betis,1996,1,1,59,0.7,1,0,1,1,0,0,0,0,1.53,0,1.53,1.53,1.53,Matches
535,Jürgen Locadia,FW,cw Curaçao,32,2.us Miami FC,1993,3,3,235,2.6,0,0,0,0,0,0,0,0,0,0,0,0,0,Matches
536,Azarías Londoño,MF,pa Panama,24,1.ec Univ Católica,2001,3,0,56,0.6,0,0,0,0,0,0,0,0,0,0,0,0,0,Matches
537,Sidny Lopes Cabral,DF,cv Cabo Verde,23,1.pt Benfica,2002,3,3,285,3.2,1,0,1,1,0,0,2,0,0.32,0,0.32,0.32,0.32,Matches
538,Flaco López,FW,ar Argentina,25,1.br Palmeiras,2000,2,0,20,0.2,0,1,1,0,0,0,1,0,0,4.5,4.5,0,4.5,Matches
539,Derrick Luckassen,DF,gh Ghana,30,1.cy Pafos FC,1995,2,2,180,2,1,0,1,1,0,0,0,0,0.5,0,0.5,0.5,0.5,Matches
540,Jhon Lucumí,DF,co Colombia,27,1.it Bologna,1998,5,5,478,5.3,0,0,0,0,0,0,1,0,0,0,0,0,0,Matches
541,José Luis Rodríguez,"MF,FW",pa Panama,27,1.mx FC Juárez,1998,3,3,233,2.6,0,0,0,0,0,0,0,0,0,0,0,0,0,Matches
542,Romelu Lukaku,FW,be Belgium,33,1.it Napoli,1993,6,1,233,2.6,3,1,4,3,0,0,1,0,1.16,0.39,1.55,1.16,1.55,Matches
543,Dodi Lukebakio,MF,be Belgium,28,1.pt Benfica,1997,3,1,164,1.8,0,0,0,0,0,0,0,0,0,0,0,0,0,Matches
544,Jovo Luki?,FW,ba Bosnia–Herz,27,1.ro Univ. Cluj,1998,2,1,67,0.7,1,0,1,1,0,0,1,0,1.34,0,1.34,1.34,1.34,Matches
545,Awer Mabil,"FW,MF",au Australia,30,2.es Castellón,1995,1,0,30,0.3,0,0,0,0,0,0,0,0,0,0,0,0,0,Matches
546,Alexis Mac Allister,MF,ar Argentina,27,1.eng Liverpool,1998,8,7,750,8.3,1,1,2,1,0,0,1,0,0.12,0.12,0.24,0.12,0.24,Matches
547,Deiver Machado,DF,co Colombia,32,1.fr Nantes,1993,1,1,90,1,0,0,0,0,0,0,0,0,0,0,0,0,0,Matches
548,Shuto Machino,FW,jp Japan,26,1.de Gladbach,1999,1,0,13,0.1,0,0,0,0,0,0,0,0,0,0,0,0,0,Matches
549,Assim Madibo,MF,qa Qatar,29,1.qa Al-Wakrah,1996,2,2,131,1.5,0,0,0,0,0,0,0,1,0,0,0,0,0,Matches
550,Noni Madueke,MF,eng England,24,1.eng Arsenal,2002,5,4,286,3.2,0,0,0,0,0,0,0,0,0,0,0,0,0,Matches
Rk,Player,Pos,Squad,Age,Club,Born,MP,Starts,Min,90s,Gls,Ast,G+A,G-PK,PK,PKatt,CrdY,CrdR,Gls,Ast,G+A,G-PK,G+A-PK,Matches
551,Daizen Maeda,MF,jp Japan,28,1.sct Celtic,1997,3,3,244,2.7,1,0,1,1,0,0,0,0,0.37,0,0.37,0.37,0.37,Matches
552,Gabriel Magalhães,DF,br Brazil,28,1.eng Arsenal,1997,5,5,450,5,0,1,1,0,0,0,0,0,0,0.2,0.2,0,0.2,Matches
553,Ermin Mahmi?,MF,ba Bosnia–Herz,21,1.cz Slovan Liberec,2005,3,0,68,0.8,2,0,2,2,0,0,1,0,2.65,0,2.65,2.65,2.65,Matches
554,Hadj Mahmoud,MF,tn Tunisia,26,1.ch Lugano,2000,2,0,43,0.5,0,0,0,0,0,0,0,0,0,0,0,0,0,Matches
555,Riyad Mahrez,MF,dz Algeria,35,1.sa Al-Ahli,1991,4,3,262,2.9,2,1,3,2,0,0,0,0,0.69,0.34,1.03,0.69,1.03,Matches
556,Alexandro Maidana,DF,py Paraguay,20,1.ar Talleres–C,2005,2,1,55,0.6,0,0,0,0,0,0,0,0,0,0,0,0,0,Matches
557,Mike Maignan,GK,fr France,30,1.it Milan,1995,8,8,720,8,0,0,0,0,0,0,0,0,0,0,0,0,0,Matches
558,Evidence Makgopa,FW,za South Africa,26,1.za Orlando Pirates,2000,4,2,215,2.4,0,0,0,0,0,0,0,0,0,0,0,0,0,Matches
559,Ahmed Maknzi,DF,iq Iraq,24,1.iq Al-Karma,2001,1,0,33,0.4,0,0,0,0,0,0,0,0,0,0,0,0,0,Matches
560,Donyell Malen,FW,nl Netherlands,27,1.it Roma,1999,3,3,185,2.1,0,0,0,0,0,0,0,0,0,0,0,0,0,Matches
561,Arjan Malic,DF,ba Bosnia–Herz,20,1.at Sturm Graz,2005,1,1,45,0.5,0,0,0,0,0,0,0,0,0,0,0,0,0,Matches
562,Mohamed Manai,DF,qa Qatar,23,1.qa Al-Shamal Sports Club,2002,3,0,69,0.8,0,0,0,0,0,0,0,0,0,0,0,0,0,Matches
563,Aïssa Mandi,DF,dz Algeria,34,1.fr Lille,1991,4,4,360,4,0,0,0,0,0,0,0,0,0,0,0,0,0,Matches
564,Sadio Mané,"MF,FW",sn Senegal,34,1.sa Al-Nassr,1992,4,4,362,4,0,1,1,0,0,0,0,0,0,0.25,0.25,0,0.25,Matches
565,Juan Manuel Sanabria,DF,uy Uruguay,26,1.mx Atlético San Luis,2000,3,2,204,2.3,0,0,0,0,0,0,1,0,0,0,0,0,0,Matches
566,Johan Manzambi,"MF,FW",ch Switzerland,20,1.de Freiburg,2005,4,2,199,2.2,3,2,5,3,0,0,0,0,1.36,0.9,2.26,1.36,2.26,Matches
567,Mahmoud Al-Mardi,MF,jo Jordan,32,1.jo Al-Hussein SC,1993,3,1,130,1.4,0,0,0,0,0,0,0,0,0,0,0,0,0,Matches
568,Jearl Margaritha,"FW,MF",cw Curaçao,26,2.be Beveren,2000,2,0,41,0.5,0,0,0,0,0,0,0,0,0,0,0,0,0,Matches
569,Omar Marmoush,"FW,MF",eg Egypt,27,1.eng Manchester City,1999,5,3,326,3.6,0,0,0,0,0,0,0,0,0,0,0,0,0,Matches
570,Marquinhos,DF,br Brazil,32,1.fr PSG,1994,5,5,450,5,0,0,0,0,0,0,0,0,0,0,0,0,0,Matches
571,Gabriel Martinelli,MF,br Brazil,24,1.eng Arsenal,2001,4,1,143,1.6,1,0,1,1,0,0,0,0,0.63,0,0.63,0.63,0.63,Matches
572,Guillermo Martínez Ayala,FW,mx Mexico,31,1.mx UNAM,1995,2,1,72,0.8,0,0,0,0,0,0,0,0,0,0,0,0,0,Matches
573,Cristian Martínez,"MF,FW",pa Panama,29,1.il Kiryat Shmona,1997,3,3,242,2.7,0,0,0,0,0,0,0,0,0,0,0,0,0,Matches
574,Emiliano Martínez,GK,ar Argentina,33,1.eng Aston Villa,1992,8,8,810,9,0,0,0,0,0,0,0,0,0,0,0,0,0,Matches
575,Lautaro Martínez,FW,ar Argentina,28,1.it Inter,1997,7,4,310,3.4,3,1,4,2,1,1,1,0,0.87,0.29,1.16,0.58,0.87,Matches
Rk,Player,Pos,Squad,Age,Club,Born,MP,Starts,Min,90s,Gls,Ast,G+A,G-PK,PK,PKatt,CrdY,CrdR,Gls,Ast,G+A,G-PK,G+A-PK,Matches
576,Lisandro Martínez,DF,ar Argentina,28,1.eng Manchester Utd,1998,7,7,624,6.9,1,1,2,1,0,0,2,0,0.14,0.14,0.29,0.14,0.29,Matches
577,Thapelo Maseko,"MF,FW",za South Africa,22,1.cy AEL Limassol,2003,3,3,242,2.7,1,0,1,1,0,0,0,0,0.37,0,0.37,0.37,0.37,Matches
578,Hazem Mastouri,FW,tn Tunisia,28,1.ru D. Makhachkala,1997,1,1,89,1,1,0,1,1,0,0,0,0,1.01,0,1.01,1.01,1.01,Matches
579,Arthur Masuaku,DF,cd Congo DR,32,1.fr Lens,1993,4,4,315,3.5,0,1,1,0,0,0,0,0,0,0.29,0.29,0,0.29,Matches
580,Igor Matanovi?,FW,hr Croatia,23,1.de Freiburg,2003,3,0,95,1.1,0,0,0,0,0,0,0,0,0,0,0,0,0,Matches
581,Pape Matar Sarr,MF,sn Senegal,23,1.eng Tottenham,2002,2,0,67,0.7,0,0,0,0,0,0,0,0,0,0,0,0,0,Matches
582,Jean-Philippe Mateta,FW,fr France,28,1.eng Crystal Palace,1997,3,0,24,0.3,0,0,0,0,0,0,0,0,0,0,0,0,0,Matches
583,Mauricio,MF,py Paraguay,25,1.br Palmeiras,2001,4,0,173,1.9,1,0,1,1,0,0,0,0,0.52,0,0.52,0.52,0.52,Matches
584,Fiston Mayele,FW,cd Congo DR,31,1.eg Pyramids FC,1994,2,0,42,0.5,1,0,1,1,0,0,0,0,2.14,0,2.14,2.14,2.14,Matches
585,Ibrahim Maza,"MF,FW",dz Algeria,20,1.de Leverkusen,2005,4,4,351,3.9,0,0,0,0,0,0,0,0,0,0,0,0,0,Matches
586,Noussair Mazraoui,DF,ma Morocco,28,1.eng Manchester Utd,1997,6,5,477,5.3,0,0,0,0,0,0,0,0,0,0,0,0,0,Matches
587,Kylian Mbappé,FW,fr France,27,1.es Real Madrid,1998,8,8,695,7.7,10,4,14,9,1,2,1,0,1.29,0.52,1.81,1.17,1.68,Matches
588,Thalente Mbatha,MF,za South Africa,26,1.za Orlando Pirates,2000,4,2,260,2.9,0,0,0,0,0,0,1,0,0,0,0,0,0,Matches
589,Ibrahim Mbaye,MF,sn Senegal,18,1.fr PSG,2008,4,1,157,1.7,1,0,1,1,0,0,0,0,0.57,0,0.57,0.57,0.57,Matches
590,Chancel Mbemba,DF,cd Congo DR,31,1.fr Lille,1994,4,4,360,4,0,1,1,0,0,0,1,0,0,0.25,0.25,0,0.25,Matches
591,Mbekezeli Mbokazi,DF,za South Africa,20,1.us Chicago Fire,2005,4,4,360,4,0,0,0,0,0,0,0,0,0,0,0,0,0,Matches
592,Nathanaël Mbuku,"MF,FW",cd Congo DR,24,2.fr Montpellier,2002,3,2,143,1.6,0,0,0,0,0,0,1,0,0,0,0,0,0,Matches
593,Callum McCowatt,MF,nz New Zealand,27,1.dk Silkeborg,1999,3,2,159,1.8,0,0,0,0,0,0,1,0,0,0,0,0,0,Matches
594,John McGinn,MF,sct Scotland,31,1.eng Aston Villa,1994,3,3,259,2.9,1,0,1,1,0,0,0,0,0.35,0,0.35,0.35,0.35,Matches
595,Scott McKenna,DF,sct Scotland,29,1.hr Dinamo Zagreb,1996,1,1,90,1,0,0,0,0,0,0,0,0,0,0,0,0,0,Matches
596,Weston McKennie,MF,us USA,27,1.it Juventus,1998,5,5,443,4.9,0,0,0,0,0,0,1,0,0,0,0,0,0,Matches
597,Mark McKenzie,DF,us USA,27,1.fr Toulouse,1999,1,1,90,1,0,0,0,0,0,0,0,0,0,0,0,0,0,Matches
598,Kenny McLean,MF,sct Scotland,34,2.eng Norwich City,1992,3,1,118,1.3,0,0,0,0,0,0,1,0,0,0,0,0,0,Matches
599,Scott McTominay,MF,sct Scotland,29,1.it Napoli,1996,3,3,270,3,0,0,0,0,0,0,0,0,0,0,0,0,0,Matches
600,Brandon Mechele,DF,be Belgium,33,1.be Club Brugge,1993,6,6,570,6.3,0,0,0,0,0,0,1,0,0,0,0,0,0,Matches
Rk,Player,Pos,Squad,Age,Club,Born,MP,Starts,Min,90s,Gls,Ast,G+A,G-PK,PK,PKatt,CrdY,CrdR,Gls,Ast,G+A,G-PK,G+A-PK,Matches
601,Facundo Medina,DF,ar Argentina,27,1.fr Marseille,1999,5,3,308,3.4,0,1,1,0,0,0,1,0,0,0.29,0.29,0,0.29,Matches
602,Yaimar Medina,"DF,MF",ec Ecuador,21,1.be Genk,2004,1,0,45,0.5,0,0,0,0,0,0,0,0,0,0,0,0,0,Matches
603,Hannibal Mejbri,MF,tn Tunisia,23,1.eng Burnley,2003,3,3,270,3,0,2,2,0,0,0,0,0,0,0.67,0.67,0,0.67,Matches
604,Amar Memi?,MF,ba Bosnia–Herz,25,1.cz Viktoria Plze?,2001,4,2,224,2.5,0,0,0,0,0,0,0,0,0,0,0,0,0,Matches
605,Memphis,"FW,MF",nl Netherlands,32,1.br Corinthians,1994,3,0,54,0.6,0,1,1,0,0,0,1,0,0,1.67,1.67,0,1.67,Matches
606,Sultan Mendash,MF,sa Saudi Arabia,31,1.sa Al-Hilal,1994,1,1,65,0.7,0,0,0,0,0,0,0,0,0,0,0,0,0,Matches
607,Lucas Mendes,DF,qa Qatar,35,1.qa Al-Wakrah,1990,1,0,4,0,0,0,0,0,0,0,0,0,0,0,0,0,0,Matches
608,Nuno Mendes,DF,pt Portugal,23,1.fr PSG,2002,5,5,395,4.4,1,0,1,1,0,0,0,0,0.23,0,0.23,0.23,0.23,Matches
609,Ryan Mendes,"FW,MF",cv Cabo Verde,36,2.tr 76 I?d?r Belediyespor,1990,4,4,330,3.7,0,1,1,0,0,0,0,0,0,0.27,0.27,0,0.27,Matches
610,Édouard Mendy,GK,sn Senegal,34,1.sa Al-Ahli,1992,2,2,152,1.7,0,0,0,0,0,0,0,0,0,0,0,0,0,Matches
611,Gideon Mensah,DF,gh Ghana,27,1.fr Auxerre,1998,4,4,360,4,0,0,0,0,0,0,0,0,0,0,0,0,0,Matches
612,Mikel Merino,MF,es Spain,29,1.eng Arsenal,1996,8,1,199,2.2,2,0,2,2,0,0,0,0,0.9,0,0.9,0.9,0.9,Matches
613,Lionel Messi,FW,ar Argentina,38,1.us Inter Miami,1987,8,7,740,8.2,8,4,12,8,0,2,0,0,0.97,0.49,1.46,0.97,1.46,Matches
614,Connor Metcalfe,MF,au Australia,26,1.de St Pauli,1999,4,3,315,3.5,1,0,1,1,0,0,0,0,0.29,0,0.29,0.29,0.29,Matches
615,Thomas Meunier,DF,be Belgium,34,1.fr Lille,1991,3,2,190,2.1,0,1,1,0,0,0,0,0,0,0.47,0.47,0,0.47,Matches
616,Liam Millar,MF,ca Canada,26,2.eng Hull City,1999,3,2,162,1.8,0,0,0,0,0,0,1,0,0,0,0,0,0,Matches
617,Kim Min-jae,DF,kr Korea Republic,29,1.de Bayern Munich,1996,3,3,245,2.7,0,0,0,0,0,0,0,0,0,0,0,0,0,Matches
618,Yerry Mina,DF,co Colombia,31,1.it Cagliari,1994,1,0,2,0,0,0,0,0,0,0,0,0,0,0,0,0,0,Matches
619,Alan Minda,MF,ec Ecuador,23,1.br Atlético Mineiro,2003,1,1,55,0.6,0,0,0,0,0,0,0,0,0,0,0,0,0,Matches
620,Aubrey Modiba,DF,za South Africa,30,1.za Sundowns,1995,4,4,346,3.8,0,0,0,0,0,0,1,0,0,0,0,0,0,Matches
621,Luka Modri?,MF,hr Croatia,40,1.it Milan,1985,4,4,317,3.5,0,1,1,0,0,0,1,0,0,0.28,0.28,0,0.28,Matches
622,Relebohile Mofokeng,MF,za South Africa,21,1.za Orlando Pirates,2004,3,2,169,1.9,0,0,0,0,0,0,0,0,0,0,0,0,0,Matches
623,Shahriar Moghanlou,FW,ir IR Iran,31,1.ae Al-Ittihad Kalba,1994,3,1,88,1,0,0,0,0,0,0,0,0,0,0,0,0,0,Matches
624,Milad Mohammadi,DF,ir IR Iran,32,1.ir Persepolis,1993,3,2,205,2.3,0,0,0,0,0,0,0,0,0,0,0,0,0,Matches
625,Mohammad Mohebi,MF,ir IR Iran,27,1.ru Rostov,1998,3,3,244,2.7,1,0,1,1,0,0,0,0,0.37,0,0.37,0.37,0.37,Matches
Rk,Player,Pos,Squad,Age,Club,Born,MP,Starts,Min,90s,Gls,Ast,G+A,G-PK,PK,PKatt,CrdY,CrdR,Gls,Ast,G+A,G-PK,G+A-PK,Matches
626,Johan Mojica,DF,co Colombia,33,1.es Mallorca,1992,4,4,390,4.3,0,0,0,0,0,0,1,0,0,0,0,0,0,Matches
627,Teboho Mokoena,MF,za South Africa,29,1.za Sundowns,1997,3,3,270,3,1,0,1,0,1,1,2,0,0.33,0,0.33,0,0,Matches
628,Nahuel Molina,DF,ar Argentina,28,1.es Atlético Madrid,1998,7,5,528,5.9,0,0,0,0,0,0,0,0,0,0,0,0,0,Matches
629,Jamiro Monteiro,MF,cv Cabo Verde,32,1.nl Zwolle,1993,4,3,281,3.1,0,0,0,0,0,0,0,0,0,0,0,0,0,Matches
630,César Montes,DF,mx Mexico,29,1.ru Loko Moscow,1997,4,4,314,3.5,0,0,0,0,0,0,0,1,0,0,0,0,0,Matches
631,Gonzalo Montiel,DF,ar Argentina,29,1.ar River Plate,1997,6,2,192,2.1,0,1,1,0,0,0,1,0,0,0.47,0.47,0,0.47,Matches
632,Kim Moon-hwan,MF,kr Korea Republic,30,1.kr Daejeon Hana,1995,1,1,70,0.8,0,0,0,0,0,0,0,0,0,0,0,0,0,Matches
633,Gilberto Mora,MF,mx Mexico,17,1.mx Tijuana,2008,4,3,213,2.4,0,0,0,0,0,0,0,0,0,0,0,0,0,Matches
634,Diego Moreira,MF,be Belgium,21,1.fr Strasbourg,2004,1,0,58,0.6,0,0,0,0,0,0,0,0,0,0,0,0,0,Matches
635,Steven Moreira,DF,cv Cabo Verde,31,1.us Columbus Crew,1994,4,3,301,3.3,0,0,0,0,0,0,0,0,0,0,0,0,0,Matches
636,Tshepang Moremi,MF,za South Africa,25,1.za Orlando Pirates,2000,2,0,34,0.4,0,1,1,0,0,0,0,0,0,2.65,2.65,0,2.65,Matches
637,Orlando Mosquera,GK,pa Panama,31,1.sa Al-Fayha,1994,3,3,270,3,0,0,0,0,0,0,0,0,0,0,0,0,0,Matches
638,Samir El Mourabet,MF,ma Morocco,20,1.fr Strasbourg,2005,5,0,81,0.9,0,0,0,0,0,0,0,0,0,0,0,0,0,Matches
639,Samuel Moutoussamy,MF,cd Congo DR,29,1.gr Atromitos,1996,4,4,330,3.7,0,0,0,0,0,0,1,0,0,0,0,0,0,Matches
640,Akmal Mozgovoy,MF,uz Uzbekistan,27,1.uz Pakhtakor Tashkent FK,1999,3,2,216,2.4,0,1,1,0,0,0,0,0,0,0.42,0.42,0,0.42,Matches
641,Lionel Mpasi,GK,cd Congo DR,31,1.fr Le Havre,1994,4,4,360,4,0,0,0,0,0,0,0,0,0,0,0,0,0,Matches
642,Khuliso Mudau,DF,za South Africa,31,1.za Sundowns,1995,4,4,360,4,0,0,0,0,0,0,0,0,0,0,0,0,0,Matches
643,Tarik Muharemovic,DF,ba Bosnia–Herz,23,1.it Sassuolo,2003,3,3,259,2.9,0,0,0,0,0,0,0,1,0,0,0,0,0,Matches
644,Miro Muheim,"DF,MF",ch Switzerland,28,1.de Hamburger SV,1998,3,0,87,1,0,0,0,0,0,0,1,0,0,0,0,0,0,Matches
645,Ngal'Ayel Mukau,MF,cd Congo DR,21,1.fr Lille,2004,4,3,195,2.2,0,0,0,0,0,0,0,0,0,0,0,0,0,Matches
646,Mert Müldür,DF,tr Türkiye,27,1.tr Fenerbahçe,1999,3,1,101,1.1,0,0,0,0,0,0,0,0,0,0,0,0,0,Matches
647,Daniel Muñoz,DF,co Colombia,30,1.eng Crystal Palace,1996,5,4,394,4.4,2,0,2,2,0,0,0,0,0.46,0,0.46,0.46,0.46,Matches
648,Petar Musa,FW,hr Croatia,28,1.us FC Dallas,1998,2,2,110,1.2,1,0,1,1,0,0,0,0,0.82,0,0.82,0.82,0.82,Matches
649,Jamal Musiala,MF,de Germany,23,1.de Bayern Munich,2003,4,3,270,3,1,0,1,1,0,0,1,0,0.33,0,0.33,0.33,0.33,Matches
650,Fernando Muslera,GK,uy Uruguay,39,1.tr Galatasaray,1986,3,3,225,2.5,0,0,0,0,0,0,0,0,0,0,0,0,0,Matches
Rk,Player,Pos,Squad,Age,Club,Born,MP,Starts,Min,90s,Gls,Ast,G+A,G-PK,PK,PKatt,CrdY,CrdR,Gls,Ast,G+A,G-PK,G+A-PK,Matches
651,Phillipp Mwene,DF,at Austria,32,1.de Mainz 05,1994,2,2,147,1.6,0,0,0,0,0,0,0,0,0,0,0,0,0,Matches
652,David Møller Wolfe,DF,no Norway,24,1.eng Wolves,2002,5,5,430,4.8,0,1,1,0,0,0,0,0,0,0.21,0.21,0,0.21,Matches
653,Y?to Nagatomo,"DF,MF",jp Japan,39,1.jp FC Tokyo,1986,1,0,16,0.2,0,0,0,0,0,0,0,0,0,0,0,0,0,Matches
654,Keito Nakamura,MF,jp Japan,25,2.fr Reims,2000,4,4,307,3.4,1,1,2,1,0,0,0,0,0.29,0.29,0.59,0.29,0.59,Matches
655,Abdallah Nasib,DF,jo Jordan,32,1.iq Al-Zawra'a SC,1994,3,3,260,2.9,0,0,0,0,0,0,0,0,0,0,0,0,0,Matches
656,Sherzod Nasrullaev,"DF,MF",uz Uzbekistan,27,1.uz FC Nasaf,1998,3,3,180,2,0,0,0,0,0,0,1,0,0,0,0,0,0,Matches
657,Duckens Nazon,"FW,MF",ht Haiti,32,1.ir Esteghlal,1994,1,0,24,0.3,0,0,0,0,0,0,1,0,0,0,0,0,0,Matches
658,Iliman Ndiaye,FW,sn Senegal,26,1.eng Everton,2000,3,1,114,1.3,1,2,3,1,0,0,0,0,0.79,1.58,2.37,0.79,2.37,Matches
659,Dan Ndoye,"MF,FW",ch Switzerland,25,1.eng Nottingham,2000,6,5,406,4.5,2,0,2,2,0,0,0,0,0.44,0,0.44,0.44,0.44,Matches
660,Jayden Nelson,"FW,MF",ca Canada,23,1.us Austin FC,2002,1,0,4,0,0,0,0,0,0,0,0,0,0,0,0,0,0,Matches
661,Ali Nemati,DF,ir IR Iran,30,1.ir Foolad,1996,3,3,270,3,0,0,0,0,0,0,1,0,0,0,0,0,0,Matches
662,Abduvohid Nematov,GK,uz Uzbekistan,25,1.uz FC Nasaf,2001,2,2,180,2,0,0,0,0,0,0,0,0,0,0,0,0,0,Matches
663,Pedro Neto,MF,pt Portugal,26,1.eng Chelsea,2000,5,5,350,3.9,0,1,1,0,0,0,0,0,0,0.26,0.26,0,0.26,Matches
664,Manuel Neuer,GK,de Germany,40,1.de Bayern Munich,1986,4,4,390,4.3,0,0,0,0,0,0,0,0,0,0,0,0,0,Matches
665,João Neves,MF,pt Portugal,21,1.fr PSG,2004,5,4,390,4.3,1,0,1,1,0,0,0,0,0.23,0,0.23,0.23,0.23,Matches
666,Rúben Neves,MF,pt Portugal,29,1.sa Al-Hilal,1997,2,1,55,0.6,0,0,0,0,0,0,0,0,0,0,0,0,0,Matches
667,Neymar,"FW,MF",br Brazil,34,1.br Santos,1992,2,0,39,0.4,1,0,1,0,1,1,1,0,2.31,0,2.31,0,0,Matches
668,Nathan Ngoy,DF,be Belgium,23,1.fr Lille,2003,4,4,335,3.7,0,0,0,0,0,0,0,1,0,0,0,0,0,Matches
669,Moussa Niakhaté,DF,sn Senegal,30,1.fr Lyon,1996,4,4,390,4.3,0,1,1,0,0,0,0,0,0,0.23,0.23,0,0.23,Matches
670,Gustaf Nilsson,FW,se Sweden,29,1.be Club Brugge,1997,1,0,2,0,0,0,0,0,0,0,0,0,0,0,0,0,0,Matches
671,Felix Nmecha,MF,de Germany,25,1.de Dortmund,2000,4,4,270,3,1,1,2,1,0,0,0,0,0.33,0.33,0.67,0.33,0.67,Matches
672,Kristoffer Nordfeldt,GK,se Sweden,36,1.se AIK Stockholm,1989,2,2,180,2,0,0,0,0,0,0,0,0,0,0,0,0,0,Matches
673,Tyrese Noslin,MF,cw Curaçao,23,1.nl Telstar,2002,1,0,14,0.2,0,0,0,0,0,0,0,0,0,0,0,0,0,Matches
674,Ernest Nuamah,MF,gh Ghana,22,1.fr Lyon,2003,3,1,89,1,0,1,1,0,0,0,0,0,0,1.01,1.01,0,1.01,Matches
675,Matheus Nunes,"DF,MF",pt Portugal,27,1.eng Manchester City,1998,1,0,1,0,0,0,0,0,0,0,0,0,0,0,0,0,0,Matches
Rk,Player,Pos,Squad,Age,Club,Born,MP,Starts,Min,90s,Gls,Ast,G+A,G-PK,PK,PKatt,CrdY,CrdR,Gls,Ast,G+A,G-PK,G+A-PK,Matches
676,Darwin Núñez,FW,uy Uruguay,26,1.sa Al-Hilal,1999,3,2,156,1.7,0,0,0,0,0,0,0,0,0,0,0,0,0,Matches
677,Antonio Nusa,FW,no Norway,21,1.de RB Leipzig,2005,6,4,318,3.5,1,0,1,1,0,0,1,0,0.28,0,0.28,0.28,0.28,Matches
678,Benjamin Nygren,MF,se Sweden,24,1.sct Celtic,2001,4,2,130,1.4,0,0,0,0,0,0,0,0,0,0,0,0,0,Matches
679,Ørjan Nyland,GK,no Norway,35,1.es Sevilla,1990,5,5,480,5.3,0,0,0,0,0,0,0,0,0,0,0,0,0,Matches
680,Aiden O'Neill,MF,au Australia,27,1.us NYCFC,1998,4,4,360,4,0,0,0,0,0,0,0,0,0,0,0,0,0,Matches
681,Nico O'Reilly,DF,eng England,21,1.eng Manchester City,2005,7,5,461,5.1,0,0,0,0,0,0,1,0,0,0,0,0,0,Matches
682,Salim Obaid,DF,jo Jordan,34,1.jo Al-Hussein SC,1992,3,0,21,0.2,0,0,0,0,0,0,0,0,0,0,0,0,0,Matches
683,Armando Obispo,DF,cw Curaçao,27,1.nl PSV,1999,3,3,270,3,0,0,0,0,0,0,0,0,0,0,0,0,0,Matches
684,Guillermo Ochoa,GK,mx Mexico,40,1.cy AEL Limassol,1985,1,0,13,0.1,0,0,0,0,0,0,0,0,0,0,0,0,0,Matches
685,K?ki Ogawa,FW,jp Japan,28,1.nl NEC Nijmegen,1997,3,0,42,0.5,0,1,1,0,0,0,0,0,0,2.14,2.14,0,2.14,Matches
686,Braian Ojeda,MF,py Paraguay,25,1.us Orlando City,2000,1,0,22,0.2,0,0,0,0,0,0,0,0,0,0,0,0,0,Matches
687,Noah Okafor,"FW,MF",ch Switzerland,26,1.eng Leeds United,2000,1,0,20,0.2,0,0,0,0,0,0,0,0,0,0,0,0,0,Matches
688,Ime Okon,DF,za South Africa,22,2.de Hannover 96,2004,4,4,360,4,0,0,0,0,0,0,0,0,0,0,0,0,0,Matches
689,Paul Okon-Engstler,MF,au Australia,21,1.au Sydney FC,2005,4,2,197,2.2,0,1,1,0,0,0,0,0,0,0.46,0.46,0,0.46,Matches
690,Ben Old,MF,nz New Zealand,23,2.fr Saint-Étienne,2002,3,0,93,1,0,0,0,0,0,0,0,0,0,0,0,0,0,Matches
691,Michael Olise,MF,fr France,24,1.de Bayern Munich,2001,8,8,646,7.2,0,7,7,0,0,0,1,0,0,0.98,0.98,0,0.98,Matches
692,Mathías Olivera,DF,uy Uruguay,28,1.it Napoli,1997,3,3,270,3,0,0,0,0,0,0,1,0,0,0,0,0,0,Matches
693,Dani Olmo,MF,es Spain,28,1.es Barcelona,1998,8,6,491,5.5,0,2,2,0,0,0,0,0,0,0.37,0.37,0,0.37,Matches
694,Tani Oluwaseyi,FW,ca Canada,26,1.es Villarreal,2000,5,3,259,2.9,0,0,0,0,0,0,0,0,0,0,0,0,0,Matches
695,Ali Olwan,MF,jo Jordan,26,1.qa Al-Sailiya SC,2000,3,3,268,3,1,0,1,1,0,0,0,0,0.34,0,0.34,0.34,0.34,Matches
696,Amadou Onana,MF,be Belgium,24,1.eng Aston Villa,2001,4,2,106,1.2,0,0,0,0,0,0,0,0,0,0,0,0,0,Matches
697,Christopher Opéri,DF,ci Côte d'Ivoire,29,1.tr Ba?ak?ehir,1997,1,1,90,1,0,0,0,0,0,0,0,0,0,0,0,0,0,Matches
698,Jerome Opoku,DF,gh Ghana,27,1.tr Ba?ak?ehir,1998,3,3,270,3,0,0,0,0,0,0,0,0,0,0,0,0,0,Matches
699,Joel Ordóñez,DF,ec Ecuador,22,1.be Club Brugge,2004,3,3,225,2.5,0,0,0,0,0,0,0,0,0,0,0,0,0,Matches
700,Jonathan Osorio,MF,ca Canada,34,1.us Toronto FC,1992,2,0,5,0.1,0,0,0,0,0,0,0,0,0,0,0,0,0,Matches
Rk,Player,Pos,Squad,Age,Club,Born,MP,Starts,Min,90s,Gls,Ast,G+A,G-PK,PK,PKatt,CrdY,CrdR,Gls,Ast,G+A,G-PK,G+A-PK,Matches
701,Nicolás Otamendi,DF,ar Argentina,38,1.pt Benfica,1988,7,1,247,2.7,0,0,0,0,0,0,0,0,0,0,0,0,0,Matches
702,Zakaria El Ouahdi,"DF,MF",ma Morocco,24,1.be Genk,2001,1,0,17,0.2,0,0,0,0,0,0,0,0,0,0,0,0,0,Matches
703,Ayoub Al-Oui,DF,qa Qatar,21,1.qa Al-Gharafa Sports Club,2005,2,2,149,1.7,0,0,0,0,0,0,0,0,0,0,0,0,0,Matches
704,Azzedine Ounahi,MF,ma Morocco,26,1.es Girona,2000,6,5,435,4.8,2,0,2,2,0,0,1,0,0.41,0,0.41,0.41,0.41,Matches
705,Mohammed Al-Owais,GK,sa Saudi Arabia,34,1.sa Al-Ula,1991,3,3,270,3,0,0,0,0,0,0,0,0,0,0,0,0,0,Matches
706,Elisha Owusu,MF,gh Ghana,28,1.fr Auxerre,1997,3,2,151,1.7,0,0,0,0,0,0,0,0,0,0,0,0,0,Matches
707,Mikel Oyarzabal,FW,es Spain,29,1.es Real Sociedad,1997,8,8,601,6.7,5,1,6,4,1,1,0,0,0.75,0.15,0.9,0.6,0.75,Matches
708,Salih Özcan,MF,tr Türkiye,28,1.de Dortmund,1998,2,1,100,1.1,0,0,0,0,0,0,0,0,0,0,0,0,0,Matches
709,Willian Pacho,DF,ec Ecuador,24,1.fr PSG,2001,4,4,360,4,0,0,0,0,0,0,0,0,0,0,0,0,0,Matches
710,Kendry Páez,MF,ec Ecuador,19,1.ar River Plate,2007,1,0,12,0.1,0,0,0,0,0,0,1,0,0,0,0,0,0,Matches
711,Exequiel Palacios,DF,ar Argentina,27,1.de Leverkusen,1998,1,1,90,1,0,0,0,0,0,0,0,0,0,0,0,0,0,Matches
712,Lucas Paquetá,MF,br Brazil,28,1.br Flamengo,1997,4,4,233,2.6,0,1,1,0,0,0,0,0,0,0.39,0.39,0,0.39,Matches
713,Leandro Paredes,MF,ar Argentina,31,1.ar Boca Juniors,1994,7,4,473,5.3,0,0,0,0,0,0,2,0,0,0,0,0,0,Matches
714,Thomas Partey,MF,gh Ghana,33,1.es Villarreal,1993,3,3,270,3,0,0,0,0,0,0,0,0,0,0,0,0,0,Matches
715,Marco Pašali?,MF,hr Croatia,25,1.us Orlando City,2000,3,1,99,1.1,0,0,0,0,0,0,0,0,0,0,0,0,0,Matches
716,Mario Pašali?,MF,hr Croatia,31,1.it Atalanta,1995,4,1,123,1.4,0,0,0,0,0,0,0,0,0,0,0,0,0,Matches
717,Nathan Patterson,DF,sct Scotland,24,1.eng Everton,2001,3,2,185,2.1,0,0,0,0,0,0,0,0,0,0,0,0,0,Matches
718,João Paulo Fernandes,DF,cv Cabo Verde,28,1.ro FCSB,1998,2,1,105,1.2,0,0,0,0,0,0,0,0,0,0,0,0,0,Matches
719,Aleksandar Pavlovic,MF,de Germany,22,1.de Bayern Munich,2004,4,4,272,3,0,0,0,0,0,0,1,0,0,0,0,0,0,Matches
720,Tim Payne,DF,nz New Zealand,32,1.au Wellington,1994,3,3,224,2.5,0,1,1,0,0,0,0,0,0,0.4,0.4,0,0.4,Matches
721,Nicolás Paz,MF,ar Argentina,21,1.it Como,2004,2,1,71,0.8,0,0,0,0,0,0,0,0,0,0,0,0,0,Matches
722,Marcus Pedersen,DF,no Norway,25,1.it Torino,2000,4,1,236,2.6,1,0,1,1,0,0,0,0,0.38,0,0.38,0.38,0.38,Matches
723,Pedri,MF,es Spain,23,1.es Barcelona,2002,8,5,499,5.5,0,0,0,0,0,0,1,0,0,0,0,0,0,Matches
724,Nicolas Pépé,FW,ci Côte d'Ivoire,31,1.es Villarreal,1995,4,3,234,2.6,2,1,3,2,0,0,1,0,0.77,0.38,1.15,0.77,1.15,Matches
725,Ricardo Pepi,FW,us USA,23,1.nl PSV,2003,5,2,204,2.3,0,0,0,0,0,0,0,0,0,0,0,0,0,Matches
Rk,Player,Pos,Squad,Age,Club,Born,MP,Starts,Min,90s,Gls,Ast,G+A,G-PK,PK,PKatt,CrdY,CrdR,Gls,Ast,G+A,G-PK,G+A-PK,Matches
726,Kojo Peprah Oppong,DF,gh Ghana,22,1.fr Nice,2004,2,0,49,0.5,0,0,0,0,0,0,1,0,0,0,0,0,0,Matches
727,Ivan Periši?,"MF,DF",hr Croatia,37,1.nl PSV,1989,4,4,360,4,1,1,2,1,0,0,2,0,0.25,0.25,0.5,0.25,0.5,Matches
728,Jens Petter Hauge,"DF,FW",no Norway,26,1.no Bodø/Glimt,1999,1,0,8,0.1,0,0,0,0,0,0,0,0,0,0,0,0,0,Matches
729,Charles Pickel,"DF,MF",cd Congo DR,29,1.es Espanyol,1997,2,0,35,0.4,0,0,0,0,0,0,1,0,0,0,0,0,0,Matches
730,Jordan Pickford,GK,eng England,32,1.eng Everton,1994,7,7,660,7.3,0,0,0,0,0,0,0,0,0,0,0,0,0,Matches
731,Pico,DF,cv Cabo Verde,33,1.ie Shamrock,1992,4,4,390,4.3,0,0,0,0,0,0,0,0,0,0,0,0,0,Matches
732,Frantzdy Pierrot,FW,ht Haiti,31,1.tr Rizespor,1995,3,2,143,1.6,0,0,0,0,0,0,1,0,0,0,0,0,0,Matches
733,Kevin Pina,MF,cv Cabo Verde,29,1.ru Krasnodar,1997,4,4,349,3.9,1,0,1,1,0,0,1,0,0.26,0,0.26,0.26,0.26,Matches
734,Wagner Pina,DF,cv Cabo Verde,23,1.tr Trabzonspor,2002,1,1,89,1,0,0,0,0,0,0,1,0,0,0,0,0,0,Matches
735,Orbelín Pineda,"FW,MF",mx Mexico,30,1.gr AEK Athens,1996,2,0,31,0.3,0,0,0,0,0,0,0,0,0,0,0,0,0,Matches
736,Yéremy Pino,"FW,MF",es Spain,23,1.eng Crystal Palace,2002,2,0,70,0.8,0,0,0,0,0,0,0,0,0,0,0,0,0,Matches
737,Isidro Pitta,FW,py Paraguay,26,1.br RB Bragantino,1999,1,1,45,0.5,0,0,0,0,0,0,0,0,0,0,0,0,0,Matches
738,Johny Placide,GK,ht Haiti,38,2.fr Bastia,1988,3,3,270,3,0,0,0,0,0,0,1,0,0,0,0,0,0,Matches
739,Gonzalo Plata,FW,ec Ecuador,25,1.br Flamengo,2000,4,4,360,4,1,0,1,1,0,0,1,0,0.25,0,0.25,0.25,0.25,Matches
740,Marin Pongra?i?,DF,hr Croatia,28,1.it Fiorentina,1997,3,3,270,3,0,0,0,0,0,0,0,0,0,0,0,0,0,Matches
741,Jackson Porozo,DF,ec Ecuador,25,1.mx Tijuana,2000,1,0,29,0.3,0,0,0,0,0,0,1,0,0,0,0,0,0,Matches
742,Pedro Porro,DF,es Spain,26,1.eng Tottenham,1999,6,6,563,6.3,2,0,2,2,0,0,0,0,0.32,0,0.32,0.32,0.32,Matches
743,Stefan Posch,DF,at Austria,29,1.de Mainz 05,1997,4,4,331,3.7,0,0,0,0,0,0,2,0,0,0,0,0,0,Matches
744,Alexander Prass,"DF,MF",at Austria,25,1.de Hoffenheim,2001,2,0,29,0.3,0,0,0,0,0,0,0,0,0,0,0,0,0,Matches
745,Ángelo Preciado,"DF,MF",ec Ecuador,28,1.br Atlético Mineiro,1998,4,0,109,1.2,0,0,0,0,0,0,0,0,0,0,0,0,0,Matches
746,Ruben Providence,MF,ht Haiti,24,2.nl Almere City,2001,3,3,220,2.4,0,0,0,0,0,0,0,0,0,0,0,0,0,Matches
747,Lukáš Provod,FW,cz Czechia,29,1.cz Slavia Prague,1996,3,1,122,1.4,0,0,0,0,0,0,0,0,0,0,0,0,0,Matches
748,Marc Pubill,DF,es Spain,22,1.es Atlético Madrid,2003,1,0,1,0,0,0,0,0,0,0,0,0,0,0,0,0,0,Matches
749,Gustavo Puerta,MF,co Colombia,22,2.es Racing Sant,2003,5,5,469,5.2,0,1,1,0,0,0,1,0,0,0.19,0.19,0,0.19,Matches
750,Christian Pulisic,MF,us USA,27,1.it Milan,1998,4,3,223,2.5,0,1,1,0,0,0,0,0,0,0.4,0.4,0,0.4,Matches
Rk,Player,Pos,Squad,Age,Club,Born,MP,Starts,Min,90s,Gls,Ast,G+A,G-PK,PK,PKatt,CrdY,CrdR,Gls,Ast,G+A,G-PK,G+A-PK,Matches
751,Ahmed Qasem,"MF,FW",iq Iraq,22,1.us Nashville SC,2003,3,2,123,1.4,0,0,0,0,0,0,0,0,0,0,0,0,0,Matches
752,Jarell Quansah,DF,eng England,23,1.de Leverkusen,2003,3,3,197,2.2,0,0,0,0,0,0,1,1,0,0,0,0,0,Matches
753,Julián Quiñones,"FW,MF",mx Mexico,29,1.sa Al-Qadsiah,1997,5,5,410,4.6,4,1,5,4,0,0,0,0,0.88,0.22,1.1,0.88,1.1,Matches
754,Alberto Quintero,"FW,MF",pa Panama,38,1.pa Plaza Amador,1987,1,0,3,0,0,0,0,0,0,0,0,0,0,0,0,0,0,Matches
755,Juan Quintero,"FW,MF",co Colombia,33,1.ar River Plate,1993,4,0,121,1.3,0,1,1,0,0,0,0,0,0,0.74,0.74,0,0.74,Matches
756,Ramy Rabia,DF,eg Egypt,33,1.ae Al Ain,1993,5,3,372,4.1,0,0,0,0,0,0,0,0,0,0,0,0,0,Matches
757,Adrien Rabiot,MF,fr France,31,1.it Milan,1995,7,7,585,6.5,0,1,1,0,0,0,1,0,0,0.15,0.15,0,0.15,Matches
758,Stjepan Radelji?,DF,ba Bosnia–Herz,28,1.hr Rijeka,1997,2,2,180,2,0,0,0,0,0,0,1,0,0,0,0,0,0,Matches
759,Soufiane Rahimi,FW,ma Morocco,30,1.ae Al Ain,1996,6,0,163,1.8,2,1,3,2,0,0,0,0,1.1,0.55,1.66,1.1,1.66,Matches
760,Abdul Rahman Baba,"DF,MF",gh Ghana,31,1.gr PAOK,1994,1,0,1,0,0,0,0,0,0,0,0,0,0,0,0,0,0,Matches
761,Anthony Ralston,DF,sct Scotland,27,1.sct Celtic,1998,2,0,11,0.1,0,0,0,0,0,0,0,0,0,0,0,0,0,Matches
762,Gonçalo Ramos,FW,pt Portugal,24,1.fr PSG,2001,2,0,36,0.4,1,0,1,1,0,0,0,0,2.5,0,2.5,2.5,2.5,Matches
763,Jiovany Ramos,DF,pa Panama,29,1.ve Puerto Cabello,1997,2,2,166,1.8,0,0,0,0,0,0,0,0,0,0,0,0,0,Matches
764,Jesse Randall,MF,nz New Zealand,23,1.au Auckland FC,2002,3,0,61,0.7,0,0,0,0,0,0,0,0,0,0,0,0,0,Matches
765,Raúl Rangel,GK,mx Mexico,26,1.mx Guadalajara,2000,5,5,437,4.9,0,0,0,0,0,0,0,0,0,0,0,0,0,Matches
766,Raphinha,"MF,FW",br Brazil,29,1.es Barcelona,1996,2,2,129,1.4,0,0,0,0,0,0,0,0,0,0,0,0,0,Matches
767,Nizar Al Rashdan,MF,jo Jordan,27,1.qa Qatar SC,1999,3,3,255,2.8,1,0,1,1,0,0,0,0,0.35,0,0.35,0.35,0.35,Matches
768,Marcus Rashford,MF,eng England,28,1.es Barcelona,1997,6,3,223,2.5,1,1,2,1,0,0,0,0,0.4,0.4,0.81,0.4,0.81,Matches
769,Nicolas Raskin,MF,be Belgium,25,1.sct Rangers,2001,6,3,341,3.8,0,2,2,0,0,0,0,0,0,0.53,0.53,0,0.53,Matches
770,David Raum,DF,de Germany,28,1.de RB Leipzig,1998,2,1,108,1.2,0,0,0,0,0,0,0,0,0,0,0,0,0,Matches
771,Noor Al Rawabdeh,MF,jo Jordan,29,1.my Selangor FA,1997,3,3,270,3,0,1,1,0,0,0,0,0,0,0.33,0.33,0,0.33,Matches
772,Rayan,"FW,MF",br Brazil,19,1.eng Bournemouth,2006,4,3,288,3.2,0,1,1,0,0,0,0,0,0,0.31,0.31,0,0.31,Matches
773,Iqraam Rayners,FW,za South Africa,30,1.za Sundowns,1995,4,2,161,1.8,0,0,0,0,0,0,0,0,0,0,0,0,0,Matches
774,Tim Ream,DF,us USA,38,1.us Charlotte,1987,4,4,360,4,0,0,0,0,0,0,0,0,0,0,0,0,0,Matches
775,Tijjani Reijnders,MF,nl Netherlands,27,1.eng Manchester City,1998,3,3,199,2.2,0,1,1,0,0,0,0,0,0,0.45,0.45,0,0.45,Matches
Rk,Player,Pos,Squad,Age,Club,Born,MP,Starts,Min,90s,Gls,Ast,G+A,G-PK,PK,PKatt,CrdY,CrdR,Gls,Ast,G+A,G-PK,G+A-PK,Matches
776,Omar Rekik,DF,tn Tunisia,24,1.si NK Maribor,2001,2,2,180,2,1,0,1,1,0,0,0,0,0.5,0,0.5,0.5,0.5,Matches
777,Israel Reyes,DF,mx Mexico,26,1.mx América,2000,4,2,202,2.2,0,0,0,0,0,0,0,0,0,0,0,0,0,Matches
778,Gio Reyna,MF,us USA,23,1.de Gladbach,2002,5,1,131,1.5,1,0,1,1,0,0,0,0,0.69,0,0.69,0.69,0.69,Matches
779,Ramin Rezaeian,"DF,MF",ir IR Iran,36,1.ir Foolad,1990,3,3,270,3,2,1,3,2,0,0,0,0,0.67,0.33,1,0.67,1,Matches
780,Chadi Riad,DF,ma Morocco,22,1.eng Crystal Palace,2003,4,4,344,3.8,0,1,1,0,0,0,0,0,0,0.26,0.26,0,0.26,Matches
781,Declan Rice,MF,eng England,27,1.eng Arsenal,1999,7,7,557,6.2,1,2,3,1,0,0,2,0,0.16,0.32,0.48,0.16,0.48,Matches
782,Chris Richards,DF,us USA,26,1.eng Crystal Palace,2000,4,4,360,4,0,0,0,0,0,0,1,0,0,0,0,0,0,Matches
783,Fabian Rieder,"MF,FW",ch Switzerland,24,1.de Augsburg,2002,5,3,302,3.4,0,0,0,0,0,0,0,0,0,0,0,0,0,Matches
784,Richard Ríos,MF,co Colombia,26,1.pt Benfica,2000,5,0,140,1.6,0,0,0,0,0,0,1,0,0,0,0,0,0,Matches
785,Ró-Ró,DF,qa Qatar,35,1.qa Al Sadd,1990,3,3,270,3,0,0,0,0,0,0,0,0,0,0,0,0,0,Matches
786,Andy Robertson,DF,sct Scotland,32,1.eng Liverpool,1994,3,3,225,2.5,0,0,0,0,0,0,1,0,0,0,0,0,0,Matches
787,Antonee Robinson,"DF,MF",us USA,28,1.eng Fulham,1997,4,4,348,3.9,0,0,0,0,0,0,1,0,0,0,0,0,0,Matches
788,Miles Robinson,DF,us USA,29,1.us FC Cincinnati,1997,1,1,90,1,0,0,0,0,0,0,0,0,0,0,0,0,0,Matches
789,Sergio Rochet,GK,uy Uruguay,33,1.br Internacional,1993,1,0,45,0.5,0,0,0,0,0,0,0,0,0,0,0,0,0,Matches
790,Rodri,MF,es Spain,29,1.eng Manchester City,1996,8,8,724,8,0,0,0,0,0,0,0,0,0,0,0,0,0,Matches
791,Garry Rodrigues,MF,cv Cabo Verde,35,1.cy Apollon Limassol,1990,2,1,76,0.8,0,0,0,0,0,0,0,0,0,0,0,0,0,Matches
792,Brian Rodríguez,"FW,MF",uy Uruguay,26,1.mx América,2000,3,0,41,0.5,0,0,0,0,0,0,0,0,0,0,0,0,0,Matches
793,James Rodríguez,"FW,MF",co Colombia,34,1.us Minnesota Utd,1991,5,5,313,3.5,0,0,0,0,0,0,0,0,0,0,0,0,0,Matches
794,Kevin Rodríguez,FW,ec Ecuador,26,1.be Union SG,2000,4,0,118,1.3,0,1,1,0,0,0,0,0,0,0.76,0.76,0,0.76,Matches
795,Ricardo Rodríguez,DF,ch Switzerland,33,1.es Real Betis,1992,6,6,517,5.7,0,1,1,0,0,0,0,0,0,0.17,0.17,0,0.17,Matches
796,Tomás Rodríguez,FW,pa Panama,27,1.cr Saprissa,1999,2,1,46,0.5,0,0,0,0,0,0,0,0,0,0,0,0,0,Matches
797,Godfried Roemeratoe,MF,cw Curaçao,26,2.nl RKC Waalwijk,1999,1,0,7,0.1,0,0,0,0,0,0,0,0,0,0,0,0,0,Matches
798,Morgan Rogers,MF,eng England,23,1.eng Aston Villa,2002,7,3,339,3.8,0,1,1,0,0,0,0,0,0,0.27,0.27,0,0.27,Matches
799,Cristian Romero,DF,ar Argentina,28,1.eng Tottenham,1998,7,7,608,6.8,1,0,1,1,0,0,2,0,0.15,0,0.15,0.15,0.15,Matches
800,Luis Romo,MF,mx Mexico,31,1.mx Guadalajara,1995,4,4,264,2.9,1,1,2,1,0,0,0,0,0.34,0.34,0.68,0.34,0.68,Matches
Rk,Player,Pos,Squad,Age,Club,Born,MP,Starts,Min,90s,Gls,Ast,G+A,G-PK,PK,PKatt,CrdY,CrdR,Gls,Ast,G+A,G-PK,G+A-PK,Matches
801,Cristiano Ronaldo,FW,pt Portugal,41,1.sa Al-Nassr,1985,5,5,440,4.9,3,0,3,2,1,1,0,0,0.61,0,0.61,0.41,0.41,Matches
802,Eloy Room,GK,cw Curaçao,37,2.us Miami FC,1989,3,3,270,3,0,0,0,0,0,0,0,0,0,0,0,0,0,Matches
803,Marten de Roon,"DF,MF",nl Netherlands,35,1.it Atalanta,1991,1,0,11,0.1,0,0,0,0,0,0,0,0,0,0,0,0,0,Matches
804,Saed Al-Rosan,DF,jo Jordan,29,1.jo Al-Hussein SC,1997,1,0,10,0.1,0,0,0,0,0,0,0,0,0,0,0,0,0,Matches
805,Antonio Rüdiger,DF,de Germany,33,1.es Real Madrid,1993,4,2,262,2.9,0,0,0,0,0,0,0,0,0,0,0,0,0,Matches
806,Fabián Ruiz Peña,MF,es Spain,30,1.fr PSG,1996,8,4,321,3.6,1,0,1,1,0,0,0,0,0.28,0,0.28,0.28,0.28,Matches
807,Mathew Ryan,GK,au Australia,34,1.es Levante,1992,1,0,2,0,0,0,0,0,0,0,0,0,0,0,0,0,0,Matches
808,Julian Ryerson,DF,no Norway,28,1.de Dortmund,1997,4,4,223,2.5,0,0,0,0,0,0,0,0,0,0,0,0,0,Matches
809,Elias Saad,"MF,FW",tn Tunisia,26,2.de Hannover 96,1999,2,2,116,1.3,0,0,0,0,0,0,0,0,0,0,0,0,0,Matches
810,Marwane Saâdane,"DF,MF",ma Morocco,34,1.sa Al-Fateh,1992,1,0,4,0,0,0,0,0,0,0,0,0,0,0,0,0,0,Matches
811,Mustafa Saadoon,DF,iq Iraq,25,1.iq Al-Shorta,2001,1,0,18,0.2,0,0,0,0,0,0,0,0,0,0,0,0,0,Matches
812,Mahmoud Saber,MF,eg Egypt,24,1.eg ZED,2001,2,1,46,0.5,1,0,1,1,0,0,1,0,1.96,0,1.96,1.96,1.96,Matches
813,Marcel Sabitzer,MF,at Austria,32,1.de Dortmund,1994,4,4,360,4,1,0,1,1,0,0,1,0,0.25,0,0.25,0.25,0.25,Matches
814,Noah Sadiki,MF,cd Congo DR,21,1.eng Sunderland,2004,4,2,259,2.9,0,0,0,0,0,0,2,0,0,0,0,0,0,Matches
815,Michal Sadílek,MF,cz Czechia,27,1.cz Slavia Prague,1999,3,2,183,2,1,0,1,1,0,0,0,0,0.49,0,0.49,0.49,0.49,Matches
816,Alexis Saelemaekers,MF,be Belgium,26,1.it Milan,1999,4,1,83,0.9,1,0,1,1,0,0,0,0,1.08,0,1.08,1.08,1.08,Matches
817,Ismael Saibari,FW,ma Morocco,25,1.nl PSV,2001,5,5,381,4.2,3,0,3,3,0,0,0,0,0.71,0,0.71,0.71,0.71,Matches
818,Bukayo Saka,MF,eng England,24,1.eng Arsenal,2001,7,3,358,4,3,3,6,2,1,1,0,0,0.75,0.75,1.51,0.5,1.26,Matches
819,Mohamed Salah,"FW,MF",eg Egypt,33,1.eng Liverpool,1992,5,5,425,4.7,1,2,3,1,0,0,0,0,0.21,0.42,0.64,0.21,0.64,Matches
820,Anass Salah-Eddine,DF,ma Morocco,24,1.nl PSV,2002,4,2,212,2.4,0,0,0,0,0,0,0,0,0,0,0,0,0,Matches
821,Nathan Saliba,MF,ca Canada,22,1.be Anderlecht,2004,3,2,182,2,1,2,3,1,0,0,1,0,0.49,0.99,1.48,0.49,1.48,Matches
822,William Saliba,DF,fr France,25,1.eng Arsenal,2001,6,6,479,5.3,0,0,0,0,0,0,0,0,0,0,0,0,0,Matches
823,Shurandy Sambo,DF,cw Curaçao,24,1.nl Sparta R.,2001,1,0,1,0,0,0,0,0,0,0,0,0,0,0,0,0,0,Matches
824,Antonio Sanabria,FW,py Paraguay,30,1.it Cremonese,1996,2,1,83,0.9,0,0,0,0,0,0,0,0,0,0,0,0,0,Matches
825,Davinson Sánchez,DF,co Colombia,30,1.tr Galatasaray,1996,5,5,480,5.3,0,0,0,0,0,0,1,0,0,0,0,0,0,Matches
Rk,Player,Pos,Squad,Age,Club,Born,MP,Starts,Min,90s,Gls,Ast,G+A,G-PK,PK,PKatt,CrdY,CrdR,Gls,Ast,G+A,G-PK,G+A-PK,Matches
826,Jorge Sánchez,DF,mx Mexico,28,1.gr PAOK,1997,4,4,348,3.9,0,1,1,0,0,0,1,0,0,0.26,0.26,0,0.26,Matches
827,Alex Sandro,"DF,MF",br Brazil,35,1.br Flamengo,1991,1,0,9,0.1,0,0,0,0,0,0,0,0,0,0,0,0,0,Matches
828,Leroy Sané,MF,de Germany,30,1.tr Galatasaray,1996,4,4,326,3.6,1,0,1,1,0,0,0,0,0.28,0,0.28,0.28,0.28,Matches
829,Ibrahim Sangaré,MF,ci Côte d'Ivoire,28,1.eng Nottingham,1997,4,3,268,3,0,1,1,0,0,0,0,0,0,0.34,0.34,0,0.34,Matches
830,Kaish? Sano,MF,jp Japan,25,1.de Mainz 05,2000,3,3,270,3,1,1,2,1,0,0,1,0,0.33,0.33,0.67,0.33,0.67,Matches
831,Danilo Santos,MF,br Brazil,25,1.br Botafogo–RJ,2001,4,0,46,0.5,0,0,0,0,0,0,0,0,0,0,0,0,0,Matches
832,Douglas Santos,DF,br Brazil,32,1.ru Zenit,1994,5,5,441,4.9,0,0,0,0,0,0,1,0,0,0,0,0,0,Matches
833,Bara Sapoko Ndiaye,MF,sn Senegal,18,1.de Bayern Munich,2007,1,0,26,0.3,0,0,0,0,0,0,0,0,0,0,0,0,0,Matches
834,Ismaila Sarr,"MF,FW",sn Senegal,28,1.eng Crystal Palace,1998,4,4,364,4,4,1,5,4,0,0,0,0,0.99,0.25,1.24,0.99,1.24,Matches
835,Farrukh Sayfiev,"DF,MF",uz Uzbekistan,35,1.uz Neftchi FK,1991,1,0,45,0.5,0,0,0,0,0,0,0,0,0,0,0,0,0,Matches
836,Amine Sbai,"FW,MF",ma Morocco,25,1.fr Angers,2000,1,0,6,0.1,0,0,0,0,0,0,0,0,0,0,0,0,0,Matches
837,Joe Scally,DF,us USA,23,1.de Gladbach,2002,2,1,87,1,0,0,0,0,0,0,0,0,0,0,0,0,0,Matches
838,Patrik Schick,FW,cz Czechia,30,1.de Leverkusen,1996,3,2,180,2,0,0,0,0,0,0,0,0,0,0,0,0,0,Matches
839,Andreas Schjelderup,FW,no Norway,22,1.pt Benfica,2004,6,2,252,2.8,1,3,4,1,0,0,0,0,0.36,1.07,1.43,0.36,1.43,Matches
840,Alexander Schlager,GK,at Austria,30,1.at RB Salzburg,1996,4,4,360,4,0,0,0,0,0,0,0,0,0,0,0,0,0,Matches
841,Xaver Schlager,MF,at Austria,28,1.de RB Leipzig,1997,4,4,238,2.6,0,1,1,0,0,0,0,0,0,0.38,0.38,0,0.38,Matches
842,Nico Schlotterbeck,DF,de Germany,26,1.de Dortmund,1999,2,2,135,1.5,1,0,1,1,0,0,0,0,0.67,0,0.67,0.67,0.67,Matches
843,Romano Schmid,"MF,FW",at Austria,26,1.de Werder Bremen,2000,4,4,263,2.9,1,0,1,1,0,0,0,0,0.34,0,0.34,0.34,0.34,Matches
844,Kamogelo Sebelebele,"DF,MF",za South Africa,23,1.za Orlando Pirates,2002,1,0,7,0.1,0,0,0,0,0,0,0,0,0,0,0,0,0,Matches
845,Abdoulaye Seck,DF,sn Senegal,34,1.il Maccabi Haifa,1992,1,1,57,0.6,0,1,1,0,0,0,1,0,0,1.58,1.58,0,1.58,Matches
846,Alidu Seidu,DF,gh Ghana,26,1.fr Rennes,2000,1,0,78,0.9,0,0,0,0,0,0,1,0,0,0,0,0,0,Matches
847,Nicolas Seiwald,MF,at Austria,25,1.de RB Leipzig,2001,4,4,315,3.5,0,0,0,0,0,0,0,0,0,0,0,0,0,Matches
848,Ayumu Seko,DF,jp Japan,26,1.fr Le Havre,2000,2,1,86,1,0,0,0,0,0,0,0,0,0,0,0,0,0,Matches
849,Egil Selvik,GK,no Norway,28,2.eng Watford,1997,1,1,90,1,0,0,0,0,0,0,0,0,0,0,0,0,0,Matches
850,Ken Sema,"FW,MF",se Sweden,32,1.cy Pafos FC,1993,1,0,16,0.2,0,0,0,0,0,0,0,0,0,0,0,0,0,Matches
Rk,Player,Pos,Squad,Age,Club,Born,MP,Starts,Min,90s,Gls,Ast,G+A,G-PK,PK,PKatt,CrdY,CrdR,Gls,Ast,G+A,G-PK,G+A-PK,Matches
851,Nélson Semedo,"DF,MF",pt Portugal,32,1.tr Fenerbahçe,1993,4,0,127,1.4,0,0,0,0,0,0,1,0,0,0,0,0,0,Matches
852,Willy Semedo,FW,cv Cabo Verde,32,1.cy AC Omonia,1994,3,1,131,1.5,0,0,0,0,0,0,0,0,0,0,0,0,0,Matches
853,Antoine Semenyo,"MF,FW",gh Ghana,26,1.eng Manchester City,2000,4,4,360,4,0,0,0,0,0,0,0,0,0,0,0,0,0,Matches
854,Marvin Senaya,DF,gh Ghana,25,1.fr Auxerre,2001,4,4,278,3.1,0,0,0,0,0,0,0,0,0,0,0,0,0,Matches
855,Marcos Senesi,DF,ar Argentina,29,1.eng Bournemouth,1997,2,1,109,1.2,0,0,0,0,0,0,0,0,0,0,0,0,0,Matches
856,Igor Sergeev,FW,uz Uzbekistan,33,1.ir Persepolis,1993,3,0,28,0.3,0,0,0,0,0,0,0,0,0,0,0,0,0,Matches
857,Jean Seri,MF,ci Côte d'Ivoire,34,1.si NK Maribor,1991,1,0,14,0.2,0,0,0,0,0,0,0,0,0,0,0,0,0,Matches
858,Kim Seung-gyu,GK,kr Korea Republic,35,1.jp FC Tokyo,1990,3,3,270,3,0,0,0,0,0,0,0,0,0,0,0,0,0,Matches
859,Paik Seung-ho,MF,kr Korea Republic,29,2.eng Birmingham City,1997,3,3,204,2.3,0,0,0,0,0,0,1,0,0,0,0,0,0,Matches
860,Joaquin Seys,DF,be Belgium,21,1.be Club Brugge,2005,1,0,30,0.3,0,0,0,0,0,0,0,0,0,0,0,0,0,Matches
861,Jacob Shaffelburg,MF,ca Canada,26,1.us LAFC,1999,5,0,92,1,0,0,0,0,0,0,0,0,0,0,0,0,0,Matches
862,Mohammed Abu Al-Shamat,MF,sa Saudi Arabia,23,1.sa Al-Qadsiah,2002,3,1,136,1.5,0,0,0,0,0,0,0,0,0,0,0,0,0,Matches
863,Lawrence Shankland,FW,sct Scotland,30,1.sct Hearts,1995,2,2,171,1.9,0,0,0,0,0,0,0,0,0,0,0,0,0,Matches
864,Sharara,FW,jo Jordan,28,1.ma Raja Casablanca,1997,2,0,2,0,0,0,0,0,0,0,1,0,0,0,0,0,0,Matches
865,Aimar Sher,MF,iq Iraq,23,1.no Sarpsborg 08,2002,1,0,23,0.3,0,0,0,0,0,0,0,0,0,0,0,0,0,Matches
866,Kento Shiogai,FW,jp Japan,21,1.de Wolfsburg,2005,1,0,7,0.1,0,0,0,0,0,0,0,0,0,0,0,0,0,Matches
867,Mostafa Shobeir,GK,eg Egypt,26,1.eg Al Ahly,2000,5,5,480,5.3,0,0,0,0,0,0,1,0,0,0,0,0,0,Matches
868,Eldor Shomurodov,FW,uz Uzbekistan,30,1.tr Ba?ak?ehir,1995,3,3,269,3,1,0,1,1,0,0,0,0,0.33,0,0.33,0.33,0.33,Matches
869,Otabek Shukurov,MF,uz Uzbekistan,29,1.ae Baniyas FC,1996,3,3,237,2.6,0,0,0,0,0,0,0,0,0,0,0,0,0,Matches
870,Nkosinathi Sibisi,DF,za South Africa,30,1.za Orlando Pirates,1995,1,1,90,1,0,0,0,0,0,0,1,0,0,0,0,0,0,Matches
871,Kwasi Sibo,MF,gh Ghana,27,1.es Oviedo,1998,4,3,248,2.8,0,0,0,0,0,0,0,0,0,0,0,0,0,Matches
872,Niko Sigur,MF,ca Canada,22,1.hr Hajduk Split,2003,3,1,126,1.4,0,0,0,0,0,0,1,0,0,0,0,0,0,Matches
873,Bernardo Silva,MF,pt Portugal,31,1.eng Manchester City,1994,4,1,97,1.1,0,0,0,0,0,0,2,0,0,0,0,0,0,Matches
874,Éderson Silva,MF,br Brazil,26,1.it Atalanta,1999,2,0,22,0.2,0,0,0,0,0,0,0,0,0,0,0,0,0,Matches
875,Giuliano Simeone,FW,ar Argentina,23,1.es Atlético Madrid,2002,3,2,192,2.1,0,0,0,0,0,0,0,0,0,0,0,0,0,Matches
Rk,Player,Pos,Squad,Age,Club,Born,MP,Starts,Min,90s,Gls,Ast,G+A,G-PK,PK,PKatt,CrdY,CrdR,Gls,Ast,G+A,G-PK,G+A-PK,Matches
876,Dominique Simon,MF,ht Haiti,25,1.sk 1. FC Tatran Prešov B,2000,2,0,56,0.6,0,0,0,0,0,0,0,0,0,0,0,0,0,Matches
877,Unai Simón,GK,es Spain,29,1.es Athletic Club,1997,8,8,750,8.3,0,0,0,0,0,0,0,0,0,0,0,0,0,Matches
878,Sarpreet Singh,MF,nz New Zealand,27,1.au Wellington,1999,3,3,209,2.3,0,0,0,0,0,0,1,0,0,0,0,0,0,Matches
879,Wilfried Singo,DF,ci Côte d'Ivoire,25,1.tr Galatasaray,2000,2,2,171,1.9,0,1,1,0,0,0,0,0,0,0.53,0.53,0,0.53,Matches
880,Sphephelo Sithole,MF,za South Africa,27,1.pt Tondela,1999,3,3,229,2.5,0,0,0,0,0,0,0,1,0,0,0,0,0,Matches
881,Ellyes Skhiri,"MF,DF",tn Tunisia,31,1.de Frankfurt,1995,3,3,250,2.8,0,0,0,0,0,0,0,0,0,0,0,0,0,Matches
882,Alexandr Sojka,"MF,DF",cz Czechia,23,1.cz Viktoria Plze?,2003,3,2,141,1.6,0,1,1,0,0,0,0,0,0,0.64,0.64,0,0.64,Matches
883,Ramón Sosa,"FW,MF",py Paraguay,26,1.br Palmeiras,1999,1,0,12,0.1,0,0,0,0,0,0,0,0,0,0,0,0,0,Matches
884,Tomáš Sou?ek,MF,cz Czechia,31,1.eng West Ham,1995,3,1,137,1.5,0,0,0,0,0,0,0,0,0,0,0,0,0,Matches
885,Harry Souttar,DF,au Australia,27,2.eng Leicester City,1998,4,4,390,4.3,0,0,0,0,0,0,1,0,0,0,0,0,0,Matches
886,Djibril Sow,MF,ch Switzerland,29,1.es Sevilla,1997,4,2,253,2.8,0,0,0,0,0,0,0,0,0,0,0,0,0,Matches
887,Ça?lar Söyüncü,DF,tr Türkiye,30,1.tr Fenerbahçe,1996,1,0,7,0.1,0,0,0,0,0,0,0,0,0,0,0,0,0,Matches
888,Djed Spence,DF,eng England,25,1.eng Tottenham,2000,8,4,404,4.5,0,0,0,0,0,0,0,0,0,0,0,0,0,Matches
889,Marko Stamenic,MF,nz New Zealand,24,2.eng Swansea City,2002,3,3,269,3,0,0,0,0,0,0,1,0,0,0,0,0,0,Matches
890,Josip Staniši?,"DF,MF",hr Croatia,26,1.de Bayern Munich,2000,4,4,360,4,0,1,1,0,0,0,0,0,0,0.25,0.25,0,0.25,Matches
891,Carl Starfelt,DF,se Sweden,31,1.es Celta Vigo,1995,1,0,4,0,0,0,0,0,0,0,0,0,0,0,0,0,0,Matches
892,Ross Stewart,FW,sct Scotland,29,2.eng Southampton,1996,1,0,2,0,0,0,0,0,0,0,0,0,0,0,0,0,0,Matches
893,Angelo Stiller,MF,de Germany,25,1.de Stuttgart,2001,1,0,45,0.5,0,0,0,0,0,0,0,0,0,0,0,0,0,Matches
894,John Stones,DF,eng England,32,1.eng Manchester City,1994,5,3,330,3.7,0,0,0,0,0,0,0,0,0,0,0,0,0,Matches
895,Jørgen Strand Larsen,FW,no Norway,26,1.eng Crystal Palace,2000,2,1,105,1.2,0,0,0,0,0,1,0,0,0,0,0,0,0,Matches
896,Elliot Stroud,MF,se Sweden,23,1.se Mjällby,2002,4,2,166,1.8,0,0,0,0,0,0,0,0,0,0,0,0,0,Matches
897,Luis Suárez,FW,co Colombia,28,1.pt Sporting CP,1997,5,3,331,3.7,0,1,1,0,0,0,1,0,0,0.27,0.27,0,0.27,Matches
898,Luka Su?i?,"FW,MF",hr Croatia,23,1.es Real Sociedad,2002,1,0,19,0.2,0,0,0,0,0,0,0,0,0,0,0,0,0,Matches
899,Petar Su?i?,"MF,FW",hr Croatia,22,1.it Inter,2003,4,3,289,3.2,1,1,2,1,0,0,1,0,0.31,0.31,0.62,0.31,0.62,Matches
900,Yukinari Sugawara,MF,jp Japan,25,1.de Werder Bremen,2000,4,1,148,1.6,0,0,0,0,0,0,0,0,0,0,0,0,0,Matches
Rk,Player,Pos,Squad,Age,Club,Born,MP,Starts,Min,90s,Gls,Ast,G+A,G-PK,PK,PKatt,CrdY,CrdR,Gls,Ast,G+A,G-PK,G+A-PK,Matches
901,Rebin Sulaka,DF,iq Iraq,34,1.th Port FC,1992,2,1,43,0.5,0,0,0,0,0,0,0,1,0,0,0,0,0,Matches
902,Pavel Šulc,FW,cz Czechia,25,1.fr Lyon,2000,3,2,189,2.1,0,0,0,0,0,0,0,0,0,0,0,0,0,Matches
903,Kamaldeen Sulemana,"MF,FW",gh Ghana,24,1.us Atlanta Utd,2002,2,2,127,1.4,0,0,0,0,0,0,0,0,0,0,0,0,0,Matches
904,Crysencio Summerville,FW,nl Netherlands,24,1.eng West Ham,2001,4,2,253,2.8,2,2,4,2,0,0,1,0,0.71,0.71,1.42,0.71,1.42,Matches
905,Ivan Šunji?,MF,ba Bosnia–Herz,29,1.cy Pafos FC,1996,4,3,196,2.2,0,0,0,0,0,0,0,0,0,0,0,0,0,Matches
906,Finn Surman,DF,nz New Zealand,22,1.us Portland Timbers,2003,3,3,270,3,1,0,1,1,0,0,0,0,0.33,0,0.33,0.33,0.33,Matches
907,Josip Šutalo,DF,hr Croatia,26,1.nl Ajax,2000,4,4,360,4,0,0,0,0,0,0,0,0,0,0,0,0,0,Matches
908,Junnosuke Suzuki,DF,jp Japan,22,1.dk FC Copenhagen,2003,2,0,43,0.5,0,0,0,0,0,0,1,0,0,0,0,0,0,Matches
909,Yuito Suzuki,"FW,MF",jp Japan,24,1.de Freiburg,2001,1,0,12,0.1,0,0,0,0,0,0,0,0,0,0,0,0,0,Matches
910,Zion Suzuki,GK,jp Japan,23,1.it Parma,2002,4,4,360,4,0,0,0,0,0,0,0,0,0,0,0,0,0,Matches
911,Mattias Svanberg,MF,se Sweden,27,1.de Wolfsburg,1999,2,0,16,0.2,1,0,1,1,0,0,0,0,5.63,0,5.63,5.63,5.63,Matches
912,Daniel Svensson,DF,se Sweden,24,1.de Dortmund,2002,3,1,98,1.1,0,0,0,0,0,0,0,0,0,0,0,0,0,Matches
913,Alexander Sørloth,FW,no Norway,30,1.es Atlético Madrid,1995,5,5,337,3.7,0,0,0,0,0,0,0,0,0,0,0,0,0,Matches
914,Musa Al-Taamari,FW,jo Jordan,29,1.fr Rennes,1997,3,2,215,2.4,1,1,2,1,0,0,0,0,0.42,0.42,0.84,0.42,0.84,Matches
915,Haris Tabakovi?,FW,ba Bosnia–Herz,31,2.de Schalke 04,1994,1,0,16,0.2,0,0,0,0,0,0,0,0,0,0,0,0,0,Matches
916,Lee Tae-seok,MF,kr Korea Republic,23,1.at Austria Wien,2002,2,2,113,1.3,0,0,0,0,0,0,0,0,0,0,0,0,0,Matches
917,Nicolás Tagliafico,DF,ar Argentina,33,1.fr Lyon,1992,7,5,476,5.3,0,0,0,0,0,0,0,0,0,0,0,0,0,Matches
918,Jonathan Tah,DF,de Germany,30,1.de Bayern Munich,1996,4,4,372,4.1,0,0,0,0,0,0,0,0,0,0,0,0,0,Matches
919,Benjamin Tahirovic,MF,ba Bosnia–Herz,23,1.dk Brøndby,2003,4,2,237,2.6,0,0,0,0,0,0,0,0,0,0,0,0,0,Matches
920,Zaid Tahseen,DF,iq Iraq,25,1.uz Pakhtakor Tashkent FK,2001,2,2,149,1.7,0,0,0,0,0,0,1,0,0,0,0,0,0,Matches
921,Chemsdine Talbi,MF,ma Morocco,21,1.eng Sunderland,2005,5,1,179,2,0,1,1,0,0,0,0,0,0,0.5,0.5,0,0.5,Matches
922,Montassar Talbi,DF,tn Tunisia,28,1.fr Lorient,1998,3,3,270,3,0,0,0,0,0,0,0,0,0,0,0,0,0,Matches
923,Hassan Al Tambakti,DF,sa Saudi Arabia,27,1.sa Al-Hilal,1999,3,3,212,2.4,0,0,0,0,0,0,0,0,0,0,0,0,0,Matches
924,Ao Tanaka,MF,jp Japan,27,1.eng Leeds United,1998,3,2,193,2.1,0,0,0,0,0,0,0,0,0,0,0,0,0,Matches
925,Shogo Taniguchi,DF,jp Japan,34,1.be Sint-Truiden,1991,3,2,232,2.6,0,0,0,0,0,0,1,0,0,0,0,0,0,Matches
Rk,Player,Pos,Squad,Age,Club,Born,MP,Starts,Min,90s,Gls,Ast,G+A,G-PK,PK,PKatt,CrdY,CrdR,Gls,Ast,G+A,G-PK,G+A-PK,Matches
926,Mehdi Taremi,FW,ir IR Iran,33,1.gr Olympiacos,1992,3,3,259,2.9,0,0,0,0,0,1,0,0,0,0,0,0,0,Matches
927,Aurélien Tchouaméni,MF,fr France,26,1.es Real Madrid,2000,4,4,360,4,0,1,1,0,0,0,1,0,0,0.25,0.25,0,0.25,Matches
928,Arthur Theate,DF,be Belgium,26,1.de Frankfurt,2000,3,2,228,2.5,0,0,0,0,0,0,0,0,0,0,0,0,0,Matches
929,Igor Thiago,FW,br Brazil,24,1.eng Brentford,2001,1,1,61,0.7,0,0,0,0,0,0,0,0,0,0,0,0,0,Matches
930,Malick Thiaw,"DF,MF",de Germany,24,1.eng Newcastle,2001,2,0,42,0.5,0,0,0,0,0,0,0,0,0,0,0,0,0,Matches
931,Ryan Thomas,MF,nz New Zealand,31,1.nl Zwolle,1994,3,1,83,0.9,0,0,0,0,0,0,0,0,0,0,0,0,0,Matches
932,Brandon Thomas-Asante,"FW,MF",gh Ghana,27,2.eng Coventry City,1998,2,0,53,0.6,0,0,0,0,0,0,0,0,0,0,0,0,0,Matches
933,Morten Thorsby,MF,no Norway,30,1.it Cremonese,1996,1,0,45,0.5,0,0,0,0,0,0,0,0,0,0,0,0,0,Matches
934,Kristian Thorstvedt,MF,no Norway,27,1.it Sassuolo,1999,2,1,63,0.7,0,0,0,0,0,0,0,0,0,0,0,0,0,Matches
935,Marcus Thuram,"FW,MF",fr France,28,1.it Inter,1997,1,0,1,0,0,0,0,0,0,0,0,0,0,0,0,0,0,Matches
936,Youri Tielemans,MF,be Belgium,29,1.eng Aston Villa,1997,5,5,474,5.3,2,0,2,1,1,1,0,0,0.38,0,0.38,0.19,0.19,Matches
937,Kieran Tierney,MF,sct Scotland,29,1.sct Celtic,1997,2,1,104,1.2,0,0,0,0,0,0,0,0,0,0,0,0,0,Matches
938,Guus Til,"FW,MF",nl Netherlands,28,1.nl PSV,1997,1,0,32,0.4,0,0,0,0,0,0,0,0,0,0,0,0,0,Matches
939,Malik Tillman,MF,us USA,24,1.de Leverkusen,2002,5,4,356,4,2,1,3,2,0,0,1,0,0.51,0.25,0.76,0.51,0.76,Matches
940,Quinten Timber,MF,nl Netherlands,24,1.fr Marseille,2001,2,0,55,0.6,0,0,0,0,0,0,0,0,0,0,0,0,0,Matches
941,Takehiro Tomiyasu,DF,jp Japan,27,1.nl Ajax,1998,3,2,184,2,0,0,0,0,0,0,0,0,0,0,0,0,0,Matches
942,Ivan Toney,FW,eng England,30,1.sa Al-Ahli,1996,2,1,79,0.9,0,0,0,0,0,0,0,0,0,0,0,0,0,Matches
943,Mehdi Torabi,MF,ir IR Iran,31,1.ir Tractor,1994,1,0,25,0.3,0,0,0,0,0,0,0,0,0,0,0,0,0,Matches
944,Félix Torres Caicedo,DF,ec Ecuador,29,1.br Internacional,1997,1,0,6,0.1,0,0,0,0,0,0,0,0,0,0,0,0,0,Matches
945,Ferran Torres,FW,es Spain,26,1.es Barcelona,2000,8,1,288,3.2,1,1,2,1,0,0,1,0,0.31,0.31,0.62,0.31,0.62,Matches
946,Sebastian Tounekti,FW,tn Tunisia,23,1.sct Celtic,2002,3,1,84,0.9,0,0,0,0,0,0,0,0,0,0,0,0,0,Matches
947,Bazoumana Touré,MF,ci Côte d'Ivoire,20,1.de Hoffenheim,2006,3,1,80,0.9,0,0,0,0,0,0,0,0,0,0,0,0,0,Matches
948,Mo Touré,FW,au Australia,22,2.eng Norwich City,2004,3,2,165,1.8,0,0,0,0,0,0,0,0,0,0,0,0,0,Matches
949,Kai Trewin,"DF,MF",au Australia,25,1.us NYCFC,2001,1,0,75,0.8,0,0,0,0,0,0,0,0,0,0,0,0,0,Matches
950,Trézéguet,MF,eg Egypt,31,1.eg Al Ahly,1994,4,1,164,1.8,1,1,2,1,0,0,0,0,0.55,0.55,1.1,0.55,1.1,Matches
Rk,Player,Pos,Squad,Age,Club,Born,MP,Starts,Min,90s,Gls,Ast,G+A,G-PK,PK,PKatt,CrdY,CrdR,Gls,Ast,G+A,G-PK,G+A-PK,Matches
951,Francisco Trincão,"FW,MF",pt Portugal,26,1.pt Sporting CP,1999,1,0,28,0.3,0,0,0,0,0,0,0,0,0,0,0,0,0,Matches
952,Leandro Trossard,"MF,FW",be Belgium,31,1.eng Arsenal,1994,6,6,506,5.6,2,2,4,2,0,0,0,0,0.36,0.36,0.71,0.36,0.71,Matches
953,Auston Trusty,DF,us USA,27,1.sct Celtic,1998,2,1,101,1.1,1,0,1,1,0,0,0,0,0.89,0,0.89,0.89,0.89,Matches
954,Axel Tuanzebe,DF,cd Congo DR,28,1.eng Burnley,1997,4,4,360,4,0,0,0,0,0,0,0,0,0,0,0,0,0,Matches
955,Matt Turner,GK,us USA,31,1.us NE Revolution,1994,1,1,90,1,0,0,0,0,0,0,0,0,0,0,0,0,0,Matches
956,Ayase Ueda,FW,jp Japan,27,1.nl Feyenoord,1998,4,4,321,3.6,2,1,3,2,0,0,0,0,0.56,0.28,0.84,0.56,0.84,Matches
957,Manuel Ugarte,MF,uy Uruguay,25,1.eng Manchester Utd,2001,3,3,184,2,0,0,0,0,0,0,0,0,0,0,0,0,0,Matches
958,Deniz Undav,FW,de Germany,29,1.de Stuttgart,1996,4,1,151,1.7,3,2,5,3,0,0,0,0,1.79,1.19,2.98,1.79,2.98,Matches
959,Dayot Upamecano,DF,fr France,27,1.de Bayern Munich,1998,8,7,660,7.3,0,1,1,0,0,0,0,0,0,0.14,0.14,0,0.14,Matches
960,Jakhongir Urozov,DF,uz Uzbekistan,22,1.uz FK Dinamo Samarqand,2004,2,1,95,1.1,0,0,0,0,0,0,0,0,0,0,0,0,0,Matches
961,Oston Urunov,MF,uz Uzbekistan,25,1.ir Persepolis,2000,2,1,63,0.7,0,0,0,0,0,0,0,0,0,0,0,0,0,Matches
962,Can Uzun,MF,tr Türkiye,20,1.de Frankfurt,2005,2,0,38,0.4,0,1,1,0,0,0,0,0,0,2.37,2.37,0,2.37,Matches
963,Enner Valencia,FW,ec Ecuador,36,1.mx Pachuca,1989,4,4,287,3.2,0,0,0,0,0,0,0,0,0,0,0,0,0,Matches
964,Yan Valery,DF,tn Tunisia,27,1.ch Young Boys,1999,3,3,251,2.8,0,0,0,0,0,0,0,0,0,0,0,0,0,Matches
965,Federico Valverde,MF,uy Uruguay,27,1.es Real Madrid,1998,3,3,236,2.6,0,0,0,0,0,0,0,0,0,0,0,0,0,Matches
966,Virgil van Dijk,DF,nl Netherlands,34,1.eng Liverpool,1991,4,4,390,4.3,1,1,2,1,0,0,0,0,0.23,0.23,0.46,0.23,0.46,Matches
967,Hans Vanaken,MF,be Belgium,33,1.be Club Brugge,1992,6,3,319,3.5,1,2,3,1,0,0,0,0,0.28,0.56,0.85,0.28,0.85,Matches
968,Guillermo Varela,DF,uy Uruguay,33,1.br Flamengo,1993,3,3,270,3,0,0,0,0,0,0,1,0,0,0,0,0,0,Matches
969,Hélio Varela,FW,cv Cabo Verde,24,1.il Maccabi Tel Aviv,2002,3,0,104,1.2,1,0,1,1,0,0,0,0,0.87,0,0.87,0.87,0.87,Matches
970,Camilo Vargas,GK,co Colombia,37,1.mx Atlas,1989,5,5,480,5.3,0,0,0,0,0,0,0,0,0,0,0,0,0,Matches
971,Obed Vargas,MF,mx Mexico,20,1.es Atlético Madrid,2005,3,0,66,0.7,0,0,0,0,0,0,0,0,0,0,0,0,0,Matches
972,Ruben Vargas,MF,ch Switzerland,27,1.es Sevilla,1998,6,3,284,3.2,2,1,3,2,0,0,0,0,0.63,0.32,0.95,0.63,0.95,Matches
973,Nikola Vasilj,GK,ba Bosnia–Herz,30,1.de St Pauli,1995,4,4,360,4,0,0,0,0,0,0,0,0,0,0,0,0,0,Matches
974,Johan Vásquez,DF,mx Mexico,27,1.it Genoa,1998,4,4,360,4,0,0,0,0,0,0,1,0,0,0,0,0,0,Matches
975,Alexis Vega,"FW,MF",mx Mexico,28,1.mx Toluca,1997,1,0,12,0.1,0,0,0,0,0,0,0,0,0,0,0,0,0,Matches
Rk,Player,Pos,Squad,Age,Club,Born,MP,Starts,Min,90s,Gls,Ast,G+A,G-PK,PK,PKatt,CrdY,CrdR,Gls,Ast,G+A,G-PK,G+A-PK,Matches
976,Renato Veiga,DF,pt Portugal,22,1.es Villarreal,2003,5,5,450,5,0,0,0,0,0,0,2,0,0,0,0,0,0,Matches
977,Gustavo Velásquez,DF,py Paraguay,35,1.py Cerro Porteño,1991,5,2,246,2.7,0,0,0,0,0,0,0,0,0,0,0,0,0,Matches
978,Nishan Velupillay,MF,au Australia,25,1.au Melb. Victory,2001,2,1,75,0.8,0,0,0,0,0,0,0,0,0,0,0,0,0,Matches
979,Micky van de Ven,"DF,MF",nl Netherlands,25,1.eng Tottenham,2001,3,3,265,2.9,0,0,0,0,0,0,1,0,0,0,0,0,0,Matches
980,Bart Verbruggen,GK,nl Netherlands,23,1.eng Brighton,2002,4,4,390,4.3,0,0,0,0,0,0,0,0,0,0,0,0,0,Matches
981,Matías Viña,DF,uy Uruguay,28,1.br Flamengo,1997,1,1,45,0.5,0,0,0,0,0,0,0,0,0,0,0,0,0,Matches
982,Federico Viñas,FW,uy Uruguay,27,1.es Oviedo,1998,3,2,192,2.1,0,0,0,0,0,0,0,0,0,0,0,0,0,Matches
983,Denis Višinský,FW,cz Czechia,23,1.cz Viktoria Plze?,2003,1,1,55,0.6,0,0,0,0,0,0,0,0,0,0,0,0,0,Matches
984,Pedro Vite,MF,ec Ecuador,24,1.mx UNAM,2002,4,4,360,4,0,1,1,0,0,0,0,0,0,0.25,0.25,0,0.25,Matches
985,Vitinha,MF,pt Portugal,26,1.fr PSG,2000,5,5,376,4.2,0,0,0,0,0,0,0,0,0,0,0,0,0,Matches
986,Nikola Vlaši?,MF,hr Croatia,28,1.it Torino,1997,3,2,189,2.1,1,0,1,1,0,0,0,0,0.48,0,0.48,0.48,0.48,Matches
987,Cristian Volpato,MF,au Australia,22,1.it Sassuolo,2003,3,2,160,1.8,0,0,0,0,0,0,0,0,0,0,0,0,0,Matches
988,Vozinha,GK,cv Cabo Verde,40,2.pt Chaves,1986,4,4,390,4.3,0,0,0,0,0,0,0,0,0,0,0,0,0,Matches
989,Francis de Vries,DF,nz New Zealand,31,1.au Auckland FC,1994,2,0,18,0.2,0,0,0,0,0,0,0,0,0,0,0,0,0,Matches
990,Luka Vuškovi?,DF,hr Croatia,19,1.de Hamburger SV,2007,1,1,65,0.7,0,0,0,0,0,0,0,0,0,0,0,0,0,Matches
991,Elye Wahi,FW,ci Côte d'Ivoire,23,1.fr Nice,2003,3,1,110,1.2,0,0,0,0,0,0,0,0,0,0,0,0,0,Matches
992,Aaron Wan-Bissaka,DF,cd Congo DR,28,1.eng West Ham,1997,4,4,354,3.9,0,0,0,0,0,0,0,0,0,0,0,0,0,Matches
993,Paul Wanner,MF,at Austria,20,1.nl PSV,2005,4,2,234,2.6,0,0,0,0,0,0,0,0,0,0,0,0,0,Matches
994,Tsuyoshi Watanabe,DF,jp Japan,29,1.nl Feyenoord,1997,2,1,90,1,0,0,0,0,0,0,0,0,0,0,0,0,0,Matches
995,Cecilio Waterman,FW,pa Panama,35,1.cl U Concepción,1991,2,1,76,0.8,0,0,0,0,0,0,0,0,0,0,0,0,0,Matches
996,Ollie Watkins,"FW,MF",eng England,30,1.eng Aston Villa,1995,2,0,52,0.6,0,0,0,0,0,0,0,0,0,0,0,0,0,Matches
997,Timothy Weah,MF,us USA,26,1.fr Marseille,2000,2,1,76,0.8,0,0,0,0,0,0,0,0,0,0,0,0,0,Matches
998,Wout Weghorst,FW,nl Netherlands,33,1.nl Ajax,1992,1,0,50,0.6,0,0,0,0,0,0,0,0,0,0,0,0,0,Matches
999,Jacob Widell Zetterström,GK,se Sweden,27,2.eng Derby County,1998,2,2,180,2,0,0,0,0,0,0,0,0,0,0,0,0,0,Matches
1000,Silvan Widmer,DF,ch Switzerland,33,1.de Mainz 05,1993,5,1,175,1.9,0,0,0,0,0,0,0,0,0,0,0,0,0,Matches
Rk,Player,Pos,Squad,Age,Club,Born,MP,Starts,Min,90s,Gls,Ast,G+A,G-PK,PK,PKatt,CrdY,CrdR,Gls,Ast,G+A,G-PK,G+A-PK,Matches
1001,Iñaki Williams,"MF,FW",gh Ghana,31,1.es Athletic Club,1994,2,2,126,1.4,0,0,0,0,0,0,1,0,0,0,0,0,0,Matches
1002,Nico Williams,MF,es Spain,23,1.es Athletic Club,2002,6,0,113,1.3,0,1,1,0,0,0,0,0,0,0.8,0.8,0,0.8,Matches
1003,Ronwen Williams,GK,za South Africa,34,1.za Sundowns,1992,4,4,360,4,0,0,0,0,0,0,0,0,0,0,0,0,0,Matches
1004,Patrick Wimmer,"FW,MF",at Austria,25,1.de Wolfsburg,2001,2,0,21,0.2,0,0,0,0,0,0,0,0,0,0,0,0,0,Matches
1005,Florian Wirtz,MF,de Germany,23,1.eng Liverpool,2003,4,4,361,4,0,3,3,0,0,0,0,0,0,0.75,0.75,0,0.75,Matches
1006,Yoane Wissa,FW,cd Congo DR,29,1.eng Newcastle,1996,4,4,360,4,3,0,3,2,1,1,0,0,0.75,0,0.75,0.5,0.5,Matches
1007,Axel Witsel,"DF,MF",be Belgium,37,1.es Girona,1989,2,0,33,0.4,0,0,0,0,0,0,1,0,0,0,0,0,0,Matches
1008,Nick Woltemade,"FW,MF",de Germany,24,1.eng Newcastle,2002,1,0,33,0.4,0,0,0,0,0,0,0,0,0,0,0,0,0,Matches
1009,Chris Wood,FW,nz New Zealand,34,1.eng Nottingham,1991,3,3,270,3,0,2,2,0,0,0,0,0,0,0.67,0.67,0,0.67,Matches
1010,Haji Wright,"FW,MF",us USA,28,2.eng Coventry City,1998,2,0,2,0,0,0,0,0,0,0,0,0,0,0,0,0,0,Matches
1011,Granit Xhaka,MF,ch Switzerland,33,1.eng Sunderland,1992,6,6,600,6.7,1,0,1,0,1,1,2,0,0.15,0,0.15,0,0,Matches
1012,Kevin Yakob,MF,iq Iraq,25,1.dk AGF,2000,1,0,24,0.3,0,0,0,0,0,0,0,0,0,0,0,0,0,Matches
1013,Lamine Yamal,"MF,FW",es Spain,18,1.es Barcelona,2007,8,7,614,6.8,1,0,1,1,0,0,0,0,0.15,0,0.15,0.15,0.15,Matches
1014,Yannick,MF,cv Cabo Verde,30,2.pt Farense,1995,2,0,32,0.4,0,1,1,0,0,0,0,0,0,2.81,2.81,0,2.81,Matches
1015,Gessime Yassine,MF,ma Morocco,20,1.fr Strasbourg,2005,3,0,80,0.9,1,0,1,1,0,0,0,0,1.13,0,1.13,1.13,1.13,Matches
1016,John Yeboah,MF,ec Ecuador,25,2.it Venezia,2000,4,4,311,3.5,0,0,0,0,0,0,0,0,0,0,0,0,0,Matches
1017,Tete Yengi,FW,au Australia,25,1.jp Machida Zelvia,2000,2,0,24,0.3,0,0,0,0,0,0,0,0,0,0,0,0,0,Matches
1018,Kenan Y?ld?z,MF,tr Türkiye,21,1.it Juventus,2005,3,2,218,2.4,0,0,0,0,0,0,0,0,0,0,0,0,0,Matches
1019,Caleb Yirenkyi,MF,gh Ghana,20,1.dk Nordsjælland,2006,4,3,264,2.9,1,0,1,1,0,0,2,0,0.34,0,0.34,0.34,0.34,Matches
1020,Seol Young-woo,MF,kr Korea Republic,27,1.rs Red Star,1998,3,3,250,2.8,0,0,0,0,0,0,0,0,0,0,0,0,0,Matches
1021,Manaf Younis,DF,iq Iraq,29,1.iq Al-Shorta,1996,1,0,75,0.8,0,0,0,0,0,0,0,0,0,0,0,0,0,Matches
1022,Aria Yousefi,MF,ir IR Iran,24,1.ir Sepahan,2002,1,1,45,0.5,0,0,0,0,0,0,0,0,0,0,0,0,0,Matches
1023,Ali Yousif,FW,iq Iraq,30,1.iq Al-Talaba,1996,1,0,33,0.4,0,0,0,0,0,0,0,0,0,0,0,0,0,Matches
1024,?smail Yüksek,MF,tr Türkiye,27,1.tr Fenerbahçe,1999,2,2,139,1.5,0,0,0,0,0,0,0,0,0,0,0,0,0,Matches
1025,Utkir Yusupov,GK,uz Uzbekistan,35,1.uz Navbahor,1991,1,1,90,1,0,0,0,0,0,0,0,0,0,0,0,0,0,Matches
Rk,Player,Pos,Squad,Age,Club,Born,MP,Starts,Min,90s,Gls,Ast,G+A,G-PK,PK,PKatt,CrdY,CrdR,Gls,Ast,G+A,G-PK,G+A-PK,Matches
1026,Warren Zaïre-Emery,MF,fr France,20,1.fr PSG,2006,2,1,110,1.2,0,0,0,0,0,0,0,0,0,0,0,0,0,Matches
1027,Denis Zakaria,DF,ch Switzerland,29,1.fr Monaco,1996,4,4,357,4,0,0,0,0,0,0,2,0,0,0,0,0,0,Matches
1028,Jaroslav Zelený,MF,cz Czechia,33,1.cz Sparta Prague,1992,2,1,126,1.4,0,0,0,0,0,0,0,0,0,0,0,0,0,Matches
1029,Alejandro Zendejas,"FW,MF",us USA,28,1.mx América,1998,1,0,14,0.2,0,0,0,0,0,0,0,0,0,0,0,0,0,Matches
1030,Besfort Zeneli,MF,se Sweden,23,1.be Union SG,2002,2,0,60,0.7,0,0,0,0,0,0,0,0,0,0,0,0,0,Matches
1031,Ramiz Zerrouki,MF,dz Algeria,28,1.nl Twente,1998,3,2,111,1.2,0,0,0,0,0,0,1,0,0,0,0,0,0,Matches
1032,Luca Zidane,GK,dz Algeria,28,2.es Granada,1998,3,3,270,3,0,0,0,0,0,0,0,0,0,0,0,0,0,Matches
1033,Mostafa Ziko,"FW,MF",eg Egypt,29,1.eg Pyramids FC,1997,5,5,370,4.1,2,1,3,2,0,0,0,0,0.49,0.24,0.73,0.49,0.73,Matches
1034,David Zima,DF,cz Czechia,25,1.cz Slavia Prague,2000,1,0,13,0.1,0,0,0,0,0,0,0,0,0,0,0,0,0,Matches
1035,Zizo,MF,eg Egypt,30,1.eg Al Ahly,1996,4,0,56,0.6,0,0,0,0,0,0,0,0,0,0,0,0,0,Matches
1036,Martín Zubimendi,MF,es Spain,27,1.eng Arsenal,1999,1,0,22,0.2,0,0,0,0,0,0,0,0,0,0,0,0,0,Matches
1037,Themba Zwane,"FW,MF",za South Africa,36,1.za Sundowns,1989,1,0,23,0.3,0,0,0,0,0,0,0,1,0,0,0,0,0,Matches
1038,Martin Ødegaard,MF,no Norway,27,1.eng Arsenal,1998,5,5,470,5.2,0,4,4,0,0,0,0,0,0,0.77,0.77,0,0.77,Matches
1039,Leo Østigård,DF,no Norway,26,1.it Genoa,1999,5,1,146,1.6,1,0,1,1,0,0,0,0,0.62,0,0.62,0.62,0.62,Matche
